review_id,page,score,review_vendor_raw,channel,review_text,created_at,created_date,author_display_name,author_grade,has_media,media_count,image_count,image_urls,product_code,product_name,product_url,product_meta_score,product_meta_reviews_count,likes_count,comments_count,ai_summary,product_options,customer_properties
98444,1,5,smart_store,스마트스토어,먹기 전후 차이가 날만큼 꼭 필요,2026-06-15T18:56:08+09:00,2026-06-15,네이버 스마트스토어 구****,5,False,0,0,,1000000281,지니어스뉴 드롭스&톡캡스,https://www.phytonutri.kr/goods/goods_view.php?goodsNo=1000000281,4.9,14386,0,0,"{'1': ['만족도', '효과']}",[],[]
98445,1,5,smart_store,스마트스토어,다먹고 또 재구매 합니다.,2026-06-15T18:55:42+09:00,2026-06-15,네이버 스마트스토어 구****,5,False,0,0,,1000000281,지니어스뉴 드롭스&톡캡스,https://www.phytonutri.kr/goods/goods_view.php?goodsNo=1000000281,4.9,14386,0,0,{'2': ['만족도']},[],[]
98446,1,5,smart_store,스마트스토어,"한달리뷰 남깁니다.
3병째 먹이고있어요~!! 
처음엔 아침 저녁으로 두번 나눠먹였는데
이제 제법 잘먹어줘서 
아침 먹일때 한번에 두번 먹여요~!!

처음엔 단맛, 과일맛등등
그런맛이 아니여서 그런지 
갸우뚱 !! 찌뿌뚱 !! 했는데
이제는 먹는시간 먹어야할 횟수를
알고있어요 ~^^;; 

아이가 또래아이들에 비해
조금 느린편이에요.
발달 치료받으면서 ~ !! 
보다 좋은 속도로 올라와주길 바라며
꾸준히 먹여보려고합니다.",2026-06-15T17:55:32+09:00,2026-06-15,네이버 스마트스토어 구****,5,True,1,1,https://assets6.cre.ma/p/phytonutri-kr/reviews/00/00/09/84/46/image1/869227c5ee2ab8dd.webp,1000000281,지니어스뉴 드롭스&톡캡스,https://www.phytonutri.kr/goods/goods_view.php?goodsNo=1000000281,4.9,14386,0,0,"{'1': ['만족도'], '0': ['맛']}",[],[]
98447,1,5,smart_store,스마트스토어,"첫번째사진 왼쪽은 비타민 오른쪽은 지니어스뉴!
우리 아기 영양제 돌 지나고 나서부터 이것저것 따지다가 꾸준히구매하고있어요! 아기가 잘 먹고 비타민먹자하면 쪼르르와서 입벌리는게 귀엽답니다 ㅎㅎ 유통기한도 넉넉하고 배송도 빨라서 좋아요!",2026-06-15T16:07:50+09:00,2026-06-15,네이버 스마트스토어 구****,5,True,1,1,https://assets6.cre.ma/p/phytonutri-kr/reviews/00/00/09/84/47/image1/a8dd2b6b593cfb0b.webp,1000000326,지니어스뉴 + 투데이디3 세트,https://www.phytonutri.kr/goods/goods_view.php?goodsNo=1000000326,4.8,245,0,0,"{'1': ['만족도', '배송', '유통기한']}",[],[]
98448,1,5,smart_store,스마트스토어,"아이에게 꾸준히 먹이고 있는 
제품입니다~
이것만 먹여보니 아이가 맛에 거부감이
있어서 저는 유산균하고 같이 섞어서
먹이고 있어요~
제일 중요한 영양성분을 따로따로먹이는 것보다
칼마디로 한번에 먹일수 있어서 편리해요",2026-06-15T15:04:00+09:00,2026-06-15,네이버 스마트스토어 구****,5,False,0,0,,1000000297,"그로우뉴 아이 유기농칼슘&마그네슘 비타민D,k2,망간",https://www.phytonutri.kr/goods/goods_view.php?goodsNo=1000000297,4.9,4844,0,0,"{'1': ['만족도', '편의성'], '-1': ['맛']}",[],[]
98449,1,5,smart_store,스마트스토어,믿고 먹는 제품이에요. 1살8개월부터 5개월째 먹이고 있어요. 우유에 타서 매일 잘 먹고 있답니다,2026-06-15T14:44:28+09:00,2026-06-15,네이버 스마트스토어 구****,5,False,0,0,,1000000297,"그로우뉴 아이 유기농칼슘&마그네슘 비타민D,k2,망간",https://www.phytonutri.kr/goods/goods_view.php?goodsNo=1000000297,4.9,4844,0,0,{'1': ['만족도']},[],[]
98450,1,5,smart_store,스마트스토어,1년6개월째 이제품만 먹었어요. 꾸준히 매일 먹이고 있답니다. 아이는 밝고 건강해요. 거부감없이 잘 받아먹어요. 성분 안심이요,2026-06-15T14:43:14+09:00,2026-06-15,네이버 스마트스토어 구****,5,False,0,0,,1000000281,지니어스뉴 드롭스&톡캡스,https://www.phytonutri.kr/goods/goods_view.php?goodsNo=1000000281,4.9,14386,0,0,"{'2': ['만족도'], '1': ['성분']}",[],[]
98451,1,5,smart_store,스마트스토어,개별포장 되어있어서 먹이고 관리하기 너무 편해요~ 애용하고 있습니다!,2026-06-15T14:06:53+09:00,2026-06-15,네이버 스마트스토어 구****,5,True,1,1,https://assets6.cre.ma/p/phytonutri-kr/reviews/00/00/09/84/51/image1/ade77b1555c01c17.webp,1000000325,투데이디3 for baby,https://www.phytonutri.kr/goods/goods_view.php?goodsNo=1000000325,4.9,3634,0,0,"{'1': ['만족도', '편의성']}",[],[]
98452,1,5,smart_store,스마트스토어,양이 너무 적네요 얼마 안먹고 끝이에요 아쉬워요ㅠㅠ,2026-06-15T14:02:19+09:00,2026-06-15,네이버 스마트스토어 구****,5,True,1,1,https://assets6.cre.ma/p/phytonutri-kr/reviews/00/00/09/84/52/image1/29b5daa11fe3e26f.webp,1000000281,지니어스뉴 드롭스&톡캡스,https://www.phytonutri.kr/goods/goods_view.php?goodsNo=1000000281,4.9,14386,0,0,"{'-1': ['만족도'], '-2': ['용량']}",[],[]
98453,1,5,smart_store,스마트스토어,아기가 잘먹고있어요 !!!! 또 주문해야겠어요,2026-06-15T14:00:17+09:00,2026-06-15,네이버 스마트스토어 구****,5,True,1,1,https://assets6.cre.ma/p/phytonutri-kr/reviews/00/00/09/84/53/image1/dc9692557e12d32b.webp,1000000281,지니어스뉴 드롭스&톡캡스,https://www.phytonutri.kr/goods/goods_view.php?goodsNo=1000000281,4.9,14386,0,0,{'1': ['만족도']},[],[]
98454,1,5,smart_store,스마트스토어,너무 좋아여 추천합니다 ㅎㅎ,2026-06-15T13:55:31+09:00,2026-06-15,네이버 스마트스토어 구****,5,True,1,1,https://assets6.cre.ma/p/phytonutri-kr/reviews/00/00/09/84/54/image1/caf958edb0d68979.webp,1000000281,지니어스뉴 드롭스&톡캡스,https://www.phytonutri.kr/goods/goods_view.php?goodsNo=1000000281,4.9,14386,0,0,{'2': ['만족도']},[],[]
98455,1,5,smart_store,스마트스토어,꾸준히 재구매 하고 있어요,2026-06-15T12:47:26+09:00,2026-06-15,네이버 스마트스토어 구****,5,True,1,1,https://assets6.cre.ma/p/phytonutri-kr/reviews/00/00/09/84/55/image1/a53b5fc3177213f9.webp,1000000281,지니어스뉴 드롭스&톡캡스,https://www.phytonutri.kr/goods/goods_view.php?goodsNo=1000000281,4.9,14386,0,0,{'2': ['만족도']},[],[]
98456,1,5,smart_store,스마트스토어,늘먹이던 제품인데 만족해요,2026-06-15T12:28:20+09:00,2026-06-15,네이버 스마트스토어 구****,5,True,1,1,https://assets6.cre.ma/p/phytonutri-kr/reviews/00/00/09/84/56/image1/59318e5ef7313252.webp,1000000281,지니어스뉴 드롭스&톡캡스,https://www.phytonutri.kr/goods/goods_view.php?goodsNo=1000000281,4.9,14386,0,0,{'1': ['만족도']},[],[]
98457,1,5,smart_store,스마트스토어,"아기가 거부없이 잘먹어주었습니다
향도 거부감없는 맛인거같아요~",2026-06-15T12:26:23+09:00,2026-06-15,네이버 스마트스토어 구****,5,True,1,1,https://assets6.cre.ma/p/phytonutri-kr/reviews/00/00/09/84/57/image1/a558692f72f66fa2.webp,1000000281,지니어스뉴 드롭스&톡캡스,https://www.phytonutri.kr/goods/goods_view.php?goodsNo=1000000281,4.9,14386,0,0,"{'1': ['만족도', '맛', '냄새']}",[],[]
98458,1,5,smart_store,스마트스토어,아이 영양제 찾고 있었는데 잘먹었습니다,2026-06-15T11:54:18+09:00,2026-06-15,네이버 스마트스토어 구****,5,True,1,1,https://assets6.cre.ma/p/phytonutri-kr/reviews/00/00/09/84/58/image1/5ae263904bc69edb.webp,1000000281,지니어스뉴 드롭스&톡캡스,https://www.phytonutri.kr/goods/goods_view.php?goodsNo=1000000281,4.9,14386,0,0,{'1': ['만족도']},[],[]
98459,1,5,smart_store,스마트스토어,이유식 시작하면서 21개월 지금까지 꾸준히 먹이고 있어요 아기영양에 도움이 됐음 좋겠어요,2026-06-15T11:30:51+09:00,2026-06-15,네이버 스마트스토어 구****,5,True,1,1,https://assets6.cre.ma/p/phytonutri-kr/reviews/00/00/09/84/59/image1/8c51fac22c712cbf.webp,1000000281,지니어스뉴 드롭스&톡캡스,https://www.phytonutri.kr/goods/goods_view.php?goodsNo=1000000281,4.9,14386,0,0,{'0': ['만족도']},[],[]
98460,1,5,smart_store,스마트스토어,배송빠르고 늘 먹이규 있어요~~,2026-06-15T11:10:04+09:00,2026-06-15,네이버 스마트스토어 구****,5,True,1,1,https://assets6.cre.ma/p/phytonutri-kr/reviews/00/00/09/84/60/image1/393d7b39cc468f80.webp,1000000297,"그로우뉴 아이 유기농칼슘&마그네슘 비타민D,k2,망간",https://www.phytonutri.kr/goods/goods_view.php?goodsNo=1000000297,4.9,4844,0,0,"{'1': ['만족도', '배송']}",[],[]
98494,1,4,,자사몰(고도몰),아이들이 맛있어해서 좋은데 한상자에 10개 밖에 없어 아쉬워요ㅠㅠ 조금 더 넣어주세요ㅋ,2026-06-15T10:41:05+09:00,2026-06-15,cgj2******,5,True,1,1,https://assets6.cre.ma/p/phytonutri-kr/reviews/00/00/09/84/94/image1/a82f6f1c2012ded9.webp,1000000342,이트뮨 아이 배도라지즙&엘더베리사과주스,https://www.phytonutri.kr/goods/goods_view.php?goodsNo=1000000342,4.9,609,0,0,"{'0': ['만족도'], '-1': ['용량'], '1': ['맛']}",[],[]
98461,1,5,smart_store,스마트스토어,하나씩 포장 되어 있어 먹이기 너무 편해요~~,2026-06-15T10:39:11+09:00,2026-06-15,네이버 스마트스토어 구****,5,False,0,0,,1000000325,투데이디3 for baby,https://www.phytonutri.kr/goods/goods_view.php?goodsNo=1000000325,4.9,3634,0,0,"{'1': ['만족도', '편의성']}",[],[]
98462,1,5,smart_store,스마트스토어,물 없이 먹으면 좀 퍽퍽하지만 그래도 맛있는지 잘 먹습니다,2026-06-15T10:24:31+09:00,2026-06-15,네이버 스마트스토어 구****,5,True,1,1,https://assets6.cre.ma/p/phytonutri-kr/reviews/00/00/09/84/62/image1/07a9660d3519cac6.webp,1000000297,"그로우뉴 아이 유기농칼슘&마그네슘 비타민D,k2,망간",https://www.phytonutri.kr/goods/goods_view.php?goodsNo=1000000297,4.9,4844,0,0,"{'1': ['만족도', '맛'], '-1': ['식감']}",[],[]
98463,2,5,smart_store,스마트스토어,아이가 정말 잘 마십니다~!!,2026-06-15T10:12:21+09:00,2026-06-15,네이버 스마트스토어 구****,5,True,1,1,https://assets6.cre.ma/p/phytonutri-kr/reviews/00/00/09/84/63/image1/2fa883f40fb9f30e.webp,1000000342,이트뮨 아이 배도라지즙&엘더베리사과주스,https://www.phytonutri.kr/goods/goods_view.php?goodsNo=1000000342,4.9,609,0,0,{'1': ['만족도']},[],[]
98464,2,5,smart_store,스마트스토어,먹기 편리해서 좋아요!,2026-06-15T10:03:05+09:00,2026-06-15,네이버 스마트스토어 구****,5,True,1,1,https://assets6.cre.ma/p/phytonutri-kr/reviews/00/00/09/84/64/image1/b0952fa3782fbb95.webp,1000000325,투데이디3 for baby,https://www.phytonutri.kr/goods/goods_view.php?goodsNo=1000000325,4.9,3634,0,0,"{'1': ['만족도', '편의성']}",[],[]
98465,2,5,smart_store,스마트스토어,"솔직히 처음먹이는거라서 걱정이많았어여
리뷰만 보고 판단하는것도 한계가 있더라구여
하지만 정말 탁월한 선택이였어여~~
아이가 거부감도 없이 잘먹어여~~",2026-06-15T09:33:08+09:00,2026-06-15,네이버 스마트스토어 구****,5,False,0,0,,1000000281,지니어스뉴 드롭스&톡캡스,https://www.phytonutri.kr/goods/goods_view.php?goodsNo=1000000281,4.9,14386,0,0,"{'2': ['만족도'], '1': ['효과']}",[],[]
98466,2,5,smart_store,스마트스토어,따로 포장되어있는게 위생적으로 너무 좋네요! 잘 먹여볼게요 감사합니다,2026-06-15T09:28:42+09:00,2026-06-15,네이버 스마트스토어 구****,5,True,1,1,https://assets6.cre.ma/p/phytonutri-kr/reviews/00/00/09/84/66/image1/fdf13096df742515.webp,1000000325,투데이디3 for baby,https://www.phytonutri.kr/goods/goods_view.php?goodsNo=1000000325,4.9,3634,0,0,"{'1': ['만족도'], '2': ['포장']}",[],[]
98467,2,5,smart_store,스마트스토어,꾸준히 잘 먹여볼게용,2026-06-15T08:42:22+09:00,2026-06-15,네이버 스마트스토어 구****,5,False,0,0,,1000000281,지니어스뉴 드롭스&톡캡스,https://www.phytonutri.kr/goods/goods_view.php?goodsNo=1000000281,4.9,14386,0,0,{'0': ['만족도']},[],[]
98468,2,5,smart_store,스마트스토어,아이가 거부감없이 잘먹어요,2026-06-15T08:23:11+09:00,2026-06-15,네이버 스마트스토어 구****,5,True,1,1,https://assets6.cre.ma/p/phytonutri-kr/reviews/00/00/09/84/68/image1/0072ec420e2b9dec.webp,1000000281,지니어스뉴 드롭스&톡캡스,https://www.phytonutri.kr/goods/goods_view.php?goodsNo=1000000281,4.9,14386,0,0,"{'1': ['만족도', '맛']}",[],[]
98469,2,5,smart_store,스마트스토어,아기가 잘 먹어요!,2026-06-15T08:14:02+09:00,2026-06-15,네이버 스마트스토어 구****,5,True,1,1,https://assets6.cre.ma/p/phytonutri-kr/reviews/00/00/09/84/69/image1/37eeca779a232809.webp,1000000297,"그로우뉴 아이 유기농칼슘&마그네슘 비타민D,k2,망간",https://www.phytonutri.kr/goods/goods_view.php?goodsNo=1000000297,4.9,4844,0,0,{'1': ['만족도']},[],[]
98470,2,5,smart_store,스마트스토어,아기가 잘 먹어요!,2026-06-15T08:13:47+09:00,2026-06-15,네이버 스마트스토어 구****,5,True,1,1,https://assets6.cre.ma/p/phytonutri-kr/reviews/00/00/09/84/70/image1/f00593abf03729ea.webp,1000000326,지니어스뉴 + 투데이디3 세트,https://www.phytonutri.kr/goods/goods_view.php?goodsNo=1000000326,4.8,245,0,0,{'1': ['만족도']},[],[]
98471,2,5,smart_store,스마트스토어,아기가 잘 먹어요!,2026-06-15T08:13:33+09:00,2026-06-15,네이버 스마트스토어 구****,5,True,1,1,https://assets6.cre.ma/p/phytonutri-kr/reviews/00/00/09/84/71/image1/63cd6f11bc7fd459.webp,1000000297,"그로우뉴 아이 유기농칼슘&마그네슘 비타민D,k2,망간",https://www.phytonutri.kr/goods/goods_view.php?goodsNo=1000000297,4.9,4844,0,0,{'1': ['만족도']},[],[]
98472,2,5,smart_store,스마트스토어,아기가 잘 먹어요!,2026-06-15T08:12:59+09:00,2026-06-15,네이버 스마트스토어 구****,5,True,1,1,https://assets6.cre.ma/p/phytonutri-kr/reviews/00/00/09/84/72/image1/8dd16f970171b06c.webp,1000000326,지니어스뉴 + 투데이디3 세트,https://www.phytonutri.kr/goods/goods_view.php?goodsNo=1000000326,4.8,245,0,0,{'1': ['만족도']},[],[]
98473,2,5,smart_store,스마트스토어,아기가 잘 먹어요!,2026-06-15T08:12:42+09:00,2026-06-15,네이버 스마트스토어 구****,5,True,1,1,https://assets6.cre.ma/p/phytonutri-kr/reviews/00/00/09/84/73/image1/d5e9c1745b7ea6ec.webp,1000000281,지니어스뉴 드롭스&톡캡스,https://www.phytonutri.kr/goods/goods_view.php?goodsNo=1000000281,4.9,14386,0,0,{'1': ['만족도']},[],[]
98474,2,5,smart_store,스마트스토어,아기가 잘 먹어서 재구메 중이에요,2026-06-15T06:46:46+09:00,2026-06-15,네이버 스마트스토어 구****,5,True,1,1,https://assets6.cre.ma/p/phytonutri-kr/reviews/00/00/09/84/74/image1/3e91eca80c96752a.webp,1000000281,지니어스뉴 드롭스&톡캡스,https://www.phytonutri.kr/goods/goods_view.php?goodsNo=1000000281,4.9,14386,0,0,{'2': ['만족도']},[],[]
98495,2,5,,자사몰(고도몰),흡수율이 높은 것으로 알려져 있어요 ㅎㅎ,2026-06-15T06:01:02+09:00,2026-06-15,khs3******,5,False,0,0,,1000000398,KD 파마 듀얼 초임계 rTG 오메가3,https://www.phytonutri.kr/goods/goods_view.php?goodsNo=1000000398,4.9,121,0,0,"{'1': ['만족도', '효과']}",[],[]
98475,2,5,smart_store,스마트스토어,받아서 먹고 있어요,2026-06-15T04:02:20+09:00,2026-06-15,네이버 스마트스토어 구****,5,True,1,1,https://assets6.cre.ma/p/phytonutri-kr/reviews/00/00/09/84/75/image1/700af567b9bc042a.webp,1000000281,지니어스뉴 드롭스&톡캡스,https://www.phytonutri.kr/goods/goods_view.php?goodsNo=1000000281,4.9,14386,0,0,{'0': ['만족도']},[],[]
98476,2,2,smart_store,스마트스토어,계속 먹고잇어여계속,2026-06-15T03:51:43+09:00,2026-06-15,네이버 스마트스토어 구****,5,False,0,0,,1000000281,지니어스뉴 드롭스&톡캡스,https://www.phytonutri.kr/goods/goods_view.php?goodsNo=1000000281,4.9,14386,0,0,{'1': ['만족도']},[],[]
98477,2,5,smart_store,스마트스토어,꾸준히 먹이고 있어요,2026-06-15T02:19:53+09:00,2026-06-15,네이버 스마트스토어 구****,5,True,1,1,https://assets6.cre.ma/p/phytonutri-kr/reviews/00/00/09/84/77/image1/4cc45b307a9a457e.webp,1000000297,"그로우뉴 아이 유기농칼슘&마그네슘 비타민D,k2,망간",https://www.phytonutri.kr/goods/goods_view.php?goodsNo=1000000297,4.9,4844,0,0,{'1': ['만족도']},[],[]
98478,2,5,smart_store,스마트스토어,물에도 잘 녹고 뜨거운 거에도 유산균이 살아있다고 하니 좋아요,2026-06-15T02:19:20+09:00,2026-06-15,네이버 스마트스토어 구****,5,True,1,1,https://assets6.cre.ma/p/phytonutri-kr/reviews/00/00/09/84/78/image1/b5979325fdde0e12.webp,1000000363,데이프로바 for baby 아기 쌩쌩유산균,https://www.phytonutri.kr/goods/goods_view.php?goodsNo=1000000363,4.9,363,0,0,"{'1': ['만족도', '품질']}",[],[]
98479,2,5,smart_store,스마트스토어,살짝 비려서. 아기가 먹기 힘겨워해요,2026-06-15T00:57:35+09:00,2026-06-15,네이버 스마트스토어 구****,5,True,1,1,https://assets6.cre.ma/p/phytonutri-kr/reviews/00/00/09/84/79/image1/4f452f6ab346240d.webp,1000000281,지니어스뉴 드롭스&톡캡스,https://www.phytonutri.kr/goods/goods_view.php?goodsNo=1000000281,4.9,14386,0,0,"{'-1': ['만족도', '식감']}",[],[]
98480,2,5,smart_store,스마트스토어,아이에게 오메가3를 먹이려 찾다가 추천받아서 사봤어요~~아직은 우유에 타서 주니 거부없이 잘 먹네요~그냥 주면 안먹기는해요ㅜㅜ배도라지쥬스도 주셔서 너무 감사해요😁,2026-06-15T00:29:39+09:00,2026-06-15,네이버 스마트스토어 구****,5,True,1,1,https://assets6.cre.ma/p/phytonutri-kr/reviews/00/00/09/84/80/image1/d71e0998d78f8a92.webp,1000000281,지니어스뉴 드롭스&톡캡스,https://www.phytonutri.kr/goods/goods_view.php?goodsNo=1000000281,4.9,14386,0,0,"{'1': ['만족도'], '2': ['제품구성']}",[],[]
98481,2,5,smart_store,스마트스토어,아기에게 도움이 될까 먹여봅니다!,2026-06-15T00:22:29+09:00,2026-06-15,네이버 스마트스토어 구****,5,False,0,0,,1000000281,지니어스뉴 드롭스&톡캡스,https://www.phytonutri.kr/goods/goods_view.php?goodsNo=1000000281,4.9,14386,0,0,{'0': ['만족도']},[],[]
98482,3,5,smart_store,스마트스토어,매번 잘 사용중 입니다.,2026-06-15T00:18:18+09:00,2026-06-15,네이버 스마트스토어 구****,5,False,0,0,,1000000325,투데이디3 for baby,https://www.phytonutri.kr/goods/goods_view.php?goodsNo=1000000325,4.9,3634,0,0,{'1': ['만족도']},[],[]
98483,3,5,smart_store,스마트스토어,가격이 사악 하지만 성분이 좋아서 먹이고 있어요,2026-06-14T23:45:20+09:00,2026-06-14,네이버 스마트스토어 구****,5,True,1,1,https://assets6.cre.ma/p/phytonutri-kr/reviews/00/00/09/84/83/image1/bd331a060dbb76af.webp,1000000281,지니어스뉴 드롭스&톡캡스,https://www.phytonutri.kr/goods/goods_view.php?goodsNo=1000000281,4.9,14386,0,0,"{'0': ['만족도'], '-1': ['가격'], '1': ['성분']}",[],[]
98484,3,5,smart_store,스마트스토어,톡캡스 먹다가 바꿨는데 만족합니다,2026-06-14T23:43:13+09:00,2026-06-14,네이버 스마트스토어 구****,5,True,1,1,https://assets6.cre.ma/p/phytonutri-kr/reviews/00/00/09/84/84/image1/f21033625db0f236.webp,1000000281,지니어스뉴 드롭스&톡캡스,https://www.phytonutri.kr/goods/goods_view.php?goodsNo=1000000281,4.9,14386,0,0,{'1': ['만족도']},[],[]
98485,3,5,smart_store,스마트스토어,"지니어스뉴는 톡캡스로 먹이다가 18개월차에 스포이드 형태로 바꿔보았어요 단순 오메가3가 아닌 뇌발달에 중요한 DHA와 ALA섭취를 충족시켜주어서 꼭 챙기게 되는 영양제입니다. 
흰밥에 뿌려주거나 소고기소보루 반찬 또는 국에 뿌리기도 해요 맛에 큰변화 없어서 잘 먹이고 있는 중이에요
그로우뉴는 칼슘 마그네슘 망간 비타민D,k까지 지금 성장하는 아기에게 필요한 필수 영양제라서 역시나 국에 섞어서 매일 주고 있습니다.
이 두가지 영양제로 든든합니다",2026-06-14T23:36:10+09:00,2026-06-14,네이버 스마트스토어 구****,5,True,1,1,https://assets6.cre.ma/p/phytonutri-kr/reviews/00/00/09/84/85/image1/a7652b6e6ba215e7.webp,1000000298,지니어스뉴 + 그로우뉴 세트,https://www.phytonutri.kr/goods/goods_view.php?goodsNo=1000000298,4.9,1413,0,0,"{'1': ['만족도', '성분']}",[],[]
98486,3,5,smart_store,스마트스토어,어떤 제형으로 할지 너무 고민이었는데 잘선택 한거같고 다행히 아기가 잘 먹네요. 저도 살짝 맛봤는데 한약맛? 이 나네요.. ㅈ,2026-06-14T23:26:51+09:00,2026-06-14,네이버 스마트스토어 구****,5,True,1,1,https://assets6.cre.ma/p/phytonutri-kr/reviews/00/00/09/84/86/image1/b0e3612cb11b7aad.webp,1000000325,투데이디3 for baby,https://www.phytonutri.kr/goods/goods_view.php?goodsNo=1000000325,4.9,3634,0,0,"{'1': ['만족도'], '0': ['맛']}",[],[]
98442,3,5,,자사몰(고도몰),"아이들 칼슘을 따로 챙기지 못했는데, 좋은 제품있어서 구매해봅니당♡♡",2026-06-14T23:12:25+09:00,2026-06-14,양****,10,True,1,1,https://assets6.cre.ma/p/phytonutri-kr/reviews/00/00/09/84/42/image1/3933744291926313.webp,1000000397,"그로우뉴 ~키즈 유기농 칼슘&마그네슘 비타민D,k2 망간",https://www.phytonutri.kr/goods/goods_view.php?goodsNo=1000000397,4.9,63,0,0,{'1': ['만족도']},"[{'name': '구매옵션', 'value': '[옵션02] 그로우뉴 ~키즈 3+1[총4개월분]'}]","[{'name': '아이 성별', 'value': '남자'}, {'name': '몇 개월인가요?', 'value': '25개월 이상'}]"
98487,3,5,smart_store,스마트스토어,아기가 잘 먹어서 추가 구입했어요,2026-06-14T22:50:22+09:00,2026-06-14,네이버 스마트스토어 구****,5,True,1,1,https://assets6.cre.ma/p/phytonutri-kr/reviews/00/00/09/84/87/image1/d3b532a5440b7ab4.webp,1000000375,데이프로바 + 투데이디3 세트,https://www.phytonutri.kr/goods/goods_view.php?goodsNo=1000000375,4.9,139,0,0,{'1': ['만족도']},[],[]
98488,3,5,smart_store,스마트스토어,비린내 난다는 분들 있어서 온도 실험해봤어요. 상온에서 하루 있으면 비린내 납니다. 산패되는 거 같아요. 저는 10도 정도 유지해주는 쌀 냉장고에 보관하니까 일주일째 먹이는데도 비린내 안 나네요.  꾸준히 먹여야겠습니다. 바나나에 7방울 떨어뜨려서 줘요. 24개월 아기 줍니다.,2026-06-14T22:37:59+09:00,2026-06-14,네이버 스마트스토어 구****,5,True,1,1,https://assets6.cre.ma/p/phytonutri-kr/reviews/00/00/09/84/88/image1/bab61f271d318f4d.webp,1000000281,지니어스뉴 드롭스&톡캡스,https://www.phytonutri.kr/goods/goods_view.php?goodsNo=1000000281,4.9,14386,0,0,"{'0': ['만족도', '냄새']}",[],[]
98443,3,5,,자사몰(고도몰),꾸준히 먹이고 있는 영양제에요,2026-06-14T22:16:02+09:00,2026-06-14,tngh******,5,False,0,0,,1000000325,투데이디3 for baby,https://www.phytonutri.kr/goods/goods_view.php?goodsNo=1000000325,4.9,3634,0,0,{'1': ['만족도']},[],[]
98489,3,5,smart_store,스마트스토어,잘 먹이고 있어요 감사합니다,2026-06-14T22:00:14+09:00,2026-06-14,네이버 스마트스토어 구****,5,True,1,1,https://assets6.cre.ma/p/phytonutri-kr/reviews/00/00/09/84/89/image1/d6f5ab7202d41643.webp,1000000281,지니어스뉴 드롭스&톡캡스,https://www.phytonutri.kr/goods/goods_view.php?goodsNo=1000000281,4.9,14386,0,0,{'1': ['만족도']},[],[]
98490,3,4,smart_store,스마트스토어,아기 오메가3 제품을 찾던중 이제품이 인기가 많고 평이 좋아서 구매했습니다.,2026-06-14T21:54:49+09:00,2026-06-14,네이버 스마트스토어 구****,5,False,0,0,,1000000281,지니어스뉴 드롭스&톡캡스,https://www.phytonutri.kr/goods/goods_view.php?goodsNo=1000000281,4.9,14386,0,0,{'0': ['만족도']},[],[]
98491,3,5,smart_store,스마트스토어,입덧이 심해 구매해봣어요~ 생강향이 심하지 않아 좋네요,2026-06-14T21:08:39+09:00,2026-06-14,네이버 스마트스토어 구****,5,True,1,1,https://assets6.cre.ma/p/phytonutri-kr/reviews/00/00/09/84/91/image1/2ff6906c93c80e58.webp,1000000396,수드티 루이보스 허브 블렌드 티 강황 맘먼트 임산부 차,https://www.phytonutri.kr/goods/goods_view.php?goodsNo=1000000396,4.7,33,0,0,"{'1': ['만족도', '냄새']}",[],[]
98492,3,5,smart_store,스마트스토어,"면연력에 좋다고 주변에소 하도 많이들어서 주문했어요! 아기가 잘 안먹으면 한번사고 말랬는데 너무 잘먹길래 대량으로 주문했네요!!
다먹고 아쉬워하는 아기사진입니댜아 ♥",2026-06-14T21:05:34+09:00,2026-06-14,네이버 스마트스토어 구****,5,True,1,1,https://assets6.cre.ma/p/phytonutri-kr/reviews/00/00/09/84/92/image1/2cbc09b7caa265a0.webp,1000000342,이트뮨 아이 배도라지즙&엘더베리사과주스,https://www.phytonutri.kr/goods/goods_view.php?goodsNo=1000000342,4.9,609,0,0,"{'2': ['만족도'], '1': ['맛']}",[],[]
98493,3,5,smart_store,스마트스토어,좋아요~~~~~~~~,2026-06-14T20:54:57+09:00,2026-06-14,네이버 스마트스토어 구****,5,True,1,1,https://assets6.cre.ma/p/phytonutri-kr/reviews/00/00/09/84/93/image1/c4625c829ac64838.webp,1000000325,투데이디3 for baby,https://www.phytonutri.kr/goods/goods_view.php?goodsNo=1000000325,4.9,3634,0,0,{'1': ['만족도']},[],[]
98404,3,5,smart_store,스마트스토어,분유랑 같이 잘 녹아서 편해요~~애용합니다,2026-06-14T20:30:58+09:00,2026-06-14,네이버 스마트스토어 구****,5,True,1,1,https://assets6.cre.ma/p/phytonutri-kr/reviews/00/00/09/84/04/image1/6c2ef4b93d8af008.webp,1000000297,"그로우뉴 아이 유기농칼슘&마그네슘 비타민D,k2,망간",https://www.phytonutri.kr/goods/goods_view.php?goodsNo=1000000297,4.9,4844,0,0,"{'1': ['만족도', '편의성']}",[],[]
98405,3,5,smart_store,스마트스토어,감사합니다 만족합니다,2026-06-14T20:15:35+09:00,2026-06-14,네이버 스마트스토어 구****,5,True,1,1,https://assets6.cre.ma/p/phytonutri-kr/reviews/00/00/09/84/05/image1/22fbee7918cd9fbe.webp,1000000281,지니어스뉴 드롭스&톡캡스,https://www.phytonutri.kr/goods/goods_view.php?goodsNo=1000000281,4.9,14386,0,0,{'1': ['만족도']},[],[]
98406,3,5,smart_store,스마트스토어,감사합니다 만족합니다,2026-06-14T20:09:06+09:00,2026-06-14,네이버 스마트스토어 구****,5,True,1,1,https://assets6.cre.ma/p/phytonutri-kr/reviews/00/00/09/84/06/image1/e517b3b474bf54c4.webp,1000000281,지니어스뉴 드롭스&톡캡스,https://www.phytonutri.kr/goods/goods_view.php?goodsNo=1000000281,4.9,14386,0,0,{'1': ['만족도']},[],[]
98407,3,5,smart_store,스마트스토어,돌 지난 아기한테 선물했는데 강력추천 드립니다,2026-06-14T19:19:32+09:00,2026-06-14,네이버 스마트스토어 구****,5,False,0,0,,1000000281,지니어스뉴 드롭스&톡캡스,https://www.phytonutri.kr/goods/goods_view.php?goodsNo=1000000281,4.9,14386,0,0,{'2': ['만족도']},[],[]
98408,3,5,smart_store,스마트스토어,돌 지난 아기한테 강력추천 했는데 잘 먹고있어요,2026-06-14T19:19:13+09:00,2026-06-14,네이버 스마트스토어 구****,5,False,0,0,,1000000281,지니어스뉴 드롭스&톡캡스,https://www.phytonutri.kr/goods/goods_view.php?goodsNo=1000000281,4.9,14386,0,0,{'2': ['만족도']},[],[]
98409,3,5,smart_store,스마트스토어,유산균 아기 먹이기 좋아오,2026-06-14T18:10:46+09:00,2026-06-14,네이버 스마트스토어 구****,5,True,1,1,https://assets6.cre.ma/p/phytonutri-kr/reviews/00/00/09/84/09/image1/4bdfaaf7b8138083.webp,1000000375,데이프로바 + 투데이디3 세트,https://www.phytonutri.kr/goods/goods_view.php?goodsNo=1000000375,4.9,139,0,0,{'1': ['만족도']},[],[]
98410,4,5,smart_store,스마트스토어,"17개월 아기 비타민D 영양제로 구매했어요.
신생아때부터 유산균+비타민D 드롭형으로 먹였는데 투데이디 제품은 산패걱정없이 손쉽게 먹일수있어 매우 좋습니다.",2026-06-14T17:49:13+09:00,2026-06-14,네이버 스마트스토어 구****,5,True,1,1,https://assets6.cre.ma/p/phytonutri-kr/reviews/00/00/09/84/10/image1/8060785d2f8265ba.webp,1000000325,투데이디3 for baby,https://www.phytonutri.kr/goods/goods_view.php?goodsNo=1000000325,4.9,3634,0,0,"{'2': ['만족도'], '1': ['편의성']}",[],[]
98411,4,5,smart_store,스마트스토어,"기분탓인가 밤이랑 오일이랑 크게 다르지 않는 느낌?
몇번 더 먹여봐야 알 것같아용. 애기도 잘먹고 먹이기 편해서 좋아요",2026-06-14T17:48:09+09:00,2026-06-14,네이버 스마트스토어 구****,5,True,1,1,https://assets6.cre.ma/p/phytonutri-kr/reviews/00/00/09/84/11/image1/88c920f4714cbfdd.webp,1000000325,투데이디3 for baby,https://www.phytonutri.kr/goods/goods_view.php?goodsNo=1000000325,4.9,3634,0,0,"{'1': ['만족도', '편의성']}",[],[]
98412,4,5,smart_store,스마트스토어,저번에 10병 먹이고 아이가 잘먹기도해서 또 구매해써용,2026-06-14T17:46:01+09:00,2026-06-14,네이버 스마트스토어 구****,5,False,0,0,,1000000281,지니어스뉴 드롭스&톡캡스,https://www.phytonutri.kr/goods/goods_view.php?goodsNo=1000000281,4.9,14386,0,0,{'2': ['만족도']},[],[]
98413,4,5,smart_store,스마트스토어,오메가쓰리 먹고 더 건강하길 바랍니다,2026-06-14T17:43:15+09:00,2026-06-14,네이버 스마트스토어 구****,5,True,1,1,https://assets6.cre.ma/p/phytonutri-kr/reviews/00/00/09/84/13/image1/35bcd929915c51b7.webp,1000000281,지니어스뉴 드롭스&톡캡스,https://www.phytonutri.kr/goods/goods_view.php?goodsNo=1000000281,4.9,14386,0,0,{'0': ['만족도']},[],[]
98414,4,5,smart_store,스마트스토어,처음 구매했어요 잘 먹일게요,2026-06-14T16:48:36+09:00,2026-06-14,네이버 스마트스토어 구****,5,False,0,0,,1000000281,지니어스뉴 드롭스&톡캡스,https://www.phytonutri.kr/goods/goods_view.php?goodsNo=1000000281,4.9,14386,0,0,{'0': ['만족도']},[],[]
98415,4,5,smart_store,스마트스토어,아이가 요즘 면역이 떨어지나 싶어서 샀습미당,2026-06-14T16:43:15+09:00,2026-06-14,네이버 스마트스토어 구****,5,True,1,1,https://assets6.cre.ma/p/phytonutri-kr/reviews/00/00/09/84/15/image1/58d2400c4030244e.webp,1000000325,투데이디3 for baby,https://www.phytonutri.kr/goods/goods_view.php?goodsNo=1000000325,4.9,3634,0,0,{'0': ['만족도']},[],[]
98416,4,5,smart_store,스마트스토어,하루에 한 캡슐씩 잘 먹이고 있습니다~!!,2026-06-14T15:47:38+09:00,2026-06-14,네이버 스마트스토어 구****,5,True,1,1,https://assets6.cre.ma/p/phytonutri-kr/reviews/00/00/09/84/16/image1/aed3bba4e1d802bd.webp,1000000375,데이프로바 + 투데이디3 세트,https://www.phytonutri.kr/goods/goods_view.php?goodsNo=1000000375,4.9,139,0,0,{'1': ['만족도']},[],[]
98417,4,5,smart_store,스마트스토어,잘 먹이고 있습니다~!! 너무 편리하고 좋아요~,2026-06-14T15:46:50+09:00,2026-06-14,네이버 스마트스토어 구****,5,True,1,1,https://assets6.cre.ma/p/phytonutri-kr/reviews/00/00/09/84/17/image1/1cd8ac44c080dd53.webp,1000000281,지니어스뉴 드롭스&톡캡스,https://www.phytonutri.kr/goods/goods_view.php?goodsNo=1000000281,4.9,14386,0,0,"{'1': ['만족도'], '2': ['편의성']}",[],[]
98418,4,5,smart_store,스마트스토어,아토피가 있는 아기에게 좋다해서 샀어요,2026-06-14T14:52:30+09:00,2026-06-14,네이버 스마트스토어 구****,5,True,1,1,https://assets6.cre.ma/p/phytonutri-kr/reviews/00/00/09/84/18/image1/f2a913b14e780898.webp,1000000363,데이프로바 for baby 아기 쌩쌩유산균,https://www.phytonutri.kr/goods/goods_view.php?goodsNo=1000000363,4.9,363,0,0,{'0': ['만족도']},[],[]
98419,4,5,smart_store,스마트스토어,아이가 거부감없이 잘 먹어서 꾸준히 구매해서 먹고있습니다!,2026-06-14T14:43:52+09:00,2026-06-14,네이버 스마트스토어 구****,5,True,1,1,https://assets6.cre.ma/p/phytonutri-kr/reviews/00/00/09/84/19/image1/6d58155d91ab91a1.webp,1000000325,투데이디3 for baby,https://www.phytonutri.kr/goods/goods_view.php?goodsNo=1000000325,4.9,3634,0,0,"{'1': ['만족도', '맛']}",[],[]
98420,4,5,smart_store,스마트스토어,꾸준히 먹고 있어요 ㅎㅎㅎ 너무 잘먹어서 좋아요,2026-06-14T13:02:52+09:00,2026-06-14,네이버 스마트스토어 구****,5,False,0,0,,1000000281,지니어스뉴 드롭스&톡캡스,https://www.phytonutri.kr/goods/goods_view.php?goodsNo=1000000281,4.9,14386,0,0,{'2': ['만족도']},[],[]
98421,4,5,smart_store,스마트스토어,"우리 둘찌 태어나서 지니어스로 시작했습니다:)
돌이 지나도 지니어스입니다:)",2026-06-14T12:20:53+09:00,2026-06-14,네이버 스마트스토어 구****,5,False,0,0,,1000000281,지니어스뉴 드롭스&톡캡스,https://www.phytonutri.kr/goods/goods_view.php?goodsNo=1000000281,4.9,14386,0,0,{'2': ['만족도']},[],[]
98422,4,5,smart_store,스마트스토어,영유아 두 아이 쭉 먹이고 있어요,2026-06-14T12:16:39+09:00,2026-06-14,네이버 스마트스토어 구****,5,True,1,1,https://assets6.cre.ma/p/phytonutri-kr/reviews/00/00/09/84/22/image1/8e5fd6da2fe573a3.webp,1000000281,지니어스뉴 드롭스&톡캡스,https://www.phytonutri.kr/goods/goods_view.php?goodsNo=1000000281,4.9,14386,0,0,{'1': ['만족도']},[],[]
98423,4,5,smart_store,스마트스토어,아기칼슘생각해서구매했어요,2026-06-14T10:21:42+09:00,2026-06-14,네이버 스마트스토어 구****,5,True,1,1,https://assets6.cre.ma/p/phytonutri-kr/reviews/00/00/09/84/23/image1/236c91407397dac5.webp,1000000297,"그로우뉴 아이 유기농칼슘&마그네슘 비타민D,k2,망간",https://www.phytonutri.kr/goods/goods_view.php?goodsNo=1000000297,4.9,4844,0,0,{'0': ['만족도']},[],[]
98424,4,4,smart_store,스마트스토어,좋아요 또 살께요 ㅎ,2026-06-14T10:19:53+09:00,2026-06-14,네이버 스마트스토어 구****,5,True,1,1,https://assets6.cre.ma/p/phytonutri-kr/reviews/00/00/09/84/24/image1/ce934fe552a0d9f2.webp,1000000325,투데이디3 for baby,https://www.phytonutri.kr/goods/goods_view.php?goodsNo=1000000325,4.9,3634,0,0,{'1': ['만족도']},[],[]
98425,4,5,smart_store,스마트스토어,항상 잘 먹이고 있습니다~,2026-06-14T08:59:58+09:00,2026-06-14,네이버 스마트스토어 구****,5,True,1,1,https://assets6.cre.ma/p/phytonutri-kr/reviews/00/00/09/84/25/image1/8e6e94632ac637f1.webp,1000000281,지니어스뉴 드롭스&톡캡스,https://www.phytonutri.kr/goods/goods_view.php?goodsNo=1000000281,4.9,14386,0,0,{'1': ['만족도']},[],[]
98426,4,5,smart_store,스마트스토어,"아이에게 꼭 필요하다해서 구매해봤어요
스포이드 형태로 먹일 수 있어서 편리하네요",2026-06-14T08:25:29+09:00,2026-06-14,네이버 스마트스토어 구****,5,True,1,1,https://assets6.cre.ma/p/phytonutri-kr/reviews/00/00/09/84/26/image1/71ef9c54ab9a6f4b.webp,1000000281,지니어스뉴 드롭스&톡캡스,https://www.phytonutri.kr/goods/goods_view.php?goodsNo=1000000281,4.9,14386,0,0,"{'1': ['만족도', '편의성']}",[],[]
98427,4,5,smart_store,스마트스토어,생각보다 꾸덕해서 아기가 잘 안 먹네요.,2026-06-14T08:07:12+09:00,2026-06-14,네이버 스마트스토어 구****,5,False,0,0,,1000000325,투데이디3 for baby,https://www.phytonutri.kr/goods/goods_view.php?goodsNo=1000000325,4.9,3634,0,0,"{'-1': ['만족도', '제품상태']}",[],[]
98428,4,5,smart_store,스마트스토어,"아기 7개월부터 꾸준히 잘 먹이고 있어용
맛있나봐요 잘 먹어요",2026-06-14T00:21:57+09:00,2026-06-14,네이버 스마트스토어 구****,5,True,1,1,https://assets6.cre.ma/p/phytonutri-kr/reviews/00/00/09/84/28/image1/2b52211607e09828.webp,1000000297,"그로우뉴 아이 유기농칼슘&마그네슘 비타민D,k2,망간",https://www.phytonutri.kr/goods/goods_view.php?goodsNo=1000000297,4.9,4844,0,0,"{'1': ['만족도', '맛']}",[],[]
98429,4,5,smart_store,스마트스토어,잘 먹고  있습닏다 좋아요,2026-06-13T23:25:57+09:00,2026-06-13,네이버 스마트스토어 구****,5,True,1,1,https://assets6.cre.ma/p/phytonutri-kr/reviews/00/00/09/84/29/image1/67c60bb3c878d515.webp,1000000342,이트뮨 아이 배도라지즙&엘더베리사과주스,https://www.phytonutri.kr/goods/goods_view.php?goodsNo=1000000342,4.9,609,0,0,{'1': ['만족도']},[],[]
98430,5,5,smart_store,스마트스토어,잘 먹이고 있습니다 좋아요,2026-06-13T23:16:02+09:00,2026-06-13,네이버 스마트스토어 구****,5,True,1,1,https://assets6.cre.ma/p/phytonutri-kr/reviews/00/00/09/84/30/image1/057d60fbc2a6543f.webp,1000000298,지니어스뉴 + 그로우뉴 세트,https://www.phytonutri.kr/goods/goods_view.php?goodsNo=1000000298,4.9,1413,0,0,{'1': ['만족도']},[],[]
98431,5,5,smart_store,스마트스토어,먹이기 편리하고 일단 맛있습니다.,2026-06-13T23:07:17+09:00,2026-06-13,네이버 스마트스토어 구****,5,True,1,1,https://assets6.cre.ma/p/phytonutri-kr/reviews/00/00/09/84/31/image1/be4094236fb28b33.webp,1000000397,"그로우뉴 ~키즈 유기농 칼슘&마그네슘 비타민D,k2 망간",https://www.phytonutri.kr/goods/goods_view.php?goodsNo=1000000397,4.9,63,0,0,"{'1': ['만족도', '맛', '편의성']}",[],[]
98432,5,5,smart_store,스마트스토어,열심히 먹여볼게요 ^^,2026-06-13T22:44:03+09:00,2026-06-13,네이버 스마트스토어 구****,5,True,1,1,https://assets6.cre.ma/p/phytonutri-kr/reviews/00/00/09/84/32/image1/df41235d39ce5c03.webp,1000000297,"그로우뉴 아이 유기농칼슘&마그네슘 비타민D,k2,망간",https://www.phytonutri.kr/goods/goods_view.php?goodsNo=1000000297,4.9,4844,0,0,{'0': ['만족도']},[],[]
98433,5,5,smart_store,스마트스토어,재주문했어요 똑똑해지길,2026-06-13T22:29:22+09:00,2026-06-13,네이버 스마트스토어 구****,5,True,1,1,https://assets6.cre.ma/p/phytonutri-kr/reviews/00/00/09/84/33/image1/b369023e6f02beed.webp,1000000281,지니어스뉴 드롭스&톡캡스,https://www.phytonutri.kr/goods/goods_view.php?goodsNo=1000000281,4.9,14386,0,0,{'2': ['만족도']},[],[]
98434,5,5,smart_store,스마트스토어,이유식에 섞어주니 잘먹어요!,2026-06-13T22:20:17+09:00,2026-06-13,네이버 스마트스토어 구****,5,False,0,0,,1000000297,"그로우뉴 아이 유기농칼슘&마그네슘 비타민D,k2,망간",https://www.phytonutri.kr/goods/goods_view.php?goodsNo=1000000297,4.9,4844,0,0,{'1': ['만족도']},[],[]
98435,5,5,smart_store,스마트스토어,맨처음 그냥 줬더니 이상했는지 안먹더니 우유에 넣어 주니 ㅈ쪼꼬쪼꼬 거리면서 아주 잘먹습니다!!,2026-06-13T21:52:39+09:00,2026-06-13,네이버 스마트스토어 구****,5,True,1,1,https://assets6.cre.ma/p/phytonutri-kr/reviews/00/00/09/84/35/image1/f7819e06149634e0.webp,1000000397,"그로우뉴 ~키즈 유기농 칼슘&마그네슘 비타민D,k2 망간",https://www.phytonutri.kr/goods/goods_view.php?goodsNo=1000000397,4.9,63,0,0,{'1': ['만족도']},[],[]
98436,5,3,smart_store,스마트스토어,쫌 비리긴한데 아이를 위해 샀어요,2026-06-13T21:18:23+09:00,2026-06-13,네이버 스마트스토어 구****,5,True,1,1,https://assets6.cre.ma/p/phytonutri-kr/reviews/00/00/09/84/36/image1/8cc18ac6a410faf1.webp,1000000281,지니어스뉴 드롭스&톡캡스,https://www.phytonutri.kr/goods/goods_view.php?goodsNo=1000000281,4.9,14386,0,0,"{'0': ['만족도'], '-1': ['맛']}",[],[]
98402,5,5,,자사몰(고도몰),꾸준히 한달에 구매하고 사용중입니다 너무  좋아요♡,2026-06-13T21:09:53+09:00,2026-06-13,안****,10,True,1,1,https://assets6.cre.ma/p/phytonutri-kr/reviews/00/00/09/84/02/image1/78bdc1ebfbe6df31.webp,1000000024,곤약세라미드 1.8 에피베리어+ 히알라스킨,https://www.phytonutri.kr/goods/goods_view.php?goodsNo=1000000024,4.6,1631,0,0,{'2': ['만족도']},"[{'name': '옵션', 'value': '에피베리어1개+히알라스킨1개[총1개월분]'}]","[{'name': '성별', 'value': '여성'}, {'name': '연령대', 'value': '40대'}]"
98437,5,5,smart_store,스마트스토어,계속 꾸준히 묵이고잇어요,2026-06-13T20:48:39+09:00,2026-06-13,네이버 스마트스토어 구****,5,True,1,1,https://assets6.cre.ma/p/phytonutri-kr/reviews/00/00/09/84/37/image1/c24969db362c2a1c.webp,1000000325,투데이디3 for baby,https://www.phytonutri.kr/goods/goods_view.php?goodsNo=1000000325,4.9,3634,0,0,{'1': ['만족도']},[],[]
98438,5,5,smart_store,스마트스토어,초코향이 나던데 그래서인지 15개월 아기가 잘 먹네요,2026-06-13T20:33:14+09:00,2026-06-13,네이버 스마트스토어 구****,5,True,1,1,https://assets6.cre.ma/p/phytonutri-kr/reviews/00/00/09/84/38/image1/6abfde94972579f5.webp,1000000297,"그로우뉴 아이 유기농칼슘&마그네슘 비타민D,k2,망간",https://www.phytonutri.kr/goods/goods_view.php?goodsNo=1000000297,4.9,4844,0,0,"{'1': ['만족도'], '0': ['냄새']}",[],[]
98439,5,5,smart_store,스마트스토어,"아이가 잘 먹는지 한박스만 먼저 구매했었는데 
다행히 잘 먹어서 7박스 구매했어요👏🏻",2026-06-13T20:31:01+09:00,2026-06-13,네이버 스마트스토어 구****,5,True,1,1,https://assets6.cre.ma/p/phytonutri-kr/reviews/00/00/09/84/39/image1/af0c98ddccd7a6e3.webp,1000000297,"그로우뉴 아이 유기농칼슘&마그네슘 비타민D,k2,망간",https://www.phytonutri.kr/goods/goods_view.php?goodsNo=1000000297,4.9,4844,0,0,{'2': ['만족도']},[],[]
98440,5,5,smart_store,스마트스토어,"1년 가까이 먹이고 있어요
영양이 다 채워지는거 같아 마음이 편해여",2026-06-13T20:20:49+09:00,2026-06-13,네이버 스마트스토어 구****,5,True,1,1,https://assets6.cre.ma/p/phytonutri-kr/reviews/00/00/09/84/40/image1/877ee93a70f73b40.webp,1000000297,"그로우뉴 아이 유기농칼슘&마그네슘 비타민D,k2,망간",https://www.phytonutri.kr/goods/goods_view.php?goodsNo=1000000297,4.9,4844,0,0,"{'1': ['만족도', '효과', '성분']}",[],[]
98403,5,5,,자사몰(고도몰),너무맛있게잘먹고있습니다 다음번에또 주문해야겠어요!!!,2026-06-13T19:51:02+09:00,2026-06-13,ksge******,5,True,1,1,https://assets6.cre.ma/p/phytonutri-kr/reviews/00/00/09/84/03/image1/5ec073cf931d5de1.webp,1000000342,이트뮨 아이 배도라지즙&엘더베리사과주스,https://www.phytonutri.kr/goods/goods_view.php?goodsNo=1000000342,4.9,609,0,0,"{'2': ['만족도', '맛']}",[],[]
98441,5,5,smart_store,스마트스토어,우유잘안먹기시작해서 삽니다,2026-06-13T19:40:15+09:00,2026-06-13,네이버 스마트스토어 구****,5,True,1,1,https://assets6.cre.ma/p/phytonutri-kr/reviews/00/00/09/84/41/image1/a9114a28344e2402.webp,1000000297,"그로우뉴 아이 유기농칼슘&마그네슘 비타민D,k2,망간",https://www.phytonutri.kr/goods/goods_view.php?goodsNo=1000000297,4.9,4844,0,0,{'0': ['만족도']},[],[]
98367,5,4,smart_store,스마트스토어,46개월 아이 가루는 잘안먹어서 액상으로 주문했어요~ 다른거랑 같이 먹이고 있는데 좋아하지는 않지만 잘먹어요,2026-06-13T18:48:02+09:00,2026-06-13,네이버 스마트스토어 구****,5,True,1,1,https://assets6.cre.ma/p/phytonutri-kr/reviews/00/00/09/83/67/image1/ae42567527239a0e.webp,1000000281,지니어스뉴 드롭스&톡캡스,https://www.phytonutri.kr/goods/goods_view.php?goodsNo=1000000281,4.9,14386,0,0,{'1': ['만족도']},[],[]
98368,5,5,smart_store,스마트스토어,늘 먹이고 있는 제품이에요!! 둘째도 이유식 시작하게 되면 먹이려구요~,2026-06-13T16:42:37+09:00,2026-06-13,네이버 스마트스토어 구****,5,True,1,1,https://assets6.cre.ma/p/phytonutri-kr/reviews/00/00/09/83/68/image1/8037246dce8612de.webp,1000000281,지니어스뉴 드롭스&톡캡스,https://www.phytonutri.kr/goods/goods_view.php?goodsNo=1000000281,4.9,14386,0,0,{'1': ['만족도']},[],[]
98369,5,5,smart_store,스마트스토어,"아이가 아주 잘먹어요! 
음식할때도 넣고 아주 잘 먹이고 있어요!
양이 너무 적어서 또 구매합니다",2026-06-13T16:07:22+09:00,2026-06-13,네이버 스마트스토어 구****,5,True,1,1,https://assets6.cre.ma/p/phytonutri-kr/reviews/00/00/09/83/69/image1/43860999c4760111.webp,1000000342,이트뮨 아이 배도라지즙&엘더베리사과주스,https://www.phytonutri.kr/goods/goods_view.php?goodsNo=1000000342,4.9,609,0,0,"{'1': ['만족도'], '0': ['용량']}",[],[]
98370,5,4,smart_store,스마트스토어,아기먹이기 편리해요 좋다고 해서 먹이고 있어요,2026-06-13T15:51:55+09:00,2026-06-13,네이버 스마트스토어 구****,5,True,1,1,https://assets6.cre.ma/p/phytonutri-kr/reviews/00/00/09/83/70/image1/ddfc4d2cafde8591.webp,1000000325,투데이디3 for baby,https://www.phytonutri.kr/goods/goods_view.php?goodsNo=1000000325,4.9,3634,0,0,"{'1': ['만족도', '편의성']}",[],[]
98371,5,5,smart_store,스마트스토어,6개월부터 지금 16개월까지 잘먹이고있어요 ㅎㅎ,2026-06-13T15:43:19+09:00,2026-06-13,네이버 스마트스토어 구****,5,True,1,1,https://assets6.cre.ma/p/phytonutri-kr/reviews/00/00/09/83/71/image1/d8040385b23c6160.webp,1000000298,지니어스뉴 + 그로우뉴 세트,https://www.phytonutri.kr/goods/goods_view.php?goodsNo=1000000298,4.9,1413,0,0,{'1': ['만족도']},[],[]
98372,5,5,smart_store,스마트스토어,아기가 잘 먹어서 좋아요,2026-06-13T13:43:55+09:00,2026-06-13,네이버 스마트스토어 구****,5,True,1,1,https://assets6.cre.ma/p/phytonutri-kr/reviews/00/00/09/83/72/image1/ed566c1f9f2bf726.webp,1000000281,지니어스뉴 드롭스&톡캡스,https://www.phytonutri.kr/goods/goods_view.php?goodsNo=1000000281,4.9,14386,0,0,"{'1': ['만족도', '맛']}",[],[]
98373,6,4,smart_store,스마트스토어,아이 이유식 먹이며 영양제 같이 먹여볼까하고 구매해요~~아직 먹이기전인데 잘 먹으면 좋겠어요~~,2026-06-13T13:33:31+09:00,2026-06-13,네이버 스마트스토어 구****,5,True,1,1,https://assets6.cre.ma/p/phytonutri-kr/reviews/00/00/09/83/73/image1/c144aaedf7d6a214.webp,1000000281,지니어스뉴 드롭스&톡캡스,https://www.phytonutri.kr/goods/goods_view.php?goodsNo=1000000281,4.9,14386,0,0,{'0': ['만족도']},[],[]
98374,6,5,smart_store,스마트스토어,"젤얼음팩으로 시원하게 배송 왔어요! 
개별캡슐로 되어있어 산패걱정이 없어서 만족해요
짜서 애기한테 주니 거부감이 잘 먹네요! 
만족합니다!",2026-06-13T13:24:16+09:00,2026-06-13,네이버 스마트스토어 구****,5,True,1,1,https://assets6.cre.ma/p/phytonutri-kr/reviews/00/00/09/83/74/image1/778db59cc92e5bc7.webp,1000000281,지니어스뉴 드롭스&톡캡스,https://www.phytonutri.kr/goods/goods_view.php?goodsNo=1000000281,4.9,14386,0,0,"{'1': ['만족도', '포장', '제품상태']}",[],[]
98375,6,5,smart_store,스마트스토어,9갤아가 7개월부터 먹이고 있습니다!,2026-06-13T13:18:31+09:00,2026-06-13,네이버 스마트스토어 구****,5,True,1,1,https://assets6.cre.ma/p/phytonutri-kr/reviews/00/00/09/83/75/image1/020b3013f3febf15.webp,1000000297,"그로우뉴 아이 유기농칼슘&마그네슘 비타민D,k2,망간",https://www.phytonutri.kr/goods/goods_view.php?goodsNo=1000000297,4.9,4844,0,0,{'1': ['만족도']},[],[]
98376,6,5,smart_store,스마트스토어,아이 꾸준히 먹이고 있어요. 거부감 없이 잘 먹습니다.,2026-06-13T12:36:47+09:00,2026-06-13,네이버 스마트스토어 구****,5,True,1,1,https://assets6.cre.ma/p/phytonutri-kr/reviews/00/00/09/83/76/image1/f5cdf20c626d3843.webp,1000000281,지니어스뉴 드롭스&톡캡스,https://www.phytonutri.kr/goods/goods_view.php?goodsNo=1000000281,4.9,14386,0,0,{'1': ['만족도']},[],[]
98377,6,5,smart_store,스마트스토어,두말하면 잔소리.. 너무잘먹어요.. 그냥 먹기엔 아직 거부감 드나봐요 밥위에 우유 요거트 뿌려줍이당... 잘먹어요~~비린맛 1도없고 특유의 냄새도 없어요.. 너무 잘먹어요,2026-06-13T12:11:43+09:00,2026-06-13,네이버 스마트스토어 구****,5,False,0,0,,1000000281,지니어스뉴 드롭스&톡캡스,https://www.phytonutri.kr/goods/goods_view.php?goodsNo=1000000281,4.9,14386,0,0,"{'2': ['만족도', '맛', '냄새']}",[],[]
98378,6,5,smart_store,스마트스토어,"변질될 걱정도 없고, 먹이기도 편하고.. 
애들도 잘먹고, 이것만한 비타민D가 없어요ㅎㅎ
2회연속 주문이고 매번 최대수량으로 주문하는대도 쌍둥이라 금방 먹네요~~",2026-06-13T12:08:05+09:00,2026-06-13,네이버 스마트스토어 구****,5,True,1,1,https://assets6.cre.ma/p/phytonutri-kr/reviews/00/00/09/83/78/image1/d744a7e12f416de5.webp,1000000325,투데이디3 for baby,https://www.phytonutri.kr/goods/goods_view.php?goodsNo=1000000325,4.9,3634,0,0,"{'2': ['만족도'], '1': ['품질', '편의성']}",[],[]
98379,6,3,smart_store,스마트스토어,맛이..일단 별로거요ㅠㅠ애기가 먹기힘들어해서 분유에 타줬는데 설거지 할때 진짜 불편해요ㅠㅠ,2026-06-13T11:44:55+09:00,2026-06-13,네이버 스마트스토어 구****,5,False,0,0,,1000000325,투데이디3 for baby,https://www.phytonutri.kr/goods/goods_view.php?goodsNo=1000000325,4.9,3634,0,0,"{'-1': ['만족도', '맛', '편의성']}",[],[]
98380,6,5,smart_store,스마트스토어,오메가3는 이걸로 정착했어요!ㅎㅎ15개월아기가 꾸준히 먹고있고 거부감도없어요,2026-06-13T11:26:35+09:00,2026-06-13,네이버 스마트스토어 구****,5,True,1,1,https://assets6.cre.ma/p/phytonutri-kr/reviews/00/00/09/83/80/image1/00d0e63bc425f48b.webp,1000000281,지니어스뉴 드롭스&톡캡스,https://www.phytonutri.kr/goods/goods_view.php?goodsNo=1000000281,4.9,14386,0,0,{'1': ['만족도']},[],[]
98381,6,5,smart_store,스마트스토어,늘 먹이던 제품입니다,2026-06-13T11:24:04+09:00,2026-06-13,네이버 스마트스토어 구****,5,True,1,1,https://assets6.cre.ma/p/phytonutri-kr/reviews/00/00/09/83/81/image1/966284ec792aa91c.webp,1000000298,지니어스뉴 + 그로우뉴 세트,https://www.phytonutri.kr/goods/goods_view.php?goodsNo=1000000298,4.9,1413,0,0,{'1': ['만족도']},[],[]
98382,6,5,smart_store,스마트스토어,우유에 타서 먹이는데 잘 먹네요 ㅎㅎ 맛이 강하면 안 먹는데 덩어리질 때도 있지만 잘 녹여지는 편 같아요 그래도! 1달 시험삼아 먹여보고 잘 먹길래 재구매했습니다,2026-06-13T10:31:29+09:00,2026-06-13,네이버 스마트스토어 구****,5,True,1,1,https://assets6.cre.ma/p/phytonutri-kr/reviews/00/00/09/83/82/image1/3a602f431d8957fb.webp,1000000297,"그로우뉴 아이 유기농칼슘&마그네슘 비타민D,k2,망간",https://www.phytonutri.kr/goods/goods_view.php?goodsNo=1000000297,4.9,4844,0,0,"{'2': ['만족도'], '1': ['품질', '맛']}",[],[]
98383,6,5,smart_store,스마트스토어,ruweiryietyiity,2026-06-13T10:06:08+09:00,2026-06-13,네이버 스마트스토어 구****,5,False,0,0,,1000000403,뉴스데일리베스트 X 파이토뉴트리 맨드로포즈+,https://www.phytonutri.kr/goods/goods_view.php?goodsNo=1000000403,4.7,193,0,0,{'0': ['만족도']},[],[]
98384,6,5,smart_store,스마트스토어,벌써 이전에 4박스 구매해서 먹이고 이번에도 또 재구매해서 먹이고 있어요!! 성장기 아기들에게 칼마디가 필수라서 저녁에 꼭꼭 먹이고 있어요 👍🏻 배송도 빠르고 재료성분도 좋아서 이것만 먹여요^^,2026-06-13T10:01:58+09:00,2026-06-13,네이버 스마트스토어 구****,5,True,1,1,https://assets6.cre.ma/p/phytonutri-kr/reviews/00/00/09/83/84/image1/affa3fd426b2ebdb.webp,1000000297,"그로우뉴 아이 유기농칼슘&마그네슘 비타민D,k2,망간",https://www.phytonutri.kr/goods/goods_view.php?goodsNo=1000000297,4.9,4844,0,0,"{'2': ['만족도'], '1': ['배송', '성분']}",[],[]
98385,6,5,smart_store,스마트스토어,아기성장에좋다고해서 꾸준히 먹이구있읍니다!이제 13개월된아기여서 크게느낄순없지만 꾸준히먹이면좋아지지않을까욧?ㅎ이벤트할인을 자주했음좋겠어요!좋은제품 오래먹이고싶네욧!ㅎ,2026-06-13T09:54:26+09:00,2026-06-13,네이버 스마트스토어 구****,5,True,1,1,https://assets6.cre.ma/p/phytonutri-kr/reviews/00/00/09/83/85/image1/a5ce4be18f54e333.webp,1000000297,"그로우뉴 아이 유기농칼슘&마그네슘 비타민D,k2,망간",https://www.phytonutri.kr/goods/goods_view.php?goodsNo=1000000297,4.9,4844,0,0,"{'0': ['만족도', '가격']}",[],[]
98386,6,5,smart_store,스마트스토어,이제 5대월 되니까 꿀떡꿀떡 너무 즐겨 먹어요,2026-06-13T09:49:39+09:00,2026-06-13,네이버 스마트스토어 구****,5,True,1,1,https://assets6.cre.ma/p/phytonutri-kr/reviews/00/00/09/83/86/image1/754568cdf52433ff.webp,1000000325,투데이디3 for baby,https://www.phytonutri.kr/goods/goods_view.php?goodsNo=1000000325,4.9,3634,0,0,{'1': ['만족도']},[],[]
98387,6,5,smart_store,스마트스토어,아기가 잘 먹고 있어요,2026-06-13T09:12:33+09:00,2026-06-13,네이버 스마트스토어 구****,5,True,1,1,https://assets6.cre.ma/p/phytonutri-kr/reviews/00/00/09/83/87/image1/976dbba796fdeb58.webp,1000000281,지니어스뉴 드롭스&톡캡스,https://www.phytonutri.kr/goods/goods_view.php?goodsNo=1000000281,4.9,14386,0,0,{'1': ['만족도']},[],[]
98366,6,5,,자사몰(고도몰),"아기가 거부감 1도 없이 잘 먹어서 재구매했어요.
이유식 안먹을 때 이유식 한 숟가락에 영양제 2~3방울 넣어주면 잘 먹더라구요?! 하루 한 번 간편하게 비타민D 채워줄 수 있어서 좋아요!",2026-06-13T08:47:20+09:00,2026-06-13,김****,10,True,3,3,https://assets6.cre.ma/p/phytonutri-kr/reviews/00/00/09/83/66/image1/0b0e476f6ae79c72.webp|https://assets6.cre.ma/p/phytonutri-kr/reviews/00/00/09/83/66/image2/285fea7e4cf1d0ee.webp|https://assets6.cre.ma/p/phytonutri-kr/reviews/00/00/09/83/66/image3/c7157c69bcdc94dd.webp,1000000325,투데이디3 for baby,https://www.phytonutri.kr/goods/goods_view.php?goodsNo=1000000325,4.9,3634,0,0,"{'2': ['만족도'], '1': ['성분', '편의성']}","[{'name': '이벤트 옵션', 'value': '투데이디 오일 3개'}]","[{'name': '아이 성별', 'value': '여자'}, {'name': '몇 개월인가요?', 'value': '7~12개월'}]"
98388,6,5,smart_store,스마트스토어,가격저렴하고 배송빨라서 좋네요,2026-06-13T08:20:43+09:00,2026-06-13,네이버 스마트스토어 구****,5,True,1,1,https://assets6.cre.ma/p/phytonutri-kr/reviews/00/00/09/83/88/image1/a7be910898f32a0a.webp,1000000281,지니어스뉴 드롭스&톡캡스,https://www.phytonutri.kr/goods/goods_view.php?goodsNo=1000000281,4.9,14386,0,0,"{'1': ['만족도', '가격', '배송']}",[],[]
98389,6,5,smart_store,스마트스토어,잘 챙겨먹여봐야겠어요 ㅎㅎㄹ 디자인 깔끔하고 포장도 꼼꼼하네요,2026-06-13T03:17:43+09:00,2026-06-13,네이버 스마트스토어 구****,5,True,1,1,https://assets6.cre.ma/p/phytonutri-kr/reviews/00/00/09/83/89/image1/3922aa8101d4f876.webp,1000000281,지니어스뉴 드롭스&톡캡스,https://www.phytonutri.kr/goods/goods_view.php?goodsNo=1000000281,4.9,14386,0,0,"{'1': ['만족도', '포장']}",[],[]
98390,6,3,smart_store,스마트스토어,가격이 좀 비싸긴 하지만 아이 생각해서 먹일라구요,2026-06-12T23:56:35+09:00,2026-06-12,네이버 스마트스토어 구****,5,True,1,1,https://assets6.cre.ma/p/phytonutri-kr/reviews/00/00/09/83/90/image1/1519deeb73b481f1.webp,1000000281,지니어스뉴 드롭스&톡캡스,https://www.phytonutri.kr/goods/goods_view.php?goodsNo=1000000281,4.9,14386,0,0,"{'0': ['만족도'], '-1': ['가격']}",[],[]
98391,6,5,smart_store,스마트스토어,둘째까지도 잘먹이고있어요^^굿굿,2026-06-12T23:44:35+09:00,2026-06-12,네이버 스마트스토어 구****,5,True,1,1,https://assets6.cre.ma/p/phytonutri-kr/reviews/00/00/09/83/91/image1/13632122d7e41329.webp,1000000281,지니어스뉴 드롭스&톡캡스,https://www.phytonutri.kr/goods/goods_view.php?goodsNo=1000000281,4.9,14386,0,0,{'2': ['만족도']},[],[]
98392,7,5,smart_store,스마트스토어,영양제라 효○가 바로 나타나진 않지만 꾸준히 먹여보려구여!,2026-06-12T21:44:21+09:00,2026-06-12,네이버 스마트스토어 구****,5,True,1,1,https://assets6.cre.ma/p/phytonutri-kr/reviews/00/00/09/83/92/image1/2ae5dcd9c32ed87f.webp,1000000281,지니어스뉴 드롭스&톡캡스,https://www.phytonutri.kr/goods/goods_view.php?goodsNo=1000000281,4.9,14386,0,0,{'0': ['만족도']},[],[]
98393,7,5,smart_store,스마트스토어,항상 꾸준히 먹고 있어요 !!,2026-06-12T21:32:06+09:00,2026-06-12,네이버 스마트스토어 구****,5,True,1,1,https://assets6.cre.ma/p/phytonutri-kr/reviews/00/00/09/83/93/image1/d0264807b1a45638.webp,1000000281,지니어스뉴 드롭스&톡캡스,https://www.phytonutri.kr/goods/goods_view.php?goodsNo=1000000281,4.9,14386,0,0,{'1': ['만족도']},[],[]
98394,7,5,smart_store,스마트스토어,☆☆☆☆☆☆☆☆☆☆☆,2026-06-12T21:24:14+09:00,2026-06-12,네이버 스마트스토어 구****,5,False,0,0,,1000000298,지니어스뉴 + 그로우뉴 세트,https://www.phytonutri.kr/goods/goods_view.php?goodsNo=1000000298,4.9,1413,0,0,{'0': ['만족도']},[],[]
98395,7,5,smart_store,스마트스토어,잘 챙겨 먹이겠습니다.,2026-06-12T21:19:15+09:00,2026-06-12,네이버 스마트스토어 구****,5,True,1,1,https://assets6.cre.ma/p/phytonutri-kr/reviews/00/00/09/83/95/image1/44c79a08a72f8662.webp,1000000281,지니어스뉴 드롭스&톡캡스,https://www.phytonutri.kr/goods/goods_view.php?goodsNo=1000000281,4.9,14386,0,0,{'0': ['만족도']},[],[]
98396,7,5,smart_store,스마트스토어,아기 돌전에 사서 먹였다가 다시 먹이려고샀어요!,2026-06-12T20:16:06+09:00,2026-06-12,네이버 스마트스토어 구****,5,True,1,1,https://assets6.cre.ma/p/phytonutri-kr/reviews/00/00/09/83/96/image1/73b1c85ba240a11a.webp,1000000281,지니어스뉴 드롭스&톡캡스,https://www.phytonutri.kr/goods/goods_view.php?goodsNo=1000000281,4.9,14386,0,0,{'1': ['만족도']},[],[]
98397,7,5,smart_store,스마트스토어,아기가 잘 먹고 있어여 그냥줘도 잘먹어여 6개월부타 먹였어요^^,2026-06-12T20:15:56+09:00,2026-06-12,네이버 스마트스토어 구****,5,True,1,1,https://assets6.cre.ma/p/phytonutri-kr/reviews/00/00/09/83/97/image1/286e7086816e3b9e.webp,1000000281,지니어스뉴 드롭스&톡캡스,https://www.phytonutri.kr/goods/goods_view.php?goodsNo=1000000281,4.9,14386,0,0,{'1': ['만족도']},[],[]
98398,7,5,smart_store,스마트스토어,잘 먹이고 잇습니자,2026-06-12T19:50:13+09:00,2026-06-12,네이버 스마트스토어 구****,5,True,1,1,https://assets6.cre.ma/p/phytonutri-kr/reviews/00/00/09/83/98/image1/a1d1a6563b0996ca.webp,1000000325,투데이디3 for baby,https://www.phytonutri.kr/goods/goods_view.php?goodsNo=1000000325,4.9,3634,0,0,{'1': ['만족도']},[],[]
98399,7,5,smart_store,스마트스토어,이앓이+원더윅스로 밥태기 세게 와서 영양제의 함을 빌리고자 구매했어요. 이유식이나 간식에 섞어먹이기 좋네요.,2026-06-12T19:40:09+09:00,2026-06-12,네이버 스마트스토어 구****,5,True,1,1,https://assets6.cre.ma/p/phytonutri-kr/reviews/00/00/09/83/99/image1/b00742f259557da7.webp,1000000297,"그로우뉴 아이 유기농칼슘&마그네슘 비타민D,k2,망간",https://www.phytonutri.kr/goods/goods_view.php?goodsNo=1000000297,4.9,4844,0,0,{'1': ['만족도']},[],[]
98400,7,5,smart_store,스마트스토어,우유에 타서 먹이는데 영 잘 먹진 않네요ㅜㅜㅜ,2026-06-12T19:20:20+09:00,2026-06-12,네이버 스마트스토어 구****,5,True,1,1,https://assets6.cre.ma/p/phytonutri-kr/reviews/00/00/09/84/00/image1/a8fb24b699b8536b.webp,1000000297,"그로우뉴 아이 유기농칼슘&마그네슘 비타민D,k2,망간",https://www.phytonutri.kr/goods/goods_view.php?goodsNo=1000000297,4.9,4844,0,0,{'-1': ['만족도']},[],[]
98401,7,5,smart_store,스마트스토어,전혀 비리지않아서 아침밥에 그냥 짜서줘도 너무 잘먹어요!,2026-06-12T19:19:30+09:00,2026-06-12,네이버 스마트스토어 구****,5,True,1,1,https://assets6.cre.ma/p/phytonutri-kr/reviews/00/00/09/84/01/image1/202db3cf8f54f0c3.webp,1000000281,지니어스뉴 드롭스&톡캡스,https://www.phytonutri.kr/goods/goods_view.php?goodsNo=1000000281,4.9,14386,0,0,"{'2': ['만족도'], '1': ['맛']}",[],[]
98327,7,5,smart_store,스마트스토어,아이가 거부감 없이 편하게 너무 잘 먹어서 무조건 쟁여둬야해요,2026-06-12T17:19:41+09:00,2026-06-12,네이버 스마트스토어 구****,5,True,1,1,https://assets6.cre.ma/p/phytonutri-kr/reviews/00/00/09/83/27/image1/83ed9b105a71d0e6.webp,1000000281,지니어스뉴 드롭스&톡캡스,https://www.phytonutri.kr/goods/goods_view.php?goodsNo=1000000281,4.9,14386,0,0,"{'2': ['만족도'], '1': ['맛']}",[],[]
98328,7,5,smart_store,스마트스토어,좋아요 좋아요 좋아요,2026-06-12T16:55:18+09:00,2026-06-12,네이버 스마트스토어 구****,5,True,1,1,https://assets6.cre.ma/p/phytonutri-kr/reviews/00/00/09/83/28/image1/ce0efc9ff6a859fc.webp,1000000281,지니어스뉴 드롭스&톡캡스,https://www.phytonutri.kr/goods/goods_view.php?goodsNo=1000000281,4.9,14386,0,0,{'1': ['만족도']},[],[]
98329,7,5,smart_store,스마트스토어,아이 두뇌 발달에 좋은 영향을 있길 바라며 매일 먹이고 있습니다. 아이도 잘 먹어요.,2026-06-12T16:05:19+09:00,2026-06-12,네이버 스마트스토어 구****,5,True,1,1,https://assets6.cre.ma/p/phytonutri-kr/reviews/00/00/09/83/29/image1/798c71698f84aac6.webp,1000000281,지니어스뉴 드롭스&톡캡스,https://www.phytonutri.kr/goods/goods_view.php?goodsNo=1000000281,4.9,14386,0,0,{'1': ['만족도']},[],[]
98330,7,5,smart_store,스마트스토어,재구매입니다. 아기가 잘먹고 믿고 구입합니다.,2026-06-12T16:01:32+09:00,2026-06-12,네이버 스마트스토어 구****,5,True,1,1,https://assets6.cre.ma/p/phytonutri-kr/reviews/00/00/09/83/30/image1/4e09b9896a85d227.webp,1000000281,지니어스뉴 드롭스&톡캡스,https://www.phytonutri.kr/goods/goods_view.php?goodsNo=1000000281,4.9,14386,0,0,{'2': ['만족도']},[],[]
98331,7,5,smart_store,스마트스토어,항상 잘먹이고 있어요😊,2026-06-12T15:52:44+09:00,2026-06-12,네이버 스마트스토어 구****,5,True,1,1,https://assets6.cre.ma/p/phytonutri-kr/reviews/00/00/09/83/31/image1/d30a47dd44e7a97a.webp,1000000281,지니어스뉴 드롭스&톡캡스,https://www.phytonutri.kr/goods/goods_view.php?goodsNo=1000000281,4.9,14386,0,0,{'1': ['만족도']},[],[]
98332,7,5,smart_store,스마트스토어,몇번째 구매인지 몰라요 아이에게 도움될거라 믿고 꾸준히 먹이고 있어요,2026-06-12T15:50:28+09:00,2026-06-12,네이버 스마트스토어 구****,5,True,1,1,https://assets6.cre.ma/p/phytonutri-kr/reviews/00/00/09/83/32/image1/d6899f280e6c3aa9.webp,1000000281,지니어스뉴 드롭스&톡캡스,https://www.phytonutri.kr/goods/goods_view.php?goodsNo=1000000281,4.9,14386,0,0,{'2': ['만족도']},[],[]
98333,7,5,smart_store,스마트스토어,이유식에 뿌려서 주기 편하네요,2026-06-12T14:55:48+09:00,2026-06-12,네이버 스마트스토어 구****,5,False,0,0,,1000000281,지니어스뉴 드롭스&톡캡스,https://www.phytonutri.kr/goods/goods_view.php?goodsNo=1000000281,4.9,14386,0,0,"{'1': ['만족도', '편의성']}",[],[]
98334,7,5,smart_store,스마트스토어,아기 8개월부터 지금 19개월까지 꾸준히 먹이고 있어요! 아주 만족합니다,2026-06-12T14:46:15+09:00,2026-06-12,네이버 스마트스토어 구****,5,True,1,1,https://assets6.cre.ma/p/phytonutri-kr/reviews/00/00/09/83/34/image1/49fbcb45d7995fc5.webp,1000000298,지니어스뉴 + 그로우뉴 세트,https://www.phytonutri.kr/goods/goods_view.php?goodsNo=1000000298,4.9,1413,0,0,{'2': ['만족도']},[],[]
98335,7,5,smart_store,스마트스토어,"늘 믿고 먹이는 지니어스 뉴🩷
더운날씨여서 아이스박스에 아이스팩까지 꼼꼼힐 포장도 너무 만족스럽습니다.
다 먹이고 재주문하겠습니다👍",2026-06-12T14:21:55+09:00,2026-06-12,네이버 스마트스토어 구****,5,True,1,1,https://assets6.cre.ma/p/phytonutri-kr/reviews/00/00/09/83/35/image1/552074eb0da1b2a9.webp,1000000281,지니어스뉴 드롭스&톡캡스,https://www.phytonutri.kr/goods/goods_view.php?goodsNo=1000000281,4.9,14386,0,0,"{'2': ['만족도', '포장']}",[],[]
98336,7,5,smart_store,스마트스토어,성분 보니까 믿을 만하더라고요. 아이한테 안심하고 먹일 수 있을 것 같아요. 포장도 간편해서 외출할 때도 챙겨나가기 편합니다.,2026-06-12T13:58:09+09:00,2026-06-12,네이버 스마트스토어 구****,5,True,1,1,https://assets6.cre.ma/p/phytonutri-kr/reviews/00/00/09/83/36/image1/8e4b7bbfe307c507.webp,1000000297,"그로우뉴 아이 유기농칼슘&마그네슘 비타민D,k2,망간",https://www.phytonutri.kr/goods/goods_view.php?goodsNo=1000000297,4.9,4844,0,0,"{'1': ['만족도', '포장', '성분']}",[],[]
98337,8,5,smart_store,스마트스토어,아이들 영양제로 좋아요,2026-06-12T13:51:17+09:00,2026-06-12,네이버 스마트스토어 구****,5,False,0,0,,1000000379,지니어스뉴 키즈 국내 유일 스퀴즈 짜먹는 어린이 오메가3 DHA ALA 콜린 올로메가,https://www.phytonutri.kr/goods/goods_view.php?goodsNo=1000000379,4.6,127,0,0,{'1': ['만족도']},[],[]
98338,8,5,smart_store,스마트스토어,좋아요 만족합니다 잘 쓸게요 매일 챙겨먹여요,2026-06-12T13:39:10+09:00,2026-06-12,네이버 스마트스토어 구****,5,True,1,1,https://assets6.cre.ma/p/phytonutri-kr/reviews/00/00/09/83/38/image1/3bebe832803d6608.webp,1000000281,지니어스뉴 드롭스&톡캡스,https://www.phytonutri.kr/goods/goods_view.php?goodsNo=1000000281,4.9,14386,0,0,{'1': ['만족도']},[],[]
98339,8,5,smart_store,스마트스토어,너무 좋은데 비싸요 ㅠㅠ,2026-06-12T13:38:30+09:00,2026-06-12,네이버 스마트스토어 구****,5,False,0,0,,1000000325,투데이디3 for baby,https://www.phytonutri.kr/goods/goods_view.php?goodsNo=1000000325,4.9,3634,0,0,"{'1': ['만족도'], '-1': ['가격']}",[],[]
98326,8,5,,자사몰(고도몰),"칼슘 사면서 세일하길래 후딱 쟁였어요
칼슘이 믿을만한 제품 이라서 이것도 믿고 구매합니다",2026-06-12T13:28:59+09:00,2026-06-12,채****,10,False,0,0,,1000000398,KD 파마 듀얼 초임계 rTG 오메가3,https://www.phytonutri.kr/goods/goods_view.php?goodsNo=1000000398,4.9,121,0,0,{'1': ['만족도']},"[{'name': '구매옵션', 'value': 'KD파마 듀얼 오메가3 6개월분x2(총12개월분)'}]",[]
98325,8,5,,자사몰(고도몰),"매번 잘챙겨 먹는 제품입니다
울부부는 갱년기 애들은 성장기라서 빨리 소진되서 자주 구매합니다
제일 읻을만한 제품인거같습니다",2026-06-12T13:27:27+09:00,2026-06-12,채****,10,False,0,0,,1000000020,인-칼슘 앱솔브+,https://www.phytonutri.kr/goods/goods_view.php?goodsNo=1000000020,4.7,968,0,0,{'2': ['만족도']},"[{'name': '구매옵션', 'value': '인칼슘 앱솔브 3+1개[총4개월분][증정:런앤드 랜덤x1]'}]",[]
98340,8,4,smart_store,스마트스토어,아이가 잘 먹어서 구매합니다,2026-06-12T13:23:33+09:00,2026-06-12,네이버 스마트스토어 구****,5,True,1,1,https://assets6.cre.ma/p/phytonutri-kr/reviews/00/00/09/83/40/image1/06ba32b06cd7be9b.webp,1000000298,지니어스뉴 + 그로우뉴 세트,https://www.phytonutri.kr/goods/goods_view.php?goodsNo=1000000298,4.9,1413,0,0,{'1': ['만족도']},[],[]
98341,8,5,smart_store,스마트스토어,아이가 거부감없이 잘 먹어서 좋아요,2026-06-12T13:01:32+09:00,2026-06-12,네이버 스마트스토어 구****,5,True,1,1,https://assets6.cre.ma/p/phytonutri-kr/reviews/00/00/09/83/41/image1/9bf3087aadc11fd7.webp,1000000281,지니어스뉴 드롭스&톡캡스,https://www.phytonutri.kr/goods/goods_view.php?goodsNo=1000000281,4.9,14386,0,0,"{'1': ['만족도', '맛']}",[],[]
98342,8,5,smart_store,스마트스토어,아이를 위해 매달구매중입니다,2026-06-12T12:39:27+09:00,2026-06-12,네이버 스마트스토어 구****,5,True,1,1,https://assets6.cre.ma/p/phytonutri-kr/reviews/00/00/09/83/42/image1/b9b3740a4be43cf1.webp,1000000281,지니어스뉴 드롭스&톡캡스,https://www.phytonutri.kr/goods/goods_view.php?goodsNo=1000000281,4.9,14386,0,0,{'2': ['만족도']},[],[]
98343,8,5,smart_store,스마트스토어,아이를 위해 매달구매중입니다,2026-06-12T12:39:10+09:00,2026-06-12,네이버 스마트스토어 구****,5,True,1,1,https://assets6.cre.ma/p/phytonutri-kr/reviews/00/00/09/83/43/image1/ee39baee58f4dd03.webp,1000000281,지니어스뉴 드롭스&톡캡스,https://www.phytonutri.kr/goods/goods_view.php?goodsNo=1000000281,4.9,14386,0,0,{'2': ['만족도']},[],[]
98344,8,5,smart_store,스마트스토어,시켜보고 괜찮은거 같아서 10병으로 구매해요!,2026-06-12T12:27:28+09:00,2026-06-12,네이버 스마트스토어 구****,5,True,1,1,https://assets6.cre.ma/p/phytonutri-kr/reviews/00/00/09/83/44/image1/d4d07252b184be4f.webp,1000000281,지니어스뉴 드롭스&톡캡스,https://www.phytonutri.kr/goods/goods_view.php?goodsNo=1000000281,4.9,14386,0,0,{'1': ['만족도']},[],[]
98345,8,5,smart_store,스마트스토어,아이들이.잘먹어줘서 넘 좋어요,2026-06-12T10:54:49+09:00,2026-06-12,네이버 스마트스토어 구****,5,False,0,0,,1000000325,투데이디3 for baby,https://www.phytonutri.kr/goods/goods_view.php?goodsNo=1000000325,4.9,3634,0,0,{'2': ['만족도']},[],[]
98346,8,5,smart_store,스마트스토어,"15개월에서야 먹이게 되었네요~
아이가 잘먹어서 다행입니다
감사합니다~^^",2026-06-12T10:11:55+09:00,2026-06-12,네이버 스마트스토어 구****,5,True,1,1,https://assets6.cre.ma/p/phytonutri-kr/reviews/00/00/09/83/46/image1/15614983ebf14e8e.webp,1000000281,지니어스뉴 드롭스&톡캡스,https://www.phytonutri.kr/goods/goods_view.php?goodsNo=1000000281,4.9,14386,0,0,{'1': ['만족도']},[],[]
98347,8,5,smart_store,스마트스토어,배도라지즙에 섞어주니까 잘먹네요,2026-06-12T09:33:23+09:00,2026-06-12,네이버 스마트스토어 구****,5,True,1,1,https://assets6.cre.ma/p/phytonutri-kr/reviews/00/00/09/83/47/image1/54b4061c5f11ce34.webp,1000000297,"그로우뉴 아이 유기농칼슘&마그네슘 비타민D,k2,망간",https://www.phytonutri.kr/goods/goods_view.php?goodsNo=1000000297,4.9,4844,0,0,{'1': ['만족도']},[],[]
98348,8,5,smart_store,스마트스토어,"아이 밥 먹이기전에 항상 먹이고 있습니다.
거부감 없이 잘 먹고 재구매하는건데 계속 재구매
의향이 있습니다~~!!",2026-06-12T09:29:31+09:00,2026-06-12,네이버 스마트스토어 구****,5,True,1,1,https://assets6.cre.ma/p/phytonutri-kr/reviews/00/00/09/83/48/image1/c3b51e2e7a1b4594.webp,1000000325,투데이디3 for baby,https://www.phytonutri.kr/goods/goods_view.php?goodsNo=1000000325,4.9,3634,0,0,{'2': ['만족도']},[],[]
98349,8,5,smart_store,스마트스토어,이세대 비타민 디라고 해서 주문했어요! 하나씩 개별 포장되어있어서 좋은데 안에 내용물이 100프로 다 나오진 않아서 아쉬워요 ㅎㅎ,2026-06-12T08:06:15+09:00,2026-06-12,네이버 스마트스토어 구****,5,True,1,1,https://assets6.cre.ma/p/phytonutri-kr/reviews/00/00/09/83/49/image1/01819941f6377db1.webp,1000000325,투데이디3 for baby,https://www.phytonutri.kr/goods/goods_view.php?goodsNo=1000000325,4.9,3634,0,0,"{'0': ['만족도'], '1': ['포장'], '-1': ['제품상태']}",[],[]
98350,8,5,smart_store,스마트스토어,아기가 잘 먹어요 건강해요,2026-06-12T01:42:55+09:00,2026-06-12,네이버 스마트스토어 구****,5,True,1,1,https://assets6.cre.ma/p/phytonutri-kr/reviews/00/00/09/83/50/image1/131a719a1514cefa.webp,1000000298,지니어스뉴 + 그로우뉴 세트,https://www.phytonutri.kr/goods/goods_view.php?goodsNo=1000000298,4.9,1413,0,0,"{'1': ['만족도', '효과']}",[],[]
98351,8,5,smart_store,스마트스토어,아기가 이유식이랑 잘 먹고 있습니다. 아침 저녁으로 주고 있어요 한병사서 먹이다가 이번에 5병 구매했는데 잘 먹고 있습니다.,2026-06-12T00:08:18+09:00,2026-06-12,네이버 스마트스토어 구****,5,True,1,1,https://assets6.cre.ma/p/phytonutri-kr/reviews/00/00/09/83/51/image1/21d85a2d15991622.webp,1000000281,지니어스뉴 드롭스&톡캡스,https://www.phytonutri.kr/goods/goods_view.php?goodsNo=1000000281,4.9,14386,0,0,{'1': ['만족도']},[],[]
98352,8,5,smart_store,스마트스토어,아기 먹이고 있는데 너무 좋아요,2026-06-11T23:31:31+09:00,2026-06-11,네이버 스마트스토어 구****,5,True,1,1,https://assets6.cre.ma/p/phytonutri-kr/reviews/00/00/09/83/52/image1/e1f60db76836774f.webp,1000000325,투데이디3 for baby,https://www.phytonutri.kr/goods/goods_view.php?goodsNo=1000000325,4.9,3634,0,0,{'2': ['만족도']},[],[]
98353,8,5,smart_store,스마트스토어,아이가 잘 먹네요^^ 두번째 구매입니다~!,2026-06-11T23:06:36+09:00,2026-06-11,네이버 스마트스토어 구****,5,True,1,1,https://assets6.cre.ma/p/phytonutri-kr/reviews/00/00/09/83/53/image1/dd9edcc615828346.webp,1000000281,지니어스뉴 드롭스&톡캡스,https://www.phytonutri.kr/goods/goods_view.php?goodsNo=1000000281,4.9,14386,0,0,{'2': ['만족도']},[],[]
98354,8,5,smart_store,스마트스토어,꾸준히 구매하고 있는 상품입니다,2026-06-11T23:06:30+09:00,2026-06-11,네이버 스마트스토어 구****,5,True,1,1,https://assets6.cre.ma/p/phytonutri-kr/reviews/00/00/09/83/54/image1/59fe187bb148455d.webp,1000000281,지니어스뉴 드롭스&톡캡스,https://www.phytonutri.kr/goods/goods_view.php?goodsNo=1000000281,4.9,14386,0,0,{'2': ['만족도']},[],[]
98355,9,5,smart_store,스마트스토어,꾸준히 구매하고 있는 상품입니다,2026-06-11T23:04:15+09:00,2026-06-11,네이버 스마트스토어 구****,5,True,1,1,https://assets6.cre.ma/p/phytonutri-kr/reviews/00/00/09/83/55/image1/6852ae169895006c.webp,1000000281,지니어스뉴 드롭스&톡캡스,https://www.phytonutri.kr/goods/goods_view.php?goodsNo=1000000281,4.9,14386,0,0,{'2': ['만족도']},[],[]
98356,9,5,smart_store,스마트스토어,"유산균을 뱌꾸면서 비타민디도 바꿧는데 아기가 잘먹어하고 자연유래 비타민디에, 식물성 캡슐이라 안심하고 먹입니다 추천합니다",2026-06-11T22:51:45+09:00,2026-06-11,네이버 스마트스토어 구****,5,True,1,1,https://assets6.cre.ma/p/phytonutri-kr/reviews/00/00/09/83/56/image1/babd8a90fa92aa2b.webp,1000000325,투데이디3 for baby,https://www.phytonutri.kr/goods/goods_view.php?goodsNo=1000000325,4.9,3634,0,0,"{'1': ['만족도', '성분', '포장']}",[],[]
98357,9,5,smart_store,스마트스토어,건강에 좋을지는 모르겟습니다만- 확실한건 애기가 거부감없이 잘먹는단겁니다 ㅎㅎ감사합니다,2026-06-11T22:43:32+09:00,2026-06-11,네이버 스마트스토어 구****,5,True,1,1,https://assets6.cre.ma/p/phytonutri-kr/reviews/00/00/09/83/57/image1/3ccd355f328bdd03.webp,1000000281,지니어스뉴 드롭스&톡캡스,https://www.phytonutri.kr/goods/goods_view.php?goodsNo=1000000281,4.9,14386,0,0,"{'1': ['만족도'], '0': ['효과']}",[],[]
98358,9,5,smart_store,스마트스토어,"먹이기도 편리하고 좋다고해서 
비싸지만 믿고먹였어요!!",2026-06-11T22:22:46+09:00,2026-06-11,네이버 스마트스토어 구****,5,True,1,1,https://assets6.cre.ma/p/phytonutri-kr/reviews/00/00/09/83/58/image1/6fdef53e17c8ea1e.webp,1000000325,투데이디3 for baby,https://www.phytonutri.kr/goods/goods_view.php?goodsNo=1000000325,4.9,3634,0,0,"{'0': ['만족도'], '-1': ['가격'], '1': ['편의성']}",[],[]
98359,9,5,smart_store,스마트스토어,낱개라서 먹이기좋아요,2026-06-11T22:12:01+09:00,2026-06-11,네이버 스마트스토어 구****,5,True,1,1,https://assets6.cre.ma/p/phytonutri-kr/reviews/00/00/09/83/59/image1/3d907c6d93a63f70.webp,1000000325,투데이디3 for baby,https://www.phytonutri.kr/goods/goods_view.php?goodsNo=1000000325,4.9,3634,0,0,"{'1': ['만족도', '편의성']}",[],[]
98360,9,5,smart_store,스마트스토어,애들이 너무 좋아하네요.,2026-06-11T21:56:03+09:00,2026-06-11,네이버 스마트스토어 구****,5,False,0,0,,1000000325,투데이디3 for baby,https://www.phytonutri.kr/goods/goods_view.php?goodsNo=1000000325,4.9,3634,0,0,{'1': ['만족도']},[],[]
98361,9,5,smart_store,스마트스토어,항상먹고잇어요 편하고좋아요 아기도잘먹오용,2026-06-11T21:23:35+09:00,2026-06-11,네이버 스마트스토어 구****,5,True,1,1,https://assets6.cre.ma/p/phytonutri-kr/reviews/00/00/09/83/61/image1/5fe725316140ef52.webp,1000000281,지니어스뉴 드롭스&톡캡스,https://www.phytonutri.kr/goods/goods_view.php?goodsNo=1000000281,4.9,14386,0,0,"{'1': ['만족도', '편의성']}",[],[]
98321,9,5,,자사몰(고도몰),잘먹더라고요 당도 높지않아서 선물하기좋아요,2026-06-11T21:14:58+09:00,2026-06-11,김****,10,False,0,0,,1000000342,이트뮨 아이 배도라지즙&엘더베리사과주스,https://www.phytonutri.kr/goods/goods_view.php?goodsNo=1000000342,4.9,609,0,0,"{'1': ['만족도'], '0': ['맛', '성분']}","[{'name': '구매 옵션', 'value': '[옵션08] 이트뮨 배도라지즙 2팩 + 엘더베리사과주스 2팩'}]","[{'name': '아이 성별', 'value': '여자'}, {'name': '몇 개월인가요?', 'value': '0~6개월'}]"
98320,9,4,,자사몰(고도몰),괜찮은같아요 항생제먹고있지만 설사안하요,2026-06-11T21:14:30+09:00,2026-06-11,김****,10,False,0,0,,1000000375,데이프로바 + 투데이디3 세트,https://www.phytonutri.kr/goods/goods_view.php?goodsNo=1000000375,4.9,139,0,0,"{'1': ['만족도', '효과']}","[{'name': '데이프로바+투데이디 세트', 'value': '투데이디 오일 + 데이프로바 1개월분'}]","[{'name': '아이 성별', 'value': '여자'}, {'name': '몇 개월인가요?', 'value': '0~6개월'}]"
98362,9,5,smart_store,스마트스토어,"꾸준하게 먹고잇어요 
위생적으로 포장된게 제일편하고 좋은거같아요",2026-06-11T21:08:48+09:00,2026-06-11,네이버 스마트스토어 구****,5,True,1,1,https://assets6.cre.ma/p/phytonutri-kr/reviews/00/00/09/83/62/image1/7e97dc47876ce801.webp,1000000325,투데이디3 for baby,https://www.phytonutri.kr/goods/goods_view.php?goodsNo=1000000325,4.9,3634,0,0,"{'1': ['만족도', '포장', '편의성']}",[],[]
98363,9,5,smart_store,스마트스토어,"산패걱정은 없어서 좋긴한데 뜯을때마다 어떻게해도 손에묻는게 좀 짜증나긴해요ㅠㅠ비린내가나서ㅠㅠ흠,,이점만 개선되면좋겠어요",2026-06-11T20:48:54+09:00,2026-06-11,네이버 스마트스토어 구****,5,True,1,1,https://assets6.cre.ma/p/phytonutri-kr/reviews/00/00/09/83/63/image1/255ef82408477aaa.webp,1000000281,지니어스뉴 드롭스&톡캡스,https://www.phytonutri.kr/goods/goods_view.php?goodsNo=1000000281,4.9,14386,0,0,"{'-1': ['만족도', '포장', '냄새']}",[],[]
98364,9,5,smart_store,스마트스토어,먹이기 간편하고 아기도 잘 받아먹어요!,2026-06-11T20:39:32+09:00,2026-06-11,네이버 스마트스토어 구****,5,True,1,1,https://assets6.cre.ma/p/phytonutri-kr/reviews/00/00/09/83/64/image1/2d58e40d3c930b65.webp,1000000325,투데이디3 for baby,https://www.phytonutri.kr/goods/goods_view.php?goodsNo=1000000325,4.9,3634,0,0,"{'1': ['만족도', '편의성']}",[],[]
98365,9,5,smart_store,스마트스토어,재구매 입니다. 간을 위해 계속 복용해 보렵니다.,2026-06-11T19:38:02+09:00,2026-06-11,네이버 스마트스토어 구****,5,True,1,1,https://assets6.cre.ma/p/phytonutri-kr/reviews/00/00/09/83/65/image1/b3132fa01363fe36.webp,1000000343,리버티엑스,https://www.phytonutri.kr/goods/goods_view.php?goodsNo=1000000343,4.7,268,0,0,{'2': ['만족도']},[],[]
98322,9,5,,자사몰(고도몰),한여름 제외하고 꾸준히 섭취하고 있어요~ 건성피부에 없어서는 안될 제품입니당~~,2026-06-11T17:43:29+09:00,2026-06-11,이****,10,True,1,1,https://assets6.cre.ma/p/phytonutri-kr/reviews/00/00/09/83/22/image1/32b20e2d1ebff085.webp,1000000000,에피베리어 곤약세라미드 1.8,https://www.phytonutri.kr/goods/goods_view.php?goodsNo=1000000000,4.5,3056,0,0,"{'1': ['만족도', '효과']}","[{'name': '이벤트 옵션', 'value': '에피베리어 3+1개[총4개월분]'}]",[]
98323,9,5,,자사몰(고도몰),한여름 제외하고 꾸준히 섭취하고 있습니다. 이제품 먹고 건성피부가 많이 좋아졌어요~~,2026-06-11T17:41:03+09:00,2026-06-11,이****,10,False,0,0,,1000000000,에피베리어 곤약세라미드 1.8,https://www.phytonutri.kr/goods/goods_view.php?goodsNo=1000000000,4.5,3056,0,0,"{'1': ['만족도'], '2': ['효과']}",[],[]
98268,9,5,smart_store,스마트스토어,아이가 잘 먹어줘요,2026-06-11T17:29:45+09:00,2026-06-11,네이버 스마트스토어 구****,5,True,1,1,https://assets6.cre.ma/p/phytonutri-kr/reviews/00/00/09/82/68/image1/91cfb12df0c19d4b.webp,1000000297,"그로우뉴 아이 유기농칼슘&마그네슘 비타민D,k2,망간",https://www.phytonutri.kr/goods/goods_view.php?goodsNo=1000000297,4.9,4844,0,0,{'1': ['만족도']},[],[]
98269,9,5,smart_store,스마트스토어,아이가 잘 먹어서 꾸준히 먹이고 있어요,2026-06-11T17:29:04+09:00,2026-06-11,네이버 스마트스토어 구****,5,True,1,1,https://assets6.cre.ma/p/phytonutri-kr/reviews/00/00/09/82/69/image1/d90221de50aa6886.webp,1000000298,지니어스뉴 + 그로우뉴 세트,https://www.phytonutri.kr/goods/goods_view.php?goodsNo=1000000298,4.9,1413,0,0,{'1': ['만족도']},[],[]
98270,9,5,smart_store,스마트스토어,애기도 이제 적응해서 잘 먹고 하나씩 톡 떼서 먹이는게 편해용,2026-06-11T17:19:11+09:00,2026-06-11,네이버 스마트스토어 구****,5,True,1,1,https://assets6.cre.ma/p/phytonutri-kr/reviews/00/00/09/82/70/image1/58e7e38ea00c17f8.webp,1000000325,투데이디3 for baby,https://www.phytonutri.kr/goods/goods_view.php?goodsNo=1000000325,4.9,3634,0,0,"{'1': ['만족도', '편의성']}",[],[]
98271,9,4,smart_store,스마트스토어,복용하기 편하고 덜피곤해요,2026-06-11T16:26:22+09:00,2026-06-11,네이버 스마트스토어 구****,5,True,1,1,https://assets6.cre.ma/p/phytonutri-kr/reviews/00/00/09/82/71/image1/1f1bf4acede43bee.webp,1000000343,리버티엑스,https://www.phytonutri.kr/goods/goods_view.php?goodsNo=1000000343,4.7,268,0,0,"{'1': ['만족도', '효과', '편의성']}",[],[]
98272,9,5,smart_store,스마트스토어,좋아요! 아침마다 먹여요!,2026-06-11T16:02:01+09:00,2026-06-11,네이버 스마트스토어 구****,5,True,1,1,https://assets6.cre.ma/p/phytonutri-kr/reviews/00/00/09/82/72/image1/f6f36da9144be11a.webp,1000000297,"그로우뉴 아이 유기농칼슘&마그네슘 비타민D,k2,망간",https://www.phytonutri.kr/goods/goods_view.php?goodsNo=1000000297,4.9,4844,0,0,{'1': ['만족도']},[],[]
98273,10,5,smart_store,스마트스토어,돌된 아기가 잘먹어서 정착했어요~,2026-06-11T15:56:14+09:00,2026-06-11,네이버 스마트스토어 구****,5,True,1,1,https://assets6.cre.ma/p/phytonutri-kr/reviews/00/00/09/82/73/image1/cb9734c4f08e9b5d.webp,1000000325,투데이디3 for baby,https://www.phytonutri.kr/goods/goods_view.php?goodsNo=1000000325,4.9,3634,0,0,"{'1': ['만족도', '맛']}",[],[]
98274,10,5,smart_store,스마트스토어,분유에 태워주는 편인데 거부감없이 잘먹어요,2026-06-11T15:47:01+09:00,2026-06-11,네이버 스마트스토어 구****,5,True,1,1,https://assets6.cre.ma/p/phytonutri-kr/reviews/00/00/09/82/74/image1/4cab0c1404ec863c.webp,1000000297,"그로우뉴 아이 유기농칼슘&마그네슘 비타민D,k2,망간",https://www.phytonutri.kr/goods/goods_view.php?goodsNo=1000000297,4.9,4844,0,0,"{'1': ['만족도', '맛']}",[],[]
98275,10,5,smart_store,스마트스토어,아기가 꾸준히 먹고있어요,2026-06-11T15:43:09+09:00,2026-06-11,네이버 스마트스토어 구****,5,True,1,1,https://assets6.cre.ma/p/phytonutri-kr/reviews/00/00/09/82/75/image1/14f352cd82fe96bc.webp,1000000281,지니어스뉴 드롭스&톡캡스,https://www.phytonutri.kr/goods/goods_view.php?goodsNo=1000000281,4.9,14386,0,0,{'1': ['만족도']},[],[]
98276,10,5,smart_store,스마트스토어,아기가 꾸준히 먹고있어요,2026-06-11T15:42:48+09:00,2026-06-11,네이버 스마트스토어 구****,5,True,1,1,https://assets6.cre.ma/p/phytonutri-kr/reviews/00/00/09/82/76/image1/9e85df9fedc5455d.webp,1000000281,지니어스뉴 드롭스&톡캡스,https://www.phytonutri.kr/goods/goods_view.php?goodsNo=1000000281,4.9,14386,0,0,{'1': ['만족도']},[],[]
98277,10,5,smart_store,스마트스토어,떨어질때마다 주문했었는데 이번엔 아예 세트로 구매했어요 먹는 방법 편리하고 늘 잘먹이고 있습니다,2026-06-11T15:42:12+09:00,2026-06-11,네이버 스마트스토어 구****,5,True,1,1,https://assets6.cre.ma/p/phytonutri-kr/reviews/00/00/09/82/77/image1/57c93a6015237c14.webp,1000000297,"그로우뉴 아이 유기농칼슘&마그네슘 비타민D,k2,망간",https://www.phytonutri.kr/goods/goods_view.php?goodsNo=1000000297,4.9,4844,0,0,"{'1': ['만족도', '편의성']}",[],[]
98278,10,5,smart_store,스마트스토어,잘 구매했어요 저렴하네요,2026-06-11T15:32:03+09:00,2026-06-11,네이버 스마트스토어 구****,5,True,1,1,https://assets6.cre.ma/p/phytonutri-kr/reviews/00/00/09/82/78/image1/ad05e88d4329924d.webp,1000000403,뉴스데일리베스트 X 파이토뉴트리 맨드로포즈+,https://www.phytonutri.kr/goods/goods_view.php?goodsNo=1000000403,4.7,193,0,0,"{'1': ['만족도', '가격']}",[],[]
98279,10,5,smart_store,스마트스토어,만족합니다 번창하세요,2026-06-11T15:17:46+09:00,2026-06-11,네이버 스마트스토어 구****,5,False,0,0,,1000000325,투데이디3 for baby,https://www.phytonutri.kr/goods/goods_view.php?goodsNo=1000000325,4.9,3634,0,0,{'1': ['만족도']},[],[]
98280,10,5,smart_store,스마트스토어,다른 칼슘 영양제 맛이 없어서 거부하길래 바꾼건데 특별한 맛이 나지 않아서 퓨레에 섞어주면 잘 먹어요,2026-06-11T15:10:29+09:00,2026-06-11,네이버 스마트스토어 구****,5,True,1,1,https://assets6.cre.ma/p/phytonutri-kr/reviews/00/00/09/82/80/image1/db32e60b2ff72986.webp,1000000297,"그로우뉴 아이 유기농칼슘&마그네슘 비타민D,k2,망간",https://www.phytonutri.kr/goods/goods_view.php?goodsNo=1000000297,4.9,4844,0,0,"{'1': ['만족도'], '0': ['맛']}",[],[]
98281,10,5,smart_store,스마트스토어,아이 밥에 넣어 먹이기 정말 좋은거 같아요,2026-06-11T15:09:59+09:00,2026-06-11,네이버 스마트스토어 구****,5,True,1,1,https://assets6.cre.ma/p/phytonutri-kr/reviews/00/00/09/82/81/image1/e3c10ee2abe0a393.webp,1000000297,"그로우뉴 아이 유기농칼슘&마그네슘 비타민D,k2,망간",https://www.phytonutri.kr/goods/goods_view.php?goodsNo=1000000297,4.9,4844,0,0,{'1': ['만족도']},[],[]
98282,10,5,smart_store,스마트스토어,"이유식에 간편하게 섞어 먹일 수 있어 편리합니다. 아이도 거부감 없이 잘 먹고, 영양 보충용으로 만족하며 사용하고 있어요. 재구매 의사 있습니다. 😊",2026-06-11T14:43:21+09:00,2026-06-11,네이버 스마트스토어 구****,5,True,1,1,https://assets6.cre.ma/p/phytonutri-kr/reviews/00/00/09/82/82/image1/7b8c069131057730.webp,1000000281,지니어스뉴 드롭스&톡캡스,https://www.phytonutri.kr/goods/goods_view.php?goodsNo=1000000281,4.9,14386,0,0,"{'1': ['만족도', '편의성']}",[],[]
98283,10,5,smart_store,스마트스토어,아이가 더 달라고까지 하네요. 맛과 영양 둘다 좋은것 같아요.,2026-06-11T14:32:14+09:00,2026-06-11,네이버 스마트스토어 구****,5,True,1,1,https://assets6.cre.ma/p/phytonutri-kr/reviews/00/00/09/82/83/image1/6870ba1c5c9d4b99.webp,1000000281,지니어스뉴 드롭스&톡캡스,https://www.phytonutri.kr/goods/goods_view.php?goodsNo=1000000281,4.9,14386,0,0,"{'1': ['만족도', '맛', '성분']}",[],[]
98284,10,5,smart_store,스마트스토어,칼슘이 부족할 거 같아 챙겨주고 있어요,2026-06-11T13:58:43+09:00,2026-06-11,네이버 스마트스토어 구****,5,True,1,1,https://assets6.cre.ma/p/phytonutri-kr/reviews/00/00/09/82/84/image1/27d84d3a589eac0b.webp,1000000297,"그로우뉴 아이 유기농칼슘&마그네슘 비타민D,k2,망간",https://www.phytonutri.kr/goods/goods_view.php?goodsNo=1000000297,4.9,4844,0,0,{'0': ['만족도']},[],[]
98285,10,5,smart_store,스마트스토어,항상 먹이는 제품입니다 만족스러워요,2026-06-11T13:58:00+09:00,2026-06-11,네이버 스마트스토어 구****,5,True,1,1,https://assets6.cre.ma/p/phytonutri-kr/reviews/00/00/09/82/85/image1/b4f9d02a7dcbba9c.webp,1000000281,지니어스뉴 드롭스&톡캡스,https://www.phytonutri.kr/goods/goods_view.php?goodsNo=1000000281,4.9,14386,0,0,{'1': ['만족도']},[],[]
98324,10,5,,자사몰(고도몰),9개월 아기가 아직 맛에 적응을 못 해서 분유에 넣어서 먹이고 있어요 ㅎㅎ,2026-06-11T13:54:02+09:00,2026-06-11,dlal******,5,True,1,1,https://assets6.cre.ma/p/phytonutri-kr/reviews/00/00/09/83/24/image1/8fa67dbb76d5ca0f.webp,1000000342,이트뮨 아이 배도라지즙&엘더베리사과주스,https://www.phytonutri.kr/goods/goods_view.php?goodsNo=1000000342,4.9,609,0,0,{'0': ['만족도']},[],[]
98286,10,4,smart_store,스마트스토어,저번복용하고재복용합니다 효○가 있었으면합니다,2026-06-11T13:41:00+09:00,2026-06-11,네이버 스마트스토어 구****,5,True,1,1,https://assets6.cre.ma/p/phytonutri-kr/reviews/00/00/09/82/86/image1/a9bcedf6045e48b6.webp,1000000343,리버티엑스,https://www.phytonutri.kr/goods/goods_view.php?goodsNo=1000000343,4.7,268,0,0,{'1': ['만족도']},[],[]
98287,10,5,smart_store,스마트스토어,"정량으로 잘 복용하고 있어요
스포이드 형식에서는 늘 더 많이 먹여서 찝찝했는데,, 
좋은 제품 감사합니다 ◡̎* 늘 대박나세요 !!",2026-06-11T11:55:09+09:00,2026-06-11,네이버 스마트스토어 구****,5,True,1,1,https://assets6.cre.ma/p/phytonutri-kr/reviews/00/00/09/82/87/image1/5f3abf0588b1e5a7.webp,1000000325,투데이디3 for baby,https://www.phytonutri.kr/goods/goods_view.php?goodsNo=1000000325,4.9,3634,0,0,"{'1': ['만족도', '포장']}",[],[]
98288,10,5,smart_store,스마트스토어,"우리 아기에게 좋은 오메가3 매일 복용중이라서
꾸준히 구입후 만족하고 있어요~",2026-06-11T11:50:29+09:00,2026-06-11,네이버 스마트스토어 구****,5,False,0,0,,1000000281,지니어스뉴 드롭스&톡캡스,https://www.phytonutri.kr/goods/goods_view.php?goodsNo=1000000281,4.9,14386,0,0,{'1': ['만족도']},[],[]
98289,10,5,smart_store,스마트스토어,애기 면역력에는 역시 최고네옹,2026-06-11T11:46:18+09:00,2026-06-11,네이버 스마트스토어 구****,5,False,0,0,,1000000342,이트뮨 아이 배도라지즙&엘더베리사과주스,https://www.phytonutri.kr/goods/goods_view.php?goodsNo=1000000342,4.9,609,0,0,"{'2': ['만족도', '효과']}",[],[]
98290,10,5,smart_store,스마트스토어,"항상먹고있는 비타민 
ㅇ여기꺼로 항상 먹고 있어요",2026-06-11T11:19:54+09:00,2026-06-11,네이버 스마트스토어 구****,5,True,1,1,https://assets6.cre.ma/p/phytonutri-kr/reviews/00/00/09/82/90/image1/751f4146f933fad2.webp,1000000325,투데이디3 for baby,https://www.phytonutri.kr/goods/goods_view.php?goodsNo=1000000325,4.9,3634,0,0,{'1': ['만족도']},[],[]
98291,10,5,smart_store,스마트스토어,개별포장되어있어 위생적이고 아이가 잘 먹어요.,2026-06-11T11:08:55+09:00,2026-06-11,네이버 스마트스토어 구****,5,False,0,0,,1000000325,투데이디3 for baby,https://www.phytonutri.kr/goods/goods_view.php?goodsNo=1000000325,4.9,3634,0,0,"{'1': ['만족도', '포장', '식감']}",[],[]
98292,11,5,smart_store,스마트스토어,"배송은 오래걸렸지만, 아이가 잘 먹어요 
개별포장 되어있어서 위생적이예요",2026-06-11T11:08:39+09:00,2026-06-11,네이버 스마트스토어 구****,5,False,0,0,,1000000325,투데이디3 for baby,https://www.phytonutri.kr/goods/goods_view.php?goodsNo=1000000325,4.9,3634,0,0,"{'1': ['만족도', '포장', '식감'], '-1': ['배송']}",[],[]
98293,11,5,smart_store,스마트스토어,편리하고 여행갈때도 산패될위험 없이 가지고 다닐수잇어서 좋아요 가격만 부담될뿐...,2026-06-11T10:50:10+09:00,2026-06-11,네이버 스마트스토어 구****,5,False,0,0,,1000000325,투데이디3 for baby,https://www.phytonutri.kr/goods/goods_view.php?goodsNo=1000000325,4.9,3634,0,0,"{'1': ['만족도', '편의성'], '-1': ['가격']}",[],[]
98294,11,5,smart_store,스마트스토어,"15개월 아기 dha 섭취시켜주고 싶어서 샀습니다.
아기가 잘 먹어주네요.",2026-06-11T09:53:31+09:00,2026-06-11,네이버 스마트스토어 구****,5,True,1,1,https://assets6.cre.ma/p/phytonutri-kr/reviews/00/00/09/82/94/image1/26bebfc31526dbc3.webp,1000000281,지니어스뉴 드롭스&톡캡스,https://www.phytonutri.kr/goods/goods_view.php?goodsNo=1000000281,4.9,14386,0,0,{'1': ['만족도']},[],[]
98295,11,5,smart_store,스마트스토어,다른 오메가3는 비린내가 심해서 역했는데 여기껀 하나도 안나요,2026-06-11T09:43:55+09:00,2026-06-11,네이버 스마트스토어 구****,5,False,0,0,,1000000281,지니어스뉴 드롭스&톡캡스,https://www.phytonutri.kr/goods/goods_view.php?goodsNo=1000000281,4.9,14386,0,0,"{'1': ['만족도', '냄새']}",[],[]
98296,11,5,smart_store,스마트스토어,잘먹고있습니다 만족합니다 ㅎㅎ,2026-06-11T09:30:30+09:00,2026-06-11,네이버 스마트스토어 구****,5,True,1,1,https://assets6.cre.ma/p/phytonutri-kr/reviews/00/00/09/82/96/image1/5681816b772a0d69.webp,1000000297,"그로우뉴 아이 유기농칼슘&마그네슘 비타민D,k2,망간",https://www.phytonutri.kr/goods/goods_view.php?goodsNo=1000000297,4.9,4844,0,0,{'1': ['만족도']},[],[]
98297,11,5,smart_store,스마트스토어,"이유식에 넣어 먹이니 들기름 향도 나면서
아기도 잘 먹고 꾸준히 먹이고 싶어요!",2026-06-11T08:00:57+09:00,2026-06-11,네이버 스마트스토어 구****,5,True,1,1,https://assets6.cre.ma/p/phytonutri-kr/reviews/00/00/09/82/97/image1/bcaca9b1f766684d.webp,1000000281,지니어스뉴 드롭스&톡캡스,https://www.phytonutri.kr/goods/goods_view.php?goodsNo=1000000281,4.9,14386,0,0,"{'1': ['만족도'], '0': ['냄새']}",[],[]
98298,11,5,smart_store,스마트스토어,두돌 아기 아주 잘먹어요. 키 크는데 도움되길,2026-06-11T07:46:59+09:00,2026-06-11,네이버 스마트스토어 구****,5,True,1,1,https://assets6.cre.ma/p/phytonutri-kr/reviews/00/00/09/82/98/image1/bc082f7dd2151ac6.webp,1000000397,"그로우뉴 ~키즈 유기농 칼슘&마그네슘 비타민D,k2 망간",https://www.phytonutri.kr/goods/goods_view.php?goodsNo=1000000397,4.9,63,0,0,"{'1': ['만족도', '효과']}",[],[]
98299,11,5,smart_store,스마트스토어,좋다좋다해서 사봤어요 ! 꾸준히 먹여보겠습니당,2026-06-11T07:34:36+09:00,2026-06-11,네이버 스마트스토어 구****,5,True,1,1,https://assets6.cre.ma/p/phytonutri-kr/reviews/00/00/09/82/99/image1/f0d8ce48540bdc06.webp,1000000281,지니어스뉴 드롭스&톡캡스,https://www.phytonutri.kr/goods/goods_view.php?goodsNo=1000000281,4.9,14386,0,0,{'1': ['만족도']},[],[]
98300,11,5,smart_store,스마트스토어,우유에 섞어서 잘 먹고 있어요,2026-06-11T06:36:32+09:00,2026-06-11,네이버 스마트스토어 구****,5,True,1,1,https://assets6.cre.ma/p/phytonutri-kr/reviews/00/00/09/83/00/image1/4a2edf746d672431.webp,1000000281,지니어스뉴 드롭스&톡캡스,https://www.phytonutri.kr/goods/goods_view.php?goodsNo=1000000281,4.9,14386,0,0,{'1': ['만족도']},[],[]
98301,11,5,smart_store,스마트스토어,아들이 너무 좋아해요,2026-06-11T05:51:44+09:00,2026-06-11,네이버 스마트스토어 구****,5,True,1,1,https://assets6.cre.ma/p/phytonutri-kr/reviews/00/00/09/83/01/image1/c2da82904ed63810.webp,1000000281,지니어스뉴 드롭스&톡캡스,https://www.phytonutri.kr/goods/goods_view.php?goodsNo=1000000281,4.9,14386,0,0,{'2': ['만족도']},[],[]
98302,11,5,smart_store,스마트스토어,처음먹여보는건데 잘멕여보겠습니다,2026-06-10T23:56:12+09:00,2026-06-10,네이버 스마트스토어 구****,5,True,1,1,https://assets6.cre.ma/p/phytonutri-kr/reviews/00/00/09/83/02/image1/e012fcdb3bf5a766.webp,1000000281,지니어스뉴 드롭스&톡캡스,https://www.phytonutri.kr/goods/goods_view.php?goodsNo=1000000281,4.9,14386,0,0,{'0': ['만족도']},[],[]
98303,11,4,smart_store,스마트스토어,"비타민만 먹이다가 같이 구매했는데 
전혀 비린맛이 없는건 아닌거같아요.. 
그치만 섞여 먹이면 크게 맛이 티는안나서 다행이에여",2026-06-10T23:24:55+09:00,2026-06-10,네이버 스마트스토어 구****,5,True,1,1,https://assets6.cre.ma/p/phytonutri-kr/reviews/00/00/09/83/03/image1/10f5d12a7de212e6.webp,1000000326,지니어스뉴 + 투데이디3 세트,https://www.phytonutri.kr/goods/goods_view.php?goodsNo=1000000326,4.8,245,0,0,"{'0': ['만족도', '맛']}",[],[]
98304,11,5,smart_store,스마트스토어,"애기가 엄청 좋아해요~~ 먹고 나니 콧물도 덜나고
효○ 있는거 같아서 많이 구매했네요^^",2026-06-10T22:57:18+09:00,2026-06-10,네이버 스마트스토어 구****,5,False,0,0,,1000000342,이트뮨 아이 배도라지즙&엘더베리사과주스,https://www.phytonutri.kr/goods/goods_view.php?goodsNo=1000000342,4.9,609,0,0,"{'2': ['만족도'], '1': ['효과']}",[],[]
98305,11,5,smart_store,스마트스토어,아기 항상 먹여요~,2026-06-10T22:49:11+09:00,2026-06-10,네이버 스마트스토어 구****,5,False,0,0,,1000000297,"그로우뉴 아이 유기농칼슘&마그네슘 비타민D,k2,망간",https://www.phytonutri.kr/goods/goods_view.php?goodsNo=1000000297,4.9,4844,0,0,{'1': ['만족도']},[],[]
98306,11,5,smart_store,스마트스토어,맛도좋고 비린내안나고 애들잘먹고,2026-06-10T22:49:02+09:00,2026-06-10,네이버 스마트스토어 구****,5,True,1,1,https://assets6.cre.ma/p/phytonutri-kr/reviews/00/00/09/83/06/image1/cf6fecd67ad9b824.webp,1000000281,지니어스뉴 드롭스&톡캡스,https://www.phytonutri.kr/goods/goods_view.php?goodsNo=1000000281,4.9,14386,0,0,"{'1': ['만족도', '맛', '냄새']}",[],[]
98307,11,5,smart_store,스마트스토어,아이들이 잘먹어요 섞어서도 비릿맛안나오,2026-06-10T22:48:27+09:00,2026-06-10,네이버 스마트스토어 구****,5,True,1,1,https://assets6.cre.ma/p/phytonutri-kr/reviews/00/00/09/83/07/image1/7bf19d3e827eeb9a.webp,1000000281,지니어스뉴 드롭스&톡캡스,https://www.phytonutri.kr/goods/goods_view.php?goodsNo=1000000281,4.9,14386,0,0,"{'1': ['만족도', '맛']}",[],[]
98308,11,5,smart_store,스마트스토어,혈액개선 똑똑해지는 느낌,2026-06-10T22:47:48+09:00,2026-06-10,네이버 스마트스토어 구****,5,True,1,1,https://assets6.cre.ma/p/phytonutri-kr/reviews/00/00/09/83/08/image1/29694c837b6fc194.webp,1000000281,지니어스뉴 드롭스&톡캡스,https://www.phytonutri.kr/goods/goods_view.php?goodsNo=1000000281,4.9,14386,0,0,"{'1': ['만족도', '효과']}",[],[]
98309,11,5,smart_store,스마트스토어,아기가엄청잘마셔요 너무좋아해요,2026-06-10T22:35:27+09:00,2026-06-10,네이버 스마트스토어 구****,5,True,1,1,https://assets6.cre.ma/p/phytonutri-kr/reviews/00/00/09/83/09/image1/a7092da24c9c5a3b.webp,1000000391,이트뮨 엘더베리사과주스,https://www.phytonutri.kr/goods/goods_view.php?goodsNo=1000000391,5.0,20,0,0,{'2': ['만족도']},[],[]
98310,11,5,smart_store,스마트스토어,"배송도 빠르고 문의사항에 답변을 잘 해주시더라구요! 근데 비린내는 좀 나긴해요 ,,ㅎㅎ",2026-06-10T22:14:04+09:00,2026-06-10,네이버 스마트스토어 구****,5,True,1,1,https://assets6.cre.ma/p/phytonutri-kr/reviews/00/00/09/83/10/image1/d4a4420895cd030b.webp,1000000297,"그로우뉴 아이 유기농칼슘&마그네슘 비타민D,k2,망간",https://www.phytonutri.kr/goods/goods_view.php?goodsNo=1000000297,4.9,4844,0,0,"{'0': ['만족도'], '1': ['배송'], '-1': ['냄새']}",[],[]
98311,11,5,smart_store,스마트스토어,먹이기 편리하고 무엇보다 건강에 좋다는게 아주 좋아요 재구매의사 많아요!!,2026-06-10T22:06:50+09:00,2026-06-10,네이버 스마트스토어 구****,5,True,1,1,https://assets6.cre.ma/p/phytonutri-kr/reviews/00/00/09/83/11/image1/966912dd632de283.webp,1000000325,투데이디3 for baby,https://www.phytonutri.kr/goods/goods_view.php?goodsNo=1000000325,4.9,3634,0,0,"{'2': ['만족도', '효과'], '1': ['편의성']}",[],[]
98312,12,5,smart_store,스마트스토어,꾸준히 먹여볼려고합니다,2026-06-10T22:04:15+09:00,2026-06-10,네이버 스마트스토어 구****,5,True,1,1,https://assets6.cre.ma/p/phytonutri-kr/reviews/00/00/09/83/12/image1/fa9f9066bd3dc452.webp,1000000281,지니어스뉴 드롭스&톡캡스,https://www.phytonutri.kr/goods/goods_view.php?goodsNo=1000000281,4.9,14386,0,0,{'0': ['만족도']},[],[]
98313,12,3,smart_store,스마트스토어,아이스팩 포장으로 바뀐게 좋습니다,2026-06-10T21:55:12+09:00,2026-06-10,네이버 스마트스토어 구****,5,True,1,1,https://assets6.cre.ma/p/phytonutri-kr/reviews/00/00/09/83/13/image1/a3a112c9fdcd0c7f.webp,1000000281,지니어스뉴 드롭스&톡캡스,https://www.phytonutri.kr/goods/goods_view.php?goodsNo=1000000281,4.9,14386,0,0,"{'1': ['만족도', '포장']}",[],[]
98314,12,5,smart_store,스마트스토어,확실히 술먹고 다음날 몸이 부담이 적다는걸 느끼네요.효○만큼 가격이 좀 있긴한데 벌써 다 먹고 딸랑 하나 남았네요.다른거 먹어보고 비교해보고 다시 살까 말까 고민중입니다,2026-06-10T21:18:41+09:00,2026-06-10,네이버 스마트스토어 구****,5,True,1,1,https://assets6.cre.ma/p/phytonutri-kr/reviews/00/00/09/83/14/image1/d70e65c3da43d827.webp,1000000343,리버티엑스,https://www.phytonutri.kr/goods/goods_view.php?goodsNo=1000000343,4.7,268,0,0,"{'0': ['만족도'], '-1': ['가격'], '1': ['효과']}",[],[]
98315,12,5,smart_store,스마트스토어,아이가 꾸준히먹는오메가에요 들기름향같이 고소해서 비린내향이 없어서 목넘김이 편해요 다만 스포이드가 좋지는않은것같아요ㅠ다른스포이드로 쓰고있어요 빨아들이는 힘이부족한건지 정확한양을 주기가 힘듭니다 그점만개선부탁드려요,2026-06-10T21:06:12+09:00,2026-06-10,네이버 스마트스토어 구****,5,True,1,1,https://assets6.cre.ma/p/phytonutri-kr/reviews/00/00/09/83/15/image1/0d5033f6c92d9971.webp,1000000281,지니어스뉴 드롭스&톡캡스,https://www.phytonutri.kr/goods/goods_view.php?goodsNo=1000000281,4.9,14386,0,0,"{'1': ['만족도', '냄새', '식감'], '-1': ['포장']}",[],[]
98316,12,5,smart_store,스마트스토어,아기건강생각하면 매달 챙겨줘야겠어요,2026-06-10T20:16:39+09:00,2026-06-10,네이버 스마트스토어 구****,5,True,1,1,https://assets6.cre.ma/p/phytonutri-kr/reviews/00/00/09/83/16/image1/a13fefe8ddb2da12.webp,1000000325,투데이디3 for baby,https://www.phytonutri.kr/goods/goods_view.php?goodsNo=1000000325,4.9,3634,0,0,{'1': ['만족도']},[],[]
98317,12,5,smart_store,스마트스토어,벌써 재구매입니다 열심히 먹이고있어용,2026-06-10T19:40:51+09:00,2026-06-10,네이버 스마트스토어 구****,5,True,1,1,https://assets6.cre.ma/p/phytonutri-kr/reviews/00/00/09/83/17/image1/3302218a33b3da32.webp,1000000325,투데이디3 for baby,https://www.phytonutri.kr/goods/goods_view.php?goodsNo=1000000325,4.9,3634,0,0,{'2': ['만족도']},[],[]
98318,12,5,smart_store,스마트스토어,매번 먹는 재품이예요 이제 다 먹어가서 곧 재구매 예정입니다,2026-06-10T19:07:08+09:00,2026-06-10,네이버 스마트스토어 구****,5,True,1,1,https://assets6.cre.ma/p/phytonutri-kr/reviews/00/00/09/83/18/image1/c9b17181023c3eac.webp,1000000281,지니어스뉴 드롭스&톡캡스,https://www.phytonutri.kr/goods/goods_view.php?goodsNo=1000000281,4.9,14386,0,0,{'2': ['만족도']},[],[]
98319,12,4,smart_store,스마트스토어,계속먹이는중이예요. 이제조금적응해서 거부하는게 약해졌어요ㅋ,2026-06-10T18:46:24+09:00,2026-06-10,네이버 스마트스토어 구****,5,True,1,1,https://assets6.cre.ma/p/phytonutri-kr/reviews/00/00/09/83/19/image1/e130afc368d4fe1a.webp,1000000281,지니어스뉴 드롭스&톡캡스,https://www.phytonutri.kr/goods/goods_view.php?goodsNo=1000000281,4.9,14386,0,0,"{'1': ['만족도', '효과']}",[],[]
98195,12,5,smart_store,스마트스토어,아기가 먹기에 거부감 없어요,2026-06-10T18:18:32+09:00,2026-06-10,네이버 스마트스토어 구****,5,True,1,1,https://assets6.cre.ma/p/phytonutri-kr/reviews/00/00/09/81/95/image1/aa47bfd2024defee.webp,1000000281,지니어스뉴 드롭스&톡캡스,https://www.phytonutri.kr/goods/goods_view.php?goodsNo=1000000281,4.9,14386,0,0,"{'1': ['만족도', '맛']}",[],[]
98196,12,5,smart_store,스마트스토어,17개월아기 너무 잘먹고 있어요,2026-06-10T18:13:46+09:00,2026-06-10,네이버 스마트스토어 구****,5,False,0,0,,1000000297,"그로우뉴 아이 유기농칼슘&마그네슘 비타민D,k2,망간",https://www.phytonutri.kr/goods/goods_view.php?goodsNo=1000000297,4.9,4844,0,0,{'1': ['만족도']},[],[]
98197,12,5,smart_store,스마트스토어,먹이기 편리해서 꾸준히 구입하는 제품입니다!!,2026-06-10T17:38:32+09:00,2026-06-10,네이버 스마트스토어 구****,5,True,1,1,https://assets6.cre.ma/p/phytonutri-kr/reviews/00/00/09/81/97/image1/81924ab6ffb2e8aa.webp,1000000325,투데이디3 for baby,https://www.phytonutri.kr/goods/goods_view.php?goodsNo=1000000325,4.9,3634,0,0,"{'1': ['만족도', '편의성']}",[],[]
98198,12,5,smart_store,스마트스토어,"아이 이유식 시작하면서 9개월부터인가 쭉 먹인거 같아요 7월생인데  1,2월 생들이랑 잘놀고인지정도도 현재는 비슷한거 같아요 이제품 때문인지 모르겠지만  또주문하게 됩니디ㅡ
이번엔 휴가철이라 산패걱정에 휴대편한제품으로 구입해봣어요",2026-06-10T17:23:34+09:00,2026-06-10,네이버 스마트스토어 구****,5,True,1,1,https://assets6.cre.ma/p/phytonutri-kr/reviews/00/00/09/81/98/image1/b6ea33ac516b9da4.webp,1000000281,지니어스뉴 드롭스&톡캡스,https://www.phytonutri.kr/goods/goods_view.php?goodsNo=1000000281,4.9,14386,0,0,"{'1': ['만족도', '효과', '편의성'], '0': ['포장']}",[],[]
98199,12,5,smart_store,스마트스토어,다 먹이고 재구매합니다,2026-06-10T17:01:48+09:00,2026-06-10,네이버 스마트스토어 구****,5,True,1,1,https://assets6.cre.ma/p/phytonutri-kr/reviews/00/00/09/81/99/image1/27f95618ea77a947.webp,1000000325,투데이디3 for baby,https://www.phytonutri.kr/goods/goods_view.php?goodsNo=1000000325,4.9,3634,0,0,{'2': ['만족도']},[],[]
98200,12,5,smart_store,스마트스토어,아기에게 믿고 먹일 수 있는 브랜드!,2026-06-10T16:57:24+09:00,2026-06-10,네이버 스마트스토어 구****,5,True,1,1,https://assets6.cre.ma/p/phytonutri-kr/reviews/00/00/09/82/00/image1/bfb5e936c56de5f0.webp,1000000297,"그로우뉴 아이 유기농칼슘&마그네슘 비타민D,k2,망간",https://www.phytonutri.kr/goods/goods_view.php?goodsNo=1000000297,4.9,4844,0,0,{'1': ['만족도']},[],[]
98201,12,5,smart_store,스마트스토어,아기 태어나자 마자 먹인 비타민 브랜드라 믿고 구매했어요.,2026-06-10T16:56:51+09:00,2026-06-10,네이버 스마트스토어 구****,5,True,1,1,https://assets6.cre.ma/p/phytonutri-kr/reviews/00/00/09/82/01/image1/41769ab34d1e3325.webp,1000000281,지니어스뉴 드롭스&톡캡스,https://www.phytonutri.kr/goods/goods_view.php?goodsNo=1000000281,4.9,14386,0,0,{'0': ['만족도']},[],[]
98202,12,5,smart_store,스마트스토어,꾸준히먹이고 있어요 좋아요,2026-06-10T16:15:43+09:00,2026-06-10,네이버 스마트스토어 구****,5,True,1,1,https://assets6.cre.ma/p/phytonutri-kr/reviews/00/00/09/82/02/image1/a99f13cabd5843b5.webp,1000000281,지니어스뉴 드롭스&톡캡스,https://www.phytonutri.kr/goods/goods_view.php?goodsNo=1000000281,4.9,14386,0,0,{'1': ['만족도']},[],[]
98203,12,5,smart_store,스마트스토어,14개월 아기 주고있어요 좋아용,2026-06-10T16:14:43+09:00,2026-06-10,네이버 스마트스토어 구****,5,True,1,1,https://assets6.cre.ma/p/phytonutri-kr/reviews/00/00/09/82/03/image1/a42d0058237c3f2d.webp,1000000325,투데이디3 for baby,https://www.phytonutri.kr/goods/goods_view.php?goodsNo=1000000325,4.9,3634,0,0,{'1': ['만족도']},[],[]
98204,12,5,smart_store,스마트스토어,유산균도 조코 비타민디도 최곰니더,2026-06-10T16:01:45+09:00,2026-06-10,네이버 스마트스토어 구****,5,True,1,1,https://assets6.cre.ma/p/phytonutri-kr/reviews/00/00/09/82/04/image1/39e8d806dbc5269f.webp,1000000375,데이프로바 + 투데이디3 세트,https://www.phytonutri.kr/goods/goods_view.php?goodsNo=1000000375,4.9,139,0,0,{'1': ['만족도']},[],[]
98205,12,5,smart_store,스마트스토어,"생각보다 맛있있고 좋습니다 
따뜻하게 데워드시면 좋아요",2026-06-10T14:53:46+09:00,2026-06-10,네이버 스마트스토어 구****,5,True,1,1,https://assets6.cre.ma/p/phytonutri-kr/reviews/00/00/09/82/05/image1/77803dfd003491b9.webp,1000000396,수드티 루이보스 허브 블렌드 티 강황 맘먼트 임산부 차,https://www.phytonutri.kr/goods/goods_view.php?goodsNo=1000000396,4.7,33,0,0,"{'1': ['만족도', '맛']}",[],[]
98206,12,5,smart_store,스마트스토어,"항상 여기 제품 이용합니다.
이유가 없습니다ㅎㅎㅎ",2026-06-10T14:47:28+09:00,2026-06-10,네이버 스마트스토어 구****,5,False,0,0,,1000000281,지니어스뉴 드롭스&톡캡스,https://www.phytonutri.kr/goods/goods_view.php?goodsNo=1000000281,4.9,14386,0,0,{'2': ['만족도']},[],[]
98207,13,5,smart_store,스마트스토어,"27개월아기 쭈우우욱먹이고있습니다!
인지능력빠르단이야기 마니듣습니다!",2026-06-10T14:47:07+09:00,2026-06-10,네이버 스마트스토어 구****,5,True,1,1,https://assets6.cre.ma/p/phytonutri-kr/reviews/00/00/09/82/07/image1/1b2eae2512ac3e3b.webp,1000000281,지니어스뉴 드롭스&톡캡스,https://www.phytonutri.kr/goods/goods_view.php?goodsNo=1000000281,4.9,14386,0,0,"{'1': ['만족도', '효과']}",[],[]
98208,13,5,smart_store,스마트스토어,조아요 비싸다는게 흠이지만,2026-06-10T13:54:35+09:00,2026-06-10,네이버 스마트스토어 구****,5,True,1,1,https://assets6.cre.ma/p/phytonutri-kr/reviews/00/00/09/82/08/image1/190039c905892d0f.webp,1000000281,지니어스뉴 드롭스&톡캡스,https://www.phytonutri.kr/goods/goods_view.php?goodsNo=1000000281,4.9,14386,0,0,"{'1': ['만족도'], '-1': ['가격']}",[],[]
98209,13,5,smart_store,스마트스토어,잘먹고있어요 조아요조아,2026-06-10T13:53:49+09:00,2026-06-10,네이버 스마트스토어 구****,5,True,1,1,https://assets6.cre.ma/p/phytonutri-kr/reviews/00/00/09/82/09/image1/e5e9f59490c71d52.webp,1000000325,투데이디3 for baby,https://www.phytonutri.kr/goods/goods_view.php?goodsNo=1000000325,4.9,3634,0,0,{'1': ['만족도']},[],[]
98210,13,5,smart_store,스마트스토어,조아요조아요조아요요요,2026-06-10T13:53:16+09:00,2026-06-10,네이버 스마트스토어 구****,5,True,1,1,https://assets6.cre.ma/p/phytonutri-kr/reviews/00/00/09/82/10/image1/b48e0c93b35f44a1.webp,1000000325,투데이디3 for baby,https://www.phytonutri.kr/goods/goods_view.php?goodsNo=1000000325,4.9,3634,0,0,{'1': ['만족도']},[],[]
98211,13,4,smart_store,스마트스토어,아직안먹여봤는데 좋다고 해서 구매해봤어요,2026-06-10T13:48:48+09:00,2026-06-10,네이버 스마트스토어 구****,5,True,1,1,https://assets6.cre.ma/p/phytonutri-kr/reviews/00/00/09/82/11/image1/322bd4fc67a216ea.webp,1000000325,투데이디3 for baby,https://www.phytonutri.kr/goods/goods_view.php?goodsNo=1000000325,4.9,3634,0,0,{'0': ['만족도']},[],[]
98212,13,5,smart_store,스마트스토어,꾸준히 먹이니 애들이 튼튼한것같아요 저는 면역력 약한데 뭔가 건깅해지거 잠도 잘자는느낌 비싼게 흠 ㅜㅜ,2026-06-10T13:43:18+09:00,2026-06-10,네이버 스마트스토어 구****,5,True,1,1,https://assets6.cre.ma/p/phytonutri-kr/reviews/00/00/09/82/12/image1/ebb15f04fa639c6b.webp,1000000325,투데이디3 for baby,https://www.phytonutri.kr/goods/goods_view.php?goodsNo=1000000325,4.9,3634,0,0,"{'1': ['만족도', '효과'], '-1': ['가격']}",[],[]
98213,13,5,smart_store,스마트스토어,"둥이들 6개월부터 먹였는데
진짜 편해여 그리고 엄청 좋아해요 먹는거",2026-06-10T13:42:00+09:00,2026-06-10,네이버 스마트스토어 구****,5,True,1,1,https://assets6.cre.ma/p/phytonutri-kr/reviews/00/00/09/82/13/image1/cb6c839e5fa39da5.webp,1000000325,투데이디3 for baby,https://www.phytonutri.kr/goods/goods_view.php?goodsNo=1000000325,4.9,3634,0,0,"{'1': ['만족도', '편의성']}",[],[]
98214,13,5,smart_store,스마트스토어,"세트로 먹이고 있어요
특히 지니어스뉴는 생선안먹는 아이들에겐 빛과 소금같은 영양제에요.. 아침마다 우유에 타서 주는데 거부감 없이 잘 먹어요. 계속 먹일 생각입니다~",2026-06-10T13:23:18+09:00,2026-06-10,네이버 스마트스토어 구****,5,True,1,1,https://assets6.cre.ma/p/phytonutri-kr/reviews/00/00/09/82/14/image1/03cb5b39b848774e.webp,1000000298,지니어스뉴 + 그로우뉴 세트,https://www.phytonutri.kr/goods/goods_view.php?goodsNo=1000000298,4.9,1413,0,0,"{'1': ['만족도', '효과']}",[],[]
98215,13,5,smart_store,스마트스토어,잘 먹이고는 있는데 역시 맛이 좀 .. ㅜㅜ 플라스틱 맛 같기도 하고 여기 제품들은 성분은 괜찮은거 같은데 아기들 먹이기가 영 수월찮네요 ㅠㅠ,2026-06-10T13:20:53+09:00,2026-06-10,네이버 스마트스토어 구****,5,True,1,1,https://assets6.cre.ma/p/phytonutri-kr/reviews/00/00/09/82/15/image1/ec9bb789aa81fabe.webp,1000000297,"그로우뉴 아이 유기농칼슘&마그네슘 비타민D,k2,망간",https://www.phytonutri.kr/goods/goods_view.php?goodsNo=1000000297,4.9,4844,0,0,"{'-1': ['만족도', '맛'], '1': ['성분']}",[],[]
98216,13,5,smart_store,스마트스토어,아이가 먹기좋게 잘되잇어요,2026-06-10T11:56:16+09:00,2026-06-10,네이버 스마트스토어 구****,5,True,1,1,https://assets6.cre.ma/p/phytonutri-kr/reviews/00/00/09/82/16/image1/be9ce3598d3d27cf.webp,1000000325,투데이디3 for baby,https://www.phytonutri.kr/goods/goods_view.php?goodsNo=1000000325,4.9,3634,0,0,{'1': ['만족도']},[],[]
98217,13,5,smart_store,스마트스토어,아이가 아주 잘먹어요,2026-06-10T11:55:27+09:00,2026-06-10,네이버 스마트스토어 구****,5,True,1,1,https://assets6.cre.ma/p/phytonutri-kr/reviews/00/00/09/82/17/image1/146d7e115fe211a9.webp,1000000325,투데이디3 for baby,https://www.phytonutri.kr/goods/goods_view.php?goodsNo=1000000325,4.9,3634,0,0,{'1': ['만족도']},[],[]
98218,13,5,smart_store,스마트스토어,항상 잘 먹고있습니다.,2026-06-10T11:53:25+09:00,2026-06-10,네이버 스마트스토어 구****,5,False,0,0,,1000000297,"그로우뉴 아이 유기농칼슘&마그네슘 비타민D,k2,망간",https://www.phytonutri.kr/goods/goods_view.php?goodsNo=1000000297,4.9,4844,0,0,{'1': ['만족도']},[],[]
98219,13,5,smart_store,스마트스토어,아기가잘먹네요 여름이라 더 산패걱정때문에 구매했어여,2026-06-10T11:23:10+09:00,2026-06-10,네이버 스마트스토어 구****,5,True,1,1,https://assets6.cre.ma/p/phytonutri-kr/reviews/00/00/09/82/19/image1/9735c0e56473c4ff.webp,1000000281,지니어스뉴 드롭스&톡캡스,https://www.phytonutri.kr/goods/goods_view.php?goodsNo=1000000281,4.9,14386,0,0,"{'1': ['만족도'], '0': ['제품상태']}",[],[]
98220,13,5,smart_store,스마트스토어,아기가 거부감 없이 넘 잘 먹어요 ㅎ 만족중입니다,2026-06-10T10:54:16+09:00,2026-06-10,네이버 스마트스토어 구****,5,True,1,1,https://assets6.cre.ma/p/phytonutri-kr/reviews/00/00/09/82/20/image1/66ef4b93757a13f5.webp,1000000297,"그로우뉴 아이 유기농칼슘&마그네슘 비타민D,k2,망간",https://www.phytonutri.kr/goods/goods_view.php?goodsNo=1000000297,4.9,4844,0,0,"{'1': ['만족도', '맛']}",[],[]
98221,13,5,smart_store,스마트스토어,5개월째 데이프로바랑 같이 이거만 먹여요,2026-06-10T10:38:07+09:00,2026-06-10,네이버 스마트스토어 구****,5,True,1,1,https://assets6.cre.ma/p/phytonutri-kr/reviews/00/00/09/82/21/image1/291f1c97c932fd8e.webp,1000000297,"그로우뉴 아이 유기농칼슘&마그네슘 비타민D,k2,망간",https://www.phytonutri.kr/goods/goods_view.php?goodsNo=1000000297,4.9,4844,0,0,{'0': ['만족도']},[],[]
98222,13,5,smart_store,스마트스토어,5개월째 이것만 먹이고있어요 아기가 잘먹어요,2026-06-10T10:37:34+09:00,2026-06-10,네이버 스마트스토어 구****,5,True,1,1,https://assets6.cre.ma/p/phytonutri-kr/reviews/00/00/09/82/22/image1/2abba3f06e6df10f.webp,1000000363,데이프로바 for baby 아기 쌩쌩유산균,https://www.phytonutri.kr/goods/goods_view.php?goodsNo=1000000363,4.9,363,0,0,{'1': ['만족도']},[],[]
98223,13,5,smart_store,스마트스토어,분유에 타주면 아기가 잘먹어요,2026-06-10T10:35:58+09:00,2026-06-10,네이버 스마트스토어 구****,5,True,1,1,https://assets6.cre.ma/p/phytonutri-kr/reviews/00/00/09/82/23/image1/c6e84649be58cade.webp,1000000297,"그로우뉴 아이 유기농칼슘&마그네슘 비타민D,k2,망간",https://www.phytonutri.kr/goods/goods_view.php?goodsNo=1000000297,4.9,4844,0,0,{'1': ['만족도']},[],[]
98224,13,5,smart_store,스마트스토어,분유에 타주면 아기가 잘먹어요,2026-06-10T10:35:10+09:00,2026-06-10,네이버 스마트스토어 구****,5,True,1,1,https://assets6.cre.ma/p/phytonutri-kr/reviews/00/00/09/82/24/image1/9d6c53aacd2b51b4.webp,1000000363,데이프로바 for baby 아기 쌩쌩유산균,https://www.phytonutri.kr/goods/goods_view.php?goodsNo=1000000363,4.9,363,0,0,{'1': ['만족도']},[],[]
98225,13,5,smart_store,스마트스토어,위생적으로 먹이기 좋아서 만족해요,2026-06-10T10:04:31+09:00,2026-06-10,네이버 스마트스토어 구****,5,True,1,1,https://assets6.cre.ma/p/phytonutri-kr/reviews/00/00/09/82/25/image1/81e970c5668cf3e5.webp,1000000325,투데이디3 for baby,https://www.phytonutri.kr/goods/goods_view.php?goodsNo=1000000325,4.9,3634,0,0,"{'1': ['만족도', '포장']}",[],[]
98226,13,5,smart_store,스마트스토어,하나씩 포장되어있는 점이 제일 만족스러워요. 뜯기도 쉽고 아이가 잘 받아먹고 있습니다.,2026-06-10T10:01:58+09:00,2026-06-10,네이버 스마트스토어 구****,5,False,0,0,,1000000325,투데이디3 for baby,https://www.phytonutri.kr/goods/goods_view.php?goodsNo=1000000325,4.9,3634,0,0,"{'1': ['만족도', '포장', '편의성']}",[],[]
98194,14,5,,자사몰(고도몰),영양제는 꾸준히 먹을 수 있는게 제일 중요하다고 생각합니다 이건 부담 없이 먹게 돼서 계속 챙기고 있네요,2026-06-10T09:43:05+09:00,2026-06-10,이****,10,False,0,0,,1000000406,듀오좀 마그앤알티지 식물성 듀얼 오메가3,https://www.phytonutri.kr/goods/goods_view.php?goodsNo=1000000406,4.7,27,0,0,{'1': ['만족도']},[],"[{'name': '성별', 'value': '남성'}, {'name': '연령대', 'value': '50대 이상'}]"
98193,14,5,,자사몰(고도몰),rTG는 들어봤는데 MAG는 처음이라 궁금해서 주문했어요. 전문적인건 잘 모르겠는데 먹고 난 뒤 거북한 느낌은 없네요.,2026-06-10T09:42:33+09:00,2026-06-10,김****,10,False,0,0,,1000000406,듀오좀 마그앤알티지 식물성 듀얼 오메가3,https://www.phytonutri.kr/goods/goods_view.php?goodsNo=1000000406,4.7,27,0,0,"{'0': ['만족도', '성분']}",[],"[{'name': '성별', 'value': '남성'}, {'name': '연령대', 'value': '50대 이상'}]"
98227,14,5,smart_store,스마트스토어,간편하게 챙겨주기 좋아요,2026-06-10T09:41:26+09:00,2026-06-10,네이버 스마트스토어 구****,5,True,1,1,https://assets6.cre.ma/p/phytonutri-kr/reviews/00/00/09/82/27/image1/8076aa612c762263.webp,1000000297,"그로우뉴 아이 유기농칼슘&마그네슘 비타민D,k2,망간",https://www.phytonutri.kr/goods/goods_view.php?goodsNo=1000000297,4.9,4844,0,0,"{'1': ['만족도', '편의성']}",[],[]
98192,14,5,,자사몰(고도몰),운동하면서 이것저것 챙겨먹는 편인데 캡슐이 생각보다 작아서 괜찮네요. 목넘김도 편한 편입니다.,2026-06-10T09:41:22+09:00,2026-06-10,한****,10,False,0,0,,1000000406,듀오좀 마그앤알티지 식물성 듀얼 오메가3,https://www.phytonutri.kr/goods/goods_view.php?goodsNo=1000000406,4.7,27,0,0,"{'1': ['만족도', '크기', '식감']}",[],[]
98191,14,5,,자사몰(고도몰),딸이 보내줘서 먹고 있습니다. 특별히 불편한 점은 없고 먹기 수월합니다. 한동안 계속 먹어보려고 합니다.,2026-06-10T09:40:37+09:00,2026-06-10,장****,10,False,0,0,,1000000406,듀오좀 마그앤알티지 식물성 듀얼 오메가3,https://www.phytonutri.kr/goods/goods_view.php?goodsNo=1000000406,4.7,27,0,0,"{'1': ['만족도', '편의성']}",[],"[{'name': '성별', 'value': '남성'}, {'name': '연령대', 'value': '40대'}]"
98190,14,5,,자사몰(고도몰),"처음엔 가격 보고 살짝 고민했어요. 근데 건강식품은 매일 먹는거라 너무 싼것만 찾을건 아닌거 같더라구요.
일단 만족하면서 먹고 있습니다.",2026-06-10T09:38:43+09:00,2026-06-10,최****,10,False,0,0,,1000000406,듀오좀 마그앤알티지 식물성 듀얼 오메가3,https://www.phytonutri.kr/goods/goods_view.php?goodsNo=1000000406,4.7,27,0,0,"{'1': ['만족도'], '0': ['가격']}",[],"[{'name': '성별', 'value': '여성'}, {'name': '연령대', 'value': '30대'}]"
98228,14,5,smart_store,스마트스토어,아기가 잘 먹어요 감사합니다!‘,2026-06-10T08:47:15+09:00,2026-06-10,네이버 스마트스토어 구****,5,True,1,1,https://assets6.cre.ma/p/phytonutri-kr/reviews/00/00/09/82/28/image1/2505a763ed2d3a9f.webp,1000000281,지니어스뉴 드롭스&톡캡스,https://www.phytonutri.kr/goods/goods_view.php?goodsNo=1000000281,4.9,14386,0,0,{'1': ['만족도']},[],[]
98229,14,5,smart_store,스마트스토어,"일단 아기가 너무 맛있게 잘 먹어요!!
매번 잘 이용하고 있어요 감사합니다^^",2026-06-10T08:46:42+09:00,2026-06-10,네이버 스마트스토어 구****,5,True,1,1,https://assets6.cre.ma/p/phytonutri-kr/reviews/00/00/09/82/29/image1/cb403714af1f8a84.webp,1000000325,투데이디3 for baby,https://www.phytonutri.kr/goods/goods_view.php?goodsNo=1000000325,4.9,3634,0,0,"{'1': ['만족도'], '2': ['맛']}",[],[]
98230,14,5,smart_store,스마트스토어,"꾸준히 구매 하고 있어요
아이들도 잘먹어요",2026-06-10T08:11:29+09:00,2026-06-10,네이버 스마트스토어 구****,5,False,0,0,,1000000281,지니어스뉴 드롭스&톡캡스,https://www.phytonutri.kr/goods/goods_view.php?goodsNo=1000000281,4.9,14386,0,0,{'2': ['만족도']},[],[]
98231,14,5,smart_store,스마트스토어,아이가 거부없이 잘 먹어요,2026-06-10T03:14:27+09:00,2026-06-10,네이버 스마트스토어 구****,5,True,1,1,https://assets6.cre.ma/p/phytonutri-kr/reviews/00/00/09/82/31/image1/81cfa88bab31d5d7.webp,1000000281,지니어스뉴 드롭스&톡캡스,https://www.phytonutri.kr/goods/goods_view.php?goodsNo=1000000281,4.9,14386,0,0,{'1': ['만족도']},[],[]
98232,14,5,smart_store,스마트스토어,6개월부터 줄곧 이것만 먹엿더니 거부도 없고 이젠 먹이기도 편하구 계속 구매할거 같아요,2026-06-10T02:34:40+09:00,2026-06-10,네이버 스마트스토어 구****,5,True,1,1,https://assets6.cre.ma/p/phytonutri-kr/reviews/00/00/09/82/32/image1/2c673f0783adfb89.webp,1000000325,투데이디3 for baby,https://www.phytonutri.kr/goods/goods_view.php?goodsNo=1000000325,4.9,3634,0,0,"{'1': ['만족도', '편의성']}",[],[]
98233,14,5,smart_store,스마트스토어,배송이 빨라서 너무 좋네요,2026-06-10T01:15:17+09:00,2026-06-10,네이버 스마트스토어 구****,5,False,0,0,,1000000325,투데이디3 for baby,https://www.phytonutri.kr/goods/goods_view.php?goodsNo=1000000325,4.9,3634,0,0,"{'1': ['만족도'], '2': ['배송']}",[],[]
98189,14,5,,자사몰(고도몰),먹을때와 안먹을때 각질부각 차이가 많이나요. 필수품입니다.,2026-06-09T23:48:03+09:00,2026-06-09,daph******,5,True,1,1,https://assets6.cre.ma/p/phytonutri-kr/reviews/00/00/09/81/89/image1/68a4364eccd8aeb8.webp,1000000000,에피베리어 곤약세라미드 1.8,https://www.phytonutri.kr/goods/goods_view.php?goodsNo=1000000000,4.5,3056,0,0,"{'1': ['만족도', '효과']}",[],[]
98234,14,5,smart_store,스마트스토어,11병 다 먹이고 재주문 했어요 ㅎㅎ,2026-06-09T22:21:58+09:00,2026-06-09,네이버 스마트스토어 구****,5,True,1,1,https://assets6.cre.ma/p/phytonutri-kr/reviews/00/00/09/82/34/image1/416d4d2c0b6a987c.webp,1000000281,지니어스뉴 드롭스&톡캡스,https://www.phytonutri.kr/goods/goods_view.php?goodsNo=1000000281,4.9,14386,0,0,{'2': ['만족도']},[],[]
98235,14,3,smart_store,스마트스토어,2년째 잘 먹이고 있습니다. 좋아요,2026-06-09T22:20:52+09:00,2026-06-09,네이버 스마트스토어 구****,5,True,1,1,https://assets6.cre.ma/p/phytonutri-kr/reviews/00/00/09/82/35/image1/fc3904869bf802ec.webp,1000000281,지니어스뉴 드롭스&톡캡스,https://www.phytonutri.kr/goods/goods_view.php?goodsNo=1000000281,4.9,14386,0,0,{'1': ['만족도']},[],[]
98236,14,5,smart_store,스마트스토어,잘 목어 보갯 습 니다,2026-06-09T21:59:40+09:00,2026-06-09,네이버 스마트스토어 구****,5,True,1,1,https://assets6.cre.ma/p/phytonutri-kr/reviews/00/00/09/82/36/image1/a3c164faaececcaf.webp,1000000325,투데이디3 for baby,https://www.phytonutri.kr/goods/goods_view.php?goodsNo=1000000325,4.9,3634,0,0,{'1': ['만족도']},[],[]
98237,14,5,smart_store,스마트스토어,아이 성장기라 칼마디를 챙겨주려고 구매했어요. 물에 잘 녹아서 먹이기 편하고 맛도 괜찮은지 거부감 없이 잘 먹네요. 하루 한 번 간편하게 챙길 수 있고 칼슘과 비타민D를 함께 섭취할 수 있어 만족합니다. 꾸준히 먹여보려고 해요 🙂,2026-06-09T21:57:30+09:00,2026-06-09,네이버 스마트스토어 구****,5,True,1,1,https://assets6.cre.ma/p/phytonutri-kr/reviews/00/00/09/82/37/image1/2a1ca2babb290b13.webp,1000000297,"그로우뉴 아이 유기농칼슘&마그네슘 비타민D,k2,망간",https://www.phytonutri.kr/goods/goods_view.php?goodsNo=1000000297,4.9,4844,0,0,"{'1': ['만족도', '품질', '성분', '편의성']}",[],[]
98238,14,5,smart_store,스마트스토어,아이 성장기라 칼마디를 챙겨주려고 구매했어요. 물에 잘 녹아서 먹이기 편하고 맛도 괜찮은지 거부감 없이 잘 먹네요. 하루 한 번 간편하게 챙길 수 있고 칼슘과 비타민D를 함께 섭취할 수 있어 만족합니다. 꾸준히 먹여보려고 해요 🙂,2026-06-09T21:57:01+09:00,2026-06-09,네이버 스마트스토어 구****,5,True,1,1,https://assets6.cre.ma/p/phytonutri-kr/reviews/00/00/09/82/38/image1/3f4f85c2e2513ee5.webp,1000000297,"그로우뉴 아이 유기농칼슘&마그네슘 비타민D,k2,망간",https://www.phytonutri.kr/goods/goods_view.php?goodsNo=1000000297,4.9,4844,0,0,"{'1': ['만족도', '품질', '성분', '편의성']}",[],[]
98239,14,5,smart_store,스마트스토어,아이 성장기라 칼마디를 챙겨주려고 구매했어요. 물에 잘 녹아서 먹이기 편하고 맛도 괜찮은지 거부감 없이 잘 먹네요. 하루 한 번 간편하게 챙길 수 있고 칼슘과 비타민D를 함께 섭취할 수 있어 만족합니다. 꾸준히 먹여보려고 해요 🙂,2026-06-09T21:56:34+09:00,2026-06-09,네이버 스마트스토어 구****,5,True,1,1,https://assets6.cre.ma/p/phytonutri-kr/reviews/00/00/09/82/39/image1/7f9c630402705e16.webp,1000000297,"그로우뉴 아이 유기농칼슘&마그네슘 비타민D,k2,망간",https://www.phytonutri.kr/goods/goods_view.php?goodsNo=1000000297,4.9,4844,0,0,"{'1': ['만족도', '품질', '성분', '편의성']}",[],[]
98240,14,5,smart_store,스마트스토어,"아기 6개월 지나서 부터 먹이기 시작했는데 거부감없이 잘 먹고 있네요~ 벌써 돌아기 됐네요 ^^
이제는 입에 갖다대기만 해도 빨아먹어요~
앞으로 계속 먹일 예정이예요~^^",2026-06-09T21:55:03+09:00,2026-06-09,네이버 스마트스토어 구****,5,True,1,1,https://assets6.cre.ma/p/phytonutri-kr/reviews/00/00/09/82/40/image1/4c7a7704fb741d04.webp,1000000281,지니어스뉴 드롭스&톡캡스,https://www.phytonutri.kr/goods/goods_view.php?goodsNo=1000000281,4.9,14386,0,0,{'1': ['만족도']},[],[]
98241,15,5,smart_store,스마트스토어,항상 먹이고 있어서 구매했습니다,2026-06-09T21:40:00+09:00,2026-06-09,네이버 스마트스토어 구****,5,False,0,0,,1000000281,지니어스뉴 드롭스&톡캡스,https://www.phytonutri.kr/goods/goods_view.php?goodsNo=1000000281,4.9,14386,0,0,{'1': ['만족도']},[],[]
98242,15,5,smart_store,스마트스토어,이유식 후기인데 변 잘눠요! 추천함,2026-06-09T21:32:50+09:00,2026-06-09,네이버 스마트스토어 구****,5,False,0,0,,1000000363,데이프로바 for baby 아기 쌩쌩유산균,https://www.phytonutri.kr/goods/goods_view.php?goodsNo=1000000363,4.9,363,0,0,"{'1': ['만족도', '효과']}",[],[]
98243,15,5,smart_store,스마트스토어,아기 잘 먹이고 있고 성장도 잘 하고 있어요,2026-06-09T21:04:18+09:00,2026-06-09,네이버 스마트스토어 구****,5,True,1,1,https://assets6.cre.ma/p/phytonutri-kr/reviews/00/00/09/82/43/image1/49048109905fd044.webp,1000000298,지니어스뉴 + 그로우뉴 세트,https://www.phytonutri.kr/goods/goods_view.php?goodsNo=1000000298,4.9,1413,0,0,"{'1': ['만족도', '효과']}",[],[]
98244,15,5,smart_store,스마트스토어,"꾸준히 먹이고 있습니다
비린맛이 없고 고소?해서 애기가 늘 잘 먹어요
포장도 꼼꼼하게 되어 있어요
냉장 보관하며 먹이고 있네요",2026-06-09T21:04:08+09:00,2026-06-09,네이버 스마트스토어 구****,5,True,1,1,https://assets6.cre.ma/p/phytonutri-kr/reviews/00/00/09/82/44/image1/0fa3eb0293038ddd.webp,1000000281,지니어스뉴 드롭스&톡캡스,https://www.phytonutri.kr/goods/goods_view.php?goodsNo=1000000281,4.9,14386,0,0,"{'1': ['만족도', '포장', '맛']}",[],[]
98245,15,5,smart_store,스마트스토어,아기가 잘 먹고 배변도 잘 하고 있어요,2026-06-09T21:03:40+09:00,2026-06-09,네이버 스마트스토어 구****,5,True,1,1,https://assets6.cre.ma/p/phytonutri-kr/reviews/00/00/09/82/45/image1/1588ba6ccd1f73cf.webp,1000000363,데이프로바 for baby 아기 쌩쌩유산균,https://www.phytonutri.kr/goods/goods_view.php?goodsNo=1000000363,4.9,363,0,0,"{'1': ['만족도', '효과']}",[],[]
98246,15,5,smart_store,스마트스토어,아이 영양제로 주문했어요,2026-06-09T20:31:42+09:00,2026-06-09,네이버 스마트스토어 구****,5,True,1,1,https://assets6.cre.ma/p/phytonutri-kr/reviews/00/00/09/82/46/image1/2ac469342267d3c9.webp,1000000281,지니어스뉴 드롭스&톡캡스,https://www.phytonutri.kr/goods/goods_view.php?goodsNo=1000000281,4.9,14386,0,0,{'0': ['만족도']},[],[]
98247,15,5,smart_store,스마트스토어,항상 우리 애기 잘 먹고 있습니다,2026-06-09T20:23:57+09:00,2026-06-09,네이버 스마트스토어 구****,5,True,1,1,https://assets6.cre.ma/p/phytonutri-kr/reviews/00/00/09/82/47/image1/38ae587c5886a7fa.webp,1000000281,지니어스뉴 드롭스&톡캡스,https://www.phytonutri.kr/goods/goods_view.php?goodsNo=1000000281,4.9,14386,0,0,{'1': ['만족도']},[],[]
98248,15,5,smart_store,스마트스토어,매일 잘먹이고 있어요,2026-06-09T20:19:35+09:00,2026-06-09,네이버 스마트스토어 구****,5,True,1,1,https://assets6.cre.ma/p/phytonutri-kr/reviews/00/00/09/82/48/image1/a597db8748ba9fcd.webp,1000000297,"그로우뉴 아이 유기농칼슘&마그네슘 비타민D,k2,망간",https://www.phytonutri.kr/goods/goods_view.php?goodsNo=1000000297,4.9,4844,0,0,{'1': ['만족도']},[],[]
98249,15,5,smart_store,스마트스토어,매일 잘먹이고 있습니다,2026-06-09T20:18:50+09:00,2026-06-09,네이버 스마트스토어 구****,5,True,1,1,https://assets6.cre.ma/p/phytonutri-kr/reviews/00/00/09/82/49/image1/6225c4b71a8ade18.webp,1000000281,지니어스뉴 드롭스&톡캡스,https://www.phytonutri.kr/goods/goods_view.php?goodsNo=1000000281,4.9,14386,0,0,{'1': ['만족도']},[],[]
98250,15,5,smart_store,스마트스토어,유아식 하고 잇는 중인데 우유 안 먹는 아이라 칼슘 걱정되어 꾸준히 먹이고 있어요 좋아요,2026-06-09T20:11:40+09:00,2026-06-09,네이버 스마트스토어 구****,5,True,1,1,https://assets6.cre.ma/p/phytonutri-kr/reviews/00/00/09/82/50/image1/810191b34016ac64.webp,1000000297,"그로우뉴 아이 유기농칼슘&마그네슘 비타민D,k2,망간",https://www.phytonutri.kr/goods/goods_view.php?goodsNo=1000000297,4.9,4844,0,0,"{'1': ['만족도'], '0': ['성분']}",[],[]
98251,15,4,smart_store,스마트스토어,개별포장이라 좋은데 우유에 타면 잘 안섞이고ㅠ 그냥 먹이려니 맛없는지 안좋아하네요 ㅋ,2026-06-09T19:33:27+09:00,2026-06-09,네이버 스마트스토어 구****,5,True,1,1,https://assets6.cre.ma/p/phytonutri-kr/reviews/00/00/09/82/51/image1/44f729619427e25e.webp,1000000325,투데이디3 for baby,https://www.phytonutri.kr/goods/goods_view.php?goodsNo=1000000325,4.9,3634,0,0,"{'0': ['만족도'], '1': ['포장'], '-1': ['맛']}",[],[]
98252,15,5,smart_store,스마트스토어,소분되어 있어 좋은데 아이가 처음엔 잘 먹다가 잘 안 먹어요. 시럽같은 단 맛이 안나니까 나중엔 안 먹더라고요. 그래서 요거트에 타서 주고 있습니다.,2026-06-09T19:30:53+09:00,2026-06-09,네이버 스마트스토어 구****,5,True,1,1,https://assets6.cre.ma/p/phytonutri-kr/reviews/00/00/09/82/52/image1/c8987a2581a40fb6.webp,1000000297,"그로우뉴 아이 유기농칼슘&마그네슘 비타민D,k2,망간",https://www.phytonutri.kr/goods/goods_view.php?goodsNo=1000000297,4.9,4844,0,0,"{'0': ['만족도'], '1': ['제품상태'], '-1': ['맛']}",[],[]
98253,15,5,smart_store,스마트스토어,생선을 잘 못 매겨서. 이제 12개월 됐는데 걱정돼서 시켰어요. 밤에 잠을 끙끙거리면서 자서 좀 좋아질까 해서 꾸준히 먹여 볼려구요. 간편해서 좋아요.,2026-06-09T19:10:50+09:00,2026-06-09,네이버 스마트스토어 구****,5,True,1,1,https://assets6.cre.ma/p/phytonutri-kr/reviews/00/00/09/82/53/image1/01ee068cb0b45285.webp,1000000281,지니어스뉴 드롭스&톡캡스,https://www.phytonutri.kr/goods/goods_view.php?goodsNo=1000000281,4.9,14386,0,0,"{'1': ['만족도', '편의성']}",[],[]
98254,15,5,smart_store,스마트스토어,"추천을 통해 구매하게 되었는데 아이가 잘먹네요^^
재구매 의사 있습니다!!",2026-06-09T19:05:24+09:00,2026-06-09,네이버 스마트스토어 구****,5,True,1,1,https://assets6.cre.ma/p/phytonutri-kr/reviews/00/00/09/82/54/image1/f011ae77bd3482a9.webp,1000000342,이트뮨 아이 배도라지즙&엘더베리사과주스,https://www.phytonutri.kr/goods/goods_view.php?goodsNo=1000000342,4.9,609,0,0,{'1': ['만족도']},[],[]
98255,15,5,smart_store,스마트스토어,"아주 간편하고 좋아요
우유나 이유식에 타서 먹이면 잘먹네요",2026-06-09T18:50:17+09:00,2026-06-09,네이버 스마트스토어 구****,5,True,1,1,https://assets6.cre.ma/p/phytonutri-kr/reviews/00/00/09/82/55/image1/46acb7ba9ddcf8c8.webp,1000000281,지니어스뉴 드롭스&톡캡스,https://www.phytonutri.kr/goods/goods_view.php?goodsNo=1000000281,4.9,14386,0,0,"{'1': ['만족도', '편의성']}",[],[]
98256,15,5,smart_store,스마트스토어,지인 추천으로 구매했어요 처음 먹여보는거라 혹시몰라 톡캡으로 주문했어요 아이스팩에 잘 배송되어서 왔네요!,2026-06-09T18:38:55+09:00,2026-06-09,네이버 스마트스토어 구****,5,True,1,1,https://assets6.cre.ma/p/phytonutri-kr/reviews/00/00/09/82/56/image1/7a6ce03c86bffbb7.webp,1000000281,지니어스뉴 드롭스&톡캡스,https://www.phytonutri.kr/goods/goods_view.php?goodsNo=1000000281,4.9,14386,0,0,"{'0': ['만족도'], '1': ['포장']}",[],[]
98257,15,5,smart_store,스마트스토어,먹이기 편하고 아기도 잘 받아먹어요!,2026-06-09T17:54:07+09:00,2026-06-09,네이버 스마트스토어 구****,5,True,1,1,https://assets6.cre.ma/p/phytonutri-kr/reviews/00/00/09/82/57/image1/50a465184d4ffad7.webp,1000000281,지니어스뉴 드롭스&톡캡스,https://www.phytonutri.kr/goods/goods_view.php?goodsNo=1000000281,4.9,14386,0,0,"{'1': ['만족도', '편의성']}",[],[]
98258,15,5,smart_store,스마트스토어,꾸준히 잘 먹이고 있어요! 위생적이고 아기도 잘 받아먹어요.,2026-06-09T17:53:24+09:00,2026-06-09,네이버 스마트스토어 구****,5,True,1,1,https://assets6.cre.ma/p/phytonutri-kr/reviews/00/00/09/82/58/image1/99767fc5a9ef8137.webp,1000000325,투데이디3 for baby,https://www.phytonutri.kr/goods/goods_view.php?goodsNo=1000000325,4.9,3634,0,0,"{'1': ['만족도', '제품상태']}",[],[]
98259,15,4,smart_store,스마트스토어,거부감없이 잘먹어요,2026-06-09T17:46:34+09:00,2026-06-09,네이버 스마트스토어 구****,5,True,1,1,https://assets6.cre.ma/p/phytonutri-kr/reviews/00/00/09/82/59/image1/8a534691fdccd21c.webp,1000000297,"그로우뉴 아이 유기농칼슘&마그네슘 비타민D,k2,망간",https://www.phytonutri.kr/goods/goods_view.php?goodsNo=1000000297,4.9,4844,0,0,"{'1': ['만족도', '맛']}",[],[]
98260,15,5,smart_store,스마트스토어,돌지나고 슬슬 DHA를 챙겨주고 싶은 마음에 구매했어요!! 여러가지 성분하고 이런것들을 비교해보니 지니어스뉴가 제일 괜찮다고 느꼈어요. 애기도 비려하긴 하지만 생각보다 잘먹어줘서 다행이에요. 포장도 뽁뽁이로 잘포장해와서 너무 만족스러워요😁,2026-06-09T17:42:43+09:00,2026-06-09,네이버 스마트스토어 구****,5,True,1,1,https://assets6.cre.ma/p/phytonutri-kr/reviews/00/00/09/82/60/image1/e56c911e8d7e9d41.webp,1000000281,지니어스뉴 드롭스&톡캡스,https://www.phytonutri.kr/goods/goods_view.php?goodsNo=1000000281,4.9,14386,0,0,"{'2': ['만족도', '포장'], '1': ['성분']}",[],[]
98261,16,3,smart_store,스마트스토어,하루도 빠짐 없이 열심히 먹이고 있어요,2026-06-09T17:42:21+09:00,2026-06-09,네이버 스마트스토어 구****,5,True,1,1,https://assets6.cre.ma/p/phytonutri-kr/reviews/00/00/09/82/61/image1/e8baf3ea584f5cce.webp,1000000281,지니어스뉴 드롭스&톡캡스,https://www.phytonutri.kr/goods/goods_view.php?goodsNo=1000000281,4.9,14386,0,0,{'1': ['만족도']},[],[]
98262,16,5,smart_store,스마트스토어,"돌아기 꾸준하게 먹이고 있어요^^ 
아이 발달에 도움되는거 같아요~",2026-06-09T17:17:07+09:00,2026-06-09,네이버 스마트스토어 구****,5,True,1,1,https://assets6.cre.ma/p/phytonutri-kr/reviews/00/00/09/82/62/image1/f9c7f316f4bcc0d0.webp,1000000281,지니어스뉴 드롭스&톡캡스,https://www.phytonutri.kr/goods/goods_view.php?goodsNo=1000000281,4.9,14386,0,0,"{'1': ['만족도', '효과']}",[],[]
98263,16,5,smart_store,스마트스토어,조어요 잘맷일게욜ㅅ,2026-06-09T17:16:44+09:00,2026-06-09,네이버 스마트스토어 구****,5,True,1,1,https://assets6.cre.ma/p/phytonutri-kr/reviews/00/00/09/82/63/image1/1a4b79f4f71cfa6d.webp,1000000281,지니어스뉴 드롭스&톡캡스,https://www.phytonutri.kr/goods/goods_view.php?goodsNo=1000000281,4.9,14386,0,0,{'1': ['만족도']},[],[]
98264,16,4,smart_store,스마트스토어,하나 먹어보고 또 사봤어요 아기에게 도움이 되기를,2026-06-09T17:16:07+09:00,2026-06-09,네이버 스마트스토어 구****,5,True,1,1,https://assets6.cre.ma/p/phytonutri-kr/reviews/00/00/09/82/64/image1/23e3ba1af71cb0cb.webp,1000000281,지니어스뉴 드롭스&톡캡스,https://www.phytonutri.kr/goods/goods_view.php?goodsNo=1000000281,4.9,14386,0,0,{'1': ['만족도']},[],[]
98265,16,5,smart_store,스마트스토어,잘 쓰겠습니다 감사합니다,2026-06-09T17:04:56+09:00,2026-06-09,네이버 스마트스토어 구****,5,True,1,1,https://assets6.cre.ma/p/phytonutri-kr/reviews/00/00/09/82/65/image1/99ebaea59a2dff4f.webp,1000000281,지니어스뉴 드롭스&톡캡스,https://www.phytonutri.kr/goods/goods_view.php?goodsNo=1000000281,4.9,14386,0,0,{'1': ['만족도']},[],[]
98266,16,5,smart_store,스마트스토어,한달 쓰고 괜찮아서 더 구매했습니다,2026-06-09T17:04:29+09:00,2026-06-09,네이버 스마트스토어 구****,5,True,1,1,https://assets6.cre.ma/p/phytonutri-kr/reviews/00/00/09/82/66/image1/5adf1f466296bce8.webp,1000000281,지니어스뉴 드롭스&톡캡스,https://www.phytonutri.kr/goods/goods_view.php?goodsNo=1000000281,4.9,14386,0,0,{'1': ['만족도']},[],[]
98267,16,5,smart_store,스마트스토어,먹이기편리해서 이걸로 정착했어요!!!,2026-06-09T16:39:22+09:00,2026-06-09,네이버 스마트스토어 구****,5,True,1,1,https://assets6.cre.ma/p/phytonutri-kr/reviews/00/00/09/82/67/image1/3932aa20e27d85ee.webp,1000000325,투데이디3 for baby,https://www.phytonutri.kr/goods/goods_view.php?goodsNo=1000000325,4.9,3634,0,0,"{'1': ['만족도', '편의성']}",[],[]
98113,16,5,smart_store,스마트스토어,먹이기 편하고 깔끔. 맛도 고소한거 같으면서 살짝 비릿?,2026-06-09T16:21:11+09:00,2026-06-09,네이버 스마트스토어 구****,5,True,1,1,https://assets6.cre.ma/p/phytonutri-kr/reviews/00/00/09/81/13/image1/94e508c165891d18.webp,1000000281,지니어스뉴 드롭스&톡캡스,https://www.phytonutri.kr/goods/goods_view.php?goodsNo=1000000281,4.9,14386,0,0,"{'0': ['만족도', '맛'], '1': ['편의성']}",[],[]
98114,16,5,smart_store,스마트스토어,아이에게 꾸준히 먹이고있습니다.,2026-06-09T16:05:41+09:00,2026-06-09,네이버 스마트스토어 구****,5,False,0,0,,1000000281,지니어스뉴 드롭스&톡캡스,https://www.phytonutri.kr/goods/goods_view.php?goodsNo=1000000281,4.9,14386,0,0,{'1': ['만족도']},[],[]
98115,16,5,smart_store,스마트스토어,"14갤이고 스포이드보단 캡슐이 관리하기 더 편할거같아서 캡슐 하루1개씩 주는데
잘받아먹어요.변도 잘보는거같아요~",2026-06-09T16:05:21+09:00,2026-06-09,네이버 스마트스토어 구****,5,True,1,1,https://assets6.cre.ma/p/phytonutri-kr/reviews/00/00/09/81/15/image1/5bcda8a9bef169d6.webp,1000000281,지니어스뉴 드롭스&톡캡스,https://www.phytonutri.kr/goods/goods_view.php?goodsNo=1000000281,4.9,14386,0,0,"{'1': ['만족도', '효과', '편의성']}",[],[]
98116,16,5,smart_store,스마트스토어,"성인들도 꼭 먹어야 할 영양제 중에 오메가가 있는데, 애기도 필요하다고 해서 구매해서 이유식과 먹이고 있어요! 맛보니까 약간 참기름 맛이 나서 애기도 거부감 없이 잘 먹고 있어요 ㅎㅎ",2026-06-09T15:36:50+09:00,2026-06-09,네이버 스마트스토어 구****,5,True,1,1,https://assets6.cre.ma/p/phytonutri-kr/reviews/00/00/09/81/16/image1/f6c673ac0823e9f3.webp,1000000281,지니어스뉴 드롭스&톡캡스,https://www.phytonutri.kr/goods/goods_view.php?goodsNo=1000000281,4.9,14386,0,0,"{'1': ['만족도', '맛']}",[],[]
98117,16,5,smart_store,스마트스토어,"애기 분유, 이유식으로는 부족하다고 해서 구매했어요! 가격이 있기는 하지만 애기가 맨날 나가서 산책나가서 비타민 디가 충족되는것도 아니고, 칼슘도 부족한 것 같아서 먹이고 있습니다!",2026-06-09T15:33:36+09:00,2026-06-09,네이버 스마트스토어 구****,5,True,1,1,https://assets6.cre.ma/p/phytonutri-kr/reviews/00/00/09/81/17/image1/fdaff5c876f1b27d.webp,1000000297,"그로우뉴 아이 유기농칼슘&마그네슘 비타민D,k2,망간",https://www.phytonutri.kr/goods/goods_view.php?goodsNo=1000000297,4.9,4844,0,0,"{'0': ['만족도', '성분'], '-1': ['가격']}",[],[]
98118,16,5,smart_store,스마트스토어,먹이기 편하고 너무 좋아요,2026-06-09T15:24:49+09:00,2026-06-09,네이버 스마트스토어 구****,5,True,1,1,https://assets6.cre.ma/p/phytonutri-kr/reviews/00/00/09/81/18/image1/30d2ee184be4c3c9.webp,1000000326,지니어스뉴 + 투데이디3 세트,https://www.phytonutri.kr/goods/goods_view.php?goodsNo=1000000326,4.8,245,0,0,"{'2': ['만족도'], '1': ['편의성']}",[],[]
98119,16,5,smart_store,스마트스토어,"첫째두갸
둘때하낰식먹이고이5;&;6",2026-06-09T14:56:29+09:00,2026-06-09,네이버 스마트스토어 구****,5,False,0,0,,1000000325,투데이디3 for baby,https://www.phytonutri.kr/goods/goods_view.php?goodsNo=1000000325,4.9,3634,0,0,{'0': ['만족도']},[],[]
98120,16,5,smart_store,스마트스토어,"아이가 거부감 없이 잘 먹어요.
항상 오일타입을 사는데 제가 잘못시켜 오일밤을 줬는데 아이는 둘다 괜찮은것같아요.",2026-06-09T14:54:32+09:00,2026-06-09,네이버 스마트스토어 구****,5,True,1,1,https://assets6.cre.ma/p/phytonutri-kr/reviews/00/00/09/81/20/image1/7cb6242d2296d9fc.webp,1000000326,지니어스뉴 + 투데이디3 세트,https://www.phytonutri.kr/goods/goods_view.php?goodsNo=1000000326,4.8,245,0,0,"{'1': ['만족도'], '0': ['성분']}",[],[]
98121,16,5,smart_store,스마트스토어,"7개월 먹이고 재주문합니다 
아기가 잘먹고 비타민 너무 시간을 좋아해요
오메가3,비타민D 함께 먹이고 있어요",2026-06-09T14:51:00+09:00,2026-06-09,네이버 스마트스토어 구****,5,True,1,1,https://assets6.cre.ma/p/phytonutri-kr/reviews/00/00/09/81/21/image1/e55c78703a9e3d30.webp,1000000325,투데이디3 for baby,https://www.phytonutri.kr/goods/goods_view.php?goodsNo=1000000325,4.9,3634,0,0,"{'2': ['만족도', '맛']}",[],[]
98112,16,5,,자사몰(고도몰),"오메가3는 원래 꾸준히 챙겨 먹고 있었는데 제품마다 차이가 있긴 하더군요.

기존에 먹던 제품은 먹고 나면 비린내가 올라오는 느낌도 있었고 속도 좀 더부룩해서 다 먹으면 다른 제품으로 바꿔보려고 생각하고 있었습니다.

이번에는 조금 다른 제품을 찾아보다가 구매하게 됐는데 개인적으로 만족하고 있습니다.

먹고 나서 속도 편안한 편이고 예전처럼 비린내가 올라오는 느낌도 거의 없습니다.

흡수 여부를 직접 확인할 수는 없지만 몸이 전반적으로 조금 더 가볍고 개운하게 느껴지네요.

건강기능식품은 결국 꾸준히 먹는 게 중요하다고 생각하는데 그런 면에서는 부담 없이 챙겨 먹을 수 있다는 점이 마음에 듭니다.

당분간은 계속 먹어볼 생각입니다.",2026-06-09T14:39:13+09:00,2026-06-09,박****,10,True,2,2,https://assets6.cre.ma/p/phytonutri-kr/reviews/00/00/09/81/12/image1/d928c0cf672d2761.webp|https://assets6.cre.ma/p/phytonutri-kr/reviews/00/00/09/81/12/image2/60abcf0e7a4a9311.webp,1000000406,듀오좀 마그앤알티지 식물성 듀얼 오메가3,https://www.phytonutri.kr/goods/goods_view.php?goodsNo=1000000406,4.7,27,4,0,"{'1': ['만족도', '효과']}",[],"[{'name': '성별', 'value': '남성'}, {'name': '연령대', 'value': '40대'}]"
98111,16,5,,자사몰(고도몰),"엄마 아빠가 영양제는 좋다고 해도 맨날 까먹거나 알약 크면 먹기 싫다고 하시거든요ㅠㅠ

그래서 이번에는 진짜 먹기 편한 걸로 찾아보자 싶어서 구매했어요.

오메가3는 워낙 알약이 큰 제품이 많아서 걱정했는데 이건 크기가 부담스럽지 않아서 괜찮더라고요.

엄마도 ""이 정도면 먹을 만하다"" 하시고 아빠도 별말 없이 잘 챙겨 드시는 중이에요ㅋㅋ

크기가 얼마나 작은가 했는데 이전에 먹던 오메가3랑 비교해봤더니 이유가 있었더라고요? 그래서 그런지 이제 오메가3도 잘 챙겨먹네요

솔직히 영양제는 좋은 것도 꾸준히 먹어야 의미 있다고 생각하는데 그런 면에서는 만족스러워요.

부모님 건강 챙겨드리고 싶은 마음에 산 건데 잘 드시는 모습 보니까 괜히 뿌듯하네요🥹

다 드시면 또 사드릴 생각입니다:)",2026-06-09T14:37:31+09:00,2026-06-09,장****,10,True,3,3,https://assets6.cre.ma/p/phytonutri-kr/reviews/00/00/09/81/11/image1/d20d9095ac803dec.webp|https://assets6.cre.ma/p/phytonutri-kr/reviews/00/00/09/81/11/image2/db34f3eeaedb04e0.webp|https://assets6.cre.ma/p/phytonutri-kr/reviews/00/00/09/81/11/image3/fc9b33b4c30ddf30.webp,1000000406,듀오좀 마그앤알티지 식물성 듀얼 오메가3,https://www.phytonutri.kr/goods/goods_view.php?goodsNo=1000000406,4.7,27,1,0,"{'1': ['만족도', '크기']}",[],"[{'name': '성별', 'value': '여성'}, {'name': '연령대', 'value': '20대'}]"
98122,16,5,smart_store,스마트스토어,후기가 좋아 구매해봤습니다. 맛이 좋네요,2026-06-09T14:35:26+09:00,2026-06-09,네이버 스마트스토어 구****,5,True,1,1,https://assets6.cre.ma/p/phytonutri-kr/reviews/00/00/09/81/22/image1/5ccb74ecf3d0d0c7.webp,1000000396,수드티 루이보스 허브 블렌드 티 강황 맘먼트 임산부 차,https://www.phytonutri.kr/goods/goods_view.php?goodsNo=1000000396,4.7,33,0,0,"{'1': ['만족도', '맛']}",[],[]
98123,16,5,smart_store,스마트스토어,친구 소개로 접하게 되었어요 ㅎ 아이가 정말.잘 먹네요 ㅎㅎ,2026-06-09T14:32:37+09:00,2026-06-09,네이버 스마트스토어 구****,5,False,0,0,,1000000342,이트뮨 아이 배도라지즙&엘더베리사과주스,https://www.phytonutri.kr/goods/goods_view.php?goodsNo=1000000342,4.9,609,0,0,{'1': ['만족도']},[],[]
98124,17,5,smart_store,스마트스토어,잘먹고 있습니다 다음세도 재주문 할께요,2026-06-09T14:25:40+09:00,2026-06-09,네이버 스마트스토어 구****,5,True,1,1,https://assets6.cre.ma/p/phytonutri-kr/reviews/00/00/09/81/24/image1/7ffc739d48d2d4a0.webp,1000000325,투데이디3 for baby,https://www.phytonutri.kr/goods/goods_view.php?goodsNo=1000000325,4.9,3634,0,0,{'1': ['만족도']},[],[]
98125,17,5,smart_store,스마트스토어,애기가 잘먹고 있어요 다음에도 재주문할께요,2026-06-09T14:24:29+09:00,2026-06-09,네이버 스마트스토어 구****,5,True,1,1,https://assets6.cre.ma/p/phytonutri-kr/reviews/00/00/09/81/25/image1/d311298c0bd1eef0.webp,1000000281,지니어스뉴 드롭스&톡캡스,https://www.phytonutri.kr/goods/goods_view.php?goodsNo=1000000281,4.9,14386,0,0,{'1': ['만족도']},[],[]
98126,17,5,smart_store,스마트스토어,"액상 오메가를 찾다가 발견했어요
시다고 조금 거부감은 있긴한데 스티커 붙이면서 잘 먹고 있습니다.",2026-06-09T14:09:56+09:00,2026-06-09,네이버 스마트스토어 구****,5,True,1,1,https://assets6.cre.ma/p/phytonutri-kr/reviews/00/00/09/81/26/image1/eb39caf150a7aef7.webp,1000000379,지니어스뉴 키즈 국내 유일 스퀴즈 짜먹는 어린이 오메가3 DHA ALA 콜린 올로메가,https://www.phytonutri.kr/goods/goods_view.php?goodsNo=1000000379,4.6,127,0,0,"{'0': ['만족도'], '-1': ['맛']}",[],[]
98127,17,5,smart_store,스마트스토어,아이가 잘먹어요! 안먹을까봐.걱정했는데 잘먹고 좋아해요 꾸쥰히먹여보려구요,2026-06-09T14:00:22+09:00,2026-06-09,네이버 스마트스토어 구****,5,True,1,1,https://assets6.cre.ma/p/phytonutri-kr/reviews/00/00/09/81/27/image1/3212bbb2e2b840ea.webp,1000000281,지니어스뉴 드롭스&톡캡스,https://www.phytonutri.kr/goods/goods_view.php?goodsNo=1000000281,4.9,14386,0,0,"{'1': ['만족도', '맛']}",[],[]
98128,17,5,smart_store,스마트스토어,계속 지니어스뉴 액상오메가3로 먹이다가 톡탭스로 구매했어요:) 넘 편리하구요 계속 꾸준히 먹일생각이에요!!!,2026-06-09T13:58:07+09:00,2026-06-09,네이버 스마트스토어 구****,5,True,1,1,https://assets6.cre.ma/p/phytonutri-kr/reviews/00/00/09/81/28/image1/734a335a002e7acb.webp,1000000281,지니어스뉴 드롭스&톡캡스,https://www.phytonutri.kr/goods/goods_view.php?goodsNo=1000000281,4.9,14386,0,0,"{'1': ['만족도'], '2': ['편의성']}",[],[]
98129,17,5,smart_store,스마트스토어,잘먹여보겠습니다 워낙 리뷰가 좋아서요,2026-06-09T13:19:09+09:00,2026-06-09,네이버 스마트스토어 구****,5,True,1,1,https://assets6.cre.ma/p/phytonutri-kr/reviews/00/00/09/81/29/image1/cd3846bc26d799df.webp,1000000281,지니어스뉴 드롭스&톡캡스,https://www.phytonutri.kr/goods/goods_view.php?goodsNo=1000000281,4.9,14386,0,0,{'1': ['만족도']},[],[]
98130,17,5,smart_store,스마트스토어,아이가   원래 지니어스뉴  먹었는데  이건좀   시큼햐서  싫어하지만   얼려주면   시원해서  잘먹어요,2026-06-09T13:05:19+09:00,2026-06-09,네이버 스마트스토어 구****,5,True,1,1,https://assets6.cre.ma/p/phytonutri-kr/reviews/00/00/09/81/30/image1/a02654aecced4853.webp,1000000379,지니어스뉴 키즈 국내 유일 스퀴즈 짜먹는 어린이 오메가3 DHA ALA 콜린 올로메가,https://www.phytonutri.kr/goods/goods_view.php?goodsNo=1000000379,4.6,127,0,0,"{'0': ['만족도', '맛']}",[],[]
98131,17,5,smart_store,스마트스토어,우리애기아주  잘먹어요,2026-06-09T13:04:28+09:00,2026-06-09,네이버 스마트스토어 구****,5,True,1,1,https://assets6.cre.ma/p/phytonutri-kr/reviews/00/00/09/81/31/image1/1a5117ec83febc82.webp,1000000297,"그로우뉴 아이 유기농칼슘&마그네슘 비타민D,k2,망간",https://www.phytonutri.kr/goods/goods_view.php?goodsNo=1000000297,4.9,4844,0,0,{'1': ['만족도']},[],[]
98132,17,5,smart_store,스마트스토어,"지인 추천으로 우리 아기 일년째 복용 중인 
투데이디3 비타민디 💫⭐️✨🌟

유통기한 넉넉하고 상온 보관 용이하고
오일밤 형태가 처음엔 낯설었지만
지금은 세돌 아기가 직접 짜먹어요💛

먹이면서도 늘 불안했던 드롭형보다 
꿀꺽 먹는게 눈에 보이는 오일밤 강추💡",2026-06-09T12:29:58+09:00,2026-06-09,네이버 스마트스토어 구****,5,True,1,1,https://assets6.cre.ma/p/phytonutri-kr/reviews/00/00/09/81/32/image1/8841bdbcbad1c129.webp,1000000325,투데이디3 for baby,https://www.phytonutri.kr/goods/goods_view.php?goodsNo=1000000325,4.9,3634,0,0,"{'2': ['만족도'], '1': ['유통기한', '편의성']}",[],[]
98133,17,5,smart_store,스마트스토어,"잘먹고있어요
저녁마다챙겨먹어요",2026-06-09T12:18:33+09:00,2026-06-09,네이버 스마트스토어 구****,5,True,1,1,https://assets6.cre.ma/p/phytonutri-kr/reviews/00/00/09/81/33/image1/04d6332ffcbe5d81.webp,1000000297,"그로우뉴 아이 유기농칼슘&마그네슘 비타민D,k2,망간",https://www.phytonutri.kr/goods/goods_view.php?goodsNo=1000000297,4.9,4844,0,0,{'1': ['만족도']},[],[]
98134,17,5,smart_store,스마트스토어,아이가 잘먹어요 좋아요,2026-06-09T11:08:52+09:00,2026-06-09,네이버 스마트스토어 구****,5,True,1,1,https://assets6.cre.ma/p/phytonutri-kr/reviews/00/00/09/81/34/image1/2c972a7863fc480b.webp,1000000281,지니어스뉴 드롭스&톡캡스,https://www.phytonutri.kr/goods/goods_view.php?goodsNo=1000000281,4.9,14386,0,0,{'1': ['만족도']},[],[]
98135,17,5,smart_store,스마트스토어,"냄새안나고 두돌아기 잘먹어요.
떨어지면 계속 재구매하고있어요",2026-06-09T11:07:34+09:00,2026-06-09,네이버 스마트스토어 구****,5,True,1,1,https://assets6.cre.ma/p/phytonutri-kr/reviews/00/00/09/81/35/image1/79367f3c62f71f8e.webp,1000000281,지니어스뉴 드롭스&톡캡스,https://www.phytonutri.kr/goods/goods_view.php?goodsNo=1000000281,4.9,14386,0,0,"{'1': ['만족도', '냄새']}",[],[]
98136,17,5,smart_store,스마트스토어,이유식 처음 시작 할때부터 꾸준히 줬는데 잘 먹어요,2026-06-09T11:06:32+09:00,2026-06-09,네이버 스마트스토어 구****,5,True,1,1,https://assets6.cre.ma/p/phytonutri-kr/reviews/00/00/09/81/36/image1/1fb8f8278fc832c3.webp,1000000281,지니어스뉴 드롭스&톡캡스,https://www.phytonutri.kr/goods/goods_view.php?goodsNo=1000000281,4.9,14386,0,0,{'1': ['만족도']},[],[]
98137,17,5,smart_store,스마트스토어,아기가 부담없이잘먹어서 좋아요 ㅋㅋ,2026-06-09T11:02:54+09:00,2026-06-09,네이버 스마트스토어 구****,5,True,1,1,https://assets6.cre.ma/p/phytonutri-kr/reviews/00/00/09/81/37/image1/76d6f9027a5ccc8d.webp,1000000281,지니어스뉴 드롭스&톡캡스,https://www.phytonutri.kr/goods/goods_view.php?goodsNo=1000000281,4.9,14386,0,0,"{'1': ['만족도', '식감']}",[],[]
98138,17,5,smart_store,스마트스토어,어릴때부터 계속 먹이고 있는 제품입니닷!,2026-06-09T10:45:37+09:00,2026-06-09,네이버 스마트스토어 구****,5,True,1,1,https://assets6.cre.ma/p/phytonutri-kr/reviews/00/00/09/81/38/image1/43f7576d2fdb02b4.webp,1000000281,지니어스뉴 드롭스&톡캡스,https://www.phytonutri.kr/goods/goods_view.php?goodsNo=1000000281,4.9,14386,0,0,{'2': ['만족도']},[],[]
98139,17,5,smart_store,스마트스토어,꾸준히먹이려고준비하고있어요,2026-06-09T10:24:41+09:00,2026-06-09,네이버 스마트스토어 구****,5,True,1,1,https://assets6.cre.ma/p/phytonutri-kr/reviews/00/00/09/81/39/image1/b8d470432cc77927.webp,1000000297,"그로우뉴 아이 유기농칼슘&마그네슘 비타민D,k2,망간",https://www.phytonutri.kr/goods/goods_view.php?goodsNo=1000000297,4.9,4844,0,0,{'0': ['만족도']},[],[]
98140,17,5,smart_store,스마트스토어,열감기걸려서 힘들어할때먹였어요 잘먹고 나았습니다,2026-06-09T10:19:24+09:00,2026-06-09,네이버 스마트스토어 구****,5,False,0,0,,1000000342,이트뮨 아이 배도라지즙&엘더베리사과주스,https://www.phytonutri.kr/goods/goods_view.php?goodsNo=1000000342,4.9,609,0,0,{'1': ['만족도']},[],[]
98141,17,5,smart_store,스마트스토어,몇달째 꾸준히 먹이고있습니다 좋아요~~,2026-06-09T10:03:41+09:00,2026-06-09,네이버 스마트스토어 구****,5,True,1,1,https://assets6.cre.ma/p/phytonutri-kr/reviews/00/00/09/81/41/image1/b36da7df291e766a.webp,1000000297,"그로우뉴 아이 유기농칼슘&마그네슘 비타민D,k2,망간",https://www.phytonutri.kr/goods/goods_view.php?goodsNo=1000000297,4.9,4844,0,0,{'1': ['만족도']},[],[]
98142,17,5,smart_store,스마트스토어,몇달째 꾸준히 잘 먹이고있어요 !!,2026-06-09T10:02:47+09:00,2026-06-09,네이버 스마트스토어 구****,5,True,1,1,https://assets6.cre.ma/p/phytonutri-kr/reviews/00/00/09/81/42/image1/33ccdd9070245a4d.webp,1000000363,데이프로바 for baby 아기 쌩쌩유산균,https://www.phytonutri.kr/goods/goods_view.php?goodsNo=1000000363,4.9,363,0,0,{'1': ['만족도']},[],[]
98143,17,5,smart_store,스마트스토어,남편이 계속 먹고있어요,2026-06-09T09:53:27+09:00,2026-06-09,네이버 스마트스토어 구****,5,True,1,1,https://assets6.cre.ma/p/phytonutri-kr/reviews/00/00/09/81/43/image1/acd513c887811bf1.webp,1000000403,뉴스데일리베스트 X 파이토뉴트리 맨드로포즈+,https://www.phytonutri.kr/goods/goods_view.php?goodsNo=1000000403,4.7,193,0,0,{'1': ['만족도']},[],[]
98144,18,5,smart_store,스마트스토어,아기가 분유에서 이제 이성분이 빠진다해서 급하게 구매햇는데 먹이기도 편리하구 냄새는 좀 비려도 그래도 잘먹어줍니당ㅎㅎ,2026-06-09T09:52:24+09:00,2026-06-09,네이버 스마트스토어 구****,5,True,1,1,https://assets6.cre.ma/p/phytonutri-kr/reviews/00/00/09/81/44/image1/d42660b920999095.webp,1000000281,지니어스뉴 드롭스&톡캡스,https://www.phytonutri.kr/goods/goods_view.php?goodsNo=1000000281,4.9,14386,0,0,"{'1': ['만족도', '편의성'], '-1': ['냄새']}",[],[]
98145,18,5,smart_store,스마트스토어,"배송은 느렸지만,
아기가 잘먹어줘서 기대하고 있습니다.",2026-06-09T09:35:22+09:00,2026-06-09,네이버 스마트스토어 구****,5,True,1,1,https://assets6.cre.ma/p/phytonutri-kr/reviews/00/00/09/81/45/image1/0695e51e813f6b72.webp,1000000297,"그로우뉴 아이 유기농칼슘&마그네슘 비타민D,k2,망간",https://www.phytonutri.kr/goods/goods_view.php?goodsNo=1000000297,4.9,4844,0,0,"{'1': ['만족도'], '-1': ['배송']}",[],[]
98146,18,5,smart_store,스마트스토어,늘 잘 먹고 있습니다.,2026-06-09T09:35:16+09:00,2026-06-09,네이버 스마트스토어 구****,5,True,1,1,https://assets6.cre.ma/p/phytonutri-kr/reviews/00/00/09/81/46/image1/460759733bd68b7d.webp,1000000281,지니어스뉴 드롭스&톡캡스,https://www.phytonutri.kr/goods/goods_view.php?goodsNo=1000000281,4.9,14386,0,0,{'1': ['만족도']},[],[]
98147,18,4,smart_store,스마트스토어,캡슐이 더 편할거 같아서 샀는데 항상 손에 묻어서 좀 불편하네요~ㅠ,2026-06-09T09:30:40+09:00,2026-06-09,네이버 스마트스토어 구****,5,True,1,1,https://assets6.cre.ma/p/phytonutri-kr/reviews/00/00/09/81/47/image1/67ecbee11036ef73.webp,1000000298,지니어스뉴 + 그로우뉴 세트,https://www.phytonutri.kr/goods/goods_view.php?goodsNo=1000000298,4.9,1413,0,0,"{'-1': ['만족도', '편의성']}",[],[]
98148,18,5,smart_store,스마트스토어,아는 언니네 애기가 먹여보고 추천받은거라 사봤어요 이유식에 섞어주니까 거부감 없이 먹네요,2026-06-09T08:52:43+09:00,2026-06-09,네이버 스마트스토어 구****,5,True,1,1,https://assets6.cre.ma/p/phytonutri-kr/reviews/00/00/09/81/48/image1/6b5e7495f40dbe25.webp,1000000297,"그로우뉴 아이 유기농칼슘&마그네슘 비타민D,k2,망간",https://www.phytonutri.kr/goods/goods_view.php?goodsNo=1000000297,4.9,4844,0,0,"{'1': ['만족도', '효과']}",[],[]
98149,18,5,smart_store,스마트스토어,애기가 엄청 좋아해서 매번 주문합니다,2026-06-09T08:31:50+09:00,2026-06-09,네이버 스마트스토어 구****,5,True,1,1,https://assets6.cre.ma/p/phytonutri-kr/reviews/00/00/09/81/49/image1/ef3b631e03b4103b.webp,1000000325,투데이디3 for baby,https://www.phytonutri.kr/goods/goods_view.php?goodsNo=1000000325,4.9,3634,0,0,{'2': ['만족도']},[],[]
98150,18,3,smart_store,스마트스토어,좋습니다 좋습니다.,2026-06-09T08:28:41+09:00,2026-06-09,네이버 스마트스토어 구****,5,True,1,1,https://assets6.cre.ma/p/phytonutri-kr/reviews/00/00/09/81/50/image1/08a1fef79939a5fb.webp,1000000325,투데이디3 for baby,https://www.phytonutri.kr/goods/goods_view.php?goodsNo=1000000325,4.9,3634,0,0,{'1': ['만족도']},[],[]
98151,18,5,smart_store,스마트스토어,아이가 다리아프다고 해서 주문해봤는데 효○ 좋은거 같아요!! 다리아프다고 안해서 좋네요 맛도 괜찮은지 잘먹어요,2026-06-09T08:10:22+09:00,2026-06-09,네이버 스마트스토어 구****,5,True,1,1,https://assets6.cre.ma/p/phytonutri-kr/reviews/00/00/09/81/51/image1/9006c064a9cb0959.webp,1000000297,"그로우뉴 아이 유기농칼슘&마그네슘 비타민D,k2,망간",https://www.phytonutri.kr/goods/goods_view.php?goodsNo=1000000297,4.9,4844,0,0,"{'1': ['만족도', '맛', '효과']}",[],[]
98152,18,5,smart_store,스마트스토어,사봤아요 후기보고 ㅎㅎ,2026-06-09T08:03:31+09:00,2026-06-09,네이버 스마트스토어 구****,5,True,1,1,https://assets6.cre.ma/p/phytonutri-kr/reviews/00/00/09/81/52/image1/751ea5413333f55a.webp,1000000281,지니어스뉴 드롭스&톡캡스,https://www.phytonutri.kr/goods/goods_view.php?goodsNo=1000000281,4.9,14386,0,0,{'0': ['만족도']},[],[]
98153,18,5,smart_store,스마트스토어,금액대높지만 휴대하기편라고 개별포장땨문에 계속주문,2026-06-09T08:03:05+09:00,2026-06-09,네이버 스마트스토어 구****,5,True,1,1,https://assets6.cre.ma/p/phytonutri-kr/reviews/00/00/09/81/53/image1/df2748c19dd8ff8c.webp,1000000325,투데이디3 for baby,https://www.phytonutri.kr/goods/goods_view.php?goodsNo=1000000325,4.9,3634,0,0,"{'1': ['만족도', '포장', '편의성'], '-1': ['가격']}",[],[]
98154,18,5,smart_store,스마트스토어,"약간 비릿한 냄새가 있긴해요!
그래도 밥에 섞어주면 아기가 잘 먹어요~",2026-06-09T08:02:19+09:00,2026-06-09,네이버 스마트스토어 구****,5,True,1,1,https://assets6.cre.ma/p/phytonutri-kr/reviews/00/00/09/81/54/image1/920cb1d6488a2352.webp,1000000281,지니어스뉴 드롭스&톡캡스,https://www.phytonutri.kr/goods/goods_view.php?goodsNo=1000000281,4.9,14386,0,0,"{'1': ['만족도'], '-1': ['냄새']}",[],[]
98155,18,3,smart_store,스마트스토어,항상 구매하여 아이에게 주고잇어요 감사합니다,2026-06-09T07:42:34+09:00,2026-06-09,네이버 스마트스토어 구****,5,True,1,1,https://assets6.cre.ma/p/phytonutri-kr/reviews/00/00/09/81/55/image1/182272df4aa847fe.webp,1000000297,"그로우뉴 아이 유기농칼슘&마그네슘 비타민D,k2,망간",https://www.phytonutri.kr/goods/goods_view.php?goodsNo=1000000297,4.9,4844,0,0,{'2': ['만족도']},[],[]
98110,18,4,,자사몰(고도몰),13개월아기 잘먹을줄 모르고 혹시나 싶어 한박스만 구매했는데 더 살걸 그랬내요 생각보다 잘먹어줘서 재구매 예정이예요.,2026-06-09T07:40:42+09:00,2026-06-09,박****,10,True,1,1,https://assets6.cre.ma/p/phytonutri-kr/reviews/00/00/09/81/10/image1/19af0226413e5548.webp,1000000342,이트뮨 아이 배도라지즙&엘더베리사과주스,https://www.phytonutri.kr/goods/goods_view.php?goodsNo=1000000342,4.9,609,0,0,{'1': ['만족도']},"[{'name': '구매 옵션', 'value': '[옵션06] 이트뮨 엘더베리사과주스 1팩'}]","[{'name': '아이 성별', 'value': '남자'}, {'name': '몇 개월인가요?', 'value': '13~24개월'}]"
98156,18,5,smart_store,스마트스토어,아이가 커가면서 성장때문에 먹이기 시작했어요,2026-06-09T07:19:32+09:00,2026-06-09,네이버 스마트스토어 구****,5,False,0,0,,1000000297,"그로우뉴 아이 유기농칼슘&마그네슘 비타민D,k2,망간",https://www.phytonutri.kr/goods/goods_view.php?goodsNo=1000000297,4.9,4844,0,0,{'0': ['만족도']},[],[]
98157,18,5,smart_store,스마트스토어,열심히 먹이고 있어요. 낱개포장에 톡 뜯어서 먹이면되니 한방울 한방울 떨어지는 거 기다리지 않아도 돼요.,2026-06-09T07:15:47+09:00,2026-06-09,네이버 스마트스토어 구****,5,True,1,1,https://assets6.cre.ma/p/phytonutri-kr/reviews/00/00/09/81/57/image1/9fc36c5e7c61637d.webp,1000000326,지니어스뉴 + 투데이디3 세트,https://www.phytonutri.kr/goods/goods_view.php?goodsNo=1000000326,4.8,245,0,0,"{'1': ['만족도', '포장']}",[],[]
98158,18,5,smart_store,스마트스토어,매번 시켜먹고있아요~~,2026-06-08T23:28:41+09:00,2026-06-08,네이버 스마트스토어 구****,5,True,1,1,https://assets6.cre.ma/p/phytonutri-kr/reviews/00/00/09/81/58/image1/1cd06f6a59a0eb25.webp,1000000297,"그로우뉴 아이 유기농칼슘&마그네슘 비타민D,k2,망간",https://www.phytonutri.kr/goods/goods_view.php?goodsNo=1000000297,4.9,4844,0,0,{'2': ['만족도']},[],[]
98159,18,5,smart_store,스마트스토어,촉촉해서 잘 사용하고 있습니다 좋아요,2026-06-08T23:25:55+09:00,2026-06-08,네이버 스마트스토어 구****,5,True,1,1,https://assets6.cre.ma/p/phytonutri-kr/reviews/00/00/09/81/59/image1/0d2bf05fc164bb97.webp,1000000342,이트뮨 아이 배도라지즙&엘더베리사과주스,https://www.phytonutri.kr/goods/goods_view.php?goodsNo=1000000342,4.9,609,0,0,"{'1': ['만족도', '식감']}",[],[]
98160,18,5,smart_store,스마트스토어,"아기들이 정말 좋아합니다.
그리고 위생적입니다",2026-06-08T23:13:43+09:00,2026-06-08,네이버 스마트스토어 구****,5,True,1,1,https://assets6.cre.ma/p/phytonutri-kr/reviews/00/00/09/81/60/image1/6a2e0c82dd5cf50f.webp,1000000325,투데이디3 for baby,https://www.phytonutri.kr/goods/goods_view.php?goodsNo=1000000325,4.9,3634,0,0,"{'1': ['만족도', '품질']}",[],[]
98161,18,5,smart_store,스마트스토어,위생적이고 좋아요~~,2026-06-08T23:05:48+09:00,2026-06-08,네이버 스마트스토어 구****,5,True,1,1,https://assets6.cre.ma/p/phytonutri-kr/reviews/00/00/09/81/61/image1/79262e032a7b716e.webp,1000000375,데이프로바 + 투데이디3 세트,https://www.phytonutri.kr/goods/goods_view.php?goodsNo=1000000375,4.9,139,0,0,"{'1': ['만족도', '품질', '포장']}",[],[]
98162,18,5,smart_store,스마트스토어,매번 다시 주문하고 있습니다~~,2026-06-08T23:05:05+09:00,2026-06-08,네이버 스마트스토어 구****,5,True,1,1,https://assets6.cre.ma/p/phytonutri-kr/reviews/00/00/09/81/62/image1/56512bc7bb981ef9.webp,1000000375,데이프로바 + 투데이디3 세트,https://www.phytonutri.kr/goods/goods_view.php?goodsNo=1000000375,4.9,139,0,0,{'2': ['만족도']},[],[]
98163,19,5,smart_store,스마트스토어,"꾸준히 먹이고 있고 아기에게 잘 맞아요!
포장도 항상 꼼꼼하고 배송이 빨라요",2026-06-08T22:58:49+09:00,2026-06-08,네이버 스마트스토어 구****,5,True,1,1,https://assets6.cre.ma/p/phytonutri-kr/reviews/00/00/09/81/63/image1/403db5bea8c08b15.webp,1000000363,데이프로바 for baby 아기 쌩쌩유산균,https://www.phytonutri.kr/goods/goods_view.php?goodsNo=1000000363,4.9,363,0,0,"{'1': ['만족도', '배송', '포장']}",[],[]
98164,19,5,smart_store,스마트스토어,"아기에게 잘맞아서 꾸준히 먹이고 있어요, 배송도 빨라서 좋아요!",2026-06-08T22:57:08+09:00,2026-06-08,네이버 스마트스토어 구****,5,True,1,1,https://assets6.cre.ma/p/phytonutri-kr/reviews/00/00/09/81/64/image1/c9687da2b52a1f4d.webp,1000000363,데이프로바 for baby 아기 쌩쌩유산균,https://www.phytonutri.kr/goods/goods_view.php?goodsNo=1000000363,4.9,363,0,0,"{'1': ['만족도', '배송']}",[],[]
98165,19,5,smart_store,스마트스토어,애기가 맛있다고 좋아해요,2026-06-08T22:38:29+09:00,2026-06-08,네이버 스마트스토어 구****,5,False,0,0,,1000000342,이트뮨 아이 배도라지즙&엘더베리사과주스,https://www.phytonutri.kr/goods/goods_view.php?goodsNo=1000000342,4.9,609,0,0,"{'1': ['만족도', '맛']}",[],[]
98166,19,5,smart_store,스마트스토어,변을 편하게 보는거 같아요!,2026-06-08T22:13:03+09:00,2026-06-08,네이버 스마트스토어 구****,5,False,0,0,,1000000363,데이프로바 for baby 아기 쌩쌩유산균,https://www.phytonutri.kr/goods/goods_view.php?goodsNo=1000000363,4.9,363,0,0,"{'1': ['만족도', '효과']}",[],[]
98167,19,5,smart_store,스마트스토어,"정확한 용량이 표시되어 있지않아 조금 불편해요 ㅜ 
눈금이라도 있음 참고를 할텐데 아쉽네요",2026-06-08T22:02:26+09:00,2026-06-08,네이버 스마트스토어 구****,5,True,1,1,https://assets6.cre.ma/p/phytonutri-kr/reviews/00/00/09/81/67/image1/78ae49bcab975e1b.webp,1000000281,지니어스뉴 드롭스&톡캡스,https://www.phytonutri.kr/goods/goods_view.php?goodsNo=1000000281,4.9,14386,0,0,"{'-1': ['만족도', '포장', '용량']}",[],[]
98168,19,5,smart_store,스마트스토어,먹이기편해서 좋아요좋라요좋아려,2026-06-08T21:18:10+09:00,2026-06-08,네이버 스마트스토어 구****,5,True,1,1,https://assets6.cre.ma/p/phytonutri-kr/reviews/00/00/09/81/68/image1/20694d50d97457cb.webp,1000000325,투데이디3 for baby,https://www.phytonutri.kr/goods/goods_view.php?goodsNo=1000000325,4.9,3634,0,0,"{'1': ['만족도', '편의성']}",[],[]
98169,19,5,smart_store,스마트스토어,"예전에 유통기한 임박해서 4병 다 버렸었는데,
이번엔 괜찮았어요.
입맛 까다로운아기인데 
아기가 너무너무너무 잘먹고 좋아해요!",2026-06-08T21:15:16+09:00,2026-06-08,네이버 스마트스토어 구****,5,True,1,1,https://assets6.cre.ma/p/phytonutri-kr/reviews/00/00/09/81/69/image1/b3249e6fb9580745.webp,1000000281,지니어스뉴 드롭스&톡캡스,https://www.phytonutri.kr/goods/goods_view.php?goodsNo=1000000281,4.9,14386,0,0,"{'1': ['만족도', '유통기한'], '2': ['맛']}",[],[]
98170,19,5,smart_store,스마트스토어,"무맛이라 섞여먹이기 편해요
매일 챙겨먹이고있어요
꾸준히 먹여서 도움됐음 좋겠어요",2026-06-08T20:05:22+09:00,2026-06-08,네이버 스마트스토어 구****,5,True,1,1,https://assets6.cre.ma/p/phytonutri-kr/reviews/00/00/09/81/70/image1/93bef19e4e08b651.webp,1000000297,"그로우뉴 아이 유기농칼슘&마그네슘 비타민D,k2,망간",https://www.phytonutri.kr/goods/goods_view.php?goodsNo=1000000297,4.9,4844,0,0,"{'1': ['만족도'], '0': ['맛']}",[],[]
98171,19,5,smart_store,스마트스토어,"돌무렵부터 꾸준히 먹이고있어요
옷에 흘리면 비린내 끝장인데..
평소 생선 등 잘 안먹는 아이라 영양 보충 생각해서 열심히 먹이고 있어요 👍",2026-06-08T18:44:30+09:00,2026-06-08,네이버 스마트스토어 구****,5,False,0,0,,1000000281,지니어스뉴 드롭스&톡캡스,https://www.phytonutri.kr/goods/goods_view.php?goodsNo=1000000281,4.9,14386,0,0,"{'1': ['만족도'], '-2': ['냄새']}",[],[]
98172,19,5,smart_store,스마트스토어,아이가 거부감 없이 너무 잘먹어서 계속 구매중 입니다 ㅎㅎ,2026-06-08T17:36:14+09:00,2026-06-08,네이버 스마트스토어 구****,5,True,1,1,https://assets6.cre.ma/p/phytonutri-kr/reviews/00/00/09/81/72/image1/c6b72d4a23efe941.webp,1000000325,투데이디3 for baby,https://www.phytonutri.kr/goods/goods_view.php?goodsNo=1000000325,4.9,3634,0,0,{'2': ['만족도']},[],[]
98173,19,5,smart_store,스마트스토어,조금 비싸지만 퀄리티 믿구 구매해요,2026-06-08T17:35:30+09:00,2026-06-08,네이버 스마트스토어 구****,5,True,1,1,https://assets6.cre.ma/p/phytonutri-kr/reviews/00/00/09/81/73/image1/113b667e112a6c89.webp,1000000281,지니어스뉴 드롭스&톡캡스,https://www.phytonutri.kr/goods/goods_view.php?goodsNo=1000000281,4.9,14386,0,0,"{'0': ['만족도'], '-1': ['가격'], '1': ['품질']}",[],[]
98109,19,4,,자사몰(고도몰),첫구매 먹기 편해요,2026-06-08T17:02:03+09:00,2026-06-08,zini******,5,False,0,0,,1000000281,지니어스뉴 드롭스&톡캡스,https://www.phytonutri.kr/goods/goods_view.php?goodsNo=1000000281,4.9,14386,0,0,"{'1': ['만족도', '편의성']}",[],[]
98174,19,5,smart_store,스마트스토어,이번에 스포이드로 변경해서 구매,2026-06-08T14:42:44+09:00,2026-06-08,네이버 스마트스토어 구****,5,True,1,1,https://assets6.cre.ma/p/phytonutri-kr/reviews/00/00/09/81/74/image1/008d2ef7873a5799.webp,1000000281,지니어스뉴 드롭스&톡캡스,https://www.phytonutri.kr/goods/goods_view.php?goodsNo=1000000281,4.9,14386,0,0,{'0': ['만족도']},[],[]
98175,19,5,smart_store,스마트스토어,"9개월 아기 
오메가3 챙겨먹이려고 구매했어요 
톡캡스라 따서 이유식에 섞어먹이기 쉬워요",2026-06-08T14:03:41+09:00,2026-06-08,네이버 스마트스토어 구****,5,True,1,1,https://assets6.cre.ma/p/phytonutri-kr/reviews/00/00/09/81/75/image1/ec977b88967b4659.webp,1000000281,지니어스뉴 드롭스&톡캡스,https://www.phytonutri.kr/goods/goods_view.php?goodsNo=1000000281,4.9,14386,0,0,"{'1': ['만족도', '편의성']}",[],[]
98176,19,5,smart_store,스마트스토어,배송도빠르고 주기적으로 먹이고 있습니다,2026-06-08T13:35:40+09:00,2026-06-08,네이버 스마트스토어 구****,5,False,0,0,,1000000281,지니어스뉴 드롭스&톡캡스,https://www.phytonutri.kr/goods/goods_view.php?goodsNo=1000000281,4.9,14386,0,0,"{'1': ['만족도', '배송']}",[],[]
98177,19,5,smart_store,스마트스토어,아기가 맛있다고 더 달라고하네요 건강도 챙기고 좋습니다,2026-06-08T13:35:24+09:00,2026-06-08,네이버 스마트스토어 구****,5,False,0,0,,1000000281,지니어스뉴 드롭스&톡캡스,https://www.phytonutri.kr/goods/goods_view.php?goodsNo=1000000281,4.9,14386,0,0,"{'1': ['만족도', '맛', '효과']}",[],[]
98178,19,5,smart_store,스마트스토어,배송도 빠르고 주기적으로 구매하고있습니다,2026-06-08T13:34:33+09:00,2026-06-08,네이버 스마트스토어 구****,5,False,0,0,,1000000281,지니어스뉴 드롭스&톡캡스,https://www.phytonutri.kr/goods/goods_view.php?goodsNo=1000000281,4.9,14386,0,0,"{'1': ['만족도', '배송']}",[],[]
98179,19,5,smart_store,스마트스토어,스포이드로 먹이는게 불편해요!,2026-06-08T13:30:53+09:00,2026-06-08,네이버 스마트스토어 구****,5,True,1,1,https://assets6.cre.ma/p/phytonutri-kr/reviews/00/00/09/81/79/image1/eab6dd08127e9afd.webp,1000000281,지니어스뉴 드롭스&톡캡스,https://www.phytonutri.kr/goods/goods_view.php?goodsNo=1000000281,4.9,14386,0,0,"{'-1': ['만족도', '편의성']}",[],[]
98180,19,5,smart_store,스마트스토어,아기 거부감 없이 잘 먹어요 꾸준히 먹여볼생각이에요,2026-06-08T13:16:19+09:00,2026-06-08,네이버 스마트스토어 구****,5,True,1,1,https://assets6.cre.ma/p/phytonutri-kr/reviews/00/00/09/81/80/image1/faf824ebc78d8a37.webp,1000000281,지니어스뉴 드롭스&톡캡스,https://www.phytonutri.kr/goods/goods_view.php?goodsNo=1000000281,4.9,14386,0,0,"{'1': ['만족도', '맛']}",[],[]
98181,19,5,smart_store,스마트스토어,너무 너무 좋아요!,2026-06-08T13:05:31+09:00,2026-06-08,네이버 스마트스토어 구****,5,True,1,1,https://assets6.cre.ma/p/phytonutri-kr/reviews/00/00/09/81/81/image1/32b6289f2b7cfa7e.webp,1000000281,지니어스뉴 드롭스&톡캡스,https://www.phytonutri.kr/goods/goods_view.php?goodsNo=1000000281,4.9,14386,0,0,{'2': ['만족도']},[],[]
98182,20,3,smart_store,스마트스토어,"좋아요~~~~~~,",2026-06-08T12:46:39+09:00,2026-06-08,네이버 스마트스토어 구****,5,True,1,1,https://assets6.cre.ma/p/phytonutri-kr/reviews/00/00/09/81/82/image1/b53ca01e7edbe327.webp,1000000281,지니어스뉴 드롭스&톡캡스,https://www.phytonutri.kr/goods/goods_view.php?goodsNo=1000000281,4.9,14386,0,0,{'1': ['만족도']},[],[]
98183,20,3,smart_store,스마트스토어,좋아요~~~~~~~,2026-06-08T12:43:34+09:00,2026-06-08,네이버 스마트스토어 구****,5,True,1,1,https://assets6.cre.ma/p/phytonutri-kr/reviews/00/00/09/81/83/image1/3eef409b5cca1d68.webp,1000000281,지니어스뉴 드롭스&톡캡스,https://www.phytonutri.kr/goods/goods_view.php?goodsNo=1000000281,4.9,14386,0,0,{'1': ['만족도']},[],[]
98184,20,5,smart_store,스마트스토어,배송빠르고 아기한테 좋길,2026-06-08T12:05:22+09:00,2026-06-08,네이버 스마트스토어 구****,5,True,1,1,https://assets6.cre.ma/p/phytonutri-kr/reviews/00/00/09/81/84/image1/2b69e11372274ffa.webp,1000000325,투데이디3 for baby,https://www.phytonutri.kr/goods/goods_view.php?goodsNo=1000000325,4.9,3634,0,0,"{'1': ['만족도', '배송']}",[],[]
98185,20,5,smart_store,스마트스토어,편하고 개별포장이라 좋아요!,2026-06-08T11:58:20+09:00,2026-06-08,네이버 스마트스토어 구****,5,True,1,1,https://assets6.cre.ma/p/phytonutri-kr/reviews/00/00/09/81/85/image1/9dadd3e302a82957.webp,1000000325,투데이디3 for baby,https://www.phytonutri.kr/goods/goods_view.php?goodsNo=1000000325,4.9,3634,0,0,"{'1': ['만족도', '포장', '편의성']}",[],[]
98186,20,5,smart_store,스마트스토어,1통 먼저 먹여보고 편해서 또 시켰어요!,2026-06-08T11:57:21+09:00,2026-06-08,네이버 스마트스토어 구****,5,True,1,1,https://assets6.cre.ma/p/phytonutri-kr/reviews/00/00/09/81/86/image1/9d525a505ea14c48.webp,1000000325,투데이디3 for baby,https://www.phytonutri.kr/goods/goods_view.php?goodsNo=1000000325,4.9,3634,0,0,"{'1': ['만족도', '편의성']}",[],[]
98187,20,5,smart_store,스마트스토어,우리집 애기는 여기 배즙만먹어요ㅠㅠ제가 먹어도맛잇어요 ㅎㅎ또 구매의사 있습니다,2026-06-08T11:34:11+09:00,2026-06-08,네이버 스마트스토어 구****,5,False,0,0,,1000000342,이트뮨 아이 배도라지즙&엘더베리사과주스,https://www.phytonutri.kr/goods/goods_view.php?goodsNo=1000000342,4.9,609,0,0,"{'1': ['만족도', '맛']}",[],[]
98188,20,5,smart_store,스마트스토어,우유에 타주몀 아기가 거부감 없이 잘 먹어서 너무 좋아요.,2026-06-08T11:24:03+09:00,2026-06-08,네이버 스마트스토어 구****,5,True,1,1,https://assets6.cre.ma/p/phytonutri-kr/reviews/00/00/09/81/88/image1/e048917ddd4a2688.webp,1000000281,지니어스뉴 드롭스&톡캡스,https://www.phytonutri.kr/goods/goods_view.php?goodsNo=1000000281,4.9,14386,0,0,"{'2': ['만족도'], '1': ['효과']}",[],[]
98020,20,5,smart_store,스마트스토어,"모바일에서출력가능
은행이체내역영수증누르면나옴",2026-06-08T10:57:18+09:00,2026-06-08,네이버 스마트스토어 구****,5,False,0,0,,1000000379,지니어스뉴 키즈 국내 유일 스퀴즈 짜먹는 어린이 오메가3 DHA ALA 콜린 올로메가,https://www.phytonutri.kr/goods/goods_view.php?goodsNo=1000000379,4.6,127,0,0,{'0': ['만족도']},[],[]
98021,20,5,smart_store,스마트스토어,아기가 잘 먹고 개별포장되어있어서 계속 사게되네요,2026-06-08T10:17:31+09:00,2026-06-08,네이버 스마트스토어 구****,5,True,1,1,https://assets6.cre.ma/p/phytonutri-kr/reviews/00/00/09/80/21/image1/8e70a52c6c688c10.webp,1000000325,투데이디3 for baby,https://www.phytonutri.kr/goods/goods_view.php?goodsNo=1000000325,4.9,3634,0,0,"{'1': ['만족도', '포장']}",[],[]
98022,20,5,smart_store,스마트스토어,너무 좋아욧 ㅎㅎ !,2026-06-08T10:16:57+09:00,2026-06-08,네이버 스마트스토어 구****,5,True,1,1,https://assets6.cre.ma/p/phytonutri-kr/reviews/00/00/09/80/22/image1/b06004935dd6a549.webp,1000000281,지니어스뉴 드롭스&톡캡스,https://www.phytonutri.kr/goods/goods_view.php?goodsNo=1000000281,4.9,14386,0,0,{'2': ['만족도']},[],[]
98023,20,5,smart_store,스마트스토어,톡캡스 먹이다가 돌 지나서 갈아탔어요 아직 톡캡스 남아서 못먹여봤네요ㅠ,2026-06-08T09:43:17+09:00,2026-06-08,네이버 스마트스토어 구****,5,False,0,0,,1000000281,지니어스뉴 드롭스&톡캡스,https://www.phytonutri.kr/goods/goods_view.php?goodsNo=1000000281,4.9,14386,0,0,{'0': ['만족도']},[],[]
98024,20,5,smart_store,스마트스토어,늘 시켜먹이고 잇어요~~,2026-06-08T09:16:54+09:00,2026-06-08,네이버 스마트스토어 구****,5,True,1,1,https://assets6.cre.ma/p/phytonutri-kr/reviews/00/00/09/80/24/image1/70a5ad997f33b80c.webp,1000000297,"그로우뉴 아이 유기농칼슘&마그네슘 비타민D,k2,망간",https://www.phytonutri.kr/goods/goods_view.php?goodsNo=1000000297,4.9,4844,0,0,{'2': ['만족도']},[],[]
98025,20,5,smart_store,스마트스토어,만족합니다 아주 편해요,2026-06-08T08:59:03+09:00,2026-06-08,네이버 스마트스토어 구****,5,True,1,1,https://assets6.cre.ma/p/phytonutri-kr/reviews/00/00/09/80/25/image1/093a93905c8b5b38.webp,1000000297,"그로우뉴 아이 유기농칼슘&마그네슘 비타민D,k2,망간",https://www.phytonutri.kr/goods/goods_view.php?goodsNo=1000000297,4.9,4844,0,0,"{'1': ['만족도'], '2': ['편의성']}",[],[]
98019,20,3,,자사몰(고도몰),식물성 오메가3 찾다가 구매했는데 rTG랑 MAG를 같이 넣었다고 해서 눈에 들어왔네요…!,2026-06-08T08:56:24+09:00,2026-06-08,장****,10,False,0,0,,1000000406,듀오좀 마그앤알티지 식물성 듀얼 오메가3,https://www.phytonutri.kr/goods/goods_view.php?goodsNo=1000000406,4.7,27,0,0,"{'0': ['만족도', '성분']}",[],"[{'name': '성별', 'value': '여성'}, {'name': '연령대', 'value': '50대 이상'}]"
98018,20,4,,자사몰(고도몰),오메가3는 다 비슷한 줄 알았는데 찾아 보니 rTG랑 MAG가 같이 들어간 제품은 거의 없더라고요 확실히 각자의 장점이 들어가있어서 그런지 가격은 좀 있어도 선택하게 됐어요~,2026-06-08T08:55:11+09:00,2026-06-08,윤****,10,False,0,0,,1000000406,듀오좀 마그앤알티지 식물성 듀얼 오메가3,https://www.phytonutri.kr/goods/goods_view.php?goodsNo=1000000406,4.7,27,1,0,"{'1': ['만족도', '성분'], '-1': ['가격']}",[],"[{'name': '성별', 'value': '여성'}, {'name': '연령대', 'value': '40대'}]"
98017,20,4,,자사몰(고도몰),엄마 드리려고 샀는데 알약 크기가 부담스럽지 않다고 하시네요. 잘 드신다니까 다행이에요ㅎㅎ,2026-06-08T08:54:03+09:00,2026-06-08,조****,10,False,0,0,,1000000406,듀오좀 마그앤알티지 식물성 듀얼 오메가3,https://www.phytonutri.kr/goods/goods_view.php?goodsNo=1000000406,4.7,27,0,0,"{'1': ['만족도', '크기']}",[],"[{'name': '성별', 'value': '여성'}, {'name': '연령대', 'value': '20대'}]"
98016,20,5,,자사몰(고도몰),흡수 관련 설명이 눈에 들어와서 구매했어요. 사실 이런 부분은 잘 모르는데 설명이 자세해서 믿고 먹어보려고 합니다.,2026-06-08T08:53:07+09:00,2026-06-08,윤****,10,False,0,0,,1000000406,듀오좀 마그앤알티지 식물성 듀얼 오메가3,https://www.phytonutri.kr/goods/goods_view.php?goodsNo=1000000406,4.7,27,0,0,{'0': ['만족도']},[],"[{'name': '성별', 'value': '남성'}, {'name': '연령대', 'value': '40대'}]"
98015,20,5,,자사몰(고도몰),오메가3는 다 비슷한줄 알았는데 설명 보다보니 차이가 꽤 있더라구요. 그래서 좀 더 믿음 가는걸로 골랐어요.,2026-06-08T08:52:31+09:00,2026-06-08,조****,10,False,0,0,,1000000406,듀오좀 마그앤알티지 식물성 듀얼 오메가3,https://www.phytonutri.kr/goods/goods_view.php?goodsNo=1000000406,4.7,27,0,0,{'0': ['만족도']},[],"[{'name': '성별', 'value': '남성'}, {'name': '연령대', 'value': '30대'}]"
98026,20,5,smart_store,스마트스토어,아이들이 잘먹고 오락가락한 날씨에도 잘지내는것같아요 추천합니다,2026-06-08T08:00:06+09:00,2026-06-08,네이버 스마트스토어 구****,5,True,1,1,https://assets6.cre.ma/p/phytonutri-kr/reviews/00/00/09/80/26/image1/962dddb04d961e1b.webp,1000000342,이트뮨 아이 배도라지즙&엘더베리사과주스,https://www.phytonutri.kr/goods/goods_view.php?goodsNo=1000000342,4.9,609,0,0,{'1': ['만족도']},[],[]
98027,20,5,smart_store,스마트스토어,항상 구매하는 제품,2026-06-08T07:49:47+09:00,2026-06-08,네이버 스마트스토어 구****,5,True,1,1,https://assets6.cre.ma/p/phytonutri-kr/reviews/00/00/09/80/27/image1/1a9655a1c6ee6bbd.webp,1000000281,지니어스뉴 드롭스&톡캡스,https://www.phytonutri.kr/goods/goods_view.php?goodsNo=1000000281,4.9,14386,0,0,{'2': ['만족도']},[],[]
98028,21,5,smart_store,스마트스토어,쟁여 사둡니다 맛잇어해요,2026-06-08T00:44:02+09:00,2026-06-08,네이버 스마트스토어 구****,5,False,0,0,,1000000342,이트뮨 아이 배도라지즙&엘더베리사과주스,https://www.phytonutri.kr/goods/goods_view.php?goodsNo=1000000342,4.9,609,0,0,"{'1': ['만족도', '맛']}",[],[]
98029,21,5,smart_store,스마트스토어,우리 아기가 이거 먹고 똑똑이 되쓰요,2026-06-07T23:44:59+09:00,2026-06-07,네이버 스마트스토어 구****,5,True,1,1,https://assets6.cre.ma/p/phytonutri-kr/reviews/00/00/09/80/29/image1/0503a6386bcd5410.webp,1000000281,지니어스뉴 드롭스&톡캡스,https://www.phytonutri.kr/goods/goods_view.php?goodsNo=1000000281,4.9,14386,0,0,"{'1': ['만족도', '효과']}",[],[]
98030,21,5,smart_store,스마트스토어,저희집 애기는 매일 이걸 먹어여,2026-06-07T23:40:25+09:00,2026-06-07,네이버 스마트스토어 구****,5,True,1,1,https://assets6.cre.ma/p/phytonutri-kr/reviews/00/00/09/80/30/image1/64133b52a70662d1.webp,1000000281,지니어스뉴 드롭스&톡캡스,https://www.phytonutri.kr/goods/goods_view.php?goodsNo=1000000281,4.9,14386,0,0,{'1': ['만족도']},[],[]
98031,21,5,smart_store,스마트스토어,산패에 취약하지 않아좋고 간단히 먹이기에 좋아요,2026-06-07T23:18:16+09:00,2026-06-07,네이버 스마트스토어 구****,5,True,1,1,https://assets6.cre.ma/p/phytonutri-kr/reviews/00/00/09/80/31/image1/3ffb14f1b8d39038.webp,1000000326,지니어스뉴 + 투데이디3 세트,https://www.phytonutri.kr/goods/goods_view.php?goodsNo=1000000326,4.8,245,0,0,"{'1': ['만족도', '편의성']}",[],[]
98032,21,5,smart_store,스마트스토어,"아이가 너무 잘먹어서
쟁여두고 사고있어요",2026-06-07T23:00:19+09:00,2026-06-07,네이버 스마트스토어 구****,5,True,1,1,https://assets6.cre.ma/p/phytonutri-kr/reviews/00/00/09/80/32/image1/1a84dfbc7a8eee86.webp,1000000342,이트뮨 아이 배도라지즙&엘더베리사과주스,https://www.phytonutri.kr/goods/goods_view.php?goodsNo=1000000342,4.9,609,0,0,{'1': ['만족도']},[],[]
98033,21,5,smart_store,스마트스토어,먹이던 비타민D가 떨어져서 이번엔 이걸로 시켜보았어요~  건강히 잘자라길,2026-06-07T22:31:02+09:00,2026-06-07,네이버 스마트스토어 구****,5,True,1,1,https://assets6.cre.ma/p/phytonutri-kr/reviews/00/00/09/80/33/image1/e3a30b6a8a6dab4d.webp,1000000297,"그로우뉴 아이 유기농칼슘&마그네슘 비타민D,k2,망간",https://www.phytonutri.kr/goods/goods_view.php?goodsNo=1000000297,4.9,4844,0,0,{'0': ['만족도']},[],[]
98034,21,5,smart_store,스마트스토어,"14개월 아기 키우고 있어요! 
산패 걱정없이 잘 먹이고있습니다 !",2026-06-07T22:07:15+09:00,2026-06-07,네이버 스마트스토어 구****,5,True,1,1,https://assets6.cre.ma/p/phytonutri-kr/reviews/00/00/09/80/34/image1/098fa39c54f77f58.webp,1000000325,투데이디3 for baby,https://www.phytonutri.kr/goods/goods_view.php?goodsNo=1000000325,4.9,3634,0,0,{'1': ['만족도']},[],[]
98035,21,5,smart_store,스마트스토어,그로우뉴만 먹이다가 이번에 지니어스뉴도 같이 먹이게 됬어요 ㅎㅎ 잘먹여보겠습니다 !,2026-06-07T22:04:02+09:00,2026-06-07,네이버 스마트스토어 구****,5,True,1,1,https://assets6.cre.ma/p/phytonutri-kr/reviews/00/00/09/80/35/image1/8f88fb8199202f9a.webp,1000000298,지니어스뉴 + 그로우뉴 세트,https://www.phytonutri.kr/goods/goods_view.php?goodsNo=1000000298,4.9,1413,0,0,{'0': ['만족도']},[],[]
98036,21,5,smart_store,스마트스토어,배송도 빨리왔고 1대1  문의드렸는데 답변도 빠르게 해주셨어요,2026-06-07T21:56:33+09:00,2026-06-07,네이버 스마트스토어 구****,5,True,1,1,https://assets6.cre.ma/p/phytonutri-kr/reviews/00/00/09/80/36/image1/22fd20892767211a.webp,1000000281,지니어스뉴 드롭스&톡캡스,https://www.phytonutri.kr/goods/goods_view.php?goodsNo=1000000281,4.9,14386,0,0,"{'1': ['만족도', '배송']}",[],[]
98037,21,4,smart_store,스마트스토어,손녀 주려고 구입했는데 ...생각보다 맛이 없는지 잘 안먹어요,2026-06-07T21:41:43+09:00,2026-06-07,네이버 스마트스토어 구****,5,True,1,1,https://assets6.cre.ma/p/phytonutri-kr/reviews/00/00/09/80/37/image1/458f7017137dc5e1.webp,1000000325,투데이디3 for baby,https://www.phytonutri.kr/goods/goods_view.php?goodsNo=1000000325,4.9,3634,0,0,"{'-1': ['만족도', '맛']}",[],[]
98038,21,5,smart_store,스마트스토어,아기용으로 샀습니다. 한달동안 잘 먹였고 재구매 예정이에요.,2026-06-07T21:19:21+09:00,2026-06-07,네이버 스마트스토어 구****,5,False,0,0,,1000000325,투데이디3 for baby,https://www.phytonutri.kr/goods/goods_view.php?goodsNo=1000000325,4.9,3634,0,0,{'1': ['만족도']},[],[]
98039,21,5,smart_store,스마트스토어,배송도 빠르고 상품도 좋아요.,2026-06-07T21:19:19+09:00,2026-06-07,네이버 스마트스토어 구****,5,False,0,0,,1000000281,지니어스뉴 드롭스&톡캡스,https://www.phytonutri.kr/goods/goods_view.php?goodsNo=1000000281,4.9,14386,0,0,"{'1': ['만족도', '배송']}",[],[]
98040,21,5,smart_store,스마트스토어,늘 먹던거에요 꾸준히 먹일 생각입니자,2026-06-07T21:05:52+09:00,2026-06-07,네이버 스마트스토어 구****,5,True,1,1,https://assets6.cre.ma/p/phytonutri-kr/reviews/00/00/09/80/40/image1/b9df21dc31672bba.webp,1000000298,지니어스뉴 + 그로우뉴 세트,https://www.phytonutri.kr/goods/goods_view.php?goodsNo=1000000298,4.9,1413,0,0,{'1': ['만족도']},[],[]
98041,21,5,smart_store,스마트스토어,아기 첫 비타민디로 구매했어요,2026-06-07T20:11:13+09:00,2026-06-07,네이버 스마트스토어 구****,5,True,1,1,https://assets6.cre.ma/p/phytonutri-kr/reviews/00/00/09/80/41/image1/90f579e43aeded05.webp,1000000325,투데이디3 for baby,https://www.phytonutri.kr/goods/goods_view.php?goodsNo=1000000325,4.9,3634,0,0,{'0': ['만족도']},[],[]
98042,21,5,smart_store,스마트스토어,아기가 잘먹어서좋아요,2026-06-07T20:10:04+09:00,2026-06-07,네이버 스마트스토어 구****,5,True,1,1,https://assets6.cre.ma/p/phytonutri-kr/reviews/00/00/09/80/42/image1/35d476496e98b6d6.webp,1000000281,지니어스뉴 드롭스&톡캡스,https://www.phytonutri.kr/goods/goods_view.php?goodsNo=1000000281,4.9,14386,0,0,{'1': ['만족도']},[],[]
98043,21,5,smart_store,스마트스토어,항상 잘 먹이고 있습니다. 감사합니다,2026-06-07T18:35:52+09:00,2026-06-07,네이버 스마트스토어 구****,5,True,1,1,https://assets6.cre.ma/p/phytonutri-kr/reviews/00/00/09/80/43/image1/96329f5c59f33e4d.webp,1000000325,투데이디3 for baby,https://www.phytonutri.kr/goods/goods_view.php?goodsNo=1000000325,4.9,3634,0,0,{'1': ['만족도']},[],[]
98044,21,5,smart_store,스마트스토어,오일밤형태라 완모맘인데 유두에 묻혀서 주고있어요 아기가 온 얼굴에 묻히며 먹어서 실제로 얼마나 먹는지는 모르겠지만... 한번에 하나씩 짜먹이면 되니까 편리해여,2026-06-07T18:11:22+09:00,2026-06-07,네이버 스마트스토어 구****,5,False,0,0,,1000000325,투데이디3 for baby,https://www.phytonutri.kr/goods/goods_view.php?goodsNo=1000000325,4.9,3634,0,0,"{'1': ['만족도', '편의성']}",[],[]
98045,21,5,smart_store,스마트스토어,비싸긴 하지만 우리 아기 건강을 위해 선택했어요,2026-06-07T18:01:16+09:00,2026-06-07,네이버 스마트스토어 구****,5,True,1,1,https://assets6.cre.ma/p/phytonutri-kr/reviews/00/00/09/80/45/image1/78ea43f078964a6a.webp,1000000281,지니어스뉴 드롭스&톡캡스,https://www.phytonutri.kr/goods/goods_view.php?goodsNo=1000000281,4.9,14386,0,0,"{'0': ['만족도'], '-1': ['가격']}",[],[]
98046,21,5,smart_store,스마트스토어,"잘먹어요~
만족입니다",2026-06-07T17:45:35+09:00,2026-06-07,네이버 스마트스토어 구****,5,False,0,0,,1000000379,지니어스뉴 키즈 국내 유일 스퀴즈 짜먹는 어린이 오메가3 DHA ALA 콜린 올로메가,https://www.phytonutri.kr/goods/goods_view.php?goodsNo=1000000379,4.6,127,0,0,{'1': ['만족도']},[],[]
98047,21,5,smart_store,스마트스토어,항상 구매하는 제품이요,2026-06-07T17:33:23+09:00,2026-06-07,네이버 스마트스토어 구****,5,True,1,1,https://assets6.cre.ma/p/phytonutri-kr/reviews/00/00/09/80/47/image1/aeaacb322e5545ff.webp,1000000297,"그로우뉴 아이 유기농칼슘&마그네슘 비타민D,k2,망간",https://www.phytonutri.kr/goods/goods_view.php?goodsNo=1000000297,4.9,4844,0,0,{'2': ['만족도']},[],[]
98048,22,5,smart_store,스마트스토어,좋은건 모르겠으나 아이가 잘 먹고 간편해서 좋아요,2026-06-07T17:33:09+09:00,2026-06-07,네이버 스마트스토어 구****,5,True,1,1,https://assets6.cre.ma/p/phytonutri-kr/reviews/00/00/09/80/48/image1/2cbb50ecd26feb88.webp,1000000281,지니어스뉴 드롭스&톡캡스,https://www.phytonutri.kr/goods/goods_view.php?goodsNo=1000000281,4.9,14386,0,0,"{'1': ['만족도', '편의성']}",[],[]
98049,22,5,smart_store,스마트스토어,아기가 우유를 잘 안먹어서 먹여요 거부감 없이 잘 먹고 있어요,2026-06-07T17:26:35+09:00,2026-06-07,네이버 스마트스토어 구****,5,False,0,0,,1000000297,"그로우뉴 아이 유기농칼슘&마그네슘 비타민D,k2,망간",https://www.phytonutri.kr/goods/goods_view.php?goodsNo=1000000297,4.9,4844,0,0,"{'1': ['만족도', '효과']}",[],[]
98050,22,5,smart_store,스마트스토어,"톡캡슐 쭉 먹이다가
조금더 급여가 용이한 드롭으로
재구매했어요
먹어보니 드롭이 덜 비리네요??
맛이 조금 달라요
아이가 또달라고 할정도로 잘먹어요!!
하루 두번 줍니다ㅎㅎ

산패관리를 위해 냉장보관합니다!!",2026-06-07T16:21:51+09:00,2026-06-07,네이버 스마트스토어 구****,5,True,1,1,https://assets6.cre.ma/p/phytonutri-kr/reviews/00/00/09/80/50/image1/2c4488c5778461aa.webp,1000000281,지니어스뉴 드롭스&톡캡스,https://www.phytonutri.kr/goods/goods_view.php?goodsNo=1000000281,4.9,14386,0,0,"{'1': ['만족도', '맛']}",[],[]
98051,22,5,smart_store,스마트스토어,비타민D는 늘 여기서만 구매해요,2026-06-07T16:08:42+09:00,2026-06-07,네이버 스마트스토어 구****,5,False,0,0,,1000000325,투데이디3 for baby,https://www.phytonutri.kr/goods/goods_view.php?goodsNo=1000000325,4.9,3634,0,0,{'2': ['만족도']},[],[]
98052,22,5,smart_store,스마트스토어,비타민D는 늘 이제품만 구매합니다 !,2026-06-07T16:08:20+09:00,2026-06-07,네이버 스마트스토어 구****,5,False,0,0,,1000000325,투데이디3 for baby,https://www.phytonutri.kr/goods/goods_view.php?goodsNo=1000000325,4.9,3634,0,0,{'2': ['만족도']},[],[]
98012,22,4,,자사몰(고도몰),"아직 먹기전이라 일단 별 4개
가성비 좋을거같아 주문해봤어요
한달양에 만원정도하니 세일할때 쟁였어요
일단 읻을수 있는 파이토뉴트리 라서요",2026-06-07T15:17:02+09:00,2026-06-07,cjh2******,5,True,1,1,https://assets6.cre.ma/p/phytonutri-kr/reviews/00/00/09/80/12/image1/154e5bb0a4e3a9d8.webp,1000000398,KD 파마 듀얼 초임계 rTG 오메가3,https://www.phytonutri.kr/goods/goods_view.php?goodsNo=1000000398,4.9,121,0,0,"{'0': ['만족도'], '1': ['가격']}",[],[]
98013,22,5,,자사몰(고도몰),"늘 주문하고 있는 칼슘 이에요
온가족이 다 같이 먹어서 금방 떨어지더라구요
울애들은 성장기라서 저희부부는 갱년기라서 열심히 챙겨 먹고 있습니다",2026-06-07T15:15:03+09:00,2026-06-07,cjh2******,5,True,1,1,https://assets6.cre.ma/p/phytonutri-kr/reviews/00/00/09/80/13/image1/39a7f1a5236bbbbe.webp,1000000020,인-칼슘 앱솔브+,https://www.phytonutri.kr/goods/goods_view.php?goodsNo=1000000020,4.7,968,0,0,{'1': ['만족도']},[],[]
98053,22,5,smart_store,스마트스토어,잘 챙겨주고 있어요!ㅋㅋㅋ 매일 먹어요,2026-06-07T14:54:56+09:00,2026-06-07,네이버 스마트스토어 구****,5,True,1,1,https://assets6.cre.ma/p/phytonutri-kr/reviews/00/00/09/80/53/image1/f608e5922d82b281.webp,1000000375,데이프로바 + 투데이디3 세트,https://www.phytonutri.kr/goods/goods_view.php?goodsNo=1000000375,4.9,139,0,0,{'1': ['만족도']},[],[]
98054,22,5,smart_store,스마트스토어,매일 잘 먹이고 있어요,2026-06-07T14:53:43+09:00,2026-06-07,네이버 스마트스토어 구****,5,True,1,1,https://assets6.cre.ma/p/phytonutri-kr/reviews/00/00/09/80/54/image1/8a306ee9e1719f32.webp,1000000298,지니어스뉴 + 그로우뉴 세트,https://www.phytonutri.kr/goods/goods_view.php?goodsNo=1000000298,4.9,1413,0,0,{'1': ['만족도']},[],[]
98014,22,5,,자사몰(고도몰),유산균이랑 비타민 나눠져 있어서 좋아요 먹이기도 편하고 응아듀 잘 해서 재구매했어요,2026-06-07T14:51:04+09:00,2026-06-07,ssy7******,5,False,0,0,,1000000375,데이프로바 + 투데이디3 세트,https://www.phytonutri.kr/goods/goods_view.php?goodsNo=1000000375,4.9,139,0,0,"{'2': ['만족도'], '1': ['제품구성', '효과', '편의성']}",[],[]
98055,22,5,smart_store,스마트스토어,"꾸준히 먹이면 좋다고해서 먹이려구요
톡 뜯어서 빨아먹으면 돼서 넘 편해요!
개별포장이라 좋아용",2026-06-07T14:39:12+09:00,2026-06-07,네이버 스마트스토어 구****,5,True,1,1,https://assets6.cre.ma/p/phytonutri-kr/reviews/00/00/09/80/55/image1/6977816f6e8dbb5c.webp,1000000325,투데이디3 for baby,https://www.phytonutri.kr/goods/goods_view.php?goodsNo=1000000325,4.9,3634,0,0,"{'1': ['만족도', '포장', '편의성']}",[],[]
98056,22,5,smart_store,스마트스토어,아이가 거부 없이 잘 먹어서 다행이에요 ㅎㅎ,2026-06-07T14:37:40+09:00,2026-06-07,네이버 스마트스토어 구****,5,True,1,1,https://assets6.cre.ma/p/phytonutri-kr/reviews/00/00/09/80/56/image1/f844487e3a2fb0ab.webp,1000000281,지니어스뉴 드롭스&톡캡스,https://www.phytonutri.kr/goods/goods_view.php?goodsNo=1000000281,4.9,14386,0,0,{'1': ['만족도']},[],[]
98057,22,5,smart_store,스마트스토어,좋아용 ㅎㅎㅎ아주숫굿,2026-06-07T14:25:35+09:00,2026-06-07,네이버 스마트스토어 구****,5,False,0,0,,1000000325,투데이디3 for baby,https://www.phytonutri.kr/goods/goods_view.php?goodsNo=1000000325,4.9,3634,0,0,{'2': ['만족도']},[],[]
98058,22,5,smart_store,스마트스토어,도아용저아용아주둣긋,2026-06-07T14:24:38+09:00,2026-06-07,네이버 스마트스토어 구****,5,False,0,0,,1000000325,투데이디3 for baby,https://www.phytonutri.kr/goods/goods_view.php?goodsNo=1000000325,4.9,3634,0,0,{'1': ['만족도']},[],[]
98059,22,4,smart_store,스마트스토어,비린맛이 나는지 아기가 좋아하지는 않네요,2026-06-07T13:49:44+09:00,2026-06-07,네이버 스마트스토어 구****,5,False,0,0,,1000000281,지니어스뉴 드롭스&톡캡스,https://www.phytonutri.kr/goods/goods_view.php?goodsNo=1000000281,4.9,14386,0,0,"{'-1': ['만족도', '맛']}",[],[]
98060,22,5,smart_store,스마트스토어,"목 넘기기에 크기가 적당하고
효○는 꾸준히 먹어봐야겠네요.",2026-06-07T12:31:41+09:00,2026-06-07,네이버 스마트스토어 구****,5,True,1,1,https://assets6.cre.ma/p/phytonutri-kr/reviews/00/00/09/80/60/image1/d067385f4a07c70e.webp,1000000398,KD 파마 듀얼 초임계 rTG 오메가3,https://www.phytonutri.kr/goods/goods_view.php?goodsNo=1000000398,4.9,121,0,0,"{'0': ['만족도'], '1': ['크기', '식감']}",[],[]
98061,22,4,smart_store,스마트스토어,아이가 잘 먹긴해요,2026-06-07T12:21:01+09:00,2026-06-07,네이버 스마트스토어 구****,5,True,1,1,https://assets6.cre.ma/p/phytonutri-kr/reviews/00/00/09/80/61/image1/1514736c23ee3384.webp,1000000281,지니어스뉴 드롭스&톡캡스,https://www.phytonutri.kr/goods/goods_view.php?goodsNo=1000000281,4.9,14386,0,0,{'1': ['만족도']},[],[]
98062,22,5,smart_store,스마트스토어,n번째 구매해요~ 아이가 너무 잘먹고 있어요,2026-06-07T12:06:44+09:00,2026-06-07,네이버 스마트스토어 구****,5,True,1,1,https://assets6.cre.ma/p/phytonutri-kr/reviews/00/00/09/80/62/image1/f2c71da6e2fd2078.webp,1000000297,"그로우뉴 아이 유기농칼슘&마그네슘 비타민D,k2,망간",https://www.phytonutri.kr/goods/goods_view.php?goodsNo=1000000297,4.9,4844,0,0,{'2': ['만족도']},[],[]
98063,22,5,smart_store,스마트스토어,아이의 건강에 아주 좋습니다,2026-06-07T11:52:57+09:00,2026-06-07,네이버 스마트스토어 구****,5,True,1,1,https://assets6.cre.ma/p/phytonutri-kr/reviews/00/00/09/80/63/image1/b94d4adde5b10c53.webp,1000000297,"그로우뉴 아이 유기농칼슘&마그네슘 비타민D,k2,망간",https://www.phytonutri.kr/goods/goods_view.php?goodsNo=1000000297,4.9,4844,0,0,"{'2': ['만족도', '효과']}",[],[]
98064,22,5,smart_store,스마트스토어,아주 좋은 영양젱ㅂ니다,2026-06-07T11:50:39+09:00,2026-06-07,네이버 스마트스토어 구****,5,False,0,0,,1000000281,지니어스뉴 드롭스&톡캡스,https://www.phytonutri.kr/goods/goods_view.php?goodsNo=1000000281,4.9,14386,0,0,{'2': ['만족도']},[],[]
98065,23,5,smart_store,스마트스토어,잘먹이고 있습니다~ 재구메의사 있어요,2026-06-07T11:50:09+09:00,2026-06-07,네이버 스마트스토어 구****,5,True,1,1,https://assets6.cre.ma/p/phytonutri-kr/reviews/00/00/09/80/65/image1/11f10b3b8ed3735c.webp,1000000281,지니어스뉴 드롭스&톡캡스,https://www.phytonutri.kr/goods/goods_view.php?goodsNo=1000000281,4.9,14386,0,0,{'1': ['만족도']},[],[]
98066,23,5,smart_store,스마트스토어,맛있게 잘먹고있어요~,2026-06-07T11:18:07+09:00,2026-06-07,네이버 스마트스토어 구****,5,True,1,1,https://assets6.cre.ma/p/phytonutri-kr/reviews/00/00/09/80/66/image1/c3b6d76ef46b8872.webp,1000000342,이트뮨 아이 배도라지즙&엘더베리사과주스,https://www.phytonutri.kr/goods/goods_view.php?goodsNo=1000000342,4.9,609,0,0,"{'1': ['만족도', '맛']}",[],[]
98067,23,5,smart_store,스마트스토어,성분좋고 먹이기 편해서 좋어요,2026-06-07T11:15:05+09:00,2026-06-07,네이버 스마트스토어 구****,5,True,1,1,https://assets6.cre.ma/p/phytonutri-kr/reviews/00/00/09/80/67/image1/3316777f5f4b94cf.webp,1000000325,투데이디3 for baby,https://www.phytonutri.kr/goods/goods_view.php?goodsNo=1000000325,4.9,3634,0,0,"{'1': ['만족도', '성분', '편의성']}",[],[]
98068,23,5,smart_store,스마트스토어,우유를 워낙 안먹어서 계속 사주고 있어요,2026-06-07T10:39:31+09:00,2026-06-07,네이버 스마트스토어 구****,5,True,1,1,https://assets6.cre.ma/p/phytonutri-kr/reviews/00/00/09/80/68/image1/42e313e3502e498b.webp,1000000297,"그로우뉴 아이 유기농칼슘&마그네슘 비타민D,k2,망간",https://www.phytonutri.kr/goods/goods_view.php?goodsNo=1000000297,4.9,4844,0,0,{'1': ['만족도']},[],[]
98069,23,5,smart_store,스마트스토어,우유를 잘안먹어서 구매했습니다,2026-06-07T10:39:01+09:00,2026-06-07,네이버 스마트스토어 구****,5,True,1,1,https://assets6.cre.ma/p/phytonutri-kr/reviews/00/00/09/80/69/image1/92ca4a39e0cfdc5e.webp,1000000297,"그로우뉴 아이 유기농칼슘&마그네슘 비타민D,k2,망간",https://www.phytonutri.kr/goods/goods_view.php?goodsNo=1000000297,4.9,4844,0,0,{'0': ['만족도']},[],[]
98070,23,5,smart_store,스마트스토어,아이가 잘먹고 개별포장이라 산폐걱정이 덜해서 좋습니다,2026-06-07T10:27:44+09:00,2026-06-07,네이버 스마트스토어 구****,5,True,1,1,https://assets6.cre.ma/p/phytonutri-kr/reviews/00/00/09/80/70/image1/7e995811c12e66e7.webp,1000000325,투데이디3 for baby,https://www.phytonutri.kr/goods/goods_view.php?goodsNo=1000000325,4.9,3634,0,0,"{'1': ['만족도', '포장']}",[],[]
98071,23,5,smart_store,스마트스토어,"꾸준히 주문하고 있습니다ㅎㅎ
생선을 먹다 안먹다 해서 꾸준히 먹이구 있어용",2026-06-07T10:01:34+09:00,2026-06-07,네이버 스마트스토어 구****,5,True,1,1,https://assets6.cre.ma/p/phytonutri-kr/reviews/00/00/09/80/71/image1/c657db4c267e0009.webp,1000000281,지니어스뉴 드롭스&톡캡스,https://www.phytonutri.kr/goods/goods_view.php?goodsNo=1000000281,4.9,14386,0,0,{'2': ['만족도']},[],[]
98072,23,5,smart_store,스마트스토어,매일 먹어요 아기가 그래서 엄청 건강하답니다,2026-06-07T08:56:57+09:00,2026-06-07,네이버 스마트스토어 구****,5,False,0,0,,1000000281,지니어스뉴 드롭스&톡캡스,https://www.phytonutri.kr/goods/goods_view.php?goodsNo=1000000281,4.9,14386,0,0,"{'1': ['만족도', '효과']}",[],[]
98073,23,5,smart_store,스마트스토어,개별포장이라 편해요 꾸준히 먹이고 있어요,2026-06-07T08:54:29+09:00,2026-06-07,네이버 스마트스토어 구****,5,True,1,1,https://assets6.cre.ma/p/phytonutri-kr/reviews/00/00/09/80/73/image1/54eedb70ff14c880.webp,1000000325,투데이디3 for baby,https://www.phytonutri.kr/goods/goods_view.php?goodsNo=1000000325,4.9,3634,0,0,"{'1': ['만족도', '포장']}",[],[]
98011,23,5,,자사몰(고도몰),항상 믿고 먹이고 있는 아기 영양제~,2026-06-07T08:50:51+09:00,2026-06-07,정****,10,True,1,1,https://assets6.cre.ma/p/phytonutri-kr/reviews/00/00/09/80/11/image1/2e98e2874bf66107.webp,1000000281,지니어스뉴 드롭스&톡캡스,https://www.phytonutri.kr/goods/goods_view.php?goodsNo=1000000281,4.9,14386,0,0,{'1': ['만족도']},"[{'name': '[필수] 오프너 선택', 'value': '드롭스/오프너O [주문 1건당 1개 제공]'}, {'name': '[필수] 제품선택', 'value': '지니어스뉴 드롭스 6+4+1병(총11병 약 4개월 12일분)[증정:이트뮨 10포]'}]","[{'name': '아이 성별', 'value': '여자'}, {'name': '몇 개월인가요?', 'value': '25개월 이상'}]"
98074,23,5,smart_store,스마트스토어,"아기 먹이기
편리하고 좋아요",2026-06-07T08:41:13+09:00,2026-06-07,네이버 스마트스토어 구****,5,True,1,1,https://assets6.cre.ma/p/phytonutri-kr/reviews/00/00/09/80/74/image1/45f94af159e87251.webp,1000000325,투데이디3 for baby,https://www.phytonutri.kr/goods/goods_view.php?goodsNo=1000000325,4.9,3634,0,0,"{'1': ['만족도', '편의성']}",[],[]
98075,23,5,smart_store,스마트스토어,먹기편리하고  간편해서  너무 좋습니다,2026-06-07T08:40:43+09:00,2026-06-07,네이버 스마트스토어 구****,5,True,1,1,https://assets6.cre.ma/p/phytonutri-kr/reviews/00/00/09/80/75/image1/2bff2d95f8b5f634.webp,1000000325,투데이디3 for baby,https://www.phytonutri.kr/goods/goods_view.php?goodsNo=1000000325,4.9,3634,0,0,"{'2': ['만족도'], '1': ['편의성']}",[],[]
98076,23,5,smart_store,스마트스토어,살아있는 유산균이라 믿고 먹여요!!,2026-06-07T08:03:49+09:00,2026-06-07,네이버 스마트스토어 구****,5,True,1,1,https://assets6.cre.ma/p/phytonutri-kr/reviews/00/00/09/80/76/image1/2097a4bf42be342a.webp,1000000363,데이프로바 for baby 아기 쌩쌩유산균,https://www.phytonutri.kr/goods/goods_view.php?goodsNo=1000000363,4.9,363,0,0,{'1': ['만족도']},[],[]
98077,23,5,smart_store,스마트스토어,아이도 잘 먹고 제품도 좋네요,2026-06-07T07:14:38+09:00,2026-06-07,네이버 스마트스토어 구****,5,True,1,1,https://assets6.cre.ma/p/phytonutri-kr/reviews/00/00/09/80/77/image1/a23dcc617be8f444.webp,1000000281,지니어스뉴 드롭스&톡캡스,https://www.phytonutri.kr/goods/goods_view.php?goodsNo=1000000281,4.9,14386,0,0,{'1': ['만족도']},[],[]
98078,23,4,smart_store,스마트스토어,아기가 스스러 먹ㅇ요,2026-06-07T01:01:58+09:00,2026-06-07,네이버 스마트스토어 구****,5,True,1,1,https://assets6.cre.ma/p/phytonutri-kr/reviews/00/00/09/80/78/image1/945bc7be197060d9.webp,1000000297,"그로우뉴 아이 유기농칼슘&마그네슘 비타민D,k2,망간",https://www.phytonutri.kr/goods/goods_view.php?goodsNo=1000000297,4.9,4844,0,0,{'1': ['만족도']},[],[]
98079,23,5,smart_store,스마트스토어,"항상 잘 먹이고 있어요 개별 포장이라 하나씩 먹이기
편해요",2026-06-07T00:34:28+09:00,2026-06-07,네이버 스마트스토어 구****,5,True,1,1,https://assets6.cre.ma/p/phytonutri-kr/reviews/00/00/09/80/79/image1/e6a49f825ff019b4.webp,1000000325,투데이디3 for baby,https://www.phytonutri.kr/goods/goods_view.php?goodsNo=1000000325,4.9,3634,0,0,"{'1': ['만족도', '포장', '편의성']}",[],[]
98080,23,5,smart_store,스마트스토어,좋아요 먹이기 편해요 재구매예정,2026-06-06T23:36:00+09:00,2026-06-06,네이버 스마트스토어 구****,5,True,1,1,https://assets6.cre.ma/p/phytonutri-kr/reviews/00/00/09/80/80/image1/72972519a9b05a4f.webp,1000000281,지니어스뉴 드롭스&톡캡스,https://www.phytonutri.kr/goods/goods_view.php?goodsNo=1000000281,4.9,14386,0,0,"{'1': ['만족도', '편의성']}",[],[]
98081,23,5,smart_store,스마트스토어,"잘 먹이고 있습니다 :) 
아기에게 도움이 되기를 바랍니다",2026-06-06T23:32:58+09:00,2026-06-06,네이버 스마트스토어 구****,5,True,1,1,https://assets6.cre.ma/p/phytonutri-kr/reviews/00/00/09/80/81/image1/fe15e952e8ed44b0.webp,1000000281,지니어스뉴 드롭스&톡캡스,https://www.phytonutri.kr/goods/goods_view.php?goodsNo=1000000281,4.9,14386,0,0,{'1': ['만족도']},[],[]
98082,23,5,smart_store,스마트스토어,이유식에 넣어서 매일 먹여요.,2026-06-06T22:49:44+09:00,2026-06-06,네이버 스마트스토어 구****,5,True,1,1,https://assets6.cre.ma/p/phytonutri-kr/reviews/00/00/09/80/82/image1/c885641e818b5a9b.webp,1000000281,지니어스뉴 드롭스&톡캡스,https://www.phytonutri.kr/goods/goods_view.php?goodsNo=1000000281,4.9,14386,0,0,{'1': ['만족도']},[],[]
98083,23,5,smart_store,스마트스토어,밥에 뿌려서 잘 먹었습니다. 이질감없이 잘먹네요!,2026-06-06T22:33:57+09:00,2026-06-06,네이버 스마트스토어 구****,5,True,1,1,https://assets6.cre.ma/p/phytonutri-kr/reviews/00/00/09/80/83/image1/4f2fcd231da6fa8a.webp,1000000281,지니어스뉴 드롭스&톡캡스,https://www.phytonutri.kr/goods/goods_view.php?goodsNo=1000000281,4.9,14386,0,0,{'1': ['만족도']},[],[]
98084,24,5,smart_store,스마트스토어,"아기에게 조금이나마 도움되겠지하는 맘으로 챙겨먹이고 있어요ㅎ 재구매의사 있어요^,^*",2026-06-06T22:28:06+09:00,2026-06-06,네이버 스마트스토어 구****,5,True,1,1,https://assets6.cre.ma/p/phytonutri-kr/reviews/00/00/09/80/84/image1/67199d5520c4c48c.webp,1000000281,지니어스뉴 드롭스&톡캡스,https://www.phytonutri.kr/goods/goods_view.php?goodsNo=1000000281,4.9,14386,0,0,{'1': ['만족도']},[],[]
98085,24,5,smart_store,스마트스토어,하루에 두번 나눠서 복용하느라 깜빡할때도 있는데 아기가 잘 먹어서 괜찮은것 같아요,2026-06-06T21:40:36+09:00,2026-06-06,네이버 스마트스토어 구****,5,True,1,1,https://assets6.cre.ma/p/phytonutri-kr/reviews/00/00/09/80/85/image1/33f9be66188d4924.webp,1000000281,지니어스뉴 드롭스&톡캡스,https://www.phytonutri.kr/goods/goods_view.php?goodsNo=1000000281,4.9,14386,0,0,{'1': ['만족도']},[],[]
98086,24,5,smart_store,스마트스토어,유기농원료라는 말에바로주문했습니다 아기면역력이 좋아지길바래봅니다,2026-06-06T21:39:57+09:00,2026-06-06,네이버 스마트스토어 구****,5,True,1,1,https://assets6.cre.ma/p/phytonutri-kr/reviews/00/00/09/80/86/image1/a8837361ce0d5863.webp,1000000325,투데이디3 for baby,https://www.phytonutri.kr/goods/goods_view.php?goodsNo=1000000325,4.9,3634,0,0,"{'0': ['만족도'], '1': ['품질']}",[],[]
98087,24,5,smart_store,스마트스토어,"두돌 넘게 먹이고 있어요 먹이기 간편하고
잘 먹기도해요",2026-06-06T21:11:53+09:00,2026-06-06,네이버 스마트스토어 구****,5,True,1,1,https://assets6.cre.ma/p/phytonutri-kr/reviews/00/00/09/80/87/image1/ce7ddf954bc7c84f.webp,1000000325,투데이디3 for baby,https://www.phytonutri.kr/goods/goods_view.php?goodsNo=1000000325,4.9,3634,0,0,"{'1': ['만족도', '편의성']}",[],[]
98088,24,5,smart_store,스마트스토어,"첨엔 적응하느라 묽은변을 봤는데
이젠 적응잘해서 잘먹어서 추가구입했어요 ㅎㅎ",2026-06-06T20:56:17+09:00,2026-06-06,네이버 스마트스토어 구****,5,True,1,1,https://assets6.cre.ma/p/phytonutri-kr/reviews/00/00/09/80/88/image1/41f5abcb8442224e.webp,1000000281,지니어스뉴 드롭스&톡캡스,https://www.phytonutri.kr/goods/goods_view.php?goodsNo=1000000281,4.9,14386,0,0,"{'1': ['만족도', '효과']}",[],[]
98089,24,5,smart_store,스마트스토어,만족하면서 먹이고 있어요.,2026-06-06T20:43:08+09:00,2026-06-06,네이버 스마트스토어 구****,5,True,1,1,https://assets6.cre.ma/p/phytonutri-kr/reviews/00/00/09/80/89/image1/42ca11d42361ef1a.webp,1000000281,지니어스뉴 드롭스&톡캡스,https://www.phytonutri.kr/goods/goods_view.php?goodsNo=1000000281,4.9,14386,0,0,{'1': ['만족도']},[],[]
98090,24,5,smart_store,스마트스토어,아기가 맛있게 잘 먹어요,2026-06-06T19:46:13+09:00,2026-06-06,네이버 스마트스토어 구****,5,True,1,1,https://assets6.cre.ma/p/phytonutri-kr/reviews/00/00/09/80/90/image1/e81a4037d596f6da.webp,1000000342,이트뮨 아이 배도라지즙&엘더베리사과주스,https://www.phytonutri.kr/goods/goods_view.php?goodsNo=1000000342,4.9,609,0,0,"{'1': ['만족도', '맛']}",[],[]
98091,24,5,smart_store,스마트스토어,간편하고 아기가 잘먹어서 좋아요,2026-06-06T18:20:11+09:00,2026-06-06,네이버 스마트스토어 구****,5,True,1,1,https://assets6.cre.ma/p/phytonutri-kr/reviews/00/00/09/80/91/image1/7da32c861fda7cbc.webp,1000000325,투데이디3 for baby,https://www.phytonutri.kr/goods/goods_view.php?goodsNo=1000000325,4.9,3634,0,0,"{'1': ['만족도', '편의성']}",[],[]
98092,24,5,smart_store,스마트스토어,애기때부터 잘먹이고있습니다,2026-06-06T18:13:22+09:00,2026-06-06,네이버 스마트스토어 구****,5,True,1,1,https://assets6.cre.ma/p/phytonutri-kr/reviews/00/00/09/80/92/image1/84e05c94af987529.webp,1000000281,지니어스뉴 드롭스&톡캡스,https://www.phytonutri.kr/goods/goods_view.php?goodsNo=1000000281,4.9,14386,0,0,{'1': ['만족도']},[],[]
98093,24,5,smart_store,스마트스토어,친구한테 추천받아 아기,2026-06-06T18:10:54+09:00,2026-06-06,네이버 스마트스토어 구****,5,True,1,1,https://assets6.cre.ma/p/phytonutri-kr/reviews/00/00/09/80/93/image1/26c3fbd3c7890125.webp,1000000363,데이프로바 for baby 아기 쌩쌩유산균,https://www.phytonutri.kr/goods/goods_view.php?goodsNo=1000000363,4.9,363,0,0,{'0': ['만족도']},[],[]
98094,24,5,smart_store,스마트스토어,아기 6개월이후부터 계속 먹였어요!,2026-06-06T18:05:05+09:00,2026-06-06,네이버 스마트스토어 구****,5,True,1,1,https://assets6.cre.ma/p/phytonutri-kr/reviews/00/00/09/80/94/image1/71ae4944e6e71c98.webp,1000000342,이트뮨 아이 배도라지즙&엘더베리사과주스,https://www.phytonutri.kr/goods/goods_view.php?goodsNo=1000000342,4.9,609,0,0,{'1': ['만족도']},[],[]
98095,24,5,smart_store,스마트스토어,"하루 한포 무조건 먹는 음료예요!!
밖에서 사서 먹는 음료보다 건강하게 줄 수 있어서 좋아요",2026-06-06T18:04:12+09:00,2026-06-06,네이버 스마트스토어 구****,5,True,1,1,https://assets6.cre.ma/p/phytonutri-kr/reviews/00/00/09/80/95/image1/79aac6404331930b.webp,1000000342,이트뮨 아이 배도라지즙&엘더베리사과주스,https://www.phytonutri.kr/goods/goods_view.php?goodsNo=1000000342,4.9,609,0,0,"{'1': ['만족도', '효과']}",[],[]
98096,24,5,smart_store,스마트스토어,하루 한 포 먹이기 좋아요 ~,2026-06-06T17:17:43+09:00,2026-06-06,네이버 스마트스토어 구****,5,True,1,1,https://assets6.cre.ma/p/phytonutri-kr/reviews/00/00/09/80/96/image1/191d0228405ea15c.webp,1000000297,"그로우뉴 아이 유기농칼슘&마그네슘 비타민D,k2,망간",https://www.phytonutri.kr/goods/goods_view.php?goodsNo=1000000297,4.9,4844,0,0,{'1': ['만족도']},[],[]
98097,24,5,smart_store,스마트스토어,두번 째 구매입니다 ~,2026-06-06T17:16:49+09:00,2026-06-06,네이버 스마트스토어 구****,5,True,1,1,https://assets6.cre.ma/p/phytonutri-kr/reviews/00/00/09/80/97/image1/1248c16d5c95c91a.webp,1000000281,지니어스뉴 드롭스&톡캡스,https://www.phytonutri.kr/goods/goods_view.php?goodsNo=1000000281,4.9,14386,0,0,{'2': ['만족도']},[],[]
98098,24,4,smart_store,스마트스토어,"재구매입니다~
음식에 섞어도 비릿한 맛이 나지만 아이가 참고 잘 먹어주길래 또 주문했어요~",2026-06-06T17:04:52+09:00,2026-06-06,네이버 스마트스토어 구****,5,True,1,1,https://assets6.cre.ma/p/phytonutri-kr/reviews/00/00/09/80/98/image1/d90242f4d7108d39.webp,1000000281,지니어스뉴 드롭스&톡캡스,https://www.phytonutri.kr/goods/goods_view.php?goodsNo=1000000281,4.9,14386,0,0,"{'1': ['만족도'], '-1': ['맛']}",[],[]
98099,24,5,smart_store,스마트스토어,다소 비싸지만 계속 먹이고있어요,2026-06-06T16:29:29+09:00,2026-06-06,네이버 스마트스토어 구****,5,True,1,1,https://assets6.cre.ma/p/phytonutri-kr/reviews/00/00/09/80/99/image1/13cb2396e85eb7e4.webp,1000000281,지니어스뉴 드롭스&톡캡스,https://www.phytonutri.kr/goods/goods_view.php?goodsNo=1000000281,4.9,14386,0,0,"{'0': ['만족도'], '-1': ['가격']}",[],[]
98100,24,5,smart_store,스마트스토어,아이들이 잘 먹어요,2026-06-06T16:19:35+09:00,2026-06-06,네이버 스마트스토어 구****,5,True,1,1,https://assets6.cre.ma/p/phytonutri-kr/reviews/00/00/09/81/00/image1/e46d263495c6a8c5.webp,1000000297,"그로우뉴 아이 유기농칼슘&마그네슘 비타민D,k2,망간",https://www.phytonutri.kr/goods/goods_view.php?goodsNo=1000000297,4.9,4844,0,0,{'1': ['만족도']},[],[]
98101,24,5,smart_store,스마트스토어,"1년째 꾸준히.먹이고있어요
비릴꺼같은데 생각보다 아이가 너무잘먹어요 ㅎㅎ",2026-06-06T16:12:18+09:00,2026-06-06,네이버 스마트스토어 구****,5,True,1,1,https://assets6.cre.ma/p/phytonutri-kr/reviews/00/00/09/81/01/image1/093f12ed389f81f6.webp,1000000298,지니어스뉴 + 그로우뉴 세트,https://www.phytonutri.kr/goods/goods_view.php?goodsNo=1000000298,4.9,1413,0,0,"{'1': ['만족도', '맛']}",[],[]
98102,24,4,smart_store,스마트스토어,아기가 우유를 자주 안먹거나 적게 먹은날에 주로 타줍니다. 액체에 그닥 잘 안섞이고 맛이 조금 독특한듯 합니다. 그래도 먹이는게 도움이 될것 같아 자주 구매해요 ㅎ,2026-06-06T16:04:00+09:00,2026-06-06,네이버 스마트스토어 구****,5,True,1,1,https://assets6.cre.ma/p/phytonutri-kr/reviews/00/00/09/81/02/image1/de4030a947eb669e.webp,1000000297,"그로우뉴 아이 유기농칼슘&마그네슘 비타민D,k2,망간",https://www.phytonutri.kr/goods/goods_view.php?goodsNo=1000000297,4.9,4844,0,0,"{'1': ['만족도'], '-1': ['품질'], '0': ['맛']}",[],[]
98103,24,5,smart_store,스마트스토어,"이유식엔 이렇게 3개 먹고
분유엔 유산균 타서 먹이고 있어요.
거부감 없이 잘 먹고 있습니다^^",2026-06-06T13:49:44+09:00,2026-06-06,네이버 스마트스토어 구****,5,True,1,1,https://assets6.cre.ma/p/phytonutri-kr/reviews/00/00/09/81/03/image1/b207e9034ed4035d.webp,1000000375,데이프로바 + 투데이디3 세트,https://www.phytonutri.kr/goods/goods_view.php?goodsNo=1000000375,4.9,139,0,0,"{'1': ['만족도', '효과']}",[],[]
98104,25,5,smart_store,스마트스토어,애기가 잘 먹고 늘 잘 챙겨먹이고잇어요,2026-06-06T13:01:28+09:00,2026-06-06,네이버 스마트스토어 구****,5,True,1,1,https://assets6.cre.ma/p/phytonutri-kr/reviews/00/00/09/81/04/image1/de32eae09a0e4f8d.webp,1000000281,지니어스뉴 드롭스&톡캡스,https://www.phytonutri.kr/goods/goods_view.php?goodsNo=1000000281,4.9,14386,0,0,{'1': ['만족도']},[],[]
98105,25,5,smart_store,스마트스토어,"아기가 유제품을 안먹어서 먹이는중이에요-!
맛이 고소해서 애기가 좋아해요!",2026-06-06T12:44:17+09:00,2026-06-06,네이버 스마트스토어 구****,5,True,1,1,https://assets6.cre.ma/p/phytonutri-kr/reviews/00/00/09/81/05/image1/f6b0a0a45ab00f4b.webp,1000000297,"그로우뉴 아이 유기농칼슘&마그네슘 비타민D,k2,망간",https://www.phytonutri.kr/goods/goods_view.php?goodsNo=1000000297,4.9,4844,0,0,"{'1': ['만족도', '맛']}",[],[]
98106,25,5,smart_store,스마트스토어,"아기가 유제품을 안먹어서 챙겨줬고 맛이 고소한지 물에 타줘도 자기가 먼저 달라고 해서 쭉 들이켜요~
몇박스째인지.. 꾸준히 먹여볼게요",2026-06-06T12:43:15+09:00,2026-06-06,네이버 스마트스토어 구****,5,True,1,1,https://assets6.cre.ma/p/phytonutri-kr/reviews/00/00/09/81/06/image1/fe073ec476378f1f.webp,1000000297,"그로우뉴 아이 유기농칼슘&마그네슘 비타민D,k2,망간",https://www.phytonutri.kr/goods/goods_view.php?goodsNo=1000000297,4.9,4844,0,0,"{'1': ['만족도', '맛']}",[],[]
98107,25,5,smart_store,스마트스토어,늘 먹던거라 좋아요~,2026-06-06T12:38:29+09:00,2026-06-06,네이버 스마트스토어 구****,5,True,1,1,https://assets6.cre.ma/p/phytonutri-kr/reviews/00/00/09/81/07/image1/8b24bef8a808ea7c.webp,1000000281,지니어스뉴 드롭스&톡캡스,https://www.phytonutri.kr/goods/goods_view.php?goodsNo=1000000281,4.9,14386,0,0,{'1': ['만족도']},[],[]
98108,25,5,smart_store,스마트스토어,먹기좋게 되어있고좋아요,2026-06-06T12:32:02+09:00,2026-06-06,네이버 스마트스토어 구****,5,True,1,1,https://assets6.cre.ma/p/phytonutri-kr/reviews/00/00/09/81/08/image1/6cf400543ca4d91a.webp,1000000325,투데이디3 for baby,https://www.phytonutri.kr/goods/goods_view.php?goodsNo=1000000325,4.9,3634,0,0,"{'1': ['만족도', '편의성']}",[],[]
97874,25,5,smart_store,스마트스토어,가격이비싸긴하지만 ㅠㅠ 매번먹여요 좋다해서,2026-06-06T11:52:06+09:00,2026-06-06,네이버 스마트스토어 구****,5,True,1,1,https://assets6.cre.ma/p/phytonutri-kr/reviews/00/00/09/78/74/image1/42a7966d9e85f381.webp,1000000281,지니어스뉴 드롭스&톡캡스,https://www.phytonutri.kr/goods/goods_view.php?goodsNo=1000000281,4.9,14386,0,0,"{'0': ['만족도'], '-1': ['가격']}",[],[]
97875,25,5,smart_store,스마트스토어,아이 먹이는 영양제 안심돼요 항상 재구매하게됩니다,2026-06-06T11:28:10+09:00,2026-06-06,네이버 스마트스토어 구****,5,False,0,0,,1000000281,지니어스뉴 드롭스&톡캡스,https://www.phytonutri.kr/goods/goods_view.php?goodsNo=1000000281,4.9,14386,0,0,{'2': ['만족도']},[],[]
97876,25,5,smart_store,스마트스토어,꾸준히 잘 먹이고 있어요,2026-06-06T11:01:41+09:00,2026-06-06,네이버 스마트스토어 구****,5,False,0,0,,1000000281,지니어스뉴 드롭스&톡캡스,https://www.phytonutri.kr/goods/goods_view.php?goodsNo=1000000281,4.9,14386,0,0,{'1': ['만족도']},[],[]
97877,25,5,smart_store,스마트스토어,아이가 거부감없이 이유식에 뿌려주니 잘먹네오,2026-06-06T11:01:01+09:00,2026-06-06,네이버 스마트스토어 구****,5,True,1,1,https://assets6.cre.ma/p/phytonutri-kr/reviews/00/00/09/78/77/image1/fd77e7b3007d6299.webp,1000000281,지니어스뉴 드롭스&톡캡스,https://www.phytonutri.kr/goods/goods_view.php?goodsNo=1000000281,4.9,14386,0,0,{'1': ['만족도']},[],[]
97878,25,5,smart_store,스마트스토어,자주 사먹고 있어요,2026-06-06T10:43:45+09:00,2026-06-06,네이버 스마트스토어 구****,5,False,0,0,,1000000326,지니어스뉴 + 투데이디3 세트,https://www.phytonutri.kr/goods/goods_view.php?goodsNo=1000000326,4.8,245,0,0,{'2': ['만족도']},[],[]
97879,25,5,smart_store,스마트스토어,늘 먹던 제품입니다!!,2026-06-06T09:57:11+09:00,2026-06-06,네이버 스마트스토어 구****,5,True,1,1,https://assets6.cre.ma/p/phytonutri-kr/reviews/00/00/09/78/79/image1/bc510329777cc20d.webp,1000000281,지니어스뉴 드롭스&톡캡스,https://www.phytonutri.kr/goods/goods_view.php?goodsNo=1000000281,4.9,14386,0,0,{'2': ['만족도']},[],[]
97880,25,5,smart_store,스마트스토어,아가 하루에 하나씩 먹이는데 너무 좋아하네요~ 다 먹어가서 또 주문하려구요👶✨️✨️,2026-06-06T09:22:43+09:00,2026-06-06,네이버 스마트스토어 구****,5,True,1,1,https://assets6.cre.ma/p/phytonutri-kr/reviews/00/00/09/78/80/image1/f116bb2a4c8e085d.webp,1000000325,투데이디3 for baby,https://www.phytonutri.kr/goods/goods_view.php?goodsNo=1000000325,4.9,3634,0,0,{'2': ['만족도']},[],[]
97881,25,5,smart_store,스마트스토어,아이에게 오메가3를 챙겨주고싶어 꾸준히 구매하고 있습니다! 이번에는 수량을 넉넉히 구매했어요 ㅎㅎ 하루에 2개씩 먹이려고요! 냉장보관해서 먹이고 있어요~~,2026-06-06T09:04:14+09:00,2026-06-06,네이버 스마트스토어 구****,5,True,1,1,https://assets6.cre.ma/p/phytonutri-kr/reviews/00/00/09/78/81/image1/9f736d2f83f190a3.webp,1000000281,지니어스뉴 드롭스&톡캡스,https://www.phytonutri.kr/goods/goods_view.php?goodsNo=1000000281,4.9,14386,0,0,"{'1': ['만족도', '용량']}",[],[]
97882,25,5,smart_store,스마트스토어,늘 먹이는 영양제예요 ㅎㅎ 많이 파세요!,2026-06-06T08:39:23+09:00,2026-06-06,네이버 스마트스토어 구****,5,True,1,1,https://assets6.cre.ma/p/phytonutri-kr/reviews/00/00/09/78/82/image1/6ff56f47e422214c.webp,1000000297,"그로우뉴 아이 유기농칼슘&마그네슘 비타민D,k2,망간",https://www.phytonutri.kr/goods/goods_view.php?goodsNo=1000000297,4.9,4844,0,0,{'1': ['만족도']},[],[]
97883,25,5,smart_store,스마트스토어,아기 오메가 챙겨주고 싶어서 구매했어요 ㅎㅎ후기 보니 좋은 후기도 많고 무엇보가 스포이드 방식이라 먹이기 편해요,2026-06-06T08:13:26+09:00,2026-06-06,네이버 스마트스토어 구****,5,True,1,1,https://assets6.cre.ma/p/phytonutri-kr/reviews/00/00/09/78/83/image1/e321854fc5f9026c.webp,1000000281,지니어스뉴 드롭스&톡캡스,https://www.phytonutri.kr/goods/goods_view.php?goodsNo=1000000281,4.9,14386,0,0,"{'1': ['만족도', '편의성']}",[],[]
97884,25,5,smart_store,스마트스토어,10개월아기 막수할때 섞어서 먹이고있어요,2026-06-05T22:57:45+09:00,2026-06-05,네이버 스마트스토어 구****,5,False,0,0,,1000000297,"그로우뉴 아이 유기농칼슘&마그네슘 비타민D,k2,망간",https://www.phytonutri.kr/goods/goods_view.php?goodsNo=1000000297,4.9,4844,0,0,{'0': ['만족도']},[],[]
97885,25,5,smart_store,스마트스토어,아기에게 먹이는거라 꼼꼼하게 확인하고 구매한 제품이에요 매번 쟁여서 먹인데 좋아요!!,2026-06-05T22:42:06+09:00,2026-06-05,네이버 스마트스토어 구****,5,True,1,1,https://assets6.cre.ma/p/phytonutri-kr/reviews/00/00/09/78/85/image1/8bf166e8d38803a8.webp,1000000297,"그로우뉴 아이 유기농칼슘&마그네슘 비타민D,k2,망간",https://www.phytonutri.kr/goods/goods_view.php?goodsNo=1000000297,4.9,4844,0,0,{'1': ['만족도']},[],[]
97886,25,5,smart_store,스마트스토어,아기에게 먹이는거라 꼼꼼하게 확인하고 구매한 제품이에요 매번 쟁여서 먹인데 좋아요!!,2026-06-05T22:41:39+09:00,2026-06-05,네이버 스마트스토어 구****,5,True,1,1,https://assets6.cre.ma/p/phytonutri-kr/reviews/00/00/09/78/86/image1/ea998f458364ad61.webp,1000000325,투데이디3 for baby,https://www.phytonutri.kr/goods/goods_view.php?goodsNo=1000000325,4.9,3634,0,0,{'1': ['만족도']},[],[]
97887,25,5,smart_store,스마트스토어,26개월 아기 매일 먹는 제품입니다 잘먹어요,2026-06-05T22:20:41+09:00,2026-06-05,네이버 스마트스토어 구****,5,True,1,1,https://assets6.cre.ma/p/phytonutri-kr/reviews/00/00/09/78/87/image1/1bf4d1646a816169.webp,1000000325,투데이디3 for baby,https://www.phytonutri.kr/goods/goods_view.php?goodsNo=1000000325,4.9,3634,0,0,{'1': ['만족도']},[],[]
97888,25,4,smart_store,스마트스토어,아기가 잘 안먹으려고 해요ㅜ,2026-06-05T22:08:56+09:00,2026-06-05,네이버 스마트스토어 구****,5,True,1,1,https://assets6.cre.ma/p/phytonutri-kr/reviews/00/00/09/78/88/image1/63c8a2c4a1ddc583.webp,1000000281,지니어스뉴 드롭스&톡캡스,https://www.phytonutri.kr/goods/goods_view.php?goodsNo=1000000281,4.9,14386,0,0,{'-1': ['만족도']},[],[]
97889,26,5,smart_store,스마트스토어,꼼꼼하게 잘 포장되어잇어요,2026-06-05T21:54:44+09:00,2026-06-05,네이버 스마트스토어 구****,5,True,1,1,https://assets6.cre.ma/p/phytonutri-kr/reviews/00/00/09/78/89/image1/5adc084f41213f30.webp,1000000281,지니어스뉴 드롭스&톡캡스,https://www.phytonutri.kr/goods/goods_view.php?goodsNo=1000000281,4.9,14386,0,0,"{'1': ['만족도', '포장']}",[],[]
97890,26,3,smart_store,스마트스토어,꾸준히 먹이고 있어요~,2026-06-05T21:52:12+09:00,2026-06-05,네이버 스마트스토어 구****,5,False,0,0,,1000000326,지니어스뉴 + 투데이디3 세트,https://www.phytonutri.kr/goods/goods_view.php?goodsNo=1000000326,4.8,245,0,0,{'1': ['만족도']},[],[]
97891,26,5,smart_store,스마트스토어,아이큐 발달에 도움이 되길 바래봅니다.,2026-06-05T21:32:46+09:00,2026-06-05,네이버 스마트스토어 구****,5,True,1,1,https://assets6.cre.ma/p/phytonutri-kr/reviews/00/00/09/78/91/image1/587c24e1a99ea5be.webp,1000000281,지니어스뉴 드롭스&톡캡스,https://www.phytonutri.kr/goods/goods_view.php?goodsNo=1000000281,4.9,14386,0,0,{'0': ['만족도']},[],[]
97872,26,5,,자사몰(고도몰),인스타 광고 로 구매했는데 8개월 아기 먹여보려고요 잘 맞음 좋겟네요,2026-06-05T20:56:03+09:00,2026-06-05,s951******,5,False,0,0,,1000000281,지니어스뉴 드롭스&톡캡스,https://www.phytonutri.kr/goods/goods_view.php?goodsNo=1000000281,4.9,14386,0,0,{'0': ['만족도']},[],[]
97892,26,5,smart_store,스마트스토어,만족합니다 좋아요 ㅎㅎ,2026-06-05T20:52:39+09:00,2026-06-05,네이버 스마트스토어 구****,5,True,1,1,https://assets6.cre.ma/p/phytonutri-kr/reviews/00/00/09/78/92/image1/9ea65c5346cd3a93.webp,1000000297,"그로우뉴 아이 유기농칼슘&마그네슘 비타민D,k2,망간",https://www.phytonutri.kr/goods/goods_view.php?goodsNo=1000000297,4.9,4844,0,0,{'1': ['만족도']},[],[]
97893,26,5,smart_store,스마트스토어,돌이되서 먹여보려고 시켜봤어요,2026-06-05T18:39:31+09:00,2026-06-05,네이버 스마트스토어 구****,5,False,0,0,,1000000281,지니어스뉴 드롭스&톡캡스,https://www.phytonutri.kr/goods/goods_view.php?goodsNo=1000000281,4.9,14386,0,0,{'0': ['만족도']},[],[]
97894,26,5,smart_store,스마트스토어,배송도 빠르고 좋아요,2026-06-05T18:30:23+09:00,2026-06-05,네이버 스마트스토어 구****,5,True,1,1,https://assets6.cre.ma/p/phytonutri-kr/reviews/00/00/09/78/94/image1/1f2d624f44b92b85.webp,1000000281,지니어스뉴 드롭스&톡캡스,https://www.phytonutri.kr/goods/goods_view.php?goodsNo=1000000281,4.9,14386,0,0,"{'1': ['만족도', '배송']}",[],[]
97895,26,5,smart_store,스마트스토어,"아기가 잘먹어요ㅎㅎ
병원서 신생아는 비타민D 꼭 챙기라 해서 2달치 바로 구매했었는데 한통 다먹고 두번째도 거의 다 먹어가네요~
 개별포장이라 위생상으로도 너무좋고, 짜먹이는 방법도 아주 편하네요~
1회분량씩 포장이라 용량 신경안쓰고 쪽 짜먹이면 되고, 처음에 아기가 맛보고 뱉을까봐 혀밑에 한번에 쭉 짜줬었는데 지금은 먼저 조금 짜주면 짭짭 먹고 입다시 벌려요ㅎㅎ",2026-06-05T18:01:11+09:00,2026-06-05,네이버 스마트스토어 구****,5,False,0,0,,1000000325,투데이디3 for baby,https://www.phytonutri.kr/goods/goods_view.php?goodsNo=1000000325,4.9,3634,0,0,"{'2': ['만족도', '포장', '편의성']}",[],[]
97896,26,5,smart_store,스마트스토어,아이가 잘 먹어줬으면 좋겠습니다,2026-06-05T17:45:01+09:00,2026-06-05,네이버 스마트스토어 구****,5,True,1,1,https://assets6.cre.ma/p/phytonutri-kr/reviews/00/00/09/78/96/image1/f9fc127c71a423ae.webp,1000000297,"그로우뉴 아이 유기농칼슘&마그네슘 비타민D,k2,망간",https://www.phytonutri.kr/goods/goods_view.php?goodsNo=1000000297,4.9,4844,0,0,{'0': ['만족도']},[],[]
97897,26,5,smart_store,스마트스토어,"아이가 먹기 딱 좋네요
밥먹일때 같이줍니다",2026-06-05T17:44:24+09:00,2026-06-05,네이버 스마트스토어 구****,5,True,1,1,https://assets6.cre.ma/p/phytonutri-kr/reviews/00/00/09/78/97/image1/32b88a57f152c4ed.webp,1000000325,투데이디3 for baby,https://www.phytonutri.kr/goods/goods_view.php?goodsNo=1000000325,4.9,3634,0,0,{'1': ['만족도']},[],[]
97898,26,5,smart_store,스마트스토어,아이 오메가3  구매 해봤는데 거부감 없이 잘 먹더라구요.,2026-06-05T17:09:29+09:00,2026-06-05,네이버 스마트스토어 구****,5,True,1,1,https://assets6.cre.ma/p/phytonutri-kr/reviews/00/00/09/78/98/image1/64502b823132e70b.webp,1000000281,지니어스뉴 드롭스&톡캡스,https://www.phytonutri.kr/goods/goods_view.php?goodsNo=1000000281,4.9,14386,0,0,"{'1': ['만족도', '맛']}",[],[]
97899,26,5,smart_store,스마트스토어,아이 키가 잘 크는거 같아요! 물에도 잘 녹아 먹이기도 편해요! 항상 쟁여둡미다,2026-06-05T16:57:40+09:00,2026-06-05,네이버 스마트스토어 구****,5,True,1,1,https://assets6.cre.ma/p/phytonutri-kr/reviews/00/00/09/78/99/image1/b996c0b32d19dd35.webp,1000000297,"그로우뉴 아이 유기농칼슘&마그네슘 비타민D,k2,망간",https://www.phytonutri.kr/goods/goods_view.php?goodsNo=1000000297,4.9,4844,0,0,"{'1': ['만족도', '품질', '효과', '편의성']}",[],[]
97900,26,5,smart_store,스마트스토어,30알 패키지가 바꼈네욥! 이게 더 좋아용— 감사합니당,2026-06-05T16:42:51+09:00,2026-06-05,네이버 스마트스토어 구****,5,True,1,1,https://assets6.cre.ma/p/phytonutri-kr/reviews/00/00/09/79/00/image1/eb6d5d621f48b581.webp,1000000325,투데이디3 for baby,https://www.phytonutri.kr/goods/goods_view.php?goodsNo=1000000325,4.9,3634,0,0,"{'1': ['만족도', '포장']}",[],[]
97901,26,5,smart_store,스마트스토어,"날이더워서 상온보관제품인데요
아이스포장 너무 센스잇어요 ^^
매번 안심하고 재구매합니다
애기도 너무 잘 먹어요",2026-06-05T16:42:09+09:00,2026-06-05,네이버 스마트스토어 구****,5,True,1,1,https://assets6.cre.ma/p/phytonutri-kr/reviews/00/00/09/79/01/image1/0c49e38fd4a430e8.webp,1000000326,지니어스뉴 + 투데이디3 세트,https://www.phytonutri.kr/goods/goods_view.php?goodsNo=1000000326,4.8,245,0,0,"{'2': ['만족도', '포장']}",[],[]
97902,26,5,smart_store,스마트스토어,항상 먹이는거라 좋아서 꾸준히 먹이는거겠죠-?,2026-06-05T16:27:48+09:00,2026-06-05,네이버 스마트스토어 구****,5,True,1,1,https://assets6.cre.ma/p/phytonutri-kr/reviews/00/00/09/79/02/image1/b1104941882d9ed9.webp,1000000375,데이프로바 + 투데이디3 세트,https://www.phytonutri.kr/goods/goods_view.php?goodsNo=1000000375,4.9,139,0,0,{'1': ['만족도']},[],[]
97903,26,5,smart_store,스마트스토어,항상 먹이는거라 말이 따로 필요없어요 :),2026-06-05T16:27:08+09:00,2026-06-05,네이버 스마트스토어 구****,5,True,1,1,https://assets6.cre.ma/p/phytonutri-kr/reviews/00/00/09/79/03/image1/353d41e5d3c3d7de.webp,1000000298,지니어스뉴 + 그로우뉴 세트,https://www.phytonutri.kr/goods/goods_view.php?goodsNo=1000000298,4.9,1413,0,0,{'1': ['만족도']},[],[]
97904,26,5,smart_store,스마트스토어,늘 잘 먹이고 있어요~ 배송도 빨라서 넘 좋아요!,2026-06-05T16:26:46+09:00,2026-06-05,네이버 스마트스토어 구****,5,True,1,1,https://assets6.cre.ma/p/phytonutri-kr/reviews/00/00/09/79/04/image1/9bb827602babb387.webp,1000000325,투데이디3 for baby,https://www.phytonutri.kr/goods/goods_view.php?goodsNo=1000000325,4.9,3634,0,0,"{'2': ['만족도', '배송']}",[],[]
97905,26,5,smart_store,스마트스토어,아기가 잘 먹고 좋아요,2026-06-05T15:42:22+09:00,2026-06-05,네이버 스마트스토어 구****,5,True,1,1,https://assets6.cre.ma/p/phytonutri-kr/reviews/00/00/09/79/05/image1/61355895f7610a76.webp,1000000375,데이프로바 + 투데이디3 세트,https://www.phytonutri.kr/goods/goods_view.php?goodsNo=1000000375,4.9,139,0,0,{'1': ['만족도']},[],[]
97871,26,5,,자사몰(고도몰),처음 사용해보았는데 아주 좋아요. 저렴하게 12개월분 구매했습니다 아침 점심 저녁으로 하루 세 알씩 먹습니다. 벌써 두 통 다 먹었네요.,2026-06-05T15:14:05+09:00,2026-06-05,정****,10,True,3,2,https://assets6.cre.ma/p/phytonutri-kr/reviews/00/00/09/78/71/image1/ef5a6b8c5424bdf0.webp|https://assets6.cre.ma/p/phytonutri-kr/reviews/00/00/09/78/71/image2/642955eeabfe8191.webp,1000000398,KD 파마 듀얼 초임계 rTG 오메가3,https://www.phytonutri.kr/goods/goods_view.php?goodsNo=1000000398,4.9,121,0,0,"{'2': ['만족도'], '1': ['가격']}","[{'name': '구매옵션', 'value': 'KD파마 듀얼 오메가3 6개월분x2(총12개월분)'}]",[]
97906,26,5,smart_store,스마트스토어,"아기 비타민d 챙겨주고 싶어서 주문했어요
25개월인데 키가 쑥쑥 커줬으면 ~~
제가 먹어보면 맛이 없는것같은데 아기는 잘먹어오
밥도 잘 가리는 아기인데 신기하게 잘먹네요 ㅎㅎ",2026-06-05T14:45:49+09:00,2026-06-05,네이버 스마트스토어 구****,5,True,1,1,https://assets6.cre.ma/p/phytonutri-kr/reviews/00/00/09/79/06/image1/6a49f5dd3b87e66a.webp,1000000325,투데이디3 for baby,https://www.phytonutri.kr/goods/goods_view.php?goodsNo=1000000325,4.9,3634,0,0,"{'1': ['만족도'], '0': ['맛']}",[],[]
97907,27,5,smart_store,스마트스토어,배송빠르고아주좋아요,2026-06-05T14:39:37+09:00,2026-06-05,네이버 스마트스토어 구****,5,False,0,0,,1000000363,데이프로바 for baby 아기 쌩쌩유산균,https://www.phytonutri.kr/goods/goods_view.php?goodsNo=1000000363,4.9,363,0,0,"{'2': ['만족도'], '1': ['배송']}",[],[]
97873,27,5,,자사몰(고도몰),"아이가 엘더베리사과주스 먹고 난 후로 다른 주스는 먹으려고하지 않아서 재주문 했습니다 ~ 
맛도 영양도 좋은거 같아 만족합니다.",2026-06-05T14:27:06+09:00,2026-06-05,dmsw******,5,False,0,0,,1000000342,이트뮨 아이 배도라지즙&엘더베리사과주스,https://www.phytonutri.kr/goods/goods_view.php?goodsNo=1000000342,4.9,609,0,0,"{'2': ['만족도'], '1': ['맛', '성분']}",[],[]
97908,27,5,smart_store,스마트스토어,"성분좋고 아이가 잘먹어서, 마침 이벤트하길래 추가 구매 했습니다.",2026-06-05T14:23:58+09:00,2026-06-05,네이버 스마트스토어 구****,5,True,1,1,https://assets6.cre.ma/p/phytonutri-kr/reviews/00/00/09/79/08/image1/62382b997ebeaa94.webp,1000000281,지니어스뉴 드롭스&톡캡스,https://www.phytonutri.kr/goods/goods_view.php?goodsNo=1000000281,4.9,14386,0,0,"{'1': ['만족도', '성분'], '0': ['가격']}",[],[]
97909,27,5,smart_store,스마트스토어,정말사용하기편리하고 첫아이가 잘먹고있어요,2026-06-05T14:10:47+09:00,2026-06-05,네이버 스마트스토어 구****,5,True,1,1,https://assets6.cre.ma/p/phytonutri-kr/reviews/00/00/09/79/09/image1/87ab7e205f1abc36.webp,1000000281,지니어스뉴 드롭스&톡캡스,https://www.phytonutri.kr/goods/goods_view.php?goodsNo=1000000281,4.9,14386,0,0,"{'1': ['만족도', '편의성']}",[],[]
97910,27,5,smart_store,스마트스토어,"아기 영양제로 분유에 섞어서 먹이고 있습니다.
아기가 거부반응 없이 잘 먹습니다.",2026-06-05T13:52:35+09:00,2026-06-05,네이버 스마트스토어 구****,5,True,1,1,https://assets6.cre.ma/p/phytonutri-kr/reviews/00/00/09/79/10/image1/be3171df1a7e5451.webp,1000000297,"그로우뉴 아이 유기농칼슘&마그네슘 비타민D,k2,망간",https://www.phytonutri.kr/goods/goods_view.php?goodsNo=1000000297,4.9,4844,0,0,"{'1': ['만족도', '효과']}",[],[]
97911,27,4,smart_store,스마트스토어,잘먹고있어요. 잘 먹고잇슴니다.,2026-06-05T13:31:53+09:00,2026-06-05,네이버 스마트스토어 구****,5,True,1,1,https://assets6.cre.ma/p/phytonutri-kr/reviews/00/00/09/79/11/image1/73efe93a4fa74ff1.webp,1000000281,지니어스뉴 드롭스&톡캡스,https://www.phytonutri.kr/goods/goods_view.php?goodsNo=1000000281,4.9,14386,0,0,{'1': ['만족도']},[],[]
97912,27,5,smart_store,스마트스토어,아이한테 잘맞아서 꾸준히 먹여요,2026-06-05T13:03:19+09:00,2026-06-05,네이버 스마트스토어 구****,5,True,1,1,https://assets6.cre.ma/p/phytonutri-kr/reviews/00/00/09/79/12/image1/8752da39b7d059f4.webp,1000000363,데이프로바 for baby 아기 쌩쌩유산균,https://www.phytonutri.kr/goods/goods_view.php?goodsNo=1000000363,4.9,363,0,0,{'1': ['만족도']},[],[]
97913,27,5,smart_store,스마트스토어,애기 6개월후부터 꾸준히먹이고있어요 잘먹어요,2026-06-05T12:35:26+09:00,2026-06-05,네이버 스마트스토어 구****,5,True,1,1,https://assets6.cre.ma/p/phytonutri-kr/reviews/00/00/09/79/13/image1/b5e76891268eca95.webp,1000000297,"그로우뉴 아이 유기농칼슘&마그네슘 비타민D,k2,망간",https://www.phytonutri.kr/goods/goods_view.php?goodsNo=1000000297,4.9,4844,0,0,{'1': ['만족도']},[],[]
97914,27,5,smart_store,스마트스토어,좀 시다고하긴하는데 과일등 같이 먹으면괜찮은것같아요,2026-06-05T12:24:46+09:00,2026-06-05,네이버 스마트스토어 구****,5,True,1,1,https://assets6.cre.ma/p/phytonutri-kr/reviews/00/00/09/79/14/image1/c84880f938e18564.webp,1000000379,지니어스뉴 키즈 국내 유일 스퀴즈 짜먹는 어린이 오메가3 DHA ALA 콜린 올로메가,https://www.phytonutri.kr/goods/goods_view.php?goodsNo=1000000379,4.6,127,0,0,"{'1': ['만족도'], '0': ['맛']}",[],[]
97915,27,5,smart_store,스마트스토어,부족한 오메가3를 위해 꾸준히 섭취하고있어요.,2026-06-05T12:23:19+09:00,2026-06-05,네이버 스마트스토어 구****,5,True,1,1,https://assets6.cre.ma/p/phytonutri-kr/reviews/00/00/09/79/15/image1/8febfc0e29563ee6.webp,1000000379,지니어스뉴 키즈 국내 유일 스퀴즈 짜먹는 어린이 오메가3 DHA ALA 콜린 올로메가,https://www.phytonutri.kr/goods/goods_view.php?goodsNo=1000000379,4.6,127,0,0,{'0': ['만족도']},[],[]
97916,27,5,smart_store,스마트스토어,사용하기편해서좋아요,2026-06-05T11:19:19+09:00,2026-06-05,네이버 스마트스토어 구****,5,True,1,1,https://assets6.cre.ma/p/phytonutri-kr/reviews/00/00/09/79/16/image1/a3b4e132de76a635.webp,1000000281,지니어스뉴 드롭스&톡캡스,https://www.phytonutri.kr/goods/goods_view.php?goodsNo=1000000281,4.9,14386,0,0,"{'1': ['만족도', '편의성']}",[],[]
97917,27,4,smart_store,스마트스토어,오일이라 해서 주르륵 흘러내릴줄 알았는데 생각보다 점성이 있네요. 아기 입에 쭉 짜니깐 일직선으로 나오는게아니라 입가에 많이 묻어요. 그래도 유기농이니 열심히 먹여봐야겠습니다,2026-06-05T11:17:15+09:00,2026-06-05,네이버 스마트스토어 구****,5,True,1,1,https://assets6.cre.ma/p/phytonutri-kr/reviews/00/00/09/79/17/image1/cbeaf4fe983bd599.webp,1000000325,투데이디3 for baby,https://www.phytonutri.kr/goods/goods_view.php?goodsNo=1000000325,4.9,3634,0,0,"{'0': ['만족도', '품질']}",[],[]
97918,27,4,smart_store,스마트스토어,아기의 건강을 위하여,2026-06-05T09:38:29+09:00,2026-06-05,네이버 스마트스토어 구****,5,False,0,0,,1000000297,"그로우뉴 아이 유기농칼슘&마그네슘 비타민D,k2,망간",https://www.phytonutri.kr/goods/goods_view.php?goodsNo=1000000297,4.9,4844,0,0,{'0': ['만족도']},[],[]
97919,27,5,smart_store,스마트스토어,남편이 계속 먹어요,2026-06-05T09:31:22+09:00,2026-06-05,네이버 스마트스토어 구****,5,True,1,1,https://assets6.cre.ma/p/phytonutri-kr/reviews/00/00/09/79/19/image1/a9192b5b63f62f07.webp,1000000403,뉴스데일리베스트 X 파이토뉴트리 맨드로포즈+,https://www.phytonutri.kr/goods/goods_view.php?goodsNo=1000000403,4.7,193,0,0,{'1': ['만족도']},[],[]
97920,27,4,smart_store,스마트스토어,생선을 잘 못챙겨 먹이는데 하나씩 주니까 조금 마음이 놓여요^^,2026-06-05T09:24:32+09:00,2026-06-05,네이버 스마트스토어 구****,5,False,0,0,,1000000281,지니어스뉴 드롭스&톡캡스,https://www.phytonutri.kr/goods/goods_view.php?goodsNo=1000000281,4.9,14386,0,0,{'1': ['만족도']},[],[]
97921,27,4,smart_store,스마트스토어,개별포장이라 산패걱정없이 먹이기 좋아요,2026-06-05T09:03:48+09:00,2026-06-05,네이버 스마트스토어 구****,5,True,1,1,https://assets6.cre.ma/p/phytonutri-kr/reviews/00/00/09/79/21/image1/6138625e48e9cc52.webp,1000000281,지니어스뉴 드롭스&톡캡스,https://www.phytonutri.kr/goods/goods_view.php?goodsNo=1000000281,4.9,14386,0,0,"{'1': ['만족도', '포장']}",[],[]
97870,27,5,,자사몰(고도몰),"부모님이 원래 오메가3를 드시고 계셨는데 다 떨어졌다고 하셔서 이번에는 제가 직접 알아보고 사봤어요

예전에는 저도 오메가3면 다 비슷한 줄 알았는데 찾아볼수록 종류도 많고 기준도 다 다르더라구요.

고함량이라고 하는 제품도 많고 rTG라고 하는 제품도 많은데 막상 비교해보면 가격 차이도 꽤 나서 뭘 보고 골라야 하나 싶었습니다.

그래서 이것저것 찾아보다가 함량보다 실제 흡수되는 부분도 중요하다는 내용을 보고 좀 더 꼼꼼하게 보게 됐어요.

부모님이 드실 거라 원료는 어떤 곳인지, 제조 과정은 어떤지, 보관은 편한지까지 확인했는데 이 제품이 가장 마음에 들었습니다.

특히 개별 포장이라 보관하기 편하고 캡슐 크기도 부담스럽지 않아 보여서 선택하게 됐어요.

아버지는 알약이 너무 크면 잘 안 드시는데 이건 생각보다 먹기 편하다고 하시더라구요.

건강기능식품은 하루 이틀 먹고 판단할 수 있는 건 아니지만 부모님 드릴 제품을 고를 때 중요하게 생각했던 부분들은 잘 갖춘 제품 같았습니다.

상세페이지에 적혀있는 rTG+MAG이 더해져 흡수 속도와 흡수량을 다 잡았다니까 부모님도 꽤 만족하시고 혈액 순환이 좀 더 잘되는 느낌이 든다고 하셨어요.

저처럼 부모님 선물용으로 오메가3 알아보시는 분들이라면 한 번 비교해보셔도 괜찮을 것 같습니다.",2026-06-05T08:50:46+09:00,2026-06-05,한****,10,True,2,2,https://assets6.cre.ma/p/phytonutri-kr/reviews/00/00/09/78/70/image1/081e88d2c4bc0075.webp|https://assets6.cre.ma/p/phytonutri-kr/reviews/00/00/09/78/70/image2/bad0609d6eaa2e90.webp,1000000406,듀오좀 마그앤알티지 식물성 듀얼 오메가3,https://www.phytonutri.kr/goods/goods_view.php?goodsNo=1000000406,4.7,27,9,0,"{'1': ['만족도', '효과', '성분', '편의성']}",[],"[{'name': '성별', 'value': '남성'}, {'name': '연령대', 'value': '20대'}]"
97869,27,5,,자사몰(고도몰),배송 받고 보니까 포장도 깔끔하고 좋네요. 선물용으로 사도 괜찮을거 같아요. 고급스러운 느낌?,2026-06-05T08:47:56+09:00,2026-06-05,강****,10,False,0,0,,1000000406,듀오좀 마그앤알티지 식물성 듀얼 오메가3,https://www.phytonutri.kr/goods/goods_view.php?goodsNo=1000000406,4.7,27,0,0,"{'1': ['만족도', '포장']}",[],"[{'name': '성별', 'value': '여성'}, {'name': '연령대', 'value': '50대 이상'}]"
97868,27,4,,자사몰(고도몰),원래는 저렴한 제품만 찾았는데 나이 들수록 건강은 미리 챙겨야겠다 싶어서 구매했어요.,2026-06-05T08:46:59+09:00,2026-06-05,정****,10,False,0,0,,1000000406,듀오좀 마그앤알티지 식물성 듀얼 오메가3,https://www.phytonutri.kr/goods/goods_view.php?goodsNo=1000000406,4.7,27,0,0,{'0': ['만족도']},[],"[{'name': '성별', 'value': '여성'}, {'name': '연령대', 'value': '30대'}]"
97867,27,5,,자사몰(고도몰),친구 추천으로 샀는데 생각보다 괜찮아요. 영양제 여러개 먹다보니 알약 크기도 은근 중요하더라구요ㅎㅎ,2026-06-05T08:46:12+09:00,2026-06-05,최****,10,False,0,0,,1000000406,듀오좀 마그앤알티지 식물성 듀얼 오메가3,https://www.phytonutri.kr/goods/goods_view.php?goodsNo=1000000406,4.7,27,0,0,"{'1': ['만족도', '크기']}",[],"[{'name': '성별', 'value': '여성'}, {'name': '연령대', 'value': '40대'}]"
97866,28,5,,자사몰(고도몰),생선 비린향 나는 제품이 많다보니까 아무거나 잘 못먹겠더라구요ㅠ 그래서 식물성으로 찾아보다가 주문했습니다.,2026-06-05T08:45:10+09:00,2026-06-05,강****,10,False,0,0,,1000000406,듀오좀 마그앤알티지 식물성 듀얼 오메가3,https://www.phytonutri.kr/goods/goods_view.php?goodsNo=1000000406,4.7,27,0,0,{'0': ['만족도']},[],"[{'name': '성별', 'value': '남성'}, {'name': '연령대', 'value': '50대 이상'}]"
97865,28,5,,자사몰(고도몰),신제품 나왔다길래 사봤는데  비린맛이 심하지 않아서 꾸준히 먹고 있어요,2026-06-05T08:42:36+09:00,2026-06-05,정****,10,False,0,0,,1000000406,듀오좀 마그앤알티지 식물성 듀얼 오메가3,https://www.phytonutri.kr/goods/goods_view.php?goodsNo=1000000406,4.7,27,2,0,"{'1': ['만족도'], '0': ['맛']}",[],"[{'name': '성별', 'value': '남성'}, {'name': '연령대', 'value': '30대'}]"
97864,28,5,,자사몰(고도몰),눈이 예전같지 않은거 같아서 챙겨먹기 시작했어요. 효○는 더 먹어봐야 알겠지만 일단 먹기는 편합니다.,2026-06-05T08:41:06+09:00,2026-06-05,최****,10,False,0,0,,1000000406,듀오좀 마그앤알티지 식물성 듀얼 오메가3,https://www.phytonutri.kr/goods/goods_view.php?goodsNo=1000000406,4.7,27,0,0,"{'0': ['만족도', '효과'], '1': ['편의성']}",[],"[{'name': '성별', 'value': '남성'}, {'name': '연령대', 'value': '40대'}]"
97922,28,5,smart_store,스마트스토어,거부감없이 이유식에 섞어주니 잘 먹어요 ㅎ,2026-06-05T06:56:05+09:00,2026-06-05,네이버 스마트스토어 구****,5,True,1,1,https://assets6.cre.ma/p/phytonutri-kr/reviews/00/00/09/79/22/image1/1976dac071c68bd1.webp,1000000281,지니어스뉴 드롭스&톡캡스,https://www.phytonutri.kr/goods/goods_view.php?goodsNo=1000000281,4.9,14386,0,0,{'1': ['만족도']},[],[]
97923,28,5,smart_store,스마트스토어,아이가 애기때부터 먹고있어요 두뇌발달에 도움이 되는거 같아 꾸준히 먹이고 있습니다 !,2026-06-05T03:37:01+09:00,2026-06-05,네이버 스마트스토어 구****,5,False,0,0,,1000000281,지니어스뉴 드롭스&톡캡스,https://www.phytonutri.kr/goods/goods_view.php?goodsNo=1000000281,4.9,14386,0,0,"{'1': ['만족도', '효과']}",[],[]
97924,28,5,smart_store,스마트스토어,"아기한테 먹이고 있는데 먹이기도 쉽고, 무엇보다 성분이 마음에 듭니다.",2026-06-05T02:00:42+09:00,2026-06-05,네이버 스마트스토어 구****,5,False,0,0,,1000000325,투데이디3 for baby,https://www.phytonutri.kr/goods/goods_view.php?goodsNo=1000000325,4.9,3634,0,0,"{'1': ['만족도', '성분', '편의성']}",[],[]
97925,28,5,smart_store,스마트스토어,아기가 잘먹어요 좋아요,2026-06-05T00:13:07+09:00,2026-06-05,네이버 스마트스토어 구****,5,True,1,1,https://assets6.cre.ma/p/phytonutri-kr/reviews/00/00/09/79/25/image1/377ce68eefcc9134.webp,1000000325,투데이디3 for baby,https://www.phytonutri.kr/goods/goods_view.php?goodsNo=1000000325,4.9,3634,0,0,{'1': ['만족도']},[],[]
97926,28,5,smart_store,스마트스토어,"아이가 혼자서도 까먹어요
아주굿",2026-06-04T23:26:25+09:00,2026-06-04,네이버 스마트스토어 구****,5,True,1,1,https://assets6.cre.ma/p/phytonutri-kr/reviews/00/00/09/79/26/image1/6115f90b7b4a80fb.webp,1000000325,투데이디3 for baby,https://www.phytonutri.kr/goods/goods_view.php?goodsNo=1000000325,4.9,3634,0,0,"{'2': ['만족도'], '1': ['편의성']}",[],[]
97927,28,5,smart_store,스마트스토어,8번째인가? 구매합니다,2026-06-04T23:25:41+09:00,2026-06-04,네이버 스마트스토어 구****,5,True,1,1,https://assets6.cre.ma/p/phytonutri-kr/reviews/00/00/09/79/27/image1/a880a587ab537ecc.webp,1000000325,투데이디3 for baby,https://www.phytonutri.kr/goods/goods_view.php?goodsNo=1000000325,4.9,3634,0,0,{'0': ['만족도']},[],[]
97928,28,5,smart_store,스마트스토어,참기름 같이 고소한 향이 나서 그런지 아들이 진짜 잘 먹어요! 어디 안 뿌려주고 스푼에 그대로 줘도 잘 먹어서 먹이기 편리해요,2026-06-04T22:59:03+09:00,2026-06-04,네이버 스마트스토어 구****,5,False,0,0,,1000000281,지니어스뉴 드롭스&톡캡스,https://www.phytonutri.kr/goods/goods_view.php?goodsNo=1000000281,4.9,14386,0,0,"{'1': ['만족도', '냄새', '편의성']}",[],[]
97929,28,4,smart_store,스마트스토어,항상 먹이던 비타민인데 먹이기도 너무간편해서 좋고 특히 외출했을때가 제일 위생적 이라서 좋습니다!,2026-06-04T22:53:56+09:00,2026-06-04,네이버 스마트스토어 구****,5,True,1,1,https://assets6.cre.ma/p/phytonutri-kr/reviews/00/00/09/79/29/image1/d0a624928b1cd0de.webp,1000000326,지니어스뉴 + 투데이디3 세트,https://www.phytonutri.kr/goods/goods_view.php?goodsNo=1000000326,4.8,245,0,0,"{'1': ['만족도', '편의성']}",[],[]
97930,28,5,smart_store,스마트스토어,"잘 먹이고 있어요~!!!
쭉 먹이려고요!",2026-06-04T21:39:31+09:00,2026-06-04,네이버 스마트스토어 구****,5,True,1,1,https://assets6.cre.ma/p/phytonutri-kr/reviews/00/00/09/79/30/image1/e3206484edd13c98.webp,1000000281,지니어스뉴 드롭스&톡캡스,https://www.phytonutri.kr/goods/goods_view.php?goodsNo=1000000281,4.9,14386,0,0,{'1': ['만족도']},[],[]
97931,28,5,smart_store,스마트스토어,아이 먹이기 진짜 편하고 잘먹어요ㅎㅎ,2026-06-04T21:24:43+09:00,2026-06-04,네이버 스마트스토어 구****,5,True,1,1,https://assets6.cre.ma/p/phytonutri-kr/reviews/00/00/09/79/31/image1/45fe6627dcbb8e2f.webp,1000000325,투데이디3 for baby,https://www.phytonutri.kr/goods/goods_view.php?goodsNo=1000000325,4.9,3634,0,0,"{'1': ['만족도', '편의성']}",[],[]
97932,28,5,smart_store,스마트스토어,좋아요 잘먹어요 굿굿  또 구매할거같아요,2026-06-04T21:23:54+09:00,2026-06-04,네이버 스마트스토어 구****,5,True,1,1,https://assets6.cre.ma/p/phytonutri-kr/reviews/00/00/09/79/32/image1/a46a27753444441c.webp,1000000281,지니어스뉴 드롭스&톡캡스,https://www.phytonutri.kr/goods/goods_view.php?goodsNo=1000000281,4.9,14386,0,0,{'1': ['만족도']},[],[]
97933,28,5,smart_store,스마트스토어,좋아요 아이가 거부감 없이 잘 먹어주네요! 비싸긴 한데 괜찮은거 같아요,2026-06-04T21:19:55+09:00,2026-06-04,네이버 스마트스토어 구****,5,True,1,1,https://assets6.cre.ma/p/phytonutri-kr/reviews/00/00/09/79/33/image1/6923048f3910cb0b.webp,1000000281,지니어스뉴 드롭스&톡캡스,https://www.phytonutri.kr/goods/goods_view.php?goodsNo=1000000281,4.9,14386,0,0,"{'1': ['만족도'], '-1': ['가격']}",[],[]
97934,28,5,smart_store,스마트스토어,"유산균이랑 섞인 비타민디 먹이면 설사해서 비타민디만 먹이고싶어서 찾은 제품
밥 먹일때 딱 짜서주면 너무 편해요",2026-06-04T20:53:05+09:00,2026-06-04,네이버 스마트스토어 구****,5,True,1,1,https://assets6.cre.ma/p/phytonutri-kr/reviews/00/00/09/79/34/image1/6c40cb01cc33cdda.webp,1000000325,투데이디3 for baby,https://www.phytonutri.kr/goods/goods_view.php?goodsNo=1000000325,4.9,3634,0,0,"{'1': ['만족도', '편의성']}",[],[]
97863,28,5,,자사몰(고도몰),"좋아요 좋아요
좋아요 좋아요",2026-06-04T20:52:05+09:00,2026-06-04,roym******,5,True,1,1,https://assets6.cre.ma/p/phytonutri-kr/reviews/00/00/09/78/63/image1/26025c8b4775605b.webp,1000000398,KD 파마 듀얼 초임계 rTG 오메가3,https://www.phytonutri.kr/goods/goods_view.php?goodsNo=1000000398,4.9,121,0,0,{'1': ['만족도']},[],[]
97935,28,5,smart_store,스마트스토어,아이가 좋아해서 잘 먹고있답니다,2026-06-04T19:43:58+09:00,2026-06-04,네이버 스마트스토어 구****,5,False,0,0,,1000000342,이트뮨 아이 배도라지즙&엘더베리사과주스,https://www.phytonutri.kr/goods/goods_view.php?goodsNo=1000000342,4.9,609,0,0,{'1': ['만족도']},[],[]
97936,28,3,smart_store,스마트스토어,매번구매해서잘먹이고있어요,2026-06-04T18:05:30+09:00,2026-06-04,네이버 스마트스토어 구****,5,False,0,0,,1000000325,투데이디3 for baby,https://www.phytonutri.kr/goods/goods_view.php?goodsNo=1000000325,4.9,3634,0,0,{'2': ['만족도']},[],[]
97937,28,5,smart_store,스마트스토어,아기가 거부감없이 잘 먹어줘요 ㅎㅎ,2026-06-04T15:31:41+09:00,2026-06-04,네이버 스마트스토어 구****,5,True,1,1,https://assets6.cre.ma/p/phytonutri-kr/reviews/00/00/09/79/37/image1/389c6cb92b70128e.webp,1000000281,지니어스뉴 드롭스&톡캡스,https://www.phytonutri.kr/goods/goods_view.php?goodsNo=1000000281,4.9,14386,0,0,"{'1': ['만족도', '맛']}",[],[]
97938,29,5,smart_store,스마트스토어,"드롭형비타민d먹이다가 바꿔봤는데 아기가 너무 좋아해요~ 그냥 오일맛인거 같은데 하나먹고 또 달라고 하는거보니 너무 신기하네요~~ 
먹이기도 편리하고 아기도 잘먹으니까 계속 재 주문할거 같아요",2026-06-04T15:30:00+09:00,2026-06-04,네이버 스마트스토어 구****,5,True,1,1,https://assets6.cre.ma/p/phytonutri-kr/reviews/00/00/09/79/38/image1/242bd77d43654164.webp,1000000325,투데이디3 for baby,https://www.phytonutri.kr/goods/goods_view.php?goodsNo=1000000325,4.9,3634,0,0,"{'1': ['만족도', '편의성'], '0': ['맛']}",[],[]
97939,29,5,smart_store,스마트스토어,믿고먹이고있는 제품입니다 좋아요ㅎㅎ,2026-06-04T14:57:08+09:00,2026-06-04,네이버 스마트스토어 구****,5,True,1,1,https://assets6.cre.ma/p/phytonutri-kr/reviews/00/00/09/79/39/image1/d279938d042e265e.webp,1000000297,"그로우뉴 아이 유기농칼슘&마그네슘 비타민D,k2,망간",https://www.phytonutri.kr/goods/goods_view.php?goodsNo=1000000297,4.9,4844,0,0,{'1': ['만족도']},[],[]
97862,29,5,,자사몰(고도몰),개별포장이라 보관하기도 편할거 같고 깔끔해 보여서 마음에 들었네요,2026-06-04T14:33:05+09:00,2026-06-04,박****,10,False,0,0,,1000000406,듀오좀 마그앤알티지 식물성 듀얼 오메가3,https://www.phytonutri.kr/goods/goods_view.php?goodsNo=1000000406,4.7,27,2,0,"{'1': ['만족도', '포장', '편의성']}",[],"[{'name': '성별', 'value': '남성'}, {'name': '연령대', 'value': '50대 이상'}]"
97861,29,5,,자사몰(고도몰),예전에 먹던건 먹고 나면 비린 느낌이 올라와서 잘 안먹게 됐는데 이건 그런게 덜한거 같아서 괜찮네요,2026-06-04T14:32:24+09:00,2026-06-04,이****,10,False,0,0,,1000000406,듀오좀 마그앤알티지 식물성 듀얼 오메가3,https://www.phytonutri.kr/goods/goods_view.php?goodsNo=1000000406,4.7,27,3,0,"{'1': ['만족도', '맛']}",[],"[{'name': '성별', 'value': '남성'}, {'name': '연령대', 'value': '50대 이상'}]"
97860,29,3,,자사몰(고도몰),솔직히 가격은 좀 있는 편이긴 한데 매일 먹는거라 성분도 보고 이것저것 비교하다가 골랐어요.,2026-06-04T14:31:35+09:00,2026-06-04,김****,10,False,0,0,,1000000406,듀오좀 마그앤알티지 식물성 듀얼 오메가3,https://www.phytonutri.kr/goods/goods_view.php?goodsNo=1000000406,4.7,27,2,0,"{'0': ['만족도', '성분'], '-1': ['가격']}",[],"[{'name': '성별', 'value': '남성'}, {'name': '연령대', 'value': '30대'}]"
97859,29,5,,자사몰(고도몰),남편이 오메가3는 잘 안먹으려고 하는데 이건 크기가 크지 않아서 그런지 잘 챙겨먹고 있어요,2026-06-04T14:30:19+09:00,2026-06-04,박****,10,False,0,0,,1000000406,듀오좀 마그앤알티지 식물성 듀얼 오메가3,https://www.phytonutri.kr/goods/goods_view.php?goodsNo=1000000406,4.7,27,2,0,"{'1': ['만족도', '크기']}",[],"[{'name': '성별', 'value': '여성'}, {'name': '연령대', 'value': '40대'}]"
97858,29,5,,자사몰(고도몰),임신 준비중이라 식물성 오메가3 알아보다가 주문했어요. 성분 설명도 자세하게 나와있어서 고르기 편했네요.,2026-06-04T14:29:36+09:00,2026-06-04,이****,10,False,0,0,,1000000406,듀오좀 마그앤알티지 식물성 듀얼 오메가3,https://www.phytonutri.kr/goods/goods_view.php?goodsNo=1000000406,4.7,27,3,0,"{'1': ['만족도', '성분']}",[],"[{'name': '성별', 'value': '여성'}, {'name': '연령대', 'value': '30대'}]"
97857,29,4,,자사몰(고도몰),남편 건강검진 받고 나서 이것저것 찾아보다가 구매했어요. 오메가3는 꾸준히 먹는게 중요하다던데 알이 작아서 그런지 생각보다 잘 챙겨먹네요.,2026-06-04T14:28:15+09:00,2026-06-04,김****,10,False,0,0,,1000000406,듀오좀 마그앤알티지 식물성 듀얼 오메가3,https://www.phytonutri.kr/goods/goods_view.php?goodsNo=1000000406,4.7,27,1,0,"{'1': ['만족도', '크기']}",[],"[{'name': '성별', 'value': '여성'}, {'name': '연령대', 'value': '40대'}]"
97856,29,5,,자사몰(고도몰),"오메가3는 몇 년째 챙겨 먹고 있었어요.

건강검진 받을 때마다 챙겨 먹으라고도 하고 워낙 많이들 먹으니까 그냥 꾸준히 먹고 있었는데요^^

솔직히 말씀드리면 그동안은 함량만 봤었어요

EPA, DHA 숫자 큰 거 찾고 가격 괜찮으면 사고... 다 비슷비슷한 줄 알았거든요

그런데 어느 날 보니까 같은 rTG라고 해도 다 똑같은 건 아니라더라구요...

그래서 이번에는 조금 더 알아보고 골라봤어요ㅎㅎ

함량만 높은 게 아니라 흡수되는 부분까지 신경 쓴 제품이라고 해서 관심이 갔구요

매일 먹는 건데 몸에 들어가는 양이 중요하지 않을까 싶더라구요.

원료도 괜찮아 보였고 개별포장이라 보관하기 편한 점도 마음에 들었어요.

오메가3는 산패 얘기도 많던데 그런 부분까지 신경 쓴 것 같아서요^^

캡슐도 생각보다 작아서 먹기 편하구요.

예전에 먹던 건 크기가 좀 있어서 가끔 빼먹기도 했는데 이건 부담이 덜하네요ㅎㅎ

먹은 지 오래되진 않았지만 하나는 느꼈어요.

예전에는 오메가3 고를 때 함량만 봤는데 이제는 그게 전부가 아니라는 거요.

가격만 보고 샀다가 이것저것 바꿔보신 분들은 한 번쯤 비교해보셔도 괜찮을 것 같아요^^

저처럼 ""오메가3는 다 비슷하지 않나?"" 생각했던 사람이라면 더요ㅎㅎ",2026-06-04T14:26:36+09:00,2026-06-04,한****,10,True,1,1,https://assets6.cre.ma/p/phytonutri-kr/reviews/00/00/09/78/56/image1/f7751c36193163d7.webp,1000000406,듀오좀 마그앤알티지 식물성 듀얼 오메가3,https://www.phytonutri.kr/goods/goods_view.php?goodsNo=1000000406,4.7,27,18,0,"{'1': ['만족도', '포장', '크기', '성분', '편의성']}",[],"[{'name': '성별', 'value': '여성'}, {'name': '연령대', 'value': '50대 이상'}]"
97940,29,3,smart_store,스마트스토어,무난해요.무난 무난,2026-06-04T14:17:49+09:00,2026-06-04,네이버 스마트스토어 구****,5,True,1,1,https://assets6.cre.ma/p/phytonutri-kr/reviews/00/00/09/79/40/image1/94d126d0be1dd2f1.webp,1000000342,이트뮨 아이 배도라지즙&엘더베리사과주스,https://www.phytonutri.kr/goods/goods_view.php?goodsNo=1000000342,4.9,609,0,0,{'0': ['만족도']},[],[]
97855,29,5,,자사몰(고도몰),"원래 오메가3는 계속 먹고 있었습니다.

건강검진 받고 나서부터 챙겨먹고 있는데 이번에 먹던게 다 떨어졌네요.

아들이 알아보고 주문해줬습니다.

요즘은 오메가3도 종류가 많다는데 저는 그런건 잘 모릅니다.

함량이 어떻고 원료가 어떻고 설명을 해주는데 그냥 좋은걸로 골랐다고 하더군요.

알약도 너무 크지 않아서 먹기 괜찮습니다.

예전에 먹던건 가끔 목에 걸리는 느낌도 있었는데 이건 그런건 없네요.

하나씩 포장되있어서 꺼내 먹기도 편하고요.

영양제라는게 하루 먹는다고 달라지는건 아니니 꾸준히 먹어볼려고 합니다.

먹어보니 특별히 불편한 점도 없고 괜찮은거 같습니다.

당분간은 이걸로 계속 먹을 생각입니다.",2026-06-04T14:11:43+09:00,2026-06-04,이****,10,True,2,2,https://assets6.cre.ma/p/phytonutri-kr/reviews/00/00/09/78/55/image1/9f08c7042b6b2c46.webp|https://assets6.cre.ma/p/phytonutri-kr/reviews/00/00/09/78/55/image2/1533e6942bb565cc.webp,1000000406,듀오좀 마그앤알티지 식물성 듀얼 오메가3,https://www.phytonutri.kr/goods/goods_view.php?goodsNo=1000000406,4.7,27,21,0,"{'1': ['만족도', '크기', '포장', '식감', '편의성']}",[],"[{'name': '성별', 'value': '남성'}, {'name': '연령대', 'value': '50대 이상'}]"
97941,29,5,smart_store,스마트스토어,매번 꾸준히 잘 첨가하여 먹이고 있습니다,2026-06-04T13:41:15+09:00,2026-06-04,네이버 스마트스토어 구****,5,True,1,1,https://assets6.cre.ma/p/phytonutri-kr/reviews/00/00/09/79/41/image1/b58965b89b3ea945.webp,1000000281,지니어스뉴 드롭스&톡캡스,https://www.phytonutri.kr/goods/goods_view.php?goodsNo=1000000281,4.9,14386,0,0,{'1': ['만족도']},[],[]
97942,29,5,smart_store,스마트스토어,1년째 먹이는데 키도 또래보다 커요 ㅎㅎ 지니어스뉴 효○는 모르겠지만 영양제라고 생각하고있어서 꾸준히 먹이려고요 ㅎㅎ,2026-06-04T13:33:47+09:00,2026-06-04,네이버 스마트스토어 구****,5,True,1,1,https://assets6.cre.ma/p/phytonutri-kr/reviews/00/00/09/79/42/image1/bbc272b754666d53.webp,1000000298,지니어스뉴 + 그로우뉴 세트,https://www.phytonutri.kr/goods/goods_view.php?goodsNo=1000000298,4.9,1413,0,0,"{'1': ['만족도'], '0': ['효과']}",[],[]
97943,29,5,smart_store,스마트스토어,드롭으로 쓰다가 위생과 여행갈때 불편해서 톡캡스로 시켜봤는데 산패로부터도 안심이고 좋아요:),2026-06-04T12:55:42+09:00,2026-06-04,네이버 스마트스토어 구****,5,False,0,0,,1000000281,지니어스뉴 드롭스&톡캡스,https://www.phytonutri.kr/goods/goods_view.php?goodsNo=1000000281,4.9,14386,0,0,"{'1': ['만족도', '포장']}",[],[]
97944,29,5,smart_store,스마트스토어,아기 분유에 타주는데 잘먹을 때가 더 많고 가끔은 안먹더라구요.. 아기맘이죠.. 어쨌든 엄마 맘 편할려고 양양제도 산건데 우리 아기 뇌야 잘자라거라!!,2026-06-04T12:45:27+09:00,2026-06-04,네이버 스마트스토어 구****,5,True,1,1,https://assets6.cre.ma/p/phytonutri-kr/reviews/00/00/09/79/44/image1/f7c9a92c7e49a891.webp,1000000281,지니어스뉴 드롭스&톡캡스,https://www.phytonutri.kr/goods/goods_view.php?goodsNo=1000000281,4.9,14386,0,0,{'0': ['만족도']},[],[]
97945,29,5,smart_store,스마트스토어,좋아요좋아요좋아요좋아요좋아요,2026-06-04T12:45:00+09:00,2026-06-04,네이버 스마트스토어 구****,5,True,1,1,https://assets6.cre.ma/p/phytonutri-kr/reviews/00/00/09/79/45/image1/91a8071bc905dd10.webp,1000000281,지니어스뉴 드롭스&톡캡스,https://www.phytonutri.kr/goods/goods_view.php?goodsNo=1000000281,4.9,14386,0,0,{'1': ['만족도']},[],[]
97946,29,5,smart_store,스마트스토어,좋아요좋아요좋아요좋아요좋아요,2026-06-04T12:44:44+09:00,2026-06-04,네이버 스마트스토어 구****,5,True,1,1,https://assets6.cre.ma/p/phytonutri-kr/reviews/00/00/09/79/46/image1/ec9de0f513613749.webp,1000000281,지니어스뉴 드롭스&톡캡스,https://www.phytonutri.kr/goods/goods_view.php?goodsNo=1000000281,4.9,14386,0,0,{'1': ['만족도']},[],[]
97947,29,5,smart_store,스마트스토어,좋아요좋아요좋아요좋아요좋아요,2026-06-04T12:44:33+09:00,2026-06-04,네이버 스마트스토어 구****,5,True,1,1,https://assets6.cre.ma/p/phytonutri-kr/reviews/00/00/09/79/47/image1/8b1f817d54b3f646.webp,1000000281,지니어스뉴 드롭스&톡캡스,https://www.phytonutri.kr/goods/goods_view.php?goodsNo=1000000281,4.9,14386,0,0,{'1': ['만족도']},[],[]
97948,29,5,smart_store,스마트스토어,"남편이 밀크씨슬 먹어서 이번에이거로 바꿧는데 먹기가불편해서 치아에 자꾸낀다고 반먹고 나머지 내일 먹고 이런식으로해요 

먹기는불편한데 좋다고하네요",2026-06-04T12:44:14+09:00,2026-06-04,네이버 스마트스토어 구****,5,False,0,0,,1000000343,리버티엑스,https://www.phytonutri.kr/goods/goods_view.php?goodsNo=1000000343,4.7,268,0,0,"{'0': ['만족도'], '-1': ['편의성']}",[],[]
97949,29,5,smart_store,스마트스토어,아이의 뇌회복을 위해 꾸준히 먹이고 있어요,2026-06-04T12:17:59+09:00,2026-06-04,네이버 스마트스토어 구****,5,True,1,1,https://assets6.cre.ma/p/phytonutri-kr/reviews/00/00/09/79/49/image1/10fb397f52caf49c.webp,1000000281,지니어스뉴 드롭스&톡캡스,https://www.phytonutri.kr/goods/goods_view.php?goodsNo=1000000281,4.9,14386,0,0,{'0': ['만족도']},[],[]
97950,30,5,smart_store,스마트스토어,아주 좋아요 굿굿굿,2026-06-04T12:12:32+09:00,2026-06-04,네이버 스마트스토어 구****,5,True,1,1,https://assets6.cre.ma/p/phytonutri-kr/reviews/00/00/09/79/50/image1/0872dbadce3c6150.webp,1000000281,지니어스뉴 드롭스&톡캡스,https://www.phytonutri.kr/goods/goods_view.php?goodsNo=1000000281,4.9,14386,0,0,{'2': ['만족도']},[],[]
97951,30,5,smart_store,스마트스토어,아주 좋아요 굿굿굿,2026-06-04T12:12:12+09:00,2026-06-04,네이버 스마트스토어 구****,5,True,1,1,https://assets6.cre.ma/p/phytonutri-kr/reviews/00/00/09/79/51/image1/adf89f41cf1ab2f9.webp,1000000281,지니어스뉴 드롭스&톡캡스,https://www.phytonutri.kr/goods/goods_view.php?goodsNo=1000000281,4.9,14386,0,0,{'2': ['만족도']},[],[]
97952,30,5,smart_store,스마트스토어,아주 좋아요 굿굿굿,2026-06-04T12:12:00+09:00,2026-06-04,네이버 스마트스토어 구****,5,True,1,1,https://assets6.cre.ma/p/phytonutri-kr/reviews/00/00/09/79/52/image1/59837b03489ac414.webp,1000000281,지니어스뉴 드롭스&톡캡스,https://www.phytonutri.kr/goods/goods_view.php?goodsNo=1000000281,4.9,14386,0,0,{'2': ['만족도']},[],[]
97953,30,5,smart_store,스마트스토어,입덧으로 인해 남편리 사줬는데 맛있네요^^,2026-06-04T11:54:14+09:00,2026-06-04,네이버 스마트스토어 구****,5,True,1,1,https://assets6.cre.ma/p/phytonutri-kr/reviews/00/00/09/79/53/image1/276333f1ca0db486.webp,1000000396,수드티 루이보스 허브 블렌드 티 강황 맘먼트 임산부 차,https://www.phytonutri.kr/goods/goods_view.php?goodsNo=1000000396,4.7,33,0,0,"{'1': ['만족도', '맛']}",[],[]
97954,30,5,smart_store,스마트스토어,비린내 없이 미역국에 섞어주면 아이도 잘먹어요,2026-06-04T11:38:28+09:00,2026-06-04,네이버 스마트스토어 구****,5,True,1,1,https://assets6.cre.ma/p/phytonutri-kr/reviews/00/00/09/79/54/image1/c7eaf7cf12a7065e.webp,1000000281,지니어스뉴 드롭스&톡캡스,https://www.phytonutri.kr/goods/goods_view.php?goodsNo=1000000281,4.9,14386,0,0,"{'1': ['만족도', '냄새']}",[],[]
97955,30,5,smart_store,스마트스토어,항상 먹이는 제품입니다,2026-06-04T11:30:36+09:00,2026-06-04,네이버 스마트스토어 구****,5,False,0,0,,1000000281,지니어스뉴 드롭스&톡캡스,https://www.phytonutri.kr/goods/goods_view.php?goodsNo=1000000281,4.9,14386,0,0,{'1': ['만족도']},[],[]
97956,30,5,smart_store,스마트스토어,사용법도 편리하고 무향이라 먹이기 좋아요,2026-06-04T11:27:34+09:00,2026-06-04,네이버 스마트스토어 구****,5,True,1,1,https://assets6.cre.ma/p/phytonutri-kr/reviews/00/00/09/79/56/image1/7758eda50a516d84.webp,1000000325,투데이디3 for baby,https://www.phytonutri.kr/goods/goods_view.php?goodsNo=1000000325,4.9,3634,0,0,"{'1': ['만족도', '냄새', '편의성']}",[],[]
97957,30,5,smart_store,스마트스토어,아이에게 먹이고있어요! 좋은것같아요😂,2026-06-04T11:24:38+09:00,2026-06-04,네이버 스마트스토어 구****,5,False,0,0,,1000000281,지니어스뉴 드롭스&톡캡스,https://www.phytonutri.kr/goods/goods_view.php?goodsNo=1000000281,4.9,14386,0,0,{'1': ['만족도']},[],[]
97958,30,5,smart_store,스마트스토어,"스포이드 방식이라 너무좋아요
아이가 거부하지않아요
일찍부터 먹였는데 아이에게 좋은 영향이길 바라면서 꾸준히 먹이고있습니다.",2026-06-04T11:12:29+09:00,2026-06-04,네이버 스마트스토어 구****,5,True,1,1,https://assets6.cre.ma/p/phytonutri-kr/reviews/00/00/09/79/58/image1/841f9d502bcefbc7.webp,1000000326,지니어스뉴 + 투데이디3 세트,https://www.phytonutri.kr/goods/goods_view.php?goodsNo=1000000326,4.8,245,0,0,"{'1': ['만족도', '포장']}",[],[]
97959,30,5,smart_store,스마트스토어,"아이가먹고있는데 이유식먹고나면 수저에주고있어요 
뱉지않고잘먹어요",2026-06-04T11:05:32+09:00,2026-06-04,네이버 스마트스토어 구****,5,True,1,1,https://assets6.cre.ma/p/phytonutri-kr/reviews/00/00/09/79/59/image1/bbc8b0f441203eca.webp,1000000281,지니어스뉴 드롭스&톡캡스,https://www.phytonutri.kr/goods/goods_view.php?goodsNo=1000000281,4.9,14386,0,0,{'1': ['만족도']},[],[]
97960,30,5,smart_store,스마트스토어,아이가 잘먹고 재주문해서 먹이고 있어요~,2026-06-04T10:53:24+09:00,2026-06-04,네이버 스마트스토어 구****,5,True,1,1,https://assets6.cre.ma/p/phytonutri-kr/reviews/00/00/09/79/60/image1/b04258e500dfeca7.webp,1000000281,지니어스뉴 드롭스&톡캡스,https://www.phytonutri.kr/goods/goods_view.php?goodsNo=1000000281,4.9,14386,0,0,{'2': ['만족도']},[],[]
97961,30,5,smart_store,스마트스토어,아기랑 여행갈때도 챙겨가기좋고 소분되어있고 안심포장되어있어 너무 좋아요!,2026-06-04T10:34:37+09:00,2026-06-04,네이버 스마트스토어 구****,5,True,1,1,https://assets6.cre.ma/p/phytonutri-kr/reviews/00/00/09/79/61/image1/d0326f9ae47d1697.webp,1000000325,투데이디3 for baby,https://www.phytonutri.kr/goods/goods_view.php?goodsNo=1000000325,4.9,3634,0,0,"{'2': ['만족도', '포장'], '1': ['편의성']}",[],[]
97854,30,5,,자사몰(고도몰),"19년도부터 계속 먹고있어요
처음엔 좋은지 잘 모르는데 먹다가 안 먹는 순간 눈이 힘든게 느껴집니다
그만큼 눈건강에 좋다는거겠죠 꾸준히 먹고있습니다",2026-06-04T10:25:08+09:00,2026-06-04,안****,10,True,1,1,https://assets6.cre.ma/p/phytonutri-kr/reviews/00/00/09/78/54/image1/ee4759e3ca5c47e4.webp,1000000031,오큘라레이드+,https://www.phytonutri.kr/goods/goods_view.php?goodsNo=1000000031,4.7,638,0,0,"{'2': ['만족도'], '1': ['효과']}","[{'name': '구매옵션', 'value': '오큘라레이드 3+1개[총4개월분][증정:런앤드 랜덤]'}]",[]
97853,30,5,,자사몰(고도몰),아기가 맛잇는지 잘먹어요!! 꾸준히 구입하는 제품입니당,2026-06-04T10:23:48+09:00,2026-06-04,최****,10,True,1,1,https://assets6.cre.ma/p/phytonutri-kr/reviews/00/00/09/78/53/image1/a7ef924970bd90a5.webp,1000000281,지니어스뉴 드롭스&톡캡스,https://www.phytonutri.kr/goods/goods_view.php?goodsNo=1000000281,4.9,14386,0,0,"{'1': ['만족도', '맛']}","[{'name': '[필수] 오프너 선택', 'value': '드롭스/오프너X [추가 요청 시 비용 발생]'}, {'name': '[필수] 제품선택', 'value': '지니어스뉴 드롭스 6+4+1병(총11병 약 4개월 12일분)[증정:이트뮨 10포]'}]","[{'name': '아이 성별', 'value': '여자'}, {'name': '몇 개월인가요?', 'value': '13~24개월'}]"
97852,30,5,,자사몰(고도몰),"효○가있어 장기복용하고있읍니다
계속좋은약부탁합니다",2026-06-04T08:53:59+09:00,2026-06-04,곽****,10,False,0,0,,1000000019,블러드슈가케어 헤모웰당,https://www.phytonutri.kr/goods/goods_view.php?goodsNo=1000000019,4.6,1046,0,0,"{'1': ['만족도', '효과']}","[{'name': '구매옵션', 'value': '헤모웰당 2개월분'}]","[{'name': '성별', 'value': '남성'}, {'name': '연령대', 'value': '50대 이상'}]"
97962,30,5,smart_store,스마트스토어,밥에 뿌려서 먹여주는데 좋네요. 비릿한 냄새가 살짝 나는데 오히려 오메가3가 잘 들어간 것 같아서 좋아요,2026-06-04T08:22:34+09:00,2026-06-04,네이버 스마트스토어 구****,5,False,0,0,,1000000281,지니어스뉴 드롭스&톡캡스,https://www.phytonutri.kr/goods/goods_view.php?goodsNo=1000000281,4.9,14386,0,0,"{'1': ['만족도', '성분'], '0': ['냄새']}",[],[]
97963,30,5,smart_store,스마트스토어,아기가 매일 먹어요 좋아뇨,2026-06-04T08:09:43+09:00,2026-06-04,네이버 스마트스토어 구****,5,False,0,0,,1000000281,지니어스뉴 드롭스&톡캡스,https://www.phytonutri.kr/goods/goods_view.php?goodsNo=1000000281,4.9,14386,0,0,{'1': ['만족도']},[],[]
97964,30,5,smart_store,스마트스토어,맛잏어여 ㅎㅎ굿이에야,2026-06-04T00:16:29+09:00,2026-06-04,네이버 스마트스토어 구****,5,False,0,0,,1000000297,"그로우뉴 아이 유기농칼슘&마그네슘 비타민D,k2,망간",https://www.phytonutri.kr/goods/goods_view.php?goodsNo=1000000297,4.9,4844,0,0,"{'1': ['만족도', '맛']}",[],[]
97965,30,5,smart_store,스마트스토어,👍👍👍👍👍,2026-06-04T00:02:52+09:00,2026-06-04,네이버 스마트스토어 구****,5,True,1,1,https://assets6.cre.ma/p/phytonutri-kr/reviews/00/00/09/79/65/image1/7d3d98e2536131a1.webp,1000000281,지니어스뉴 드롭스&톡캡스,https://www.phytonutri.kr/goods/goods_view.php?goodsNo=1000000281,4.9,14386,0,0,{'2': ['만족도']},[],[]
97966,30,5,smart_store,스마트스토어,아이가 꾸준히 잘 먹고있어요!,2026-06-03T23:52:00+09:00,2026-06-03,네이버 스마트스토어 구****,5,True,1,1,https://assets6.cre.ma/p/phytonutri-kr/reviews/00/00/09/79/66/image1/371329d5cbc3afe6.webp,1000000281,지니어스뉴 드롭스&톡캡스,https://www.phytonutri.kr/goods/goods_view.php?goodsNo=1000000281,4.9,14386,0,0,{'1': ['만족도']},[],[]
97967,31,5,smart_store,스마트스토어,아이 두뇌건강을 위해서 필수적으로 챙겨주는 영양제입니다 ㅎㅎ 우유랑 주니 잘 먹어요 ㅎㅎ,2026-06-03T23:47:01+09:00,2026-06-03,네이버 스마트스토어 구****,5,True,1,1,https://assets6.cre.ma/p/phytonutri-kr/reviews/00/00/09/79/67/image1/e3fadf5512f0308a.webp,1000000281,지니어스뉴 드롭스&톡캡스,https://www.phytonutri.kr/goods/goods_view.php?goodsNo=1000000281,4.9,14386,0,0,{'1': ['만족도']},[],[]
97968,31,5,smart_store,스마트스토어,아이가 먹는데 거부감없어 좋아요,2026-06-03T23:00:11+09:00,2026-06-03,네이버 스마트스토어 구****,5,False,0,0,,1000000281,지니어스뉴 드롭스&톡캡스,https://www.phytonutri.kr/goods/goods_view.php?goodsNo=1000000281,4.9,14386,0,0,"{'1': ['만족도', '맛']}",[],[]
97969,31,5,smart_store,스마트스토어,"최고의제품
잘먹이고있어요",2026-06-03T22:27:03+09:00,2026-06-03,네이버 스마트스토어 구****,5,True,1,1,https://assets6.cre.ma/p/phytonutri-kr/reviews/00/00/09/79/69/image1/d35f438a971f6c08.webp,1000000281,지니어스뉴 드롭스&톡캡스,https://www.phytonutri.kr/goods/goods_view.php?goodsNo=1000000281,4.9,14386,0,0,{'2': ['만족도']},[],[]
97970,31,5,smart_store,스마트스토어,"아직 안먹여봤는데. 생선류 오메가는 아닌거죠? 
식물성맠 해당되나요..? 복합적으로 다들어있음
좋겠는데!
곧 먹여보겠습니다",2026-06-03T22:22:49+09:00,2026-06-03,네이버 스마트스토어 구****,5,True,1,1,https://assets6.cre.ma/p/phytonutri-kr/reviews/00/00/09/79/70/image1/330a2bdbccfe2c9b.webp,1000000281,지니어스뉴 드롭스&톡캡스,https://www.phytonutri.kr/goods/goods_view.php?goodsNo=1000000281,4.9,14386,0,0,"{'0': ['만족도', '성분']}",[],[]
97971,31,5,smart_store,스마트스토어,배송 잘받았습니다~~~~,2026-06-03T22:08:51+09:00,2026-06-03,네이버 스마트스토어 구****,5,True,1,1,https://assets6.cre.ma/p/phytonutri-kr/reviews/00/00/09/79/71/image1/664f1943c9667125.webp,1000000298,지니어스뉴 + 그로우뉴 세트,https://www.phytonutri.kr/goods/goods_view.php?goodsNo=1000000298,4.9,1413,0,0,{'0': ['만족도']},[],[]
97972,31,3,smart_store,스마트스토어,"먹기는 편한데 아무것도 없는 껍질이 들어있었어요
씰은 직접 개봉한거긴 한데.. 개수가 제대로 들어있는지 다 꺼내서 확인은 못해봤지만 좀 찜찜하네요",2026-06-03T20:24:07+09:00,2026-06-03,네이버 스마트스토어 구****,5,True,1,1,https://assets6.cre.ma/p/phytonutri-kr/reviews/00/00/09/79/72/image1/fb48480c17f6a317.webp,1000000325,투데이디3 for baby,https://www.phytonutri.kr/goods/goods_view.php?goodsNo=1000000325,4.9,3634,0,0,"{'-1': ['만족도', '제품상태'], '1': ['편의성']}",[],[]
97973,31,4,smart_store,스마트스토어,아기가 잘먹어줘서 꾸준하게 먹이려고요,2026-06-03T20:02:15+09:00,2026-06-03,네이버 스마트스토어 구****,5,False,0,0,,1000000281,지니어스뉴 드롭스&톡캡스,https://www.phytonutri.kr/goods/goods_view.php?goodsNo=1000000281,4.9,14386,0,0,{'1': ['만족도']},[],[]
97974,31,5,smart_store,스마트스토어,애들이 잘 먹어요~ 두돌애기한테는 좀 큰 사이즈이긴 하네요,2026-06-03T19:34:28+09:00,2026-06-03,네이버 스마트스토어 구****,5,True,1,1,https://assets6.cre.ma/p/phytonutri-kr/reviews/00/00/09/79/74/image1/e3dc14b54472544b.webp,1000000397,"그로우뉴 ~키즈 유기농 칼슘&마그네슘 비타민D,k2 망간",https://www.phytonutri.kr/goods/goods_view.php?goodsNo=1000000397,4.9,63,0,0,"{'1': ['만족도'], '-1': ['크기']}",[],[]
97975,31,5,smart_store,스마트스토어,아기 영양제로 항상 잘 먹이고 있어요,2026-06-03T19:18:38+09:00,2026-06-03,네이버 스마트스토어 구****,5,True,1,1,https://assets6.cre.ma/p/phytonutri-kr/reviews/00/00/09/79/75/image1/c5ffdbf1b3af9b51.webp,1000000325,투데이디3 for baby,https://www.phytonutri.kr/goods/goods_view.php?goodsNo=1000000325,4.9,3634,0,0,{'1': ['만족도']},[],[]
97976,31,5,smart_store,스마트스토어,"아기한테 주기 편했고, 잘 먹어요.",2026-06-03T19:15:09+09:00,2026-06-03,네이버 스마트스토어 구****,5,True,1,1,https://assets6.cre.ma/p/phytonutri-kr/reviews/00/00/09/79/76/image1/b3ef65dadc5b5159.webp,1000000281,지니어스뉴 드롭스&톡캡스,https://www.phytonutri.kr/goods/goods_view.php?goodsNo=1000000281,4.9,14386,0,0,"{'1': ['만족도', '편의성']}",[],[]
97977,31,5,smart_store,스마트스토어,"아기친구 엄마가 추천해줬는데
먹기도 편하고 다른 영양제보다 
효○가 확실히 있는거같아요! 
계속 시키는중입니다!!!",2026-06-03T18:53:14+09:00,2026-06-03,네이버 스마트스토어 구****,5,True,1,1,https://assets6.cre.ma/p/phytonutri-kr/reviews/00/00/09/79/77/image1/a6dfe9726851ed71.webp,1000000297,"그로우뉴 아이 유기농칼슘&마그네슘 비타민D,k2,망간",https://www.phytonutri.kr/goods/goods_view.php?goodsNo=1000000297,4.9,4844,0,0,"{'1': ['만족도', '효과', '편의성']}",[],[]
97978,31,5,smart_store,스마트스토어,"아이영양제  이리저리 검색하다가 두뇌영양제가  중요하대서 구입했어요
이 제품이  괜찮다고해서  함 먹여볼려구요",2026-06-03T18:44:32+09:00,2026-06-03,네이버 스마트스토어 구****,5,True,1,1,https://assets6.cre.ma/p/phytonutri-kr/reviews/00/00/09/79/78/image1/8134cef123df1fc8.webp,1000000281,지니어스뉴 드롭스&톡캡스,https://www.phytonutri.kr/goods/goods_view.php?goodsNo=1000000281,4.9,14386,0,0,{'0': ['만족도']},[],[]
97979,31,5,smart_store,스마트스토어,아기한테 좋타고 해서 샀어오,2026-06-03T18:42:42+09:00,2026-06-03,네이버 스마트스토어 구****,5,True,1,1,https://assets6.cre.ma/p/phytonutri-kr/reviews/00/00/09/79/79/image1/9bfb2aae9a67f0c7.webp,1000000281,지니어스뉴 드롭스&톡캡스,https://www.phytonutri.kr/goods/goods_view.php?goodsNo=1000000281,4.9,14386,0,0,{'0': ['만족도']},[],[]
97980,31,5,smart_store,스마트스토어,우리아들 필수영양제,2026-06-03T17:12:50+09:00,2026-06-03,네이버 스마트스토어 구****,5,True,1,1,https://assets6.cre.ma/p/phytonutri-kr/reviews/00/00/09/79/80/image1/2b9ae45bbcfe5333.webp,1000000281,지니어스뉴 드롭스&톡캡스,https://www.phytonutri.kr/goods/goods_view.php?goodsNo=1000000281,4.9,14386,0,0,{'0': ['만족도']},[],[]
97981,31,5,smart_store,스마트스토어,아기에게 시판이유식을 챙겨주는데 모자란 영양소를 채워줄수있어 좋아요,2026-06-03T16:22:56+09:00,2026-06-03,네이버 스마트스토어 구****,5,True,1,1,https://assets6.cre.ma/p/phytonutri-kr/reviews/00/00/09/79/81/image1/7744f7af978a3e31.webp,1000000297,"그로우뉴 아이 유기농칼슘&마그네슘 비타민D,k2,망간",https://www.phytonutri.kr/goods/goods_view.php?goodsNo=1000000297,4.9,4844,0,0,"{'1': ['만족도', '성분']}",[],[]
97982,31,5,smart_store,스마트스토어,"항상 주문해서 먹고 있어요~ 제가 먹어본적은 없어서 맛은 잘 모르겠는데, 아이가 거부감 없이 잘 받아먹어요! 어릴때부터 먹어서 그런것 같아요 ㅋㅋ",2026-06-03T15:30:55+09:00,2026-06-03,네이버 스마트스토어 구****,5,True,1,1,https://assets6.cre.ma/p/phytonutri-kr/reviews/00/00/09/79/82/image1/78cac71ccba2068d.webp,1000000325,투데이디3 for baby,https://www.phytonutri.kr/goods/goods_view.php?goodsNo=1000000325,4.9,3634,0,0,"{'1': ['만족도'], '0': ['맛']}",[],[]
97983,31,5,smart_store,스마트스토어,아기가 잘 먹어요 믿고 구매한 제품입니다 좋아요~,2026-06-03T14:59:36+09:00,2026-06-03,네이버 스마트스토어 구****,5,False,0,0,,1000000325,투데이디3 for baby,https://www.phytonutri.kr/goods/goods_view.php?goodsNo=1000000325,4.9,3634,0,0,{'1': ['만족도']},[],[]
97984,31,5,smart_store,스마트스토어,밤타입은 바로 입에 먹여주기 편하고 오일은 숟가락에 짜서 주기 편하네요 애기가 잘먹고 하나 먹으면 하나 또 먹고싶어해요~,2026-06-03T14:35:11+09:00,2026-06-03,네이버 스마트스토어 구****,5,True,1,1,https://assets6.cre.ma/p/phytonutri-kr/reviews/00/00/09/79/84/image1/56ff8eb962115fb3.webp,1000000325,투데이디3 for baby,https://www.phytonutri.kr/goods/goods_view.php?goodsNo=1000000325,4.9,3634,0,0,"{'1': ['만족도', '편의성']}",[],[]
97985,31,5,smart_store,스마트스토어,아이가 좋아하고 잘 먹어요,2026-06-03T14:26:54+09:00,2026-06-03,네이버 스마트스토어 구****,5,True,1,1,https://assets6.cre.ma/p/phytonutri-kr/reviews/00/00/09/79/85/image1/9d99454c8daeca84.webp,1000000281,지니어스뉴 드롭스&톡캡스,https://www.phytonutri.kr/goods/goods_view.php?goodsNo=1000000281,4.9,14386,0,0,{'1': ['만족도']},[],[]
97986,31,5,smart_store,스마트스토어,"9개월 손자 영양제 구입했습니다.
무럭무럭 성장하기를 바랍니다",2026-06-03T13:16:30+09:00,2026-06-03,네이버 스마트스토어 구****,5,True,1,1,https://assets6.cre.ma/p/phytonutri-kr/reviews/00/00/09/79/86/image1/fee38e14df394768.webp,1000000281,지니어스뉴 드롭스&톡캡스,https://www.phytonutri.kr/goods/goods_view.php?goodsNo=1000000281,4.9,14386,0,0,{'0': ['만족도']},[],[]
97987,32,5,smart_store,스마트스토어,"9개월 손자 영양제 구입했습니다.
무럭무럭 성장하기를 바랍니다",2026-06-03T13:16:07+09:00,2026-06-03,네이버 스마트스토어 구****,5,True,1,1,https://assets6.cre.ma/p/phytonutri-kr/reviews/00/00/09/79/87/image1/5c90a95b97884002.webp,1000000297,"그로우뉴 아이 유기농칼슘&마그네슘 비타민D,k2,망간",https://www.phytonutri.kr/goods/goods_view.php?goodsNo=1000000297,4.9,4844,0,0,{'0': ['만족도']},[],[]
97988,32,5,smart_store,스마트스토어,감사합니다 잘쓰겠습니다.,2026-06-03T12:08:35+09:00,2026-06-03,네이버 스마트스토어 구****,5,False,0,0,,1000000281,지니어스뉴 드롭스&톡캡스,https://www.phytonutri.kr/goods/goods_view.php?goodsNo=1000000281,4.9,14386,0,0,{'0': ['만족도']},[],[]
97989,32,3,smart_store,스마트스토어,"믿고 구매합니다.
괜찮으면 꾸준하게 먹여보려규요!",2026-06-03T11:13:37+09:00,2026-06-03,네이버 스마트스토어 구****,5,False,0,0,,1000000281,지니어스뉴 드롭스&톡캡스,https://www.phytonutri.kr/goods/goods_view.php?goodsNo=1000000281,4.9,14386,0,0,{'0': ['만족도']},[],[]
97990,32,5,smart_store,스마트스토어,"30일차 신생아 때부터 먹였어요 ! 그냥 먹여도 잘 먹고, 젖에 발라서 줘도 잘 먹어요 !! 거부한 적은 한 번두 없고, 애기도 쑥쑥커요 💚🧡

근데 모유수유하면서 손이 자유롭지가 않아서 혼자 먹이기는 조금 불편했어요ㅠㅠㅠ분유면 먹이기 좀 더 쉬울 것 같은데, 잠시 드롭형식제품 먹였다가 이유식 시작하고 다시 이걸로 먹이려구요 🙂🙂",2026-06-03T10:56:08+09:00,2026-06-03,네이버 스마트스토어 구****,5,False,0,0,,1000000325,투데이디3 for baby,https://www.phytonutri.kr/goods/goods_view.php?goodsNo=1000000325,4.9,3634,0,0,"{'1': ['만족도'], '-1': ['편의성']}",[],[]
97991,32,5,smart_store,스마트스토어,일년가까이 꾸준히 먹이고 있어요,2026-06-03T10:50:29+09:00,2026-06-03,네이버 스마트스토어 구****,5,True,1,1,https://assets6.cre.ma/p/phytonutri-kr/reviews/00/00/09/79/91/image1/fb07f590071ad1c2.webp,1000000298,지니어스뉴 + 그로우뉴 세트,https://www.phytonutri.kr/goods/goods_view.php?goodsNo=1000000298,4.9,1413,0,0,{'1': ['만족도']},[],[]
97992,32,5,smart_store,스마트스토어,매일 한 포씩 챙겨주고 있어요 ㅎㅎ 효○는 꾸준히 먹여봐야 알겠지만 거부감 없이 잘 먹는 거 같아요,2026-06-03T10:04:44+09:00,2026-06-03,네이버 스마트스토어 구****,5,True,1,1,https://assets6.cre.ma/p/phytonutri-kr/reviews/00/00/09/79/92/image1/418ff9853b512cad.webp,1000000297,"그로우뉴 아이 유기농칼슘&마그네슘 비타민D,k2,망간",https://www.phytonutri.kr/goods/goods_view.php?goodsNo=1000000297,4.9,4844,0,0,"{'1': ['만족도'], '0': ['효과']}",[],[]
97993,32,5,smart_store,스마트스토어,애기꾸준히주고잇어용,2026-06-03T09:38:44+09:00,2026-06-03,네이버 스마트스토어 구****,5,False,0,0,,1000000298,지니어스뉴 + 그로우뉴 세트,https://www.phytonutri.kr/goods/goods_view.php?goodsNo=1000000298,4.9,1413,0,0,{'1': ['만족도']},[],[]
97994,32,5,smart_store,스마트스토어,"아기 먹이려고 한번에 10개 구매했어요~ 
이유식먹이거나 우유먹일때 타서 먹이는데 별다른거 없이 잘먹어요~",2026-06-03T09:36:03+09:00,2026-06-03,네이버 스마트스토어 구****,5,True,1,1,https://assets6.cre.ma/p/phytonutri-kr/reviews/00/00/09/79/94/image1/79594c7a7b374efe.webp,1000000281,지니어스뉴 드롭스&톡캡스,https://www.phytonutri.kr/goods/goods_view.php?goodsNo=1000000281,4.9,14386,0,0,{'1': ['만족도']},[],[]
97995,32,5,smart_store,스마트스토어,양도 먹일때마다 적당하고 유기농이라 안심되는 것 같아요.,2026-06-03T06:17:58+09:00,2026-06-03,네이버 스마트스토어 구****,5,True,1,1,https://assets6.cre.ma/p/phytonutri-kr/reviews/00/00/09/79/95/image1/a01254cd3d3a0cf2.webp,1000000325,투데이디3 for baby,https://www.phytonutri.kr/goods/goods_view.php?goodsNo=1000000325,4.9,3634,0,0,"{'1': ['만족도', '제품상태', '용량']}",[],[]
97996,32,5,smart_store,스마트스토어,아기 영양 만점입니다,2026-06-03T02:06:27+09:00,2026-06-03,네이버 스마트스토어 구****,5,True,1,1,https://assets6.cre.ma/p/phytonutri-kr/reviews/00/00/09/79/96/image1/bc4e6b8d774d0991.webp,1000000281,지니어스뉴 드롭스&톡캡스,https://www.phytonutri.kr/goods/goods_view.php?goodsNo=1000000281,4.9,14386,0,0,"{'1': ['만족도', '성분']}",[],[]
97997,32,4,smart_store,스마트스토어,오메가쓰리 꾸준히먹고있는 제품입니다,2026-06-03T02:01:19+09:00,2026-06-03,네이버 스마트스토어 구****,5,True,1,1,https://assets6.cre.ma/p/phytonutri-kr/reviews/00/00/09/79/97/image1/36385e21347226fb.webp,1000000281,지니어스뉴 드롭스&톡캡스,https://www.phytonutri.kr/goods/goods_view.php?goodsNo=1000000281,4.9,14386,0,0,{'1': ['만족도']},[],[]
97998,32,5,smart_store,스마트스토어,계속 먹이고 있어요! 똑똑해지길!,2026-06-03T00:21:19+09:00,2026-06-03,네이버 스마트스토어 구****,5,True,1,1,https://assets6.cre.ma/p/phytonutri-kr/reviews/00/00/09/79/98/image1/43dae8e540769c73.webp,1000000281,지니어스뉴 드롭스&톡캡스,https://www.phytonutri.kr/goods/goods_view.php?goodsNo=1000000281,4.9,14386,0,0,{'1': ['만족도']},[],[]
97999,32,5,smart_store,스마트스토어,우리 아기들 필수품 입니다^^ 잘먹일게요!,2026-06-03T00:20:45+09:00,2026-06-03,네이버 스마트스토어 구****,5,True,1,1,https://assets6.cre.ma/p/phytonutri-kr/reviews/00/00/09/79/99/image1/1c40a681fe24e10c.webp,1000000281,지니어스뉴 드롭스&톡캡스,https://www.phytonutri.kr/goods/goods_view.php?goodsNo=1000000281,4.9,14386,0,0,{'1': ['만족도']},[],[]
98000,32,5,smart_store,스마트스토어,효○가 있기를 바래봅니당 ㅎㅎ,2026-06-03T00:02:06+09:00,2026-06-03,네이버 스마트스토어 구****,5,True,1,1,https://assets6.cre.ma/p/phytonutri-kr/reviews/00/00/09/80/00/image1/149e64f62b671d95.webp,1000000281,지니어스뉴 드롭스&톡캡스,https://www.phytonutri.kr/goods/goods_view.php?goodsNo=1000000281,4.9,14386,0,0,{'0': ['만족도']},[],[]
98001,32,5,smart_store,스마트스토어,떨어지지않게 늘 구매해요,2026-06-02T23:38:26+09:00,2026-06-02,네이버 스마트스토어 구****,5,True,1,1,https://assets6.cre.ma/p/phytonutri-kr/reviews/00/00/09/80/01/image1/200c96a10c4d06f7.webp,1000000281,지니어스뉴 드롭스&톡캡스,https://www.phytonutri.kr/goods/goods_view.php?goodsNo=1000000281,4.9,14386,0,0,{'2': ['만족도']},[],[]
98002,32,5,smart_store,스마트스토어,"밥에 아침 저녁으로 뿌려주고 있어요~~!
꾸준히 잘 먹여서 아기에게 좋았으면 좋겠어요",2026-06-02T23:26:28+09:00,2026-06-02,네이버 스마트스토어 구****,5,True,1,1,https://assets6.cre.ma/p/phytonutri-kr/reviews/00/00/09/80/02/image1/697f8f5b0b795e57.webp,1000000281,지니어스뉴 드롭스&톡캡스,https://www.phytonutri.kr/goods/goods_view.php?goodsNo=1000000281,4.9,14386,0,0,{'0': ['만족도']},[],[]
98003,32,5,smart_store,스마트스토어,주기적으로구매해욯ㅎ,2026-06-02T22:51:05+09:00,2026-06-02,네이버 스마트스토어 구****,5,False,0,0,,1000000325,투데이디3 for baby,https://www.phytonutri.kr/goods/goods_view.php?goodsNo=1000000325,4.9,3634,0,0,{'2': ['만족도']},[],[]
98004,32,5,smart_store,스마트스토어,주기적으로구매해요ㅎㅎㅎ,2026-06-02T22:50:53+09:00,2026-06-02,네이버 스마트스토어 구****,5,False,0,0,,1000000325,투데이디3 for baby,https://www.phytonutri.kr/goods/goods_view.php?goodsNo=1000000325,4.9,3634,0,0,{'2': ['만족도']},[],[]
98005,32,5,smart_store,스마트스토어,주기적으로구매해요ㅎㅎ,2026-06-02T22:50:32+09:00,2026-06-02,네이버 스마트스토어 구****,5,False,0,0,,1000000281,지니어스뉴 드롭스&톡캡스,https://www.phytonutri.kr/goods/goods_view.php?goodsNo=1000000281,4.9,14386,0,0,{'2': ['만족도']},[],[]
98006,32,5,smart_store,스마트스토어,주기적으로구매합니다,2026-06-02T22:50:16+09:00,2026-06-02,네이버 스마트스토어 구****,5,False,0,0,,1000000281,지니어스뉴 드롭스&톡캡스,https://www.phytonutri.kr/goods/goods_view.php?goodsNo=1000000281,4.9,14386,0,0,{'2': ['만족도']},[],[]
98007,33,5,smart_store,스마트스토어,주기적으로사고있아요,2026-06-02T22:49:48+09:00,2026-06-02,네이버 스마트스토어 구****,5,False,0,0,,1000000325,투데이디3 for baby,https://www.phytonutri.kr/goods/goods_view.php?goodsNo=1000000325,4.9,3634,0,0,{'1': ['만족도']},[],[]
98008,33,5,smart_store,스마트스토어,아기가 잘 먹어서 다행이에요 ㅎㅎ,2026-06-02T22:49:07+09:00,2026-06-02,네이버 스마트스토어 구****,5,True,1,1,https://assets6.cre.ma/p/phytonutri-kr/reviews/00/00/09/80/08/image1/76833dc15c4c38d9.webp,1000000281,지니어스뉴 드롭스&톡캡스,https://www.phytonutri.kr/goods/goods_view.php?goodsNo=1000000281,4.9,14386,0,0,{'1': ['만족도']},[],[]
98009,33,5,smart_store,스마트스토어,계속 잘 먹고있는 영양제입니다 만족스러워요,2026-06-02T22:42:52+09:00,2026-06-02,네이버 스마트스토어 구****,5,True,1,1,https://assets6.cre.ma/p/phytonutri-kr/reviews/00/00/09/80/09/image1/a5fe5188783ee726.webp,1000000281,지니어스뉴 드롭스&톡캡스,https://www.phytonutri.kr/goods/goods_view.php?goodsNo=1000000281,4.9,14386,0,0,{'1': ['만족도']},[],[]
98010,33,5,smart_store,스마트스토어,아기때부터 쭈~욱 꾸준히 먹이고있는 제품입니다.이번에 행사하는 가격에 구매해서 만족합니다^^ 행사 자주했으면 좋겠어요,2026-06-02T22:24:57+09:00,2026-06-02,네이버 스마트스토어 구****,5,True,1,1,https://assets6.cre.ma/p/phytonutri-kr/reviews/00/00/09/80/10/image1/ba1df98a5c9f198b.webp,1000000281,지니어스뉴 드롭스&톡캡스,https://www.phytonutri.kr/goods/goods_view.php?goodsNo=1000000281,4.9,14386,0,0,"{'1': ['만족도', '가격']}",[],[]
97776,33,5,smart_store,스마트스토어,아기 오메가3 먹이려고 샀는데 먹이기 편하고 좋아요. 아침에 오트밀줄 때 섞어서 줬을 땐 잘 먹어요.,2026-06-02T22:03:09+09:00,2026-06-02,네이버 스마트스토어 구****,5,True,1,1,https://assets6.cre.ma/p/phytonutri-kr/reviews/00/00/09/77/76/image1/4449533d37bb873e.webp,1000000281,지니어스뉴 드롭스&톡캡스,https://www.phytonutri.kr/goods/goods_view.php?goodsNo=1000000281,4.9,14386,0,0,"{'1': ['만족도', '편의성']}",[],[]
97777,33,5,smart_store,스마트스토어,돌아기여서 오메가도 먹이려고 구매했어요,2026-06-02T21:56:15+09:00,2026-06-02,네이버 스마트스토어 구****,5,False,0,0,,1000000281,지니어스뉴 드롭스&톡캡스,https://www.phytonutri.kr/goods/goods_view.php?goodsNo=1000000281,4.9,14386,0,0,{'0': ['만족도']},[],[]
97778,33,5,smart_store,스마트스토어,네살 아이가 매일 먹는 영양제 입니다. 이제는 아기가 찾아서먹어요! 마법같은 효○는 없지만 그나마 이걸 먹어서 지금만큼 건강한거라 생각합니다^^,2026-06-02T21:52:48+09:00,2026-06-02,네이버 스마트스토어 구****,5,True,1,1,https://assets6.cre.ma/p/phytonutri-kr/reviews/00/00/09/77/78/image1/98f590198b0a7b0a.webp,1000000325,투데이디3 for baby,https://www.phytonutri.kr/goods/goods_view.php?goodsNo=1000000325,4.9,3634,0,0,"{'1': ['만족도'], '0': ['효과']}",[],[]
97779,33,5,smart_store,스마트스토어,"저도 한번 주문해봤습니다
도움이 될지는 모르지만 도움이 되길 바라면서
비싸니까 잘 먹어주길!!",2026-06-02T21:26:19+09:00,2026-06-02,네이버 스마트스토어 구****,5,True,1,1,https://assets6.cre.ma/p/phytonutri-kr/reviews/00/00/09/77/79/image1/c5a5a60d6c636161.webp,1000000281,지니어스뉴 드롭스&톡캡스,https://www.phytonutri.kr/goods/goods_view.php?goodsNo=1000000281,4.9,14386,0,0,"{'0': ['만족도'], '-1': ['가격']}",[],[]
97780,33,5,smart_store,스마트스토어,두번째 구매입니다. 믿고 구입합니다. 돌아기 잘먹어요!,2026-06-02T21:23:28+09:00,2026-06-02,네이버 스마트스토어 구****,5,True,1,1,https://assets6.cre.ma/p/phytonutri-kr/reviews/00/00/09/77/80/image1/92db616b912a9d81.webp,1000000281,지니어스뉴 드롭스&톡캡스,https://www.phytonutri.kr/goods/goods_view.php?goodsNo=1000000281,4.9,14386,0,0,{'2': ['만족도']},[],[]
97781,33,5,smart_store,스마트스토어,먹이기 간편해서 좋아요 빨리 재입고 되길 바래요ㅠㅠ,2026-06-02T21:14:03+09:00,2026-06-02,네이버 스마트스토어 구****,5,True,1,1,https://assets6.cre.ma/p/phytonutri-kr/reviews/00/00/09/77/81/image1/7baa8d82d20eba85.webp,1000000379,지니어스뉴 키즈 국내 유일 스퀴즈 짜먹는 어린이 오메가3 DHA ALA 콜린 올로메가,https://www.phytonutri.kr/goods/goods_view.php?goodsNo=1000000379,4.6,127,0,0,"{'1': ['만족도', '편의성']}",[],[]
97782,33,5,smart_store,스마트스토어,"처음에는 상큼한 맛 때문에 깜짝 놀라하긴 했지만 이젠 잘 먹네요! 먹이기도 간편해서 너무 좋아요 
빨리 재입고 되길 바랍니다ㅠㅠ",2026-06-02T21:12:01+09:00,2026-06-02,네이버 스마트스토어 구****,5,True,1,1,https://assets6.cre.ma/p/phytonutri-kr/reviews/00/00/09/77/82/image1/7fcd83f0243273fe.webp,1000000379,지니어스뉴 키즈 국내 유일 스퀴즈 짜먹는 어린이 오메가3 DHA ALA 콜린 올로메가,https://www.phytonutri.kr/goods/goods_view.php?goodsNo=1000000379,4.6,127,0,0,"{'1': ['만족도', '맛', '편의성']}",[],[]
97783,33,3,smart_store,스마트스토어,제품설명대로 고소할거라 생각했는데 넘 비립니다ㅜㅜ많이산거 살짝 후회중이에요...,2026-06-02T21:10:29+09:00,2026-06-02,네이버 스마트스토어 구****,5,True,1,1,https://assets6.cre.ma/p/phytonutri-kr/reviews/00/00/09/77/83/image1/c45f7246335c3b15.webp,1000000281,지니어스뉴 드롭스&톡캡스,https://www.phytonutri.kr/goods/goods_view.php?goodsNo=1000000281,4.9,14386,0,0,"{'-1': ['만족도', '가격']}",[],[]
97784,33,5,smart_store,스마트스토어,넘 편해서 이제품만 애용해요,2026-06-02T20:48:05+09:00,2026-06-02,네이버 스마트스토어 구****,5,False,0,0,,1000000325,투데이디3 for baby,https://www.phytonutri.kr/goods/goods_view.php?goodsNo=1000000325,4.9,3634,0,0,"{'2': ['만족도', '편의성']}",[],[]
97785,33,2,smart_store,스마트스토어,"제품은 항상 시키는건데요
배송진짜 너무느려요
밤 아홉시에 와서는 겔 다 녹아서 옴
한여름인데..",2026-06-02T20:47:04+09:00,2026-06-02,네이버 스마트스토어 구****,5,False,0,0,,1000000281,지니어스뉴 드롭스&톡캡스,https://www.phytonutri.kr/goods/goods_view.php?goodsNo=1000000281,4.9,14386,0,0,"{'-1': ['만족도', '제품상태'], '-2': ['배송']}",[],[]
97786,33,5,smart_store,스마트스토어,기존에 먹던 유산균에 익숙해졌는지 처음엔 안 먹는다고 뱉어버려 수저에 물 조금 넣고 약 먹이듯 먹였어요. 3일 그렇게 먹이니 지금은 유산균 물이랑 섞어서 수저에 달라고 요구합니다.,2026-06-02T20:41:15+09:00,2026-06-02,네이버 스마트스토어 구****,5,False,0,0,,1000000363,데이프로바 for baby 아기 쌩쌩유산균,https://www.phytonutri.kr/goods/goods_view.php?goodsNo=1000000363,4.9,363,0,0,{'1': ['만족도']},[],[]
97787,33,5,smart_store,스마트스토어,아이가 한창 성장할 시기라 칼마디 들였어요! 건강하게 쑥쑥 자라라!,2026-06-02T19:21:33+09:00,2026-06-02,네이버 스마트스토어 구****,5,False,0,0,,1000000297,"그로우뉴 아이 유기농칼슘&마그네슘 비타민D,k2,망간",https://www.phytonutri.kr/goods/goods_view.php?goodsNo=1000000297,4.9,4844,0,0,{'1': ['만족도']},[],[]
97788,33,5,smart_store,스마트스토어,"24개월인데 또래보다말도좀느린거같고
산만하기도해서 찾아보니
DHA가좋다하더라구요
먹여보고한달후기남길게요ㅎ",2026-06-02T19:07:28+09:00,2026-06-02,네이버 스마트스토어 구****,5,True,1,1,https://assets6.cre.ma/p/phytonutri-kr/reviews/00/00/09/77/88/image1/f87928d0c8725436.webp,1000000281,지니어스뉴 드롭스&톡캡스,https://www.phytonutri.kr/goods/goods_view.php?goodsNo=1000000281,4.9,14386,0,0,{'0': ['만족도']},[],[]
97789,33,5,smart_store,스마트스토어,남편이 챙겨먹고 있어요,2026-06-02T17:56:25+09:00,2026-06-02,네이버 스마트스토어 구****,5,True,1,1,https://assets6.cre.ma/p/phytonutri-kr/reviews/00/00/09/77/89/image1/8c07a31148e90e25.webp,1000000403,뉴스데일리베스트 X 파이토뉴트리 맨드로포즈+,https://www.phytonutri.kr/goods/goods_view.php?goodsNo=1000000403,4.7,193,0,0,{'0': ['만족도']},[],[]
97790,33,5,smart_store,스마트스토어,아이가 약간 신맛이 난다해요 ㅠㅠ,2026-06-02T17:49:44+09:00,2026-06-02,네이버 스마트스토어 구****,5,False,0,0,,1000000297,"그로우뉴 아이 유기농칼슘&마그네슘 비타민D,k2,망간",https://www.phytonutri.kr/goods/goods_view.php?goodsNo=1000000297,4.9,4844,0,0,"{'-1': ['만족도', '맛']}",[],[]
97791,33,5,smart_store,스마트스토어,항상먹이고 있어요 ㅎ,2026-06-02T17:48:11+09:00,2026-06-02,네이버 스마트스토어 구****,5,True,1,1,https://assets6.cre.ma/p/phytonutri-kr/reviews/00/00/09/77/91/image1/7b3d9c80e1472ff0.webp,1000000281,지니어스뉴 드롭스&톡캡스,https://www.phytonutri.kr/goods/goods_view.php?goodsNo=1000000281,4.9,14386,0,0,{'1': ['만족도']},[],[]
97792,34,5,smart_store,스마트스토어,잘받앗어요 감사합니다,2026-06-02T17:42:51+09:00,2026-06-02,네이버 스마트스토어 구****,5,False,0,0,,1000000281,지니어스뉴 드롭스&톡캡스,https://www.phytonutri.kr/goods/goods_view.php?goodsNo=1000000281,4.9,14386,0,0,{'0': ['만족도']},[],[]
97793,34,5,smart_store,스마트스토어,아기한테 먹이고 있는데 잘 먹네요!,2026-06-02T17:42:37+09:00,2026-06-02,네이버 스마트스토어 구****,5,True,1,1,https://assets6.cre.ma/p/phytonutri-kr/reviews/00/00/09/77/93/image1/c4981468c268279a.webp,1000000325,투데이디3 for baby,https://www.phytonutri.kr/goods/goods_view.php?goodsNo=1000000325,4.9,3634,0,0,{'1': ['만족도']},[],[]
97794,34,5,smart_store,스마트스토어,거의 1년은 꾸준히 먹은듯 말 빨라요 덕붘인지,2026-06-02T17:21:38+09:00,2026-06-02,네이버 스마트스토어 구****,5,True,1,1,https://assets6.cre.ma/p/phytonutri-kr/reviews/00/00/09/77/94/image1/3442ac3cbe27213b.webp,1000000281,지니어스뉴 드롭스&톡캡스,https://www.phytonutri.kr/goods/goods_view.php?goodsNo=1000000281,4.9,14386,0,0,{'1': ['만족도']},[],[]
97849,34,5,,자사몰(고도몰),빠른 배송 구웃!!,2026-06-02T17:19:04+09:00,2026-06-02,onu3******,5,True,1,1,https://assets6.cre.ma/p/phytonutri-kr/reviews/00/00/09/78/49/image1/d4936db1860a6852.webp,1000000281,지니어스뉴 드롭스&톡캡스,https://www.phytonutri.kr/goods/goods_view.php?goodsNo=1000000281,4.9,14386,0,0,"{'1': ['만족도', '배송']}",[],[]
97795,34,5,smart_store,스마트스토어,머리에 좋다니 꾸준히 먹여볼려고요,2026-06-02T17:16:40+09:00,2026-06-02,네이버 스마트스토어 구****,5,True,1,1,https://assets6.cre.ma/p/phytonutri-kr/reviews/00/00/09/77/95/image1/0f92653fa434fdda.webp,1000000281,지니어스뉴 드롭스&톡캡스,https://www.phytonutri.kr/goods/goods_view.php?goodsNo=1000000281,4.9,14386,0,0,{'0': ['만족도']},[],[]
97796,34,5,smart_store,스마트스토어,애기가 이거먹으면서 화장실을 잘가고 있어요,2026-06-02T17:16:06+09:00,2026-06-02,네이버 스마트스토어 구****,5,True,1,1,https://assets6.cre.ma/p/phytonutri-kr/reviews/00/00/09/77/96/image1/d28ce7730c5ea1e6.webp,1000000363,데이프로바 for baby 아기 쌩쌩유산균,https://www.phytonutri.kr/goods/goods_view.php?goodsNo=1000000363,4.9,363,0,0,"{'1': ['만족도', '효과']}",[],[]
97797,34,5,smart_store,스마트스토어,분유에 타서 주고있어요 처음엔 잘 안녹아있었는데 요령이 생겼네요 ㅋ,2026-06-02T16:50:31+09:00,2026-06-02,네이버 스마트스토어 구****,5,False,0,0,,1000000297,"그로우뉴 아이 유기농칼슘&마그네슘 비타민D,k2,망간",https://www.phytonutri.kr/goods/goods_view.php?goodsNo=1000000297,4.9,4844,0,0,{'0': ['만족도']},[],[]
97798,34,5,smart_store,스마트스토어,개별포장되어있어 위생적이고 먹이기편리함,2026-06-02T16:46:17+09:00,2026-06-02,네이버 스마트스토어 구****,5,True,1,1,https://assets6.cre.ma/p/phytonutri-kr/reviews/00/00/09/77/98/image1/e0ed1950f8fabb2b.webp,1000000325,투데이디3 for baby,https://www.phytonutri.kr/goods/goods_view.php?goodsNo=1000000325,4.9,3634,0,0,"{'1': ['만족도', '포장', '편의성']}",[],[]
97799,34,5,smart_store,스마트스토어,"개별포장 되어있어서 안심도 되고 편리해요
제가 먹으면 쓴데 아가는 잘먹네요 ㅋㅋ",2026-06-02T16:35:38+09:00,2026-06-02,네이버 스마트스토어 구****,5,True,1,1,https://assets6.cre.ma/p/phytonutri-kr/reviews/00/00/09/77/99/image1/a225778c6c5d0542.webp,1000000325,투데이디3 for baby,https://www.phytonutri.kr/goods/goods_view.php?goodsNo=1000000325,4.9,3634,0,0,"{'1': ['만족도', '포장', '편의성'], '0': ['맛']}",[],[]
97800,34,5,smart_store,스마트스토어,밥먹을때 지루해하면 이거 가지고 먹자~~하면 더 잘먹어요,2026-06-02T15:44:43+09:00,2026-06-02,네이버 스마트스토어 구****,5,True,1,1,https://assets6.cre.ma/p/phytonutri-kr/reviews/00/00/09/78/00/image1/8738528737f25e8e.webp,1000000325,투데이디3 for baby,https://www.phytonutri.kr/goods/goods_view.php?goodsNo=1000000325,4.9,3634,0,0,{'1': ['만족도']},[],[]
97801,34,3,smart_store,스마트스토어,뚜껑따기 귀찮지만 밀봉을 위해…,2026-06-02T14:57:15+09:00,2026-06-02,네이버 스마트스토어 구****,5,True,1,1,https://assets6.cre.ma/p/phytonutri-kr/reviews/00/00/09/78/01/image1/6e64481415805d03.webp,1000000281,지니어스뉴 드롭스&톡캡스,https://www.phytonutri.kr/goods/goods_view.php?goodsNo=1000000281,4.9,14386,0,0,"{'0': ['만족도', '포장']}",[],[]
97802,34,5,smart_store,스마트스토어,아기가 잘먹어요~~~,2026-06-02T14:34:08+09:00,2026-06-02,네이버 스마트스토어 구****,5,True,1,1,https://assets6.cre.ma/p/phytonutri-kr/reviews/00/00/09/78/02/image1/8b7cb6569a9d269b.webp,1000000281,지니어스뉴 드롭스&톡캡스,https://www.phytonutri.kr/goods/goods_view.php?goodsNo=1000000281,4.9,14386,0,0,{'1': ['만족도']},[],[]
97803,34,5,smart_store,스마트스토어,먹이기 쉬워요 아기가 잘 먹어요~,2026-06-02T14:31:13+09:00,2026-06-02,네이버 스마트스토어 구****,5,True,1,1,https://assets6.cre.ma/p/phytonutri-kr/reviews/00/00/09/78/03/image1/f5a70c7c16c8ce2f.webp,1000000325,투데이디3 for baby,https://www.phytonutri.kr/goods/goods_view.php?goodsNo=1000000325,4.9,3634,0,0,"{'1': ['만족도', '편의성']}",[],[]
97804,34,5,smart_store,스마트스토어,"위생적이고 편리해서 좋습니다.
무슨 맛일까하고 살짝 맛만 봤는데 거부감 없는 맛이었습니다. 
생각보다 짜 먹이는 양이 많았지만 조금씩 나눠서 먹이니 잘 먹어요!",2026-06-02T14:19:19+09:00,2026-06-02,네이버 스마트스토어 구****,5,True,1,1,https://assets6.cre.ma/p/phytonutri-kr/reviews/00/00/09/78/04/image1/91f18e83a092619f.webp,1000000325,투데이디3 for baby,https://www.phytonutri.kr/goods/goods_view.php?goodsNo=1000000325,4.9,3634,0,0,"{'1': ['만족도', '제품상태', '맛', '편의성'], '0': ['용량']}",[],[]
97850,34,5,,자사몰(고도몰),"그냥 이란 표현이 제일 적당항거 같네요
그냥 좋아요 ㅋ",2026-06-02T14:17:10+09:00,2026-06-02,sili******,5,True,1,1,https://assets6.cre.ma/p/phytonutri-kr/reviews/00/00/09/78/50/image1/65cb05e10ceb92b0.webp,1000000403,뉴스데일리베스트 X 파이토뉴트리 맨드로포즈+,https://www.phytonutri.kr/goods/goods_view.php?goodsNo=1000000403,4.7,193,0,0,{'1': ['만족도']},[],[]
97805,34,5,smart_store,스마트스토어,"한개씩 톡따서 주니깐 너무 편하고 좋아요!!
냄새도 안나요
아기가 잘 먹어요",2026-06-02T14:09:48+09:00,2026-06-02,네이버 스마트스토어 구****,5,True,1,1,https://assets6.cre.ma/p/phytonutri-kr/reviews/00/00/09/78/05/image1/672b1c7e11cd3f69.webp,1000000281,지니어스뉴 드롭스&톡캡스,https://www.phytonutri.kr/goods/goods_view.php?goodsNo=1000000281,4.9,14386,0,0,"{'1': ['만족도', '냄새', '편의성']}",[],[]
97806,34,5,smart_store,스마트스토어,맛이나 향이 느껴지지 않아서 거부없이 아주 잘 먹네요!,2026-06-02T13:57:02+09:00,2026-06-02,네이버 스마트스토어 구****,5,False,0,0,,1000000325,투데이디3 for baby,https://www.phytonutri.kr/goods/goods_view.php?goodsNo=1000000325,4.9,3634,0,0,"{'1': ['만족도'], '0': ['맛', '냄새']}",[],[]
97807,34,5,smart_store,스마트스토어,향이나 맛이 느껴지지 않아서 아이가 거부하지 않고 잘 먹습니다!,2026-06-02T13:56:33+09:00,2026-06-02,네이버 스마트스토어 구****,5,False,0,0,,1000000325,투데이디3 for baby,https://www.phytonutri.kr/goods/goods_view.php?goodsNo=1000000325,4.9,3634,0,0,"{'1': ['만족도'], '0': ['맛', '냄새']}",[],[]
97808,34,5,smart_store,스마트스토어,일년정도 쭉 먹이고있는데 매번 이유식에 유아식에 뿌려주다 이번에 처음 맨입에 줘봤는데 엄청 맛있게 잘받아먹어요 ㅋㅋㅋ 또달라는 뉘앙스 ... 고소하니맛있나봐요 ♥️ 다른데서 주문해볼까해도 여기만한데는 없는것같아요 . 배도라지즙도 너무 잘먹고 요리할때도 잘쓰고 있어요 쭉 애용하겠습니다 ~~,2026-06-02T13:51:50+09:00,2026-06-02,네이버 스마트스토어 구****,5,True,1,1,https://assets6.cre.ma/p/phytonutri-kr/reviews/00/00/09/78/08/image1/bf00daf709b7655f.webp,1000000281,지니어스뉴 드롭스&톡캡스,https://www.phytonutri.kr/goods/goods_view.php?goodsNo=1000000281,4.9,14386,0,0,"{'2': ['만족도', '맛']}",[],[]
97809,34,5,smart_store,스마트스토어,"좋은 상품이라 조카에게 선물했어요
잘 먹기를요~~~~",2026-06-02T13:41:18+09:00,2026-06-02,네이버 스마트스토어 구****,5,True,1,1,https://assets6.cre.ma/p/phytonutri-kr/reviews/00/00/09/78/09/image1/3dd8653da6845a1f.webp,1000000325,투데이디3 for baby,https://www.phytonutri.kr/goods/goods_view.php?goodsNo=1000000325,4.9,3634,0,0,{'1': ['만족도']},[],[]
97810,35,5,smart_store,스마트스토어,"먹기 편하고 아이들이 잘 먹어서 몇번더 재구매했어요
다먹으면 또 재구매 예정입니다",2026-06-02T13:39:04+09:00,2026-06-02,네이버 스마트스토어 구****,5,True,1,1,https://assets6.cre.ma/p/phytonutri-kr/reviews/00/00/09/78/10/image1/6aca9adba4ba99f0.webp,1000000325,투데이디3 for baby,https://www.phytonutri.kr/goods/goods_view.php?goodsNo=1000000325,4.9,3634,0,0,"{'2': ['만족도'], '1': ['편의성']}",[],[]
97811,35,5,smart_store,스마트스토어,"아기에게
매일 먹이고 잇어요~~!!",2026-06-02T13:17:01+09:00,2026-06-02,네이버 스마트스토어 구****,5,True,1,1,https://assets6.cre.ma/p/phytonutri-kr/reviews/00/00/09/78/11/image1/0ee59d3a16e978bf.webp,1000000297,"그로우뉴 아이 유기농칼슘&마그네슘 비타민D,k2,망간",https://www.phytonutri.kr/goods/goods_view.php?goodsNo=1000000297,4.9,4844,0,0,{'1': ['만족도']},[],[]
97812,35,5,smart_store,스마트스토어,아가한테 매일 먹이고 있아요~!!!!,2026-06-02T13:16:20+09:00,2026-06-02,네이버 스마트스토어 구****,5,True,1,1,https://assets6.cre.ma/p/phytonutri-kr/reviews/00/00/09/78/12/image1/0d27b2f6fb3efef8.webp,1000000297,"그로우뉴 아이 유기농칼슘&마그네슘 비타민D,k2,망간",https://www.phytonutri.kr/goods/goods_view.php?goodsNo=1000000297,4.9,4844,0,0,{'1': ['만족도']},[],[]
97813,35,5,smart_store,스마트스토어,"15개월 아기키우는 엄마입니다.. 성장기 필요한 약먹이려고 구매했습니다.이번이 3번째 구매인데..묶음으로 사면 가격은 좀 ㅎㄷㄷ 하지만 아기가 잘먹어서 자주 구매하는거 같아요
먹이기 편하고 아기가 약도 잘먹는편이여서 먹기에 불편함은 없습니다. 양이 좀 적은거말고는...;;;ㅋㅋ남편이 조금 맛보더니 비리지는 않다고하더라구요..또 다먹으면 재구매 의사있습니니다!",2026-06-02T13:14:50+09:00,2026-06-02,네이버 스마트스토어 구****,5,True,1,1,https://assets6.cre.ma/p/phytonutri-kr/reviews/00/00/09/78/13/image1/ed863d065962afa8.webp,1000000281,지니어스뉴 드롭스&톡캡스,https://www.phytonutri.kr/goods/goods_view.php?goodsNo=1000000281,4.9,14386,0,0,"{'1': ['만족도', '편의성'], '-1': ['가격', '용량'], '0': ['맛']}",[],[]
97814,35,5,smart_store,스마트스토어,"아기가 18개월 이후 편식이 너무 심해서 항상 영양이 걱정이였는데.. 어느순간 언어 발달이 너무 늦어져서 하던 말도 안하고 사물 인지나 이해도 안따라오는게 느껴졌어요. 부랴부랴 먹이던 영양제들에서 지니어스뉴 더 추가했어요! 한달 먹였더니 다른 사람들도 느낄정도로 아기가 많이 바꼈어요🥹 언어도 입을 닫았었는데 요즘 다시 외계어 구사도 많이하고, 무엇보더 사물 인지랑 언어 이해가 발달이 갑자기 확 늘어서 안심됐어요😭🙏 다른 영양제들은 이미 먹이고 있었어서 복합적으로 영향이 있겠지만 제가 느끼기에 DHA가 결정적인 영향을 끼치지 않았나 싶어요👍 앞으로도 꾸준히 먹일 예정입니다! 저희 아기는 약병에 우유+단백질 보충제+지니어스뉴 2스포이드 섞어서 흔들어주면 알아서 쥐고 쫍쫍 잘 먹어서 너무 좋아요🤍",2026-06-02T13:04:24+09:00,2026-06-02,네이버 스마트스토어 구****,5,True,1,1,https://assets6.cre.ma/p/phytonutri-kr/reviews/00/00/09/78/14/image1/1ccb8a356c3bef31.webp,1000000281,지니어스뉴 드롭스&톡캡스,https://www.phytonutri.kr/goods/goods_view.php?goodsNo=1000000281,4.9,14386,0,0,"{'2': ['만족도', '효과']}",[],[]
97815,35,5,smart_store,스마트스토어,맨날 먹는거에요 따로포장되어있어 좋아요,2026-06-02T13:03:32+09:00,2026-06-02,네이버 스마트스토어 구****,5,True,1,1,https://assets6.cre.ma/p/phytonutri-kr/reviews/00/00/09/78/15/image1/d71d01b10974f877.webp,1000000325,투데이디3 for baby,https://www.phytonutri.kr/goods/goods_view.php?goodsNo=1000000325,4.9,3634,0,0,"{'1': ['만족도', '포장']}",[],[]
97851,35,5,,자사몰(고도몰),후기 좋아서 구매했습니다  앞으로 쭉 구매예징입니다,2026-06-02T12:53:04+09:00,2026-06-02,65kg******,5,False,0,0,,1000000403,뉴스데일리베스트 X 파이토뉴트리 맨드로포즈+,https://www.phytonutri.kr/goods/goods_view.php?goodsNo=1000000403,4.7,193,0,0,{'1': ['만족도']},[],[]
97816,35,5,smart_store,스마트스토어,오메가도 비타민d도 아기어릴때부터 꾸준히 파이토뉴트리것만 먹이고있어요 이번에도 마지막한통 뜯자마자 7개월분 재구매했습니다,2026-06-02T12:38:33+09:00,2026-06-02,네이버 스마트스토어 구****,5,True,1,1,https://assets6.cre.ma/p/phytonutri-kr/reviews/00/00/09/78/16/image1/c4a060e6c9547575.webp,1000000325,투데이디3 for baby,https://www.phytonutri.kr/goods/goods_view.php?goodsNo=1000000325,4.9,3634,0,0,"{'2': ['만족도'], '1': ['성분']}",[],[]
97817,35,5,smart_store,스마트스토어,오메가도 비타민D도 파이토뉴트리것만먹이고있어요 산패걱정없이 캡슐로되있어서 정량먹이기도 편하고 아이도 잘먹어서 꾸준히 재구매중입니다,2026-06-02T12:36:49+09:00,2026-06-02,네이버 스마트스토어 구****,5,True,1,1,https://assets6.cre.ma/p/phytonutri-kr/reviews/00/00/09/78/17/image1/13294a35eab9a8b9.webp,1000000325,투데이디3 for baby,https://www.phytonutri.kr/goods/goods_view.php?goodsNo=1000000325,4.9,3634,0,0,"{'2': ['만족도'], '1': ['포장', '성분', '편의성']}",[],[]
97818,35,5,smart_store,스마트스토어,배송이슈가 있어서 겨우받았는데 진짜 생선냄새가 살짝나요. 이유식에 마지막 한두스푼 남았을때 뿌려줬는데 속는척 먹어주네요. (생선이유식을 싫어해요)  그래도 캡슐형태로 나와서 간편하고 좋음.,2026-06-02T12:36:43+09:00,2026-06-02,네이버 스마트스토어 구****,5,True,1,1,https://assets6.cre.ma/p/phytonutri-kr/reviews/00/00/09/78/18/image1/7091269ab99b0cac.webp,1000000281,지니어스뉴 드롭스&톡캡스,https://www.phytonutri.kr/goods/goods_view.php?goodsNo=1000000281,4.9,14386,0,0,"{'0': ['만족도'], '-1': ['냄새'], '1': ['편의성']}",[],[]
97819,35,5,smart_store,스마트스토어,"빠른배송 감사합니다 
하루에 한알씩 먹기 시작했어요
기분탓일까 모미 가뿐해요",2026-06-02T12:25:43+09:00,2026-06-02,네이버 스마트스토어 구****,5,False,0,0,,1000000403,뉴스데일리베스트 X 파이토뉴트리 맨드로포즈+,https://www.phytonutri.kr/goods/goods_view.php?goodsNo=1000000403,4.7,193,0,0,"{'1': ['만족도', '배송', '효과']}",[],[]
97820,35,5,smart_store,스마트스토어,몇년째 잘먹구 있습니당!!!,2026-06-02T12:23:09+09:00,2026-06-02,네이버 스마트스토어 구****,5,True,1,1,https://assets6.cre.ma/p/phytonutri-kr/reviews/00/00/09/78/20/image1/4c895936d7ef8ea4.webp,1000000298,지니어스뉴 + 그로우뉴 세트,https://www.phytonutri.kr/goods/goods_view.php?goodsNo=1000000298,4.9,1413,0,0,{'2': ['만족도']},[],[]
97821,35,5,smart_store,스마트스토어,아이가 편하게 먹을수 있어 좋아요,2026-06-02T12:22:23+09:00,2026-06-02,네이버 스마트스토어 구****,5,True,1,1,https://assets6.cre.ma/p/phytonutri-kr/reviews/00/00/09/78/21/image1/b378eaf0ce9c9a81.webp,1000000298,지니어스뉴 + 그로우뉴 세트,https://www.phytonutri.kr/goods/goods_view.php?goodsNo=1000000298,4.9,1413,0,0,"{'1': ['만족도', '편의성']}",[],[]
97822,35,5,smart_store,스마트스토어,"너무 좋습니다
아이가 똘똘해지길",2026-06-02T12:19:31+09:00,2026-06-02,네이버 스마트스토어 구****,5,False,0,0,,1000000281,지니어스뉴 드롭스&톡캡스,https://www.phytonutri.kr/goods/goods_view.php?goodsNo=1000000281,4.9,14386,0,0,{'2': ['만족도']},[],[]
97823,35,5,smart_store,스마트스토어,벌써 4번째 주문이네요~,2026-06-02T11:57:12+09:00,2026-06-02,네이버 스마트스토어 구****,5,False,0,0,,1000000281,지니어스뉴 드롭스&톡캡스,https://www.phytonutri.kr/goods/goods_view.php?goodsNo=1000000281,4.9,14386,0,0,{'2': ['만족도']},[],[]
97824,35,5,smart_store,스마트스토어,거부감 없이 잘 먹어요,2026-06-02T11:56:52+09:00,2026-06-02,네이버 스마트스토어 구****,5,False,0,0,,1000000281,지니어스뉴 드롭스&톡캡스,https://www.phytonutri.kr/goods/goods_view.php?goodsNo=1000000281,4.9,14386,0,0,"{'1': ['만족도', '맛']}",[],[]
97825,35,5,smart_store,스마트스토어,좋아요~ 아이가 거부감 없이 잘 먹어요~,2026-06-02T11:56:33+09:00,2026-06-02,네이버 스마트스토어 구****,5,False,0,0,,1000000281,지니어스뉴 드롭스&톡캡스,https://www.phytonutri.kr/goods/goods_view.php?goodsNo=1000000281,4.9,14386,0,0,"{'1': ['만족도', '맛']}",[],[]
97826,35,5,smart_store,스마트스토어,1살 아기 7세 아이 남편 온가족이 다 먹고있아요,2026-06-02T11:26:30+09:00,2026-06-02,네이버 스마트스토어 구****,5,True,1,1,https://assets6.cre.ma/p/phytonutri-kr/reviews/00/00/09/78/26/image1/278317a743d2ca24.webp,1000000363,데이프로바 for baby 아기 쌩쌩유산균,https://www.phytonutri.kr/goods/goods_view.php?goodsNo=1000000363,4.9,363,0,0,{'1': ['만족도']},[],[]
97827,35,5,smart_store,스마트스토어,밤이라서 기름지긴하는데 잘먹네요!!,2026-06-02T10:59:02+09:00,2026-06-02,네이버 스마트스토어 구****,5,True,1,1,https://assets6.cre.ma/p/phytonutri-kr/reviews/00/00/09/78/27/image1/0dca0c3f37ea24e1.webp,1000000325,투데이디3 for baby,https://www.phytonutri.kr/goods/goods_view.php?goodsNo=1000000325,4.9,3634,0,0,"{'1': ['만족도'], '0': ['품질']}",[],[]
97828,35,5,smart_store,스마트스토어,아이가 잘 먹고 있습니다,2026-06-02T10:06:31+09:00,2026-06-02,네이버 스마트스토어 구****,5,True,1,1,https://assets6.cre.ma/p/phytonutri-kr/reviews/00/00/09/78/28/image1/27c8248bc76737f1.webp,1000000298,지니어스뉴 + 그로우뉴 세트,https://www.phytonutri.kr/goods/goods_view.php?goodsNo=1000000298,4.9,1413,0,0,{'1': ['만족도']},[],[]
97829,36,5,smart_store,스마트스토어,"아기도 그냥 아기스푼에 짜줘도 잘먹어요
아침 먹일때마다 먹여요
근데 짜는거라 그런지 손에 그냥 묻어요
물티슈는 필수 입니다..
3살까지 뇌성장이 최고치라해서 알아보다가 사서 먹이는데 잘먹어서 계속 먹일거 같아요",2026-06-02T08:44:50+09:00,2026-06-02,네이버 스마트스토어 구****,5,True,1,1,https://assets6.cre.ma/p/phytonutri-kr/reviews/00/00/09/78/29/image1/a969280bd80bbdf5.webp,1000000281,지니어스뉴 드롭스&톡캡스,https://www.phytonutri.kr/goods/goods_view.php?goodsNo=1000000281,4.9,14386,0,0,"{'1': ['만족도'], '-1': ['편의성']}",[],[]
97830,36,5,smart_store,스마트스토어,술을 매일같이 먹어서 간이 걱정되어 주문했어요~ 효○좋다니 믿고 꾸준히 먹어보려 합니다. 근데 환을 잘 못먹는 사람으로써 먹을때마다 힘들어요..ㅠ,2026-06-02T08:10:12+09:00,2026-06-02,네이버 스마트스토어 구****,5,False,0,0,,1000000343,리버티엑스,https://www.phytonutri.kr/goods/goods_view.php?goodsNo=1000000343,4.7,268,0,0,"{'-1': ['만족도'], '0': ['효과']}",[],[]
97831,36,5,smart_store,스마트스토어,아기가 잘먹고 비타민디가 특히 개별 포장? 되어있는점이 드롭형보다 깔끔해서 좋아요,2026-06-02T08:02:51+09:00,2026-06-02,네이버 스마트스토어 구****,5,True,1,1,https://assets6.cre.ma/p/phytonutri-kr/reviews/00/00/09/78/31/image1/782a32f3e4a15182.webp,1000000375,데이프로바 + 투데이디3 세트,https://www.phytonutri.kr/goods/goods_view.php?goodsNo=1000000375,4.9,139,0,0,"{'1': ['만족도', '포장'], '0': ['성분']}",[],[]
97832,36,5,smart_store,스마트스토어,스포이드 이용해서 먹이기 정말 편하고 재구매 의사 있습니당,2026-06-02T08:01:11+09:00,2026-06-02,네이버 스마트스토어 구****,5,True,1,1,https://assets6.cre.ma/p/phytonutri-kr/reviews/00/00/09/78/32/image1/4379f12b18f6f484.webp,1000000281,지니어스뉴 드롭스&톡캡스,https://www.phytonutri.kr/goods/goods_view.php?goodsNo=1000000281,4.9,14386,0,0,"{'1': ['만족도', '편의성']}",[],[]
97833,36,5,smart_store,스마트스토어,먹이기 편리해요.^^ 날마다 아침 저녁으로 2회 먹이니까 산소 접촉은 크게 신경쓰이지 않아요.^^ 좋습니다!,2026-06-02T07:26:57+09:00,2026-06-02,네이버 스마트스토어 구****,5,True,1,1,https://assets6.cre.ma/p/phytonutri-kr/reviews/00/00/09/78/33/image1/4f8ef4829e508ff2.webp,1000000281,지니어스뉴 드롭스&톡캡스,https://www.phytonutri.kr/goods/goods_view.php?goodsNo=1000000281,4.9,14386,0,0,"{'1': ['만족도', '편의성']}",[],[]
97834,36,4,smart_store,스마트스토어,빠른배송감사합니다 날씨가 더워서 걱정했는데 아이스박스에 보내주셔서 감동했습니다 아이들 잘 먹여 볼께요,2026-06-02T07:20:50+09:00,2026-06-02,네이버 스마트스토어 구****,5,True,1,1,https://assets6.cre.ma/p/phytonutri-kr/reviews/00/00/09/78/34/image1/579267da34985cdc.webp,1000000281,지니어스뉴 드롭스&톡캡스,https://www.phytonutri.kr/goods/goods_view.php?goodsNo=1000000281,4.9,14386,0,0,"{'1': ['만족도', '배송'], '2': ['포장']}",[],[]
97835,36,4,smart_store,스마트스토어,빠른배송감사합니다 날씨가 더워서 걱정했는데 아이스박스에 보내주셔서 감동했습니다 아이들 잘 먹여 볼께요,2026-06-02T07:20:28+09:00,2026-06-02,네이버 스마트스토어 구****,5,True,1,1,https://assets6.cre.ma/p/phytonutri-kr/reviews/00/00/09/78/35/image1/7976bf0bd8266770.webp,1000000397,"그로우뉴 ~키즈 유기농 칼슘&마그네슘 비타민D,k2 망간",https://www.phytonutri.kr/goods/goods_view.php?goodsNo=1000000397,4.9,63,0,0,"{'1': ['만족도', '배송'], '2': ['포장']}",[],[]
97836,36,5,smart_store,스마트스토어,아기가 잘먹어요 거부감없이!,2026-06-02T03:10:25+09:00,2026-06-02,네이버 스마트스토어 구****,5,True,1,1,https://assets6.cre.ma/p/phytonutri-kr/reviews/00/00/09/78/36/image1/36d823683122602a.webp,1000000281,지니어스뉴 드롭스&톡캡스,https://www.phytonutri.kr/goods/goods_view.php?goodsNo=1000000281,4.9,14386,0,0,"{'1': ['만족도', '식감']}",[],[]
97837,36,5,smart_store,스마트스토어,아기가 밤잠을 쭉 자게 되었어요 꾸준히 급여할게요~~~,2026-06-01T23:46:11+09:00,2026-06-01,네이버 스마트스토어 구****,5,True,1,1,https://assets6.cre.ma/p/phytonutri-kr/reviews/00/00/09/78/37/image1/f4a4913bd8a5ee99.webp,1000000297,"그로우뉴 아이 유기농칼슘&마그네슘 비타민D,k2,망간",https://www.phytonutri.kr/goods/goods_view.php?goodsNo=1000000297,4.9,4844,0,0,"{'1': ['만족도', '효과']}",[],[]
97838,36,5,smart_store,스마트스토어,아기의 영양을 생각하며 꾸준히 먹이고 있어요~~~~,2026-06-01T23:43:19+09:00,2026-06-01,네이버 스마트스토어 구****,5,True,1,1,https://assets6.cre.ma/p/phytonutri-kr/reviews/00/00/09/78/38/image1/c40c78556f75a84c.webp,1000000297,"그로우뉴 아이 유기농칼슘&마그네슘 비타민D,k2,망간",https://www.phytonutri.kr/goods/goods_view.php?goodsNo=1000000297,4.9,4844,0,0,{'1': ['만족도']},[],[]
97839,36,5,smart_store,스마트스토어,"아기먹는데 잘먹습니다. 아기가우유를못먹어서
빵을 못먹었는데 좋네요 설사도안하고 감사합니다",2026-06-01T22:25:58+09:00,2026-06-01,네이버 스마트스토어 구****,5,True,1,1,https://assets6.cre.ma/p/phytonutri-kr/reviews/00/00/09/78/39/image1/67c64f4698b7296a.webp,1000000297,"그로우뉴 아이 유기농칼슘&마그네슘 비타민D,k2,망간",https://www.phytonutri.kr/goods/goods_view.php?goodsNo=1000000297,4.9,4844,0,0,"{'1': ['만족도', '효과']}",[],[]
97840,36,5,smart_store,스마트스토어,"두돌전까제ㅜ먹여야 효○가 좋다고 하니 하루 두먹 빡시게 먹이고 있습니다.
그다음은 뭘먹이나요 ? 이제 곧 두돌인데",2026-06-01T22:19:59+09:00,2026-06-01,네이버 스마트스토어 구****,5,True,1,1,https://assets6.cre.ma/p/phytonutri-kr/reviews/00/00/09/78/40/image1/91a90110bf51728b.webp,1000000281,지니어스뉴 드롭스&톡캡스,https://www.phytonutri.kr/goods/goods_view.php?goodsNo=1000000281,4.9,14386,0,0,{'0': ['만족도']},[],[]
97841,36,5,smart_store,스마트스토어,유아식에 섞어줘도 이상한 향이 안나서 아기가 잘먹습니다!,2026-06-01T21:49:16+09:00,2026-06-01,네이버 스마트스토어 구****,5,True,1,1,https://assets6.cre.ma/p/phytonutri-kr/reviews/00/00/09/78/41/image1/136f0c74ffd69b20.webp,1000000281,지니어스뉴 드롭스&톡캡스,https://www.phytonutri.kr/goods/goods_view.php?goodsNo=1000000281,4.9,14386,0,0,"{'1': ['만족도', '냄새']}",[],[]
97842,36,5,smart_store,스마트스토어,"아기 칼마디와 오메가 섭취때문에 구매했는데, 아침 밥에 섞어서 줘도 맛이 이상하지 않은지 잘먹어서 좋습니당",2026-06-01T21:48:40+09:00,2026-06-01,네이버 스마트스토어 구****,5,True,1,1,https://assets6.cre.ma/p/phytonutri-kr/reviews/00/00/09/78/42/image1/380b3c890b251abf.webp,1000000297,"그로우뉴 아이 유기농칼슘&마그네슘 비타민D,k2,망간",https://www.phytonutri.kr/goods/goods_view.php?goodsNo=1000000297,4.9,4844,0,0,"{'1': ['만족도', '맛'], '0': ['성분']}",[],[]
97843,36,5,smart_store,스마트스토어,아이 두뇌영양제 효○보길바래요,2026-06-01T21:41:21+09:00,2026-06-01,네이버 스마트스토어 구****,5,False,0,0,,1000000281,지니어스뉴 드롭스&톡캡스,https://www.phytonutri.kr/goods/goods_view.php?goodsNo=1000000281,4.9,14386,0,0,{'0': ['만족도']},[],[]
97844,36,5,smart_store,스마트스토어,아기 첫 도라지주스 먹일때 부터 먹이고 있어요 다른 회사 제품 먹으면 안 먹습니다…,2026-06-01T21:19:20+09:00,2026-06-01,네이버 스마트스토어 구****,5,False,0,0,,1000000342,이트뮨 아이 배도라지즙&엘더베리사과주스,https://www.phytonutri.kr/goods/goods_view.php?goodsNo=1000000342,4.9,609,0,0,{'1': ['만족도']},[],[]
97845,36,5,smart_store,스마트스토어,좋아요좋아요좋아요~,2026-06-01T21:18:57+09:00,2026-06-01,네이버 스마트스토어 구****,5,False,0,0,,1000000281,지니어스뉴 드롭스&톡캡스,https://www.phytonutri.kr/goods/goods_view.php?goodsNo=1000000281,4.9,14386,0,0,{'1': ['만족도']},[],[]
97846,36,5,smart_store,스마트스토어,항상 애용중이에요 ㅎㅎ,2026-06-01T21:14:38+09:00,2026-06-01,네이버 스마트스토어 구****,5,True,1,1,https://assets6.cre.ma/p/phytonutri-kr/reviews/00/00/09/78/46/image1/107adbbc67056289.webp,1000000281,지니어스뉴 드롭스&톡캡스,https://www.phytonutri.kr/goods/goods_view.php?goodsNo=1000000281,4.9,14386,0,0,{'2': ['만족도']},[],[]
97847,36,5,smart_store,스마트스토어,다음에 또 구매하겠습니당!,2026-06-01T20:40:58+09:00,2026-06-01,네이버 스마트스토어 구****,5,True,1,1,https://assets6.cre.ma/p/phytonutri-kr/reviews/00/00/09/78/47/image1/af4c48ae951e034e.webp,1000000281,지니어스뉴 드롭스&톡캡스,https://www.phytonutri.kr/goods/goods_view.php?goodsNo=1000000281,4.9,14386,0,0,{'1': ['만족도']},[],[]
97848,36,4,smart_store,스마트스토어,우유한번 못먹을때마다 챙겨줘요~,2026-06-01T20:12:44+09:00,2026-06-01,네이버 스마트스토어 구****,5,True,1,1,https://assets6.cre.ma/p/phytonutri-kr/reviews/00/00/09/78/48/image1/522d43291c12f65d.webp,1000000297,"그로우뉴 아이 유기농칼슘&마그네슘 비타민D,k2,망간",https://www.phytonutri.kr/goods/goods_view.php?goodsNo=1000000297,4.9,4844,0,0,{'1': ['만족도']},[],[]
97684,37,3,smart_store,스마트스토어,한달복용으로 효○는 아직모르겠네요,2026-06-01T20:10:39+09:00,2026-06-01,네이버 스마트스토어 구****,5,True,1,1,https://assets6.cre.ma/p/phytonutri-kr/reviews/00/00/09/76/84/image1/857896dfe6c91e57.webp,1000000403,뉴스데일리베스트 X 파이토뉴트리 맨드로포즈+,https://www.phytonutri.kr/goods/goods_view.php?goodsNo=1000000403,4.7,193,0,0,"{'0': ['만족도', '효과']}",[],[]
97685,37,5,smart_store,스마트스토어,"아이가 거부없이 초코맛이라  잘먹어요
효○있길 기대합니다^^",2026-06-01T19:53:04+09:00,2026-06-01,네이버 스마트스토어 구****,5,True,1,1,https://assets6.cre.ma/p/phytonutri-kr/reviews/00/00/09/76/85/image1/4a25caa47c1abc1d.webp,1000000397,"그로우뉴 ~키즈 유기농 칼슘&마그네슘 비타민D,k2 망간",https://www.phytonutri.kr/goods/goods_view.php?goodsNo=1000000397,4.9,63,0,0,"{'1': ['만족도', '맛']}",[],[]
97686,37,5,smart_store,스마트스토어,"집중력 향상을 위해서 아침마다 아이먹이고 있는데 
거부감없이 잘먹어요
효○있기를 바랍니다^^",2026-06-01T19:50:41+09:00,2026-06-01,네이버 스마트스토어 구****,5,True,1,1,https://assets6.cre.ma/p/phytonutri-kr/reviews/00/00/09/76/86/image1/a445634de840ca21.webp,1000000281,지니어스뉴 드롭스&톡캡스,https://www.phytonutri.kr/goods/goods_view.php?goodsNo=1000000281,4.9,14386,0,0,"{'1': ['만족도'], '0': ['효과']}",[],[]
97687,37,5,smart_store,스마트스토어,아이 영양분을 채워주려 주문했어요.,2026-06-01T19:44:56+09:00,2026-06-01,네이버 스마트스토어 구****,5,True,1,1,https://assets6.cre.ma/p/phytonutri-kr/reviews/00/00/09/76/87/image1/07875ba21e2cbdaa.webp,1000000397,"그로우뉴 ~키즈 유기농 칼슘&마그네슘 비타민D,k2 망간",https://www.phytonutri.kr/goods/goods_view.php?goodsNo=1000000397,4.9,63,0,0,{'0': ['만족도']},[],[]
97688,37,5,smart_store,스마트스토어,스포이드형 보다 훨씬편합니다 위생적이거,2026-06-01T19:35:18+09:00,2026-06-01,네이버 스마트스토어 구****,5,True,1,1,https://assets6.cre.ma/p/phytonutri-kr/reviews/00/00/09/76/88/image1/fadf5665ad9d464b.webp,1000000325,투데이디3 for baby,https://www.phytonutri.kr/goods/goods_view.php?goodsNo=1000000325,4.9,3634,0,0,"{'1': ['만족도', '편의성']}",[],[]
97689,37,5,smart_store,스마트스토어,잘 먹이고 있어요! 튼튼하고 건강히 자라길!,2026-06-01T17:36:21+09:00,2026-06-01,네이버 스마트스토어 구****,5,False,0,0,,1000000281,지니어스뉴 드롭스&톡캡스,https://www.phytonutri.kr/goods/goods_view.php?goodsNo=1000000281,4.9,14386,0,0,{'1': ['만족도']},[],[]
97775,37,5,,자사몰(고도몰),너무 잘먹어요 편리합니다,2026-06-01T17:23:03+09:00,2026-06-01,qord******,5,True,1,1,https://assets6.cre.ma/p/phytonutri-kr/reviews/00/00/09/77/75/image1/316f3d0e06620f7e.webp,1000000281,지니어스뉴 드롭스&톡캡스,https://www.phytonutri.kr/goods/goods_view.php?goodsNo=1000000281,4.9,14386,0,0,"{'1': ['만족도', '편의성']}",[],[]
97690,37,5,smart_store,스마트스토어,항상 먹이구 있는 제품 입니다,2026-06-01T17:12:59+09:00,2026-06-01,네이버 스마트스토어 구****,5,True,1,1,https://assets6.cre.ma/p/phytonutri-kr/reviews/00/00/09/76/90/image1/a6881ccf216b5dfe.webp,1000000281,지니어스뉴 드롭스&톡캡스,https://www.phytonutri.kr/goods/goods_view.php?goodsNo=1000000281,4.9,14386,0,0,{'1': ['만족도']},[],[]
97691,37,5,smart_store,스마트스토어,깔끔하게 한번 먹을 때마다 짜줘서 먹이고 너무 편리해요~,2026-06-01T16:17:25+09:00,2026-06-01,네이버 스마트스토어 구****,5,False,0,0,,1000000281,지니어스뉴 드롭스&톡캡스,https://www.phytonutri.kr/goods/goods_view.php?goodsNo=1000000281,4.9,14386,0,0,"{'1': ['만족도'], '2': ['편의성']}",[],[]
97692,37,5,smart_store,스마트스토어,아이가 잘 먹어서 주기적으로 주문하고 있어요,2026-06-01T16:00:58+09:00,2026-06-01,네이버 스마트스토어 구****,5,True,1,1,https://assets6.cre.ma/p/phytonutri-kr/reviews/00/00/09/76/92/image1/97ec7da1d091f9b6.webp,1000000325,투데이디3 for baby,https://www.phytonutri.kr/goods/goods_view.php?goodsNo=1000000325,4.9,3634,0,0,{'1': ['만족도']},[],[]
97693,37,5,smart_store,스마트스토어,항상 먹이는 제품! 아가도 잘 받아먹고 만족합니다~,2026-06-01T15:13:44+09:00,2026-06-01,네이버 스마트스토어 구****,5,True,1,1,https://assets6.cre.ma/p/phytonutri-kr/reviews/00/00/09/76/93/image1/e3770a1c415f34e6.webp,1000000325,투데이디3 for baby,https://www.phytonutri.kr/goods/goods_view.php?goodsNo=1000000325,4.9,3634,0,0,{'1': ['만족도']},[],[]
97694,37,5,smart_store,스마트스토어,"아기 변비가 생겨 유산균 바꾸면서 주문해봤는데 
변도 전보다 편하게 잘 보고 만족합니다~
하루 한포 편리하게 먹이기도 좋아요~ 재주문합니다~",2026-06-01T15:10:37+09:00,2026-06-01,네이버 스마트스토어 구****,5,True,1,1,https://assets6.cre.ma/p/phytonutri-kr/reviews/00/00/09/76/94/image1/d07761db6f48d1a6.webp,1000000363,데이프로바 for baby 아기 쌩쌩유산균,https://www.phytonutri.kr/goods/goods_view.php?goodsNo=1000000363,4.9,363,0,0,"{'2': ['만족도'], '1': ['효과', '편의성']}",[],[]
97695,37,5,smart_store,스마트스토어,늘먹던것입니다돟아요,2026-06-01T15:05:00+09:00,2026-06-01,네이버 스마트스토어 구****,5,True,1,1,https://assets6.cre.ma/p/phytonutri-kr/reviews/00/00/09/76/95/image1/b1036a9edcdbff21.webp,1000000325,투데이디3 for baby,https://www.phytonutri.kr/goods/goods_view.php?goodsNo=1000000325,4.9,3634,0,0,{'1': ['만족도']},[],[]
97696,37,5,smart_store,스마트스토어,먹이기도 편하고 아기가 좋아하네요 또 구매할게요~,2026-06-01T15:04:38+09:00,2026-06-01,네이버 스마트스토어 구****,5,True,1,1,https://assets6.cre.ma/p/phytonutri-kr/reviews/00/00/09/76/96/image1/09b16bb90178e1dc.webp,1000000281,지니어스뉴 드롭스&톡캡스,https://www.phytonutri.kr/goods/goods_view.php?goodsNo=1000000281,4.9,14386,0,0,"{'1': ['만족도', '편의성']}",[],[]
97697,37,3,smart_store,스마트스토어,"포장은 잘 되어있는데
아이들이 먹기에는 다소 어려움이있어여ㅠ맛때문인지",2026-06-01T14:41:35+09:00,2026-06-01,네이버 스마트스토어 구****,5,False,0,0,,1000000325,투데이디3 for baby,https://www.phytonutri.kr/goods/goods_view.php?goodsNo=1000000325,4.9,3634,0,0,"{'-1': ['만족도', '맛', '편의성'], '1': ['포장']}",[],[]
97698,37,5,smart_store,스마트스토어,dha섭취가 부족해서 알아보다가 구매했습니다.~,2026-06-01T14:39:38+09:00,2026-06-01,네이버 스마트스토어 구****,5,False,0,0,,1000000281,지니어스뉴 드롭스&톡캡스,https://www.phytonutri.kr/goods/goods_view.php?goodsNo=1000000281,4.9,14386,0,0,{'0': ['만족도']},[],[]
97699,37,5,smart_store,스마트스토어,먹이는 방법이 조금 귀찮은거 빼곤 괜찬항여ㅠ 다시 재구매 할지는 모르게썽요,2026-06-01T14:36:51+09:00,2026-06-01,네이버 스마트스토어 구****,5,True,1,1,https://assets6.cre.ma/p/phytonutri-kr/reviews/00/00/09/76/99/image1/99ea1efc661b0127.webp,1000000325,투데이디3 for baby,https://www.phytonutri.kr/goods/goods_view.php?goodsNo=1000000325,4.9,3634,0,0,"{'1': ['만족도'], '-1': ['편의성']}",[],[]
97700,37,4,smart_store,스마트스토어,이유식이랑 같이 주고 있어요!,2026-06-01T14:21:57+09:00,2026-06-01,네이버 스마트스토어 구****,5,True,1,1,https://assets6.cre.ma/p/phytonutri-kr/reviews/00/00/09/77/00/image1/4da5de92b8f8f6d0.webp,1000000325,투데이디3 for baby,https://www.phytonutri.kr/goods/goods_view.php?goodsNo=1000000325,4.9,3634,0,0,{'0': ['만족도']},[],[]
97701,37,5,smart_store,스마트스토어,"돌아기 먹이려고 샀어요~!! 
가루타입이라 먹이기 편하진않지만 
이유식이나 물에 타서 먹이면 꽤 잘먹어요 ~!",2026-06-01T13:48:59+09:00,2026-06-01,네이버 스마트스토어 구****,5,True,1,1,https://assets6.cre.ma/p/phytonutri-kr/reviews/00/00/09/77/01/image1/2771e5c0762ee86e.webp,1000000297,"그로우뉴 아이 유기농칼슘&마그네슘 비타민D,k2,망간",https://www.phytonutri.kr/goods/goods_view.php?goodsNo=1000000297,4.9,4844,0,0,"{'1': ['만족도'], '-1': ['편의성']}",[],[]
97702,37,5,smart_store,스마트스토어,산패 위험 때문에 톡캡슐로 구매해서 복용하는데 만족합니다,2026-06-01T13:20:31+09:00,2026-06-01,네이버 스마트스토어 구****,5,True,1,1,https://assets6.cre.ma/p/phytonutri-kr/reviews/00/00/09/77/02/image1/8f65c6942279fa2a.webp,1000000298,지니어스뉴 + 그로우뉴 세트,https://www.phytonutri.kr/goods/goods_view.php?goodsNo=1000000298,4.9,1413,0,0,"{'1': ['만족도', '포장']}",[],[]
97703,38,5,smart_store,스마트스토어,"우선 애기가 거부하지 않고 너무 잘먹어서 좋아요
병만보이면 달라고 쪼르르 달려오네요~
앞으로 꾸준하게 먹여봐야겠어요😉

개봉언제했는지 확인하기도 편하고
유통기한도 너무 넉넉해서 좋아요",2026-06-01T13:19:08+09:00,2026-06-01,네이버 스마트스토어 구****,5,True,1,1,https://assets6.cre.ma/p/phytonutri-kr/reviews/00/00/09/77/03/image1/dee2ef27a0701945.webp,1000000281,지니어스뉴 드롭스&톡캡스,https://www.phytonutri.kr/goods/goods_view.php?goodsNo=1000000281,4.9,14386,0,0,"{'1': ['만족도'], '2': ['유통기한']}",[],[]
97704,38,5,smart_store,스마트스토어,"생각
외로 아이가 참 잘 먹어요",2026-06-01T13:18:14+09:00,2026-06-01,네이버 스마트스토어 구****,5,True,1,1,https://assets6.cre.ma/p/phytonutri-kr/reviews/00/00/09/77/04/image1/b3d8d783d2e54714.webp,1000000325,투데이디3 for baby,https://www.phytonutri.kr/goods/goods_view.php?goodsNo=1000000325,4.9,3634,0,0,"{'1': ['만족도', '맛']}",[],[]
97705,38,5,smart_store,스마트스토어,좋아요 좋아요 좋아요 좋아요,2026-06-01T12:57:28+09:00,2026-06-01,네이버 스마트스토어 구****,5,False,0,0,,1000000297,"그로우뉴 아이 유기농칼슘&마그네슘 비타민D,k2,망간",https://www.phytonutri.kr/goods/goods_view.php?goodsNo=1000000297,4.9,4844,0,0,{'1': ['만족도']},[],[]
97706,38,5,smart_store,스마트스토어,좋아요 좋아요 좋아요 좋아요,2026-06-01T12:57:12+09:00,2026-06-01,네이버 스마트스토어 구****,5,False,0,0,,1000000297,"그로우뉴 아이 유기농칼슘&마그네슘 비타민D,k2,망간",https://www.phytonutri.kr/goods/goods_view.php?goodsNo=1000000297,4.9,4844,0,0,{'1': ['만족도']},[],[]
97707,38,5,smart_store,스마트스토어,돌때부터 꾸준히 이것만 주고있어요,2026-06-01T12:50:03+09:00,2026-06-01,네이버 스마트스토어 구****,5,False,0,0,,1000000297,"그로우뉴 아이 유기농칼슘&마그네슘 비타민D,k2,망간",https://www.phytonutri.kr/goods/goods_view.php?goodsNo=1000000297,4.9,4844,0,0,{'1': ['만족도']},[],[]
97708,38,5,smart_store,스마트스토어,냉장보관해서 잘먹이고 있어요~,2026-06-01T12:30:02+09:00,2026-06-01,네이버 스마트스토어 구****,5,True,1,1,https://assets6.cre.ma/p/phytonutri-kr/reviews/00/00/09/77/08/image1/348167069d3f8a1c.webp,1000000281,지니어스뉴 드롭스&톡캡스,https://www.phytonutri.kr/goods/goods_view.php?goodsNo=1000000281,4.9,14386,0,0,{'1': ['만족도']},[],[]
97709,38,5,smart_store,스마트스토어,아기 꾸준히 먹이고 잇어요 굿,2026-06-01T12:29:26+09:00,2026-06-01,네이버 스마트스토어 구****,5,True,1,1,https://assets6.cre.ma/p/phytonutri-kr/reviews/00/00/09/77/09/image1/cf0684dfab3c74d6.webp,1000000325,투데이디3 for baby,https://www.phytonutri.kr/goods/goods_view.php?goodsNo=1000000325,4.9,3634,0,0,{'1': ['만족도']},[],[]
97710,38,5,smart_store,스마트스토어,아기 꾸준히 먹이고 잇어요 굿,2026-06-01T12:28:30+09:00,2026-06-01,네이버 스마트스토어 구****,5,True,1,1,https://assets6.cre.ma/p/phytonutri-kr/reviews/00/00/09/77/10/image1/82bf40df0ebd6f49.webp,1000000325,투데이디3 for baby,https://www.phytonutri.kr/goods/goods_view.php?goodsNo=1000000325,4.9,3634,0,0,{'1': ['만족도']},[],[]
97711,38,5,smart_store,스마트스토어,가루로 되어있어서 이유식에 섞으면 잘먹어요 ㅋ,2026-06-01T12:25:01+09:00,2026-06-01,네이버 스마트스토어 구****,5,True,1,1,https://assets6.cre.ma/p/phytonutri-kr/reviews/00/00/09/77/11/image1/825c1d52d8f56e5a.webp,1000000297,"그로우뉴 아이 유기농칼슘&마그네슘 비타민D,k2,망간",https://www.phytonutri.kr/goods/goods_view.php?goodsNo=1000000297,4.9,4844,0,0,"{'1': ['만족도', '제품상태']}",[],[]
97712,38,5,smart_store,스마트스토어,항상 잘 먹이고 있습니다. 감사합니다,2026-06-01T12:24:25+09:00,2026-06-01,네이버 스마트스토어 구****,5,True,1,1,https://assets6.cre.ma/p/phytonutri-kr/reviews/00/00/09/77/12/image1/cf789dad7c56130f.webp,1000000281,지니어스뉴 드롭스&톡캡스,https://www.phytonutri.kr/goods/goods_view.php?goodsNo=1000000281,4.9,14386,0,0,{'1': ['만족도']},[],[]
97713,38,5,smart_store,스마트스토어,가루로 되어있어 이유식에 섞으면 아이가 잘먹어요,2026-06-01T12:24:17+09:00,2026-06-01,네이버 스마트스토어 구****,5,True,1,1,https://assets6.cre.ma/p/phytonutri-kr/reviews/00/00/09/77/13/image1/67d3bacc0d2637c6.webp,1000000297,"그로우뉴 아이 유기농칼슘&마그네슘 비타민D,k2,망간",https://www.phytonutri.kr/goods/goods_view.php?goodsNo=1000000297,4.9,4844,0,0,"{'1': ['만족도', '제품상태']}",[],[]
97714,38,5,smart_store,스마트스토어,벌써 세통이나 먹었네요 아이도 너무잘먹고 비린맛도 하나도 없어요,2026-06-01T12:23:22+09:00,2026-06-01,네이버 스마트스토어 구****,5,True,1,1,https://assets6.cre.ma/p/phytonutri-kr/reviews/00/00/09/77/14/image1/b0e7bd58ab7e6e7f.webp,1000000281,지니어스뉴 드롭스&톡캡스,https://www.phytonutri.kr/goods/goods_view.php?goodsNo=1000000281,4.9,14386,0,0,"{'1': ['만족도', '맛']}",[],[]
97715,38,5,smart_store,스마트스토어,아이가 항상 잘먹는 제품입니다,2026-06-01T12:22:45+09:00,2026-06-01,네이버 스마트스토어 구****,5,True,1,1,https://assets6.cre.ma/p/phytonutri-kr/reviews/00/00/09/77/15/image1/71ba70128fe3e9c0.webp,1000000281,지니어스뉴 드롭스&톡캡스,https://www.phytonutri.kr/goods/goods_view.php?goodsNo=1000000281,4.9,14386,0,0,{'1': ['만족도']},[],[]
97716,38,5,smart_store,스마트스토어,밥에 섞어주지않아도 제품 그대로 잘먹어요,2026-06-01T12:21:53+09:00,2026-06-01,네이버 스마트스토어 구****,5,True,1,1,https://assets6.cre.ma/p/phytonutri-kr/reviews/00/00/09/77/16/image1/5013260180b6dbc3.webp,1000000281,지니어스뉴 드롭스&톡캡스,https://www.phytonutri.kr/goods/goods_view.php?goodsNo=1000000281,4.9,14386,0,0,{'1': ['만족도']},[],[]
97717,38,5,smart_store,스마트스토어,"예전부터 잘 먹이고 있어요, 애기도 거부감없이 좋아하는것 같습니다",2026-06-01T12:07:55+09:00,2026-06-01,네이버 스마트스토어 구****,5,False,0,0,,1000000325,투데이디3 for baby,https://www.phytonutri.kr/goods/goods_view.php?goodsNo=1000000325,4.9,3634,0,0,{'1': ['만족도']},[],[]
97718,38,5,smart_store,스마트스토어,어렸을적부터 잘 먹이고 있습니다. 감사해요.,2026-06-01T12:07:07+09:00,2026-06-01,네이버 스마트스토어 구****,5,False,0,0,,1000000325,투데이디3 for baby,https://www.phytonutri.kr/goods/goods_view.php?goodsNo=1000000325,4.9,3634,0,0,{'1': ['만족도']},[],[]
97719,38,5,smart_store,스마트스토어,아기 요리할때나 감기 걸릴때 다른 주스나 퓨레 안먹이고 배도라이주스를 먹여요 ㅎㅎ 요리할때도 완전 만능이랍니다..♥가격도 착하고! 맛도 깔끔하고 달달하니 맛있고! 유통기한도 넉넉해서 천천히 잘먹일수있어서 너무 좋아요 ㅎㅎ,2026-06-01T11:36:20+09:00,2026-06-01,네이버 스마트스토어 구****,5,True,1,1,https://assets6.cre.ma/p/phytonutri-kr/reviews/00/00/09/77/19/image1/e34c8abc9e05bf78.webp,1000000342,이트뮨 아이 배도라지즙&엘더베리사과주스,https://www.phytonutri.kr/goods/goods_view.php?goodsNo=1000000342,4.9,609,0,0,"{'2': ['만족도', '유통기한'], '1': ['가격', '맛']}",[],[]
97720,38,5,smart_store,스마트스토어,먹이기도 간편하고 낱개 포장이라 산패 걱정이 없는게 큰 장점이에요 입가에 가져가면 입을 쫙 벌릴만큼 잘 먹어요~,2026-06-01T11:34:51+09:00,2026-06-01,네이버 스마트스토어 구****,5,True,1,1,https://assets6.cre.ma/p/phytonutri-kr/reviews/00/00/09/77/20/image1/9c738e41b5032566.webp,1000000325,투데이디3 for baby,https://www.phytonutri.kr/goods/goods_view.php?goodsNo=1000000325,4.9,3634,0,0,"{'1': ['만족도', '포장', '편의성']}",[],[]
97721,38,5,smart_store,스마트스토어,재구매입니다!! 성분 믿고 먹여요,2026-06-01T11:09:48+09:00,2026-06-01,네이버 스마트스토어 구****,5,True,1,1,https://assets6.cre.ma/p/phytonutri-kr/reviews/00/00/09/77/21/image1/032e7f172f3bf144.webp,1000000297,"그로우뉴 아이 유기농칼슘&마그네슘 비타민D,k2,망간",https://www.phytonutri.kr/goods/goods_view.php?goodsNo=1000000297,4.9,4844,0,0,"{'2': ['만족도'], '1': ['성분']}",[],[]
97722,38,5,smart_store,스마트스토어,변비때문에 유산균 유목민이였는데 데리프로바 먹고 변비 탈출했습니다,2026-06-01T10:15:05+09:00,2026-06-01,네이버 스마트스토어 구****,5,True,1,1,https://assets6.cre.ma/p/phytonutri-kr/reviews/00/00/09/77/22/image1/cd68036d385fe6c1.webp,1000000363,데이프로바 for baby 아기 쌩쌩유산균,https://www.phytonutri.kr/goods/goods_view.php?goodsNo=1000000363,4.9,363,0,0,"{'1': ['만족도', '효과']}",[],[]
97723,39,5,smart_store,스마트스토어,만족합니다~~~~~~,2026-06-01T10:03:53+09:00,2026-06-01,네이버 스마트스토어 구****,5,False,0,0,,1000000281,지니어스뉴 드롭스&톡캡스,https://www.phytonutri.kr/goods/goods_view.php?goodsNo=1000000281,4.9,14386,0,0,{'1': ['만족도']},[],[]
97724,39,5,smart_store,스마트스토어,"항상 주문하는 영양제, 믿고 먹입니다",2026-06-01T09:41:56+09:00,2026-06-01,네이버 스마트스토어 구****,5,True,1,1,https://assets6.cre.ma/p/phytonutri-kr/reviews/00/00/09/77/24/image1/fba56f6e98a3eddc.webp,1000000281,지니어스뉴 드롭스&톡캡스,https://www.phytonutri.kr/goods/goods_view.php?goodsNo=1000000281,4.9,14386,0,0,{'2': ['만족도']},[],[]
97725,39,5,smart_store,스마트스토어,배송이 빨라서 바로 다음날 받았습니다~,2026-06-01T09:38:45+09:00,2026-06-01,네이버 스마트스토어 구****,5,False,0,0,,1000000343,리버티엑스,https://www.phytonutri.kr/goods/goods_view.php?goodsNo=1000000343,4.7,268,0,0,"{'1': ['만족도', '배송']}",[],[]
97726,39,5,smart_store,스마트스토어,애기가 다른 배즙안먹고 이거만먹어요!! 재구매하러왔습니다,2026-06-01T09:32:33+09:00,2026-06-01,네이버 스마트스토어 구****,5,False,0,0,,1000000342,이트뮨 아이 배도라지즙&엘더베리사과주스,https://www.phytonutri.kr/goods/goods_view.php?goodsNo=1000000342,4.9,609,0,0,{'2': ['만족도']},[],[]
97727,39,4,smart_store,스마트스토어,흐르는것 없이 잘 도착햇어요 아이가 잘먹어여,2026-06-01T09:31:00+09:00,2026-06-01,네이버 스마트스토어 구****,5,True,1,1,https://assets6.cre.ma/p/phytonutri-kr/reviews/00/00/09/77/27/image1/a5a59dd43ced5dd6.webp,1000000281,지니어스뉴 드롭스&톡캡스,https://www.phytonutri.kr/goods/goods_view.php?goodsNo=1000000281,4.9,14386,0,0,"{'1': ['만족도', '제품상태']}",[],[]
97728,39,5,smart_store,스마트스토어,"아기가 잘먹어요!
가격이
좀 나가지만 꾸준히 먹여볼 생각이에요",2026-06-01T07:23:18+09:00,2026-06-01,네이버 스마트스토어 구****,5,True,1,1,https://assets6.cre.ma/p/phytonutri-kr/reviews/00/00/09/77/28/image1/b83e718f0508bb49.webp,1000000281,지니어스뉴 드롭스&톡캡스,https://www.phytonutri.kr/goods/goods_view.php?goodsNo=1000000281,4.9,14386,0,0,"{'1': ['만족도'], '-1': ['가격']}",[],[]
97729,39,5,smart_store,스마트스토어,"아기가 잘먹어요!
가격이
좀 나가지만 꾸준히 먹여볼 생각이에요",2026-06-01T07:22:40+09:00,2026-06-01,네이버 스마트스토어 구****,5,True,1,1,https://assets6.cre.ma/p/phytonutri-kr/reviews/00/00/09/77/29/image1/607f032b1aefe4e1.webp,1000000281,지니어스뉴 드롭스&톡캡스,https://www.phytonutri.kr/goods/goods_view.php?goodsNo=1000000281,4.9,14386,0,0,"{'1': ['만족도'], '-1': ['가격']}",[],[]
97730,39,5,smart_store,스마트스토어,아이가 거부없이 잘 먹어요,2026-06-01T01:29:16+09:00,2026-06-01,네이버 스마트스토어 구****,5,False,0,0,,1000000281,지니어스뉴 드롭스&톡캡스,https://www.phytonutri.kr/goods/goods_view.php?goodsNo=1000000281,4.9,14386,0,0,{'1': ['만족도']},[],[]
97731,39,5,smart_store,스마트스토어,"ㅇ기영양재로좋아용
근데 비린내나서 ㅠ 좀 힘들어요 오매가먹고나면 ㅠ",2026-06-01T00:56:42+09:00,2026-06-01,네이버 스마트스토어 구****,5,True,1,1,https://assets6.cre.ma/p/phytonutri-kr/reviews/00/00/09/77/31/image1/5a211a8e55570c56.webp,1000000281,지니어스뉴 드롭스&톡캡스,https://www.phytonutri.kr/goods/goods_view.php?goodsNo=1000000281,4.9,14386,0,0,"{'0': ['만족도'], '-1': ['냄새']}",[],[]
97732,39,5,smart_store,스마트스토어,아이 건강엠 최고에요,2026-06-01T00:39:46+09:00,2026-06-01,네이버 스마트스토어 구****,5,True,1,1,https://assets6.cre.ma/p/phytonutri-kr/reviews/00/00/09/77/32/image1/1acda47ffcf8c692.webp,1000000281,지니어스뉴 드롭스&톡캡스,https://www.phytonutri.kr/goods/goods_view.php?goodsNo=1000000281,4.9,14386,0,0,{'2': ['만족도']},[],[]
97733,39,5,smart_store,스마트스토어,"아기밥에 슉슉 넣기만 해주면 되서 편해요
혹시나 맛 비리지않을까 걱정했는데
잘 먹더라구요
냉장보관 꼭 해주세요!",2026-06-01T00:06:31+09:00,2026-06-01,네이버 스마트스토어 구****,5,True,1,1,https://assets6.cre.ma/p/phytonutri-kr/reviews/00/00/09/77/33/image1/e9df353d178e5480.webp,1000000281,지니어스뉴 드롭스&톡캡스,https://www.phytonutri.kr/goods/goods_view.php?goodsNo=1000000281,4.9,14386,0,0,"{'1': ['만족도', '맛', '편의성']}",[],[]
97734,39,5,smart_store,스마트스토어,"검색해보다가 유명해서 주문해봤어요!
아기도 거부하지 않고 잘먹어서 좋네요🤭",2026-05-31T23:57:43+09:00,2026-05-31,네이버 스마트스토어 구****,5,False,0,0,,1000000281,지니어스뉴 드롭스&톡캡스,https://www.phytonutri.kr/goods/goods_view.php?goodsNo=1000000281,4.9,14386,0,0,"{'1': ['만족도'], '0': ['성분']}",[],[]
97735,39,5,smart_store,스마트스토어,"아이 건강에는
최고입니다",2026-05-31T23:48:03+09:00,2026-05-31,네이버 스마트스토어 구****,5,True,1,1,https://assets6.cre.ma/p/phytonutri-kr/reviews/00/00/09/77/35/image1/cb75f69c44b5890c.webp,1000000281,지니어스뉴 드롭스&톡캡스,https://www.phytonutri.kr/goods/goods_view.php?goodsNo=1000000281,4.9,14386,0,0,{'2': ['만족도']},[],[]
97736,39,5,smart_store,스마트스토어,"맘에 들어요

스포이드라 간편해요",2026-05-31T23:46:29+09:00,2026-05-31,네이버 스마트스토어 구****,5,True,1,1,https://assets6.cre.ma/p/phytonutri-kr/reviews/00/00/09/77/36/image1/1d937305237de7b1.webp,1000000281,지니어스뉴 드롭스&톡캡스,https://www.phytonutri.kr/goods/goods_view.php?goodsNo=1000000281,4.9,14386,0,0,"{'1': ['만족도', '편의성']}",[],[]
97737,39,5,smart_store,스마트스토어,"저희집 아기들 55개월 아기, 22개월 아기, 으른들 전부 대만족하며 1년 넘게 정착해서 매일 꾸준히 잘 먹고있어요! 
아기들도 짜먹는 재미와 부드러운맛에 스스로 잘 챙겨먹더라구요👍
영양제 먹이는 것도 일인데
투데이디는 짜먹는 재미에 애들이 스스로 신나게 먹으니 너무 편해요🤭
면역력과 아토피가 걱정되어 착한 성분 찾다가 투데이디 정착하게 되었는데, 투데이디는 유기농까지 갖추고 있으니 선택 안 할 이유가 없더라구요🤭
아토피때문에 대학병원 다니던 둘째도 거의 좋아지고 건강까지 챙겼으니 대대대만족 !!
투데이디 없어지지말고 영원하길 바라는맘으로 후기 남겨봅니다🫶",2026-05-31T23:25:26+09:00,2026-05-31,네이버 스마트스토어 구****,5,True,1,1,https://assets6.cre.ma/p/phytonutri-kr/reviews/00/00/09/77/37/image1/56570fdacd726383.webp,1000000325,투데이디3 for baby,https://www.phytonutri.kr/goods/goods_view.php?goodsNo=1000000325,4.9,3634,0,0,"{'2': ['만족도', '효과', '편의성'], '1': ['성분']}",[],[]
97681,39,5,,자사몰(고도몰),배송 빠르네요 효○가 좋았음 좋겠습니다,2026-05-31T23:24:01+09:00,2026-05-31,liev******,5,False,0,0,,1000000398,KD 파마 듀얼 초임계 rTG 오메가3,https://www.phytonutri.kr/goods/goods_view.php?goodsNo=1000000398,4.9,121,0,0,"{'0': ['만족도'], '1': ['배송']}",[],[]
97738,39,5,smart_store,스마트스토어,맛 배송 품질 모두 만족합니다,2026-05-31T23:15:32+09:00,2026-05-31,네이버 스마트스토어 구****,5,True,1,1,https://assets6.cre.ma/p/phytonutri-kr/reviews/00/00/09/77/38/image1/042c4972e7bf2997.webp,1000000281,지니어스뉴 드롭스&톡캡스,https://www.phytonutri.kr/goods/goods_view.php?goodsNo=1000000281,4.9,14386,0,0,"{'1': ['만족도', '품질', '배송', '맛']}",[],[]
97739,39,5,smart_store,스마트스토어,아기 계속 먹이공 있어요 좋아여,2026-05-31T23:14:32+09:00,2026-05-31,네이버 스마트스토어 구****,5,True,1,1,https://assets6.cre.ma/p/phytonutri-kr/reviews/00/00/09/77/39/image1/4c4928adf743e0ff.webp,1000000281,지니어스뉴 드롭스&톡캡스,https://www.phytonutri.kr/goods/goods_view.php?goodsNo=1000000281,4.9,14386,0,0,{'1': ['만족도']},[],[]
97740,39,5,smart_store,스마트스토어,꾸준히 잘 먹이고있어요.,2026-05-31T23:03:19+09:00,2026-05-31,네이버 스마트스토어 구****,5,True,1,1,https://assets6.cre.ma/p/phytonutri-kr/reviews/00/00/09/77/40/image1/fe3c1d319caf5e98.webp,1000000281,지니어스뉴 드롭스&톡캡스,https://www.phytonutri.kr/goods/goods_view.php?goodsNo=1000000281,4.9,14386,0,0,{'1': ['만족도']},[],[]
97741,39,5,smart_store,스마트스토어,👍🏻👍🏻👍🏻,2026-05-31T22:36:57+09:00,2026-05-31,네이버 스마트스토어 구****,5,True,1,1,https://assets6.cre.ma/p/phytonutri-kr/reviews/00/00/09/77/41/image1/f8803f27e6d17a49.webp,1000000281,지니어스뉴 드롭스&톡캡스,https://www.phytonutri.kr/goods/goods_view.php?goodsNo=1000000281,4.9,14386,0,0,{'1': ['만족도']},[],[]
97742,40,5,smart_store,스마트스토어,냄새는 아직도 적응이 안되네요 그래도 재재구매 합니다,2026-05-31T22:25:43+09:00,2026-05-31,네이버 스마트스토어 구****,5,True,1,1,https://assets6.cre.ma/p/phytonutri-kr/reviews/00/00/09/77/42/image1/ec6f750c837dd610.webp,1000000281,지니어스뉴 드롭스&톡캡스,https://www.phytonutri.kr/goods/goods_view.php?goodsNo=1000000281,4.9,14386,0,0,"{'1': ['만족도'], '-1': ['냄새']}",[],[]
97743,40,5,smart_store,스마트스토어,"27개월아기 쭈욱 먹이고 있어요 예전에는 이유식이나 간식에 섞어서 줬는데 이제는 그냥 뜯어서 주면 스스로 척척입니다!
쭉 먹여볼 생각이에요",2026-05-31T22:03:58+09:00,2026-05-31,네이버 스마트스토어 구****,5,True,1,1,https://assets6.cre.ma/p/phytonutri-kr/reviews/00/00/09/77/43/image1/1fb8997fd0f09a3a.webp,1000000297,"그로우뉴 아이 유기농칼슘&마그네슘 비타민D,k2,망간",https://www.phytonutri.kr/goods/goods_view.php?goodsNo=1000000297,4.9,4844,0,0,{'1': ['만족도']},[],[]
97744,40,5,smart_store,스마트스토어,아기에게 먹이기 편해서 이 제품 정착합니다 ㅋ,2026-05-31T21:56:16+09:00,2026-05-31,네이버 스마트스토어 구****,5,False,0,0,,1000000325,투데이디3 for baby,https://www.phytonutri.kr/goods/goods_view.php?goodsNo=1000000325,4.9,3634,0,0,"{'1': ['만족도', '편의성']}",[],[]
97745,40,4,smart_store,스마트스토어,좋은것같아요 일단 아기가 잘먹엄ㆍ,2026-05-31T21:22:22+09:00,2026-05-31,네이버 스마트스토어 구****,5,True,1,1,https://assets6.cre.ma/p/phytonutri-kr/reviews/00/00/09/77/45/image1/04711f0cc15674bf.webp,1000000281,지니어스뉴 드롭스&톡캡스,https://www.phytonutri.kr/goods/goods_view.php?goodsNo=1000000281,4.9,14386,0,0,"{'1': ['만족도', '맛']}",[],[]
97746,40,5,smart_store,스마트스토어,편리하고편해요 잘먹구있어요,2026-05-31T21:19:38+09:00,2026-05-31,네이버 스마트스토어 구****,5,True,1,1,https://assets6.cre.ma/p/phytonutri-kr/reviews/00/00/09/77/46/image1/b527ac384b5da163.webp,1000000325,투데이디3 for baby,https://www.phytonutri.kr/goods/goods_view.php?goodsNo=1000000325,4.9,3634,0,0,"{'1': ['만족도', '편의성']}",[],[]
97747,40,5,smart_store,스마트스토어,좋은거같아요.먹이기도 편하고 잘먹어요.두뇌에 좋은거라서 그런지 자꾸 머리만크는거같은?느낌이예요ㅋ,2026-05-31T20:55:27+09:00,2026-05-31,네이버 스마트스토어 구****,5,True,1,1,https://assets6.cre.ma/p/phytonutri-kr/reviews/00/00/09/77/47/image1/80a9e2310752ab9a.webp,1000000281,지니어스뉴 드롭스&톡캡스,https://www.phytonutri.kr/goods/goods_view.php?goodsNo=1000000281,4.9,14386,0,0,"{'1': ['만족도', '효과', '편의성']}",[],[]
97748,40,3,smart_store,스마트스토어,간건강영양제 찾다가 사람이 많이 먹기에 주문했어요 효○가 있었으면 좋겠어요,2026-05-31T20:48:35+09:00,2026-05-31,네이버 스마트스토어 구****,5,False,0,0,,1000000343,리버티엑스,https://www.phytonutri.kr/goods/goods_view.php?goodsNo=1000000343,4.7,268,0,0,{'0': ['만족도']},[],[]
97749,40,5,smart_store,스마트스토어,이유식 할 때 너무 편해요!!,2026-05-31T17:52:33+09:00,2026-05-31,네이버 스마트스토어 구****,5,True,1,1,https://assets6.cre.ma/p/phytonutri-kr/reviews/00/00/09/77/49/image1/e4b3ec5eb703232e.webp,1000000281,지니어스뉴 드롭스&톡캡스,https://www.phytonutri.kr/goods/goods_view.php?goodsNo=1000000281,4.9,14386,0,0,"{'1': ['만족도'], '2': ['편의성']}",[],[]
97750,40,5,smart_store,스마트스토어,먹이기 너무 편해요!!!!,2026-05-31T17:48:38+09:00,2026-05-31,네이버 스마트스토어 구****,5,True,1,1,https://assets6.cre.ma/p/phytonutri-kr/reviews/00/00/09/77/50/image1/d046d26ff6bfcf4f.webp,1000000281,지니어스뉴 드롭스&톡캡스,https://www.phytonutri.kr/goods/goods_view.php?goodsNo=1000000281,4.9,14386,0,0,"{'2': ['만족도', '편의성']}",[],[]
97751,40,5,smart_store,스마트스토어,"아가 분유 끊고 나서 부터 NN번째 먹이고 있는데 

말이 조금 많이 틔인거 같아요!!!

비싸긴하지만 꾸준히 사서 먹일려구요

오래 판매해주세요",2026-05-31T17:46:53+09:00,2026-05-31,네이버 스마트스토어 구****,5,False,0,0,,1000000281,지니어스뉴 드롭스&톡캡스,https://www.phytonutri.kr/goods/goods_view.php?goodsNo=1000000281,4.9,14386,0,0,"{'1': ['만족도'], '-1': ['가격', '제품상태']}",[],[]
97752,40,5,smart_store,스마트스토어,아기가 잘먹고있어요 강추합니다 매번 주문하고있어요,2026-05-31T17:35:18+09:00,2026-05-31,네이버 스마트스토어 구****,5,False,0,0,,1000000298,지니어스뉴 + 그로우뉴 세트,https://www.phytonutri.kr/goods/goods_view.php?goodsNo=1000000298,4.9,1413,0,0,{'2': ['만족도']},[],[]
97753,40,5,smart_store,스마트스토어,잘 먹고있어요~!잘먹어요,2026-05-31T15:58:16+09:00,2026-05-31,네이버 스마트스토어 구****,5,True,1,1,https://assets6.cre.ma/p/phytonutri-kr/reviews/00/00/09/77/53/image1/177597a02a3c3403.webp,1000000297,"그로우뉴 아이 유기농칼슘&마그네슘 비타민D,k2,망간",https://www.phytonutri.kr/goods/goods_view.php?goodsNo=1000000297,4.9,4844,0,0,{'1': ['만족도']},[],[]
97754,40,5,smart_store,스마트스토어,아이가 잘 먹고 껍질까지 먹어도 되서 안심되요!,2026-05-31T15:31:18+09:00,2026-05-31,네이버 스마트스토어 구****,5,True,1,1,https://assets6.cre.ma/p/phytonutri-kr/reviews/00/00/09/77/54/image1/df89227a1205b70e.webp,1000000375,데이프로바 + 투데이디3 세트,https://www.phytonutri.kr/goods/goods_view.php?goodsNo=1000000375,4.9,139,0,0,"{'1': ['만족도', '제품상태']}",[],[]
97755,40,5,smart_store,스마트스토어,효○는 먹은지 3개월밖에 안되서 좀 더 봐야겠지만 아이가 잘 먹어요!,2026-05-31T15:30:11+09:00,2026-05-31,네이버 스마트스토어 구****,5,True,1,1,https://assets6.cre.ma/p/phytonutri-kr/reviews/00/00/09/77/55/image1/4373d207ffd208d8.webp,1000000375,데이프로바 + 투데이디3 세트,https://www.phytonutri.kr/goods/goods_view.php?goodsNo=1000000375,4.9,139,0,0,"{'1': ['만족도'], '0': ['효과']}",[],[]
97756,40,5,smart_store,스마트스토어,계속 애용중입니다. 아이가 거부감 없이 잘 먹어요,2026-05-31T14:53:24+09:00,2026-05-31,네이버 스마트스토어 구****,5,True,1,1,https://assets6.cre.ma/p/phytonutri-kr/reviews/00/00/09/77/56/image1/c76f649d75673064.webp,1000000298,지니어스뉴 + 그로우뉴 세트,https://www.phytonutri.kr/goods/goods_view.php?goodsNo=1000000298,4.9,1413,0,0,"{'1': ['만족도', '효과']}",[],[]
97757,40,4,smart_store,스마트스토어,좋다고 해서 먹이는데 비싸고 냄새나요,2026-05-31T14:44:24+09:00,2026-05-31,네이버 스마트스토어 구****,5,True,1,1,https://assets6.cre.ma/p/phytonutri-kr/reviews/00/00/09/77/57/image1/919cb9b1b58b8207.webp,1000000281,지니어스뉴 드롭스&톡캡스,https://www.phytonutri.kr/goods/goods_view.php?goodsNo=1000000281,4.9,14386,0,0,"{'-1': ['만족도', '가격', '냄새']}",[],[]
97758,40,5,smart_store,스마트스토어,단점은 가격 너무좋아오,2026-05-31T14:36:31+09:00,2026-05-31,네이버 스마트스토어 구****,5,False,0,0,,1000000325,투데이디3 for baby,https://www.phytonutri.kr/goods/goods_view.php?goodsNo=1000000325,4.9,3634,0,0,"{'1': ['만족도'], '2': ['가격']}",[],[]
97759,40,5,smart_store,스마트스토어,기대됩니다 잘 먹었음 좋겠어요~~,2026-05-31T13:57:07+09:00,2026-05-31,네이버 스마트스토어 구****,5,True,1,1,https://assets6.cre.ma/p/phytonutri-kr/reviews/00/00/09/77/59/image1/195cfd1fb81492a8.webp,1000000298,지니어스뉴 + 그로우뉴 세트,https://www.phytonutri.kr/goods/goods_view.php?goodsNo=1000000298,4.9,1413,0,0,{'0': ['만족도']},[],[]
97760,40,5,smart_store,스마트스토어,이유식을 많이 먹는 아기가 아니라 영양제를 알아보던 중 주문하게 되었어요~,2026-05-31T13:56:10+09:00,2026-05-31,네이버 스마트스토어 구****,5,True,1,1,https://assets6.cre.ma/p/phytonutri-kr/reviews/00/00/09/77/60/image1/1967c582cd34ff34.webp,1000000297,"그로우뉴 아이 유기농칼슘&마그네슘 비타민D,k2,망간",https://www.phytonutri.kr/goods/goods_view.php?goodsNo=1000000297,4.9,4844,0,0,{'0': ['만족도']},[],[]
97761,40,5,smart_store,스마트스토어,"신생아이후부터 꾸준히 먹이고있어요ㅎ
그덕인지 모르겠지만 개월수에 비해 체격도 크고 말도 빠른 편에 아주 건강하게 잘 크고 있네요ㅎ",2026-05-31T13:41:27+09:00,2026-05-31,네이버 스마트스토어 구****,5,True,1,1,https://assets6.cre.ma/p/phytonutri-kr/reviews/00/00/09/77/61/image1/fa6dd8fa518502e6.webp,1000000281,지니어스뉴 드롭스&톡캡스,https://www.phytonutri.kr/goods/goods_view.php?goodsNo=1000000281,4.9,14386,0,0,"{'1': ['만족도', '효과']}",[],[]
97762,41,5,smart_store,스마트스토어,배송 빠르고 먹이기 편해요 이유식에 주려니 버리는게 많아 직접 입에 먹여주는데 잘먹어요~,2026-05-31T13:34:43+09:00,2026-05-31,네이버 스마트스토어 구****,5,False,0,0,,1000000281,지니어스뉴 드롭스&톡캡스,https://www.phytonutri.kr/goods/goods_view.php?goodsNo=1000000281,4.9,14386,0,0,"{'1': ['만족도', '배송', '편의성']}",[],[]
97763,41,5,smart_store,스마트스토어,배송 빠르고 몇개월째 잘 먹이고 있어요,2026-05-31T13:33:39+09:00,2026-05-31,네이버 스마트스토어 구****,5,False,0,0,,1000000297,"그로우뉴 아이 유기농칼슘&마그네슘 비타민D,k2,망간",https://www.phytonutri.kr/goods/goods_view.php?goodsNo=1000000297,4.9,4844,0,0,"{'1': ['만족도', '배송']}",[],[]
97764,41,5,smart_store,스마트스토어,늘 시켜 먹이늨 거에요,2026-05-31T13:28:41+09:00,2026-05-31,네이버 스마트스토어 구****,5,True,1,1,https://assets6.cre.ma/p/phytonutri-kr/reviews/00/00/09/77/64/image1/1a2fae7aed63aae4.webp,1000000298,지니어스뉴 + 그로우뉴 세트,https://www.phytonutri.kr/goods/goods_view.php?goodsNo=1000000298,4.9,1413,0,0,{'1': ['만족도']},[],[]
97765,41,5,smart_store,스마트스토어,"아이스박스에 담겨서 배송 되네요 
아이 두뇌 발달을 위해서 꾸준히 먹이고 있어요 효○가 잇기를!",2026-05-31T12:08:34+09:00,2026-05-31,네이버 스마트스토어 구****,5,True,1,1,https://assets6.cre.ma/p/phytonutri-kr/reviews/00/00/09/77/65/image1/e6f3b69b7f82c21d.webp,1000000281,지니어스뉴 드롭스&톡캡스,https://www.phytonutri.kr/goods/goods_view.php?goodsNo=1000000281,4.9,14386,0,0,"{'0': ['만족도', '포장']}",[],[]
97766,41,5,smart_store,스마트스토어,아이 이유식에 섞어 먹이기 편해서 좋아요~,2026-05-31T11:54:02+09:00,2026-05-31,네이버 스마트스토어 구****,5,True,1,1,https://assets6.cre.ma/p/phytonutri-kr/reviews/00/00/09/77/66/image1/b5bd80e7c0eb5bb5.webp,1000000281,지니어스뉴 드롭스&톡캡스,https://www.phytonutri.kr/goods/goods_view.php?goodsNo=1000000281,4.9,14386,0,0,"{'1': ['만족도', '편의성']}",[],[]
97767,41,5,smart_store,스마트스토어,우리 아들 필수 영양제,2026-05-31T10:36:54+09:00,2026-05-31,네이버 스마트스토어 구****,5,True,1,1,https://assets6.cre.ma/p/phytonutri-kr/reviews/00/00/09/77/67/image1/d80501f7658dc186.webp,1000000297,"그로우뉴 아이 유기농칼슘&마그네슘 비타민D,k2,망간",https://www.phytonutri.kr/goods/goods_view.php?goodsNo=1000000297,4.9,4844,0,0,{'1': ['만족도']},[],[]
97768,41,4,smart_store,스마트스토어,아이 음식 먹을 때 같이 줄 수 있어서 편해요^^,2026-05-31T10:36:13+09:00,2026-05-31,네이버 스마트스토어 구****,5,True,1,1,https://assets6.cre.ma/p/phytonutri-kr/reviews/00/00/09/77/68/image1/37b538b63e350a0c.webp,1000000281,지니어스뉴 드롭스&톡캡스,https://www.phytonutri.kr/goods/goods_view.php?goodsNo=1000000281,4.9,14386,0,0,"{'1': ['만족도', '편의성']}",[],[]
97769,41,5,smart_store,스마트스토어,먹기 좋고 개별  포장되어 있어서 너무 좋아요,2026-05-31T10:19:30+09:00,2026-05-31,네이버 스마트스토어 구****,5,True,1,1,https://assets6.cre.ma/p/phytonutri-kr/reviews/00/00/09/77/69/image1/647f5a33c9f9ae35.webp,1000000325,투데이디3 for baby,https://www.phytonutri.kr/goods/goods_view.php?goodsNo=1000000325,4.9,3634,0,0,"{'2': ['만족도', '포장']}",[],[]
97770,41,5,smart_store,스마트스토어,운동을 병행하면 효○가 더 좋은 것 같습니다~,2026-05-31T09:39:53+09:00,2026-05-31,네이버 스마트스토어 구****,5,True,1,1,https://assets6.cre.ma/p/phytonutri-kr/reviews/00/00/09/77/70/image1/c14d27b15350fcdf.webp,1000000403,뉴스데일리베스트 X 파이토뉴트리 맨드로포즈+,https://www.phytonutri.kr/goods/goods_view.php?goodsNo=1000000403,4.7,193,0,0,"{'1': ['만족도', '효과']}",[],[]
97771,41,5,smart_store,스마트스토어,"오메가3로 유명하다고해서 구매해보았습니다
하나에 2주이내에 섭취가 가장좋다고했는데 종종 먹이은걸까먹다보니 2주보단 오래먹네요!저희아이 기준으로 그냥 오메가3 단독으로만 먹이는건 너무 싫어하고 요거트나 우유에섞어줘서 먹이고잇어요",2026-05-31T08:41:21+09:00,2026-05-31,네이버 스마트스토어 구****,5,True,1,1,https://assets6.cre.ma/p/phytonutri-kr/reviews/00/00/09/77/71/image1/07036dc6e83b050b.webp,1000000281,지니어스뉴 드롭스&톡캡스,https://www.phytonutri.kr/goods/goods_view.php?goodsNo=1000000281,4.9,14386,0,0,{'0': ['만족도']},[],[]
97772,41,5,smart_store,스마트스토어,"이유식시작할때부터 먹이고있네요
덕분에 똘똘한 아가로 크고 있다고 믿어요",2026-05-31T08:39:26+09:00,2026-05-31,네이버 스마트스토어 구****,5,True,1,1,https://assets6.cre.ma/p/phytonutri-kr/reviews/00/00/09/77/72/image1/7d698652680563e0.webp,1000000281,지니어스뉴 드롭스&톡캡스,https://www.phytonutri.kr/goods/goods_view.php?goodsNo=1000000281,4.9,14386,0,0,{'1': ['만족도']},[],[]
97773,41,5,smart_store,스마트스토어,아기가 너무 좋아하네요 ㅎㅎ 면역력에 도움 되면 좋겠어요 ㅎㅎ,2026-05-31T08:05:59+09:00,2026-05-31,네이버 스마트스토어 구****,5,True,1,1,https://assets6.cre.ma/p/phytonutri-kr/reviews/00/00/09/77/73/image1/68155403138fd4c4.webp,1000000342,이트뮨 아이 배도라지즙&엘더베리사과주스,https://www.phytonutri.kr/goods/goods_view.php?goodsNo=1000000342,4.9,609,0,0,{'1': ['만족도']},[],[]
97774,41,5,smart_store,스마트스토어,아기에게 먹이기 편하고 위생적이라좋네요!,2026-05-31T07:32:56+09:00,2026-05-31,네이버 스마트스토어 구****,5,True,1,1,https://assets6.cre.ma/p/phytonutri-kr/reviews/00/00/09/77/74/image1/cf39c87a69286f1d.webp,1000000325,투데이디3 for baby,https://www.phytonutri.kr/goods/goods_view.php?goodsNo=1000000325,4.9,3634,0,0,"{'1': ['만족도', '편의성']}",[],[]
97597,41,5,smart_store,스마트스토어,아이가 우유먹는 양이 적어 칼슘이나 여러가지 요소들을 충분히 흡수 못할까봐 고민하던중 그로우뉴를 알게되었고 아기도 잘 먹어줘서 매번 먹이고 있습니다! 가격대는 좀 있지만 그만큼 효○는 크다고 믿고 있으려구요,2026-05-30T23:57:30+09:00,2026-05-30,네이버 스마트스토어 구****,5,True,1,1,https://assets6.cre.ma/p/phytonutri-kr/reviews/00/00/09/75/97/image1/436ac35264bc9fc5.webp,1000000297,"그로우뉴 아이 유기농칼슘&마그네슘 비타민D,k2,망간",https://www.phytonutri.kr/goods/goods_view.php?goodsNo=1000000297,4.9,4844,0,0,"{'1': ['만족도', '효과'], '-1': ['가격']}",[],[]
97598,41,5,smart_store,스마트스토어,비타민D는 이걸로 정착했어요!,2026-05-30T23:51:27+09:00,2026-05-30,네이버 스마트스토어 구****,5,True,1,1,https://assets6.cre.ma/p/phytonutri-kr/reviews/00/00/09/75/98/image1/cfaf6d3ad3ccd1db.webp,1000000325,투데이디3 for baby,https://www.phytonutri.kr/goods/goods_view.php?goodsNo=1000000325,4.9,3634,0,0,{'1': ['만족도']},[],[]
97599,41,5,smart_store,스마트스토어,하나씩 포장 되어있어서 위생적이고 좋아요,2026-05-30T23:25:43+09:00,2026-05-30,네이버 스마트스토어 구****,5,True,1,1,https://assets6.cre.ma/p/phytonutri-kr/reviews/00/00/09/75/99/image1/af90d08a34551efa.webp,1000000325,투데이디3 for baby,https://www.phytonutri.kr/goods/goods_view.php?goodsNo=1000000325,4.9,3634,0,0,"{'1': ['만족도', '포장', '제품상태']}",[],[]
97600,41,5,smart_store,스마트스토어,"톡캡스 먹이다가 바꿨는데 손에 안묻어서 더 좋은거같아요ㅎㅎ
아이한테 좋길 기대하며 꾸준히 주려구요",2026-05-30T23:04:30+09:00,2026-05-30,네이버 스마트스토어 구****,5,True,1,1,https://assets6.cre.ma/p/phytonutri-kr/reviews/00/00/09/76/00/image1/5180066afd4107f4.webp,1000000281,지니어스뉴 드롭스&톡캡스,https://www.phytonutri.kr/goods/goods_view.php?goodsNo=1000000281,4.9,14386,0,0,"{'1': ['만족도', '편의성']}",[],[]
97601,41,5,smart_store,스마트스토어,자주사먹는 칼마디에요,2026-05-30T22:32:59+09:00,2026-05-30,네이버 스마트스토어 구****,5,False,0,0,,1000000297,"그로우뉴 아이 유기농칼슘&마그네슘 비타민D,k2,망간",https://www.phytonutri.kr/goods/goods_view.php?goodsNo=1000000297,4.9,4844,0,0,{'1': ['만족도']},[],[]
97602,41,5,smart_store,스마트스토어,드롭스라 먹기 편하고 좋아요,2026-05-30T22:32:46+09:00,2026-05-30,네이버 스마트스토어 구****,5,False,0,0,,1000000281,지니어스뉴 드롭스&톡캡스,https://www.phytonutri.kr/goods/goods_view.php?goodsNo=1000000281,4.9,14386,0,0,"{'1': ['만족도', '편의성']}",[],[]
97603,41,5,smart_store,스마트스토어,칼마디중에는 제일 나은거 같아요,2026-05-30T22:32:27+09:00,2026-05-30,네이버 스마트스토어 구****,5,False,0,0,,1000000297,"그로우뉴 아이 유기농칼슘&마그네슘 비타민D,k2,망간",https://www.phytonutri.kr/goods/goods_view.php?goodsNo=1000000297,4.9,4844,0,0,{'1': ['만족도']},[],[]
97604,42,5,smart_store,스마트스토어,아이가 항상 잘먹고 있어요,2026-05-30T22:32:06+09:00,2026-05-30,네이버 스마트스토어 구****,5,False,0,0,,1000000281,지니어스뉴 드롭스&톡캡스,https://www.phytonutri.kr/goods/goods_view.php?goodsNo=1000000281,4.9,14386,0,0,{'1': ['만족도']},[],[]
97605,42,5,smart_store,스마트스토어,살작 먹어봣눈제 비리긴해여 애기는 잘무금,2026-05-30T22:00:12+09:00,2026-05-30,네이버 스마트스토어 구****,5,True,1,1,https://assets6.cre.ma/p/phytonutri-kr/reviews/00/00/09/76/05/image1/036ed712adbd1863.webp,1000000281,지니어스뉴 드롭스&톡캡스,https://www.phytonutri.kr/goods/goods_view.php?goodsNo=1000000281,4.9,14386,0,0,"{'-1': ['만족도', '맛']}",[],[]
97606,42,5,smart_store,스마트스토어,꾸준히 먹이고 있아ㅓ요~~ 좋아요,2026-05-30T21:18:37+09:00,2026-05-30,네이버 스마트스토어 구****,5,True,1,1,https://assets6.cre.ma/p/phytonutri-kr/reviews/00/00/09/76/06/image1/015bceac7e75a773.webp,1000000297,"그로우뉴 아이 유기농칼슘&마그네슘 비타민D,k2,망간",https://www.phytonutri.kr/goods/goods_view.php?goodsNo=1000000297,4.9,4844,0,0,{'1': ['만족도']},[],[]
97607,42,5,smart_store,스마트스토어,먹이기가 넘 평해요!!,2026-05-30T21:12:47+09:00,2026-05-30,네이버 스마트스토어 구****,5,True,1,1,https://assets6.cre.ma/p/phytonutri-kr/reviews/00/00/09/76/07/image1/485de4e27df22480.webp,1000000281,지니어스뉴 드롭스&톡캡스,https://www.phytonutri.kr/goods/goods_view.php?goodsNo=1000000281,4.9,14386,0,0,{'2': ['만족도']},[],[]
97608,42,5,smart_store,스마트스토어,"스포이드라 먹이기 편하지만 외출시 불편해요 휴대용 대용으로 추가구매해야겠네요.
비리지 않는지 저희아이는 잘먹어요.",2026-05-30T20:49:27+09:00,2026-05-30,네이버 스마트스토어 구****,5,True,1,1,https://assets6.cre.ma/p/phytonutri-kr/reviews/00/00/09/76/08/image1/24df9654ce9b9ede.webp,1000000281,지니어스뉴 드롭스&톡캡스,https://www.phytonutri.kr/goods/goods_view.php?goodsNo=1000000281,4.9,14386,0,0,"{'0': ['만족도', '편의성'], '1': ['맛']}",[],[]
97609,42,5,smart_store,스마트스토어,잘받았어요 감사해여,2026-05-30T20:14:31+09:00,2026-05-30,네이버 스마트스토어 구****,5,True,1,1,https://assets6.cre.ma/p/phytonutri-kr/reviews/00/00/09/76/09/image1/1d7815f14a76546e.webp,1000000325,투데이디3 for baby,https://www.phytonutri.kr/goods/goods_view.php?goodsNo=1000000325,4.9,3634,0,0,{'0': ['만족도']},[],[]
97610,42,5,smart_store,스마트스토어,"소개받고아기먹였는데 
좋네요 
꾸준히 잘먹여볼게요",2026-05-30T19:07:22+09:00,2026-05-30,네이버 스마트스토어 구****,5,True,1,1,https://assets6.cre.ma/p/phytonutri-kr/reviews/00/00/09/76/10/image1/70806533b073568f.webp,1000000281,지니어스뉴 드롭스&톡캡스,https://www.phytonutri.kr/goods/goods_view.php?goodsNo=1000000281,4.9,14386,0,0,{'1': ['만족도']},[],[]
97611,42,5,smart_store,스마트스토어,아이가넘잘먹어요 새콤하니 맛나데요,2026-05-30T19:03:41+09:00,2026-05-30,네이버 스마트스토어 구****,5,True,1,1,https://assets6.cre.ma/p/phytonutri-kr/reviews/00/00/09/76/11/image1/52108ca004485843.webp,1000000379,지니어스뉴 키즈 국내 유일 스퀴즈 짜먹는 어린이 오메가3 DHA ALA 콜린 올로메가,https://www.phytonutri.kr/goods/goods_view.php?goodsNo=1000000379,4.6,127,0,0,"{'1': ['만족도', '맛']}",[],[]
97612,42,3,smart_store,스마트스토어,건강하게잘크고잘쓰겠습니다,2026-05-30T19:01:32+09:00,2026-05-30,네이버 스마트스토어 구****,5,True,1,1,https://assets6.cre.ma/p/phytonutri-kr/reviews/00/00/09/76/12/image1/44121efbd3200585.webp,1000000281,지니어스뉴 드롭스&톡캡스,https://www.phytonutri.kr/goods/goods_view.php?goodsNo=1000000281,4.9,14386,0,0,{'1': ['만족도']},[],[]
97613,42,5,smart_store,스마트스토어,"12개월때부터 꾸준히 잘먹이고 있어요:)
먹이기도 간편하고 아가도 잘먹어요👍🏻",2026-05-30T18:45:01+09:00,2026-05-30,네이버 스마트스토어 구****,5,True,1,1,https://assets6.cre.ma/p/phytonutri-kr/reviews/00/00/09/76/13/image1/46f5b7a457a1935d.webp,1000000281,지니어스뉴 드롭스&톡캡스,https://www.phytonutri.kr/goods/goods_view.php?goodsNo=1000000281,4.9,14386,0,0,"{'1': ['만족도', '편의성']}",[],[]
97614,42,5,smart_store,스마트스토어,좋다그래서 꾸준히 먹이고 있어요,2026-05-30T18:09:16+09:00,2026-05-30,네이버 스마트스토어 구****,5,True,1,1,https://assets6.cre.ma/p/phytonutri-kr/reviews/00/00/09/76/14/image1/f6f3460b2a17183d.webp,1000000281,지니어스뉴 드롭스&톡캡스,https://www.phytonutri.kr/goods/goods_view.php?goodsNo=1000000281,4.9,14386,0,0,{'1': ['만족도']},[],[]
97615,42,5,smart_store,스마트스토어,"이제 8개월되는 아기 평균보다 조금 작고, 이유식도 잘 안먹어서 영양제구매 했어요~~ 효○있길바랍니다~",2026-05-30T16:24:51+09:00,2026-05-30,네이버 스마트스토어 구****,5,True,1,1,https://assets6.cre.ma/p/phytonutri-kr/reviews/00/00/09/76/15/image1/29c692f44ae5611d.webp,1000000297,"그로우뉴 아이 유기농칼슘&마그네슘 비타민D,k2,망간",https://www.phytonutri.kr/goods/goods_view.php?goodsNo=1000000297,4.9,4844,0,0,{'0': ['만족도']},[],[]
97616,42,5,smart_store,스마트스토어,이제 8개월되는 아기 어린이집 입소전에 면역력 올려주려구 영양제 주문했네요~~ 잘먹고 효○있길 바랍니다~,2026-05-30T16:24:00+09:00,2026-05-30,네이버 스마트스토어 구****,5,True,1,1,https://assets6.cre.ma/p/phytonutri-kr/reviews/00/00/09/76/16/image1/0278137e8fe2b173.webp,1000000281,지니어스뉴 드롭스&톡캡스,https://www.phytonutri.kr/goods/goods_view.php?goodsNo=1000000281,4.9,14386,0,0,{'0': ['만족도']},[],[]
97617,42,5,smart_store,스마트스토어,"저희 아이 두뇌는 지니어스뉴가 늘 책임집니다^_^
6개월 이후부터 돌끝까지 계속 먹이고 있어용",2026-05-30T16:15:33+09:00,2026-05-30,네이버 스마트스토어 구****,5,False,0,0,,1000000281,지니어스뉴 드롭스&톡캡스,https://www.phytonutri.kr/goods/goods_view.php?goodsNo=1000000281,4.9,14386,0,0,{'1': ['만족도']},[],[]
97618,42,5,smart_store,스마트스토어,맛 없어서 안먹으려고하는디 좋네오,2026-05-30T15:45:50+09:00,2026-05-30,네이버 스마트스토어 구****,5,False,0,0,,1000000297,"그로우뉴 아이 유기농칼슘&마그네슘 비타민D,k2,망간",https://www.phytonutri.kr/goods/goods_view.php?goodsNo=1000000297,4.9,4844,0,0,"{'1': ['만족도'], '-1': ['맛']}",[],[]
97619,42,5,smart_store,스마트스토어,꾸준히 먹고있어요~~~,2026-05-30T15:06:14+09:00,2026-05-30,네이버 스마트스토어 구****,5,True,1,1,https://assets6.cre.ma/p/phytonutri-kr/reviews/00/00/09/76/19/image1/b2da5d0bb610e040.webp,1000000343,리버티엑스,https://www.phytonutri.kr/goods/goods_view.php?goodsNo=1000000343,4.7,268,0,0,{'1': ['만족도']},[],[]
97620,42,5,smart_store,스마트스토어,좋아요~!!!!!!,2026-05-30T14:50:18+09:00,2026-05-30,네이버 스마트스토어 구****,5,True,1,1,https://assets6.cre.ma/p/phytonutri-kr/reviews/00/00/09/76/20/image1/c6fa6a68b59ad2f9.webp,1000000325,투데이디3 for baby,https://www.phytonutri.kr/goods/goods_view.php?goodsNo=1000000325,4.9,3634,0,0,{'1': ['만족도']},[],[]
97621,42,5,smart_store,스마트스토어,꾸준히 잘 먹이고 있어요~~,2026-05-30T14:32:52+09:00,2026-05-30,네이버 스마트스토어 구****,5,True,1,1,https://assets6.cre.ma/p/phytonutri-kr/reviews/00/00/09/76/21/image1/60570ceddff18d33.webp,1000000297,"그로우뉴 아이 유기농칼슘&마그네슘 비타민D,k2,망간",https://www.phytonutri.kr/goods/goods_view.php?goodsNo=1000000297,4.9,4844,0,0,{'1': ['만족도']},[],[]
97622,42,4,smart_store,스마트스토어,아이가 잘먹어줘서 이건 빠지지 않고 먹이고 있어요,2026-05-30T14:21:56+09:00,2026-05-30,네이버 스마트스토어 구****,5,True,1,1,https://assets6.cre.ma/p/phytonutri-kr/reviews/00/00/09/76/22/image1/9fce7db37b4c923d.webp,1000000281,지니어스뉴 드롭스&톡캡스,https://www.phytonutri.kr/goods/goods_view.php?goodsNo=1000000281,4.9,14386,0,0,{'1': ['만족도']},[],[]
97623,42,5,smart_store,스마트스토어,아이에게 먹이기 편해요.,2026-05-30T12:38:01+09:00,2026-05-30,네이버 스마트스토어 구****,5,True,1,1,https://assets6.cre.ma/p/phytonutri-kr/reviews/00/00/09/76/23/image1/31e3dcb915d2e731.webp,1000000281,지니어스뉴 드롭스&톡캡스,https://www.phytonutri.kr/goods/goods_view.php?goodsNo=1000000281,4.9,14386,0,0,"{'1': ['만족도', '편의성']}",[],[]
97624,43,5,smart_store,스마트스토어,꾸준히 먹이고 있는데 좋아용,2026-05-30T10:26:32+09:00,2026-05-30,네이버 스마트스토어 구****,5,False,0,0,,1000000297,"그로우뉴 아이 유기농칼슘&마그네슘 비타민D,k2,망간",https://www.phytonutri.kr/goods/goods_view.php?goodsNo=1000000297,4.9,4844,0,0,{'1': ['만족도']},[],[]
97625,43,5,smart_store,스마트스토어,아기가 잘 먹어요 좋아요!,2026-05-30T10:25:37+09:00,2026-05-30,네이버 스마트스토어 구****,5,False,0,0,,1000000363,데이프로바 for baby 아기 쌩쌩유산균,https://www.phytonutri.kr/goods/goods_view.php?goodsNo=1000000363,4.9,363,0,0,{'1': ['만족도']},[],[]
97626,43,5,smart_store,스마트스토어,어기가 잘 먹어요 좋아요!,2026-05-30T10:25:21+09:00,2026-05-30,네이버 스마트스토어 구****,5,False,0,0,,1000000297,"그로우뉴 아이 유기농칼슘&마그네슘 비타민D,k2,망간",https://www.phytonutri.kr/goods/goods_view.php?goodsNo=1000000297,4.9,4844,0,0,{'1': ['만족도']},[],[]
97627,43,5,smart_store,스마트스토어,매일 아기한테 주고있었요 좋은거같아요,2026-05-30T10:23:05+09:00,2026-05-30,네이버 스마트스토어 구****,5,True,1,1,https://assets6.cre.ma/p/phytonutri-kr/reviews/00/00/09/76/27/image1/49b5b2e53c238cf6.webp,1000000281,지니어스뉴 드롭스&톡캡스,https://www.phytonutri.kr/goods/goods_view.php?goodsNo=1000000281,4.9,14386,0,0,{'1': ['만족도']},[],[]
97628,43,5,smart_store,스마트스토어,21개월 아기 먹이기에 딱 좋습니다. 밥 먹을 때 위에 뿌려주면 되어서요. 개인적으로 톡캡스가 드롭스보다는 더 간편하고 편리한 것 같습니다. 먹일때마다 적당한 양인지 재지 않아도 되어서요. 다먹이면 또 주문하겠습니다~,2026-05-30T09:47:37+09:00,2026-05-30,네이버 스마트스토어 구****,5,True,1,1,https://assets6.cre.ma/p/phytonutri-kr/reviews/00/00/09/76/28/image1/55f251d081c64341.webp,1000000281,지니어스뉴 드롭스&톡캡스,https://www.phytonutri.kr/goods/goods_view.php?goodsNo=1000000281,4.9,14386,0,0,"{'1': ['만족도', '편의성']}",[],[]
97629,43,5,smart_store,스마트스토어,아이들 건강을 위해,2026-05-30T09:24:07+09:00,2026-05-30,네이버 스마트스토어 구****,5,True,1,1,https://assets6.cre.ma/p/phytonutri-kr/reviews/00/00/09/76/29/image1/0ca4ddb39acca745.webp,1000000281,지니어스뉴 드롭스&톡캡스,https://www.phytonutri.kr/goods/goods_view.php?goodsNo=1000000281,4.9,14386,0,0,{'1': ['만족도']},[],[]
97630,43,5,smart_store,스마트스토어,야기가 풍선젤리라고 잘 먹어요 ㅎㅎ 굿굿,2026-05-30T09:11:29+09:00,2026-05-30,네이버 스마트스토어 구****,5,True,1,1,https://assets6.cre.ma/p/phytonutri-kr/reviews/00/00/09/76/30/image1/e3d658a5d4f6507c.webp,1000000325,투데이디3 for baby,https://www.phytonutri.kr/goods/goods_view.php?goodsNo=1000000325,4.9,3634,0,0,{'2': ['만족도']},[],[]
97631,43,5,smart_store,스마트스토어,"손녀,손주 사용하는건데 매번
잘 사용하고 있어요 
다쓰고 재구매 할께요~~",2026-05-30T08:50:31+09:00,2026-05-30,네이버 스마트스토어 구****,5,True,1,1,https://assets6.cre.ma/p/phytonutri-kr/reviews/00/00/09/76/31/image1/9ed2cece23994e23.webp,1000000325,투데이디3 for baby,https://www.phytonutri.kr/goods/goods_view.php?goodsNo=1000000325,4.9,3634,0,0,{'1': ['만족도']},[],[]
97632,43,5,smart_store,스마트스토어,어림이집에 보내서 사진은 없지먼 계속 주문한 상품입니다 ㅎㅎ,2026-05-30T08:27:21+09:00,2026-05-30,네이버 스마트스토어 구****,5,True,1,1,https://assets6.cre.ma/p/phytonutri-kr/reviews/00/00/09/76/32/image1/d6c6ef5e145457af.webp,1000000326,지니어스뉴 + 투데이디3 세트,https://www.phytonutri.kr/goods/goods_view.php?goodsNo=1000000326,4.8,245,0,0,{'2': ['만족도']},[],[]
97633,43,5,smart_store,스마트스토어,고소해서 분유에 타먹여도 잘 먹네요^^,2026-05-30T07:05:32+09:00,2026-05-30,네이버 스마트스토어 구****,5,False,0,0,,1000000281,지니어스뉴 드롭스&톡캡스,https://www.phytonutri.kr/goods/goods_view.php?goodsNo=1000000281,4.9,14386,0,0,"{'1': ['만족도', '맛']}",[],[]
97634,43,5,smart_store,스마트스토어,"이건 쟁여야합니다 무조건 쟁여템이에요
뭐하나 빠지는거 없지만 언제또 배송이 어려워질지모르니 쟝이셔야합니다",2026-05-30T03:47:58+09:00,2026-05-30,네이버 스마트스토어 구****,5,True,1,1,https://assets6.cre.ma/p/phytonutri-kr/reviews/00/00/09/76/34/image1/ba4f386022ae35d9.webp,1000000325,투데이디3 for baby,https://www.phytonutri.kr/goods/goods_view.php?goodsNo=1000000325,4.9,3634,0,0,{'1': ['만족도']},[],[]
97635,43,5,smart_store,스마트스토어,"점점 더 구매하기 어려워지는 ㅠㅠ...
먹이기도편하고 원료도 너무좋은데 배송이 정말 아쉽네요
그래서.. 이번에 잔뜩쟁였어요 ㅋㅋㅋ",2026-05-30T03:47:01+09:00,2026-05-30,네이버 스마트스토어 구****,5,True,1,1,https://assets6.cre.ma/p/phytonutri-kr/reviews/00/00/09/76/35/image1/05877797fc3721f6.webp,1000000325,투데이디3 for baby,https://www.phytonutri.kr/goods/goods_view.php?goodsNo=1000000325,4.9,3634,0,0,"{'0': ['만족도'], '-2': ['배송'], '2': ['품질'], '1': ['편의성']}",[],[]
97636,43,5,smart_store,스마트스토어,"한달이 뭔가요 벌써 1년가까이먹이고 있어요 ㅎㅎ
아이도 너무잘먹고 먹이기편해요
다른제품들이 비해 가격이 높지만 그래도 원료생닥하면 아깝지않아요",2026-05-30T03:46:07+09:00,2026-05-30,네이버 스마트스토어 구****,5,True,1,1,https://assets6.cre.ma/p/phytonutri-kr/reviews/00/00/09/76/36/image1/c8edb4f676e5b6f8.webp,1000000281,지니어스뉴 드롭스&톡캡스,https://www.phytonutri.kr/goods/goods_view.php?goodsNo=1000000281,4.9,14386,0,0,"{'1': ['만족도', '품질', '편의성'], '-1': ['가격']}",[],[]
97637,43,5,smart_store,스마트스토어,"벌써 1년가까이
주문해서 먹이고있어요 ㅎㅎ 원료신뢰가고 이번에 배송이 좀 많이 많이 늦었지만 그래도 기다렸어요!!
먿이기 정말 편하고 이제 이거 보여주기만해도 애기그 아-하고있어욬 ㅋㅋㅋ",2026-05-30T03:44:32+09:00,2026-05-30,네이버 스마트스토어 구****,5,True,1,1,https://assets6.cre.ma/p/phytonutri-kr/reviews/00/00/09/76/37/image1/7f9fef6dc04ea33d.webp,1000000326,지니어스뉴 + 투데이디3 세트,https://www.phytonutri.kr/goods/goods_view.php?goodsNo=1000000326,4.8,245,0,0,"{'1': ['만족도'], '-2': ['배송'], '2': ['편의성']}",[],[]
97638,43,5,smart_store,스마트스토어,"9개월부터 오메가 먹이려고 주문했어요~
드롭스랑 고민하다가
산패 걱정이 되어 톡 캡스로 주문했는데
1회 복용량으로 소분되어 있어 위생적이고 좋네요
 이유식에 섞여서 먹이고 있는데
아기가 거부감 없이 정말 잘 먹어요!",2026-05-29T23:36:43+09:00,2026-05-29,네이버 스마트스토어 구****,5,True,1,1,https://assets6.cre.ma/p/phytonutri-kr/reviews/00/00/09/76/38/image1/a531ea8cd115c1c7.webp,1000000281,지니어스뉴 드롭스&톡캡스,https://www.phytonutri.kr/goods/goods_view.php?goodsNo=1000000281,4.9,14386,0,0,"{'1': ['만족도', '포장', '효과']}",[],[]
97639,43,5,smart_store,스마트스토어,믿고 먹어요 재재재 구매중 입니다,2026-05-29T23:26:16+09:00,2026-05-29,네이버 스마트스토어 구****,5,True,1,1,https://assets6.cre.ma/p/phytonutri-kr/reviews/00/00/09/76/39/image1/dd9dfa39fe6daba9.webp,1000000281,지니어스뉴 드롭스&톡캡스,https://www.phytonutri.kr/goods/goods_view.php?goodsNo=1000000281,4.9,14386,0,0,{'1': ['만족도']},[],[]
97640,43,5,smart_store,스마트스토어,가끔씩 주문합니다~~~ㅎㅎ,2026-05-29T23:13:42+09:00,2026-05-29,네이버 스마트스토어 구****,5,True,1,1,https://assets6.cre.ma/p/phytonutri-kr/reviews/00/00/09/76/40/image1/bf447eb0c5d1268a.webp,1000000281,지니어스뉴 드롭스&톡캡스,https://www.phytonutri.kr/goods/goods_view.php?goodsNo=1000000281,4.9,14386,0,0,{'1': ['만족도']},[],[]
97641,43,5,smart_store,스마트스토어,아가들이 잘 먹어요,2026-05-29T22:37:55+09:00,2026-05-29,네이버 스마트스토어 구****,5,False,0,0,,1000000325,투데이디3 for baby,https://www.phytonutri.kr/goods/goods_view.php?goodsNo=1000000325,4.9,3634,0,0,{'1': ['만족도']},[],[]
97642,43,5,smart_store,스마트스토어,매번먹이고있어요좋아요,2026-05-29T22:30:13+09:00,2026-05-29,네이버 스마트스토어 구****,5,True,1,1,https://assets6.cre.ma/p/phytonutri-kr/reviews/00/00/09/76/42/image1/0cd010c288c46bfd.webp,1000000325,투데이디3 for baby,https://www.phytonutri.kr/goods/goods_view.php?goodsNo=1000000325,4.9,3634,0,0,{'1': ['만족도']},[],[]
97643,43,3,smart_store,스마트스토어,맛이 니글거리네요ㅠㅠ,2026-05-29T22:24:06+09:00,2026-05-29,네이버 스마트스토어 구****,5,True,1,1,https://assets6.cre.ma/p/phytonutri-kr/reviews/00/00/09/76/43/image1/3140cc8455c6a05a.webp,1000000325,투데이디3 for baby,https://www.phytonutri.kr/goods/goods_view.php?goodsNo=1000000325,4.9,3634,0,0,"{'-1': ['만족도', '맛']}",[],[]
97644,44,5,smart_store,스마트스토어,아이건강을 위해 잘챙겨먹여요,2026-05-29T22:20:16+09:00,2026-05-29,네이버 스마트스토어 구****,5,True,1,1,https://assets6.cre.ma/p/phytonutri-kr/reviews/00/00/09/76/44/image1/f36673a9bd628c74.webp,1000000325,투데이디3 for baby,https://www.phytonutri.kr/goods/goods_view.php?goodsNo=1000000325,4.9,3634,0,0,{'1': ['만족도']},[],[]
97645,44,5,smart_store,스마트스토어,"지인에게 선물받아 먹인 후
이거만 사서 먹여요. 

먹이기도 편하고, 아이도 좋아해요. 

매일 “비타민 먹어야해!” 하면서 찾아요.",2026-05-29T22:04:10+09:00,2026-05-29,네이버 스마트스토어 구****,5,True,1,1,https://assets6.cre.ma/p/phytonutri-kr/reviews/00/00/09/76/45/image1/01eca6351807594c.webp,1000000325,투데이디3 for baby,https://www.phytonutri.kr/goods/goods_view.php?goodsNo=1000000325,4.9,3634,0,0,"{'1': ['만족도', '편의성']}",[],[]
97646,44,5,smart_store,스마트스토어,배송이 빨라서 너무 좋네요,2026-05-29T21:58:59+09:00,2026-05-29,네이버 스마트스토어 구****,5,True,1,1,https://assets6.cre.ma/p/phytonutri-kr/reviews/00/00/09/76/46/image1/d2fc466ee0bc0612.webp,1000000281,지니어스뉴 드롭스&톡캡스,https://www.phytonutri.kr/goods/goods_view.php?goodsNo=1000000281,4.9,14386,0,0,"{'1': ['만족도'], '2': ['배송']}",[],[]
97647,44,5,smart_store,스마트스토어,먹어보고 좋아서 재주문합니다~~,2026-05-29T21:42:58+09:00,2026-05-29,네이버 스마트스토어 구****,5,False,0,0,,1000000281,지니어스뉴 드롭스&톡캡스,https://www.phytonutri.kr/goods/goods_view.php?goodsNo=1000000281,4.9,14386,0,0,{'2': ['만족도']},[],[]
97648,44,5,smart_store,스마트스토어,아이 건강위해 구매했는데 너무 좋습니다:),2026-05-29T21:42:34+09:00,2026-05-29,네이버 스마트스토어 구****,5,False,0,0,,1000000281,지니어스뉴 드롭스&톡캡스,https://www.phytonutri.kr/goods/goods_view.php?goodsNo=1000000281,4.9,14386,0,0,{'2': ['만족도']},[],[]
97649,44,5,smart_store,스마트스토어,밥에 섞어주고 있어요. 맛이나 촉감 등등...예민한 아인데 잘 먹고 있습니다!,2026-05-29T21:30:35+09:00,2026-05-29,네이버 스마트스토어 구****,5,True,1,1,https://assets6.cre.ma/p/phytonutri-kr/reviews/00/00/09/76/49/image1/8b84cf3e596cfc9c.webp,1000000281,지니어스뉴 드롭스&톡캡스,https://www.phytonutri.kr/goods/goods_view.php?goodsNo=1000000281,4.9,14386,0,0,"{'1': ['만족도', '맛', '식감']}",[],[]
97650,44,5,smart_store,스마트스토어,냄새가 확실히 덜하고 잘먿어요 아기가,2026-05-29T21:25:20+09:00,2026-05-29,네이버 스마트스토어 구****,5,False,0,0,,1000000281,지니어스뉴 드롭스&톡캡스,https://www.phytonutri.kr/goods/goods_view.php?goodsNo=1000000281,4.9,14386,0,0,"{'1': ['만족도', '냄새']}",[],[]
97651,44,5,smart_store,스마트스토어,공복 첫끼로 먹이고있어용 좋아요💓,2026-05-29T21:04:31+09:00,2026-05-29,네이버 스마트스토어 구****,5,True,1,1,https://assets6.cre.ma/p/phytonutri-kr/reviews/00/00/09/76/51/image1/c00d1013e6355ccb.webp,1000000298,지니어스뉴 + 그로우뉴 세트,https://www.phytonutri.kr/goods/goods_view.php?goodsNo=1000000298,4.9,1413,0,0,{'1': ['만족도']},[],[]
97652,44,5,smart_store,스마트스토어,좋아요~!!!!!!,2026-05-29T20:42:19+09:00,2026-05-29,네이버 스마트스토어 구****,5,True,1,1,https://assets6.cre.ma/p/phytonutri-kr/reviews/00/00/09/76/52/image1/d91101bc85353c5e.webp,1000000325,투데이디3 for baby,https://www.phytonutri.kr/goods/goods_view.php?goodsNo=1000000325,4.9,3634,0,0,{'1': ['만족도']},[],[]
97653,44,5,smart_store,스마트스토어,먹기 간편하고 재구매할 예정입니다,2026-05-29T19:57:36+09:00,2026-05-29,네이버 스마트스토어 구****,5,False,0,0,,1000000281,지니어스뉴 드롭스&톡캡스,https://www.phytonutri.kr/goods/goods_view.php?goodsNo=1000000281,4.9,14386,0,0,"{'1': ['만족도', '편의성']}",[],[]
97654,44,5,smart_store,스마트스토어,분유에 타서 주고 있어요,2026-05-29T19:42:18+09:00,2026-05-29,네이버 스마트스토어 구****,5,True,1,1,https://assets6.cre.ma/p/phytonutri-kr/reviews/00/00/09/76/54/image1/195ad569258bda5f.webp,1000000297,"그로우뉴 아이 유기농칼슘&마그네슘 비타민D,k2,망간",https://www.phytonutri.kr/goods/goods_view.php?goodsNo=1000000297,4.9,4844,0,0,{'0': ['만족도']},[],[]
97655,44,5,smart_store,스마트스토어,아이가 좋아해서 계속먹여요 ㅎㅎ,2026-05-29T19:07:06+09:00,2026-05-29,네이버 스마트스토어 구****,5,True,1,1,https://assets6.cre.ma/p/phytonutri-kr/reviews/00/00/09/76/55/image1/b0098cafbce2001f.webp,1000000281,지니어스뉴 드롭스&톡캡스,https://www.phytonutri.kr/goods/goods_view.php?goodsNo=1000000281,4.9,14386,0,0,{'1': ['만족도']},[],[]
97656,44,5,smart_store,스마트스토어,아이가 좋아해요 꾸준히 먹이고 있답니다^^,2026-05-29T19:06:17+09:00,2026-05-29,네이버 스마트스토어 구****,5,True,1,1,https://assets6.cre.ma/p/phytonutri-kr/reviews/00/00/09/76/56/image1/382dfecced49871a.webp,1000000281,지니어스뉴 드롭스&톡캡스,https://www.phytonutri.kr/goods/goods_view.php?goodsNo=1000000281,4.9,14386,0,0,{'1': ['만족도']},[],[]
97657,44,5,smart_store,스마트스토어,대체가 불가한 오메가 제품!!,2026-05-29T18:48:11+09:00,2026-05-29,네이버 스마트스토어 구****,5,True,1,1,https://assets6.cre.ma/p/phytonutri-kr/reviews/00/00/09/76/57/image1/e4031a1f4600cb57.webp,1000000281,지니어스뉴 드롭스&톡캡스,https://www.phytonutri.kr/goods/goods_view.php?goodsNo=1000000281,4.9,14386,0,0,{'2': ['만족도']},[],[]
97658,44,5,smart_store,스마트스토어,다먹어서 재주문했어요,2026-05-29T18:02:29+09:00,2026-05-29,네이버 스마트스토어 구****,5,True,1,1,https://assets6.cre.ma/p/phytonutri-kr/reviews/00/00/09/76/58/image1/fe6af6612a2502e4.webp,1000000281,지니어스뉴 드롭스&톡캡스,https://www.phytonutri.kr/goods/goods_view.php?goodsNo=1000000281,4.9,14386,0,0,{'2': ['만족도']},[],[]
97659,44,5,smart_store,스마트스토어,아이 계속 먹이고 있는데 위생적으로 매일 먹이기 좋고 여행때 가지고다니기도 좋습니다,2026-05-29T17:40:01+09:00,2026-05-29,네이버 스마트스토어 구****,5,True,1,1,https://assets6.cre.ma/p/phytonutri-kr/reviews/00/00/09/76/59/image1/b136f591c3f41498.webp,1000000325,투데이디3 for baby,https://www.phytonutri.kr/goods/goods_view.php?goodsNo=1000000325,4.9,3634,0,0,"{'1': ['만족도', '편의성']}",[],[]
97660,44,5,smart_store,스마트스토어,좋아요좋아요좋아요좋아요,2026-05-29T17:29:18+09:00,2026-05-29,네이버 스마트스토어 구****,5,True,1,1,https://assets6.cre.ma/p/phytonutri-kr/reviews/00/00/09/76/60/image1/83f08fbb8a4eace8.webp,1000000281,지니어스뉴 드롭스&톡캡스,https://www.phytonutri.kr/goods/goods_view.php?goodsNo=1000000281,4.9,14386,0,0,{'1': ['만족도']},[],[]
97661,44,5,smart_store,스마트스토어,우리아이가 우유를 안마셔서 대용으로 늘 챙겨주는중입니다 아이도 맛있는지 잘먹어요 구냥 가루만 먹여도 잘 먹어요,2026-05-29T17:08:14+09:00,2026-05-29,네이버 스마트스토어 구****,5,False,0,0,,1000000297,"그로우뉴 아이 유기농칼슘&마그네슘 비타민D,k2,망간",https://www.phytonutri.kr/goods/goods_view.php?goodsNo=1000000297,4.9,4844,0,0,"{'1': ['만족도', '맛']}",[],[]
97662,44,5,smart_store,스마트스토어,액상형태라서 먹이기좋습니다,2026-05-29T17:07:26+09:00,2026-05-29,네이버 스마트스토어 구****,5,False,0,0,,1000000281,지니어스뉴 드롭스&톡캡스,https://www.phytonutri.kr/goods/goods_view.php?goodsNo=1000000281,4.9,14386,0,0,"{'1': ['만족도', '편의성']}",[],[]
97663,44,5,smart_store,스마트스토어,역시나 유명한건 이유가 있습니다. 만족합니다.,2026-05-29T16:57:44+09:00,2026-05-29,네이버 스마트스토어 구****,5,False,0,0,,1000000281,지니어스뉴 드롭스&톡캡스,https://www.phytonutri.kr/goods/goods_view.php?goodsNo=1000000281,4.9,14386,0,0,{'1': ['만족도']},[],[]
97664,45,5,smart_store,스마트스토어,"아이들 6개월 때부터 오메가는 꼭 필요한 영양제품 이라 생각해서 꾸준히 먹이고 있습니다 
지금은 19개월이 됐네요ㅎㅎ예전에 이유식에 섞어줬는데 요즘에는 그냥 수저에 줘도 잘먹네요^^",2026-05-29T16:45:30+09:00,2026-05-29,네이버 스마트스토어 구****,5,True,1,1,https://assets6.cre.ma/p/phytonutri-kr/reviews/00/00/09/76/64/image1/2f4b402912647159.webp,1000000281,지니어스뉴 드롭스&톡캡스,https://www.phytonutri.kr/goods/goods_view.php?goodsNo=1000000281,4.9,14386,0,0,"{'1': ['만족도', '성분']}",[],[]
97665,45,5,smart_store,스마트스토어,꾸준히 먹이고 있어요^^,2026-05-29T16:35:22+09:00,2026-05-29,네이버 스마트스토어 구****,5,False,0,0,,1000000281,지니어스뉴 드롭스&톡캡스,https://www.phytonutri.kr/goods/goods_view.php?goodsNo=1000000281,4.9,14386,0,0,{'1': ['만족도']},[],[]
97666,45,4,smart_store,스마트스토어,"다른 오메가3  먹이다가 갈아타봤어요
괜찮으면 이거로 계속 먹이려구요",2026-05-29T16:23:14+09:00,2026-05-29,네이버 스마트스토어 구****,5,True,1,1,https://assets6.cre.ma/p/phytonutri-kr/reviews/00/00/09/76/66/image1/6ff74b206df486f9.webp,1000000281,지니어스뉴 드롭스&톡캡스,https://www.phytonutri.kr/goods/goods_view.php?goodsNo=1000000281,4.9,14386,0,0,{'0': ['만족도']},[],[]
97667,45,4,smart_store,스마트스토어,아직 먹여보지 못했는데 먹여보고 한달후기 작성하려구요,2026-05-29T16:22:38+09:00,2026-05-29,네이버 스마트스토어 구****,5,True,1,1,https://assets6.cre.ma/p/phytonutri-kr/reviews/00/00/09/76/67/image1/3d27444c7bbb086a.webp,1000000297,"그로우뉴 아이 유기농칼슘&마그네슘 비타민D,k2,망간",https://www.phytonutri.kr/goods/goods_view.php?goodsNo=1000000297,4.9,4844,0,0,{'0': ['만족도']},[],[]
97668,45,5,smart_store,스마트스토어,물에 조금 섞어서주고있어요. 잘먹어요,2026-05-29T14:34:36+09:00,2026-05-29,네이버 스마트스토어 구****,5,True,1,1,https://assets6.cre.ma/p/phytonutri-kr/reviews/00/00/09/76/68/image1/0eaeca3a7ac28d87.webp,1000000297,"그로우뉴 아이 유기농칼슘&마그네슘 비타민D,k2,망간",https://www.phytonutri.kr/goods/goods_view.php?goodsNo=1000000297,4.9,4844,0,0,{'1': ['만족도']},[],[]
97669,45,5,smart_store,스마트스토어,늘먹는거 좋음 아기핰테,2026-05-29T13:28:19+09:00,2026-05-29,네이버 스마트스토어 구****,5,True,1,1,https://assets6.cre.ma/p/phytonutri-kr/reviews/00/00/09/76/69/image1/fee7e86e383fa563.webp,1000000281,지니어스뉴 드롭스&톡캡스,https://www.phytonutri.kr/goods/goods_view.php?goodsNo=1000000281,4.9,14386,0,0,{'1': ['만족도']},[],[]
97670,45,5,smart_store,스마트스토어,머리좋아진대서 사봤어요 아기는 우유에 타줚더니 잘먹어요,2026-05-29T13:22:06+09:00,2026-05-29,네이버 스마트스토어 구****,5,True,1,1,https://assets6.cre.ma/p/phytonutri-kr/reviews/00/00/09/76/70/image1/de41ce630eefc8b6.webp,1000000281,지니어스뉴 드롭스&톡캡스,https://www.phytonutri.kr/goods/goods_view.php?goodsNo=1000000281,4.9,14386,0,0,{'1': ['만족도']},[],[]
97671,45,5,smart_store,스마트스토어,아기가 안먹어요 아쉽,2026-05-29T13:21:50+09:00,2026-05-29,네이버 스마트스토어 구****,5,True,1,1,https://assets6.cre.ma/p/phytonutri-kr/reviews/00/00/09/76/71/image1/0661375c92faaf34.webp,1000000281,지니어스뉴 드롭스&톡캡스,https://www.phytonutri.kr/goods/goods_view.php?goodsNo=1000000281,4.9,14386,0,0,{'-1': ['만족도']},[],[]
97672,45,5,smart_store,스마트스토어,아이가 잘먹어요~~!,2026-05-29T13:14:57+09:00,2026-05-29,네이버 스마트스토어 구****,5,False,0,0,,1000000281,지니어스뉴 드롭스&톡캡스,https://www.phytonutri.kr/goods/goods_view.php?goodsNo=1000000281,4.9,14386,0,0,{'1': ['만족도']},[],[]
97673,45,5,smart_store,스마트스토어,꾸준히 먹이고 있습니다~👍👍,2026-05-29T13:12:49+09:00,2026-05-29,네이버 스마트스토어 구****,5,True,1,1,https://assets6.cre.ma/p/phytonutri-kr/reviews/00/00/09/76/73/image1/b211aa45b9e94ee5.webp,1000000281,지니어스뉴 드롭스&톡캡스,https://www.phytonutri.kr/goods/goods_view.php?goodsNo=1000000281,4.9,14386,0,0,{'1': ['만족도']},[],[]
97674,45,5,smart_store,스마트스토어,지난번에 이어 또 주문했네요,2026-05-29T13:03:11+09:00,2026-05-29,네이버 스마트스토어 구****,5,True,1,1,https://assets6.cre.ma/p/phytonutri-kr/reviews/00/00/09/76/74/image1/f0ecda617bd9e738.webp,1000000281,지니어스뉴 드롭스&톡캡스,https://www.phytonutri.kr/goods/goods_view.php?goodsNo=1000000281,4.9,14386,0,0,{'2': ['만족도']},[],[]
97675,45,5,smart_store,스마트스토어,잘 먹이고 있습니다~‘ ㅎ,2026-05-29T12:52:52+09:00,2026-05-29,네이버 스마트스토어 구****,5,True,1,1,https://assets6.cre.ma/p/phytonutri-kr/reviews/00/00/09/76/75/image1/16d062a0479f1e05.webp,1000000281,지니어스뉴 드롭스&톡캡스,https://www.phytonutri.kr/goods/goods_view.php?goodsNo=1000000281,4.9,14386,0,0,{'1': ['만족도']},[],[]
97676,45,3,smart_store,스마트스토어,잘 안 먿네녀ㅜㅜㅜ,2026-05-29T12:44:28+09:00,2026-05-29,네이버 스마트스토어 구****,5,True,1,1,https://assets6.cre.ma/p/phytonutri-kr/reviews/00/00/09/76/76/image1/a48d4f85e6a26ab7.webp,1000000342,이트뮨 아이 배도라지즙&엘더베리사과주스,https://www.phytonutri.kr/goods/goods_view.php?goodsNo=1000000342,4.9,609,0,0,"{'-1': ['만족도', '맛']}",[],[]
97677,45,2,smart_store,스마트스토어,"신생아부터 사용중인데
이번에 받은 제품은 색깔도 다르고 제형도 다를뿐더러 맛을 보니 더 기름맛이 강하게 납니다
제품 성분이 바뀐건가요?
아니면 제품 포장하는 실리콘이 바뀐건가요?",2026-05-29T12:23:59+09:00,2026-05-29,네이버 스마트스토어 구****,5,True,1,1,https://assets6.cre.ma/p/phytonutri-kr/reviews/00/00/09/76/77/image1/624453b2789c7ffc.webp,1000000325,투데이디3 for baby,https://www.phytonutri.kr/goods/goods_view.php?goodsNo=1000000325,4.9,3634,0,0,"{'-1': ['만족도', '품질', '제품상태', '맛']}",[],[]
97678,45,5,smart_store,스마트스토어,아이가 애기때부터 지금까지 항상 잘 먹고 있습니다,2026-05-29T11:29:58+09:00,2026-05-29,네이버 스마트스토어 구****,5,False,0,0,,1000000281,지니어스뉴 드롭스&톡캡스,https://www.phytonutri.kr/goods/goods_view.php?goodsNo=1000000281,4.9,14386,0,0,{'1': ['만족도']},[],[]
97679,45,4,smart_store,스마트스토어,"스포이드보다 드롭이 용량 맞추기 더 나을것같아 걍 드롭으로 먹임
잘 먹긴 하나 뭐든 잘먹는 아기라서..
뭔가 비린내는 아닌데 뭔가뭔가 냄새?가 나긴함",2026-05-29T11:22:46+09:00,2026-05-29,네이버 스마트스토어 구****,5,True,1,1,https://assets6.cre.ma/p/phytonutri-kr/reviews/00/00/09/76/79/image1/a9429c78c90c3612.webp,1000000281,지니어스뉴 드롭스&톡캡스,https://www.phytonutri.kr/goods/goods_view.php?goodsNo=1000000281,4.9,14386,0,0,"{'0': ['만족도'], '-1': ['냄새']}",[],[]
97680,45,5,smart_store,스마트스토어,"아기가 거부감 없이 잘 먹어서 꾸준히 먹이고 있어요 :)
패키지도 깔끔하고 보관하기 편해서 매일 챙겨주기 좋더라구요.
무엇보다 과하게 자극적인 느낌 없이 믿음 가는 브랜드라 마음 편하게 먹이고 있어요 🤍",2026-05-29T11:19:58+09:00,2026-05-29,네이버 스마트스토어 구****,5,True,1,1,https://assets6.cre.ma/p/phytonutri-kr/reviews/00/00/09/76/80/image1/9c8692253207843e.webp,1000000298,지니어스뉴 + 그로우뉴 세트,https://www.phytonutri.kr/goods/goods_view.php?goodsNo=1000000298,4.9,1413,0,0,"{'1': ['만족도', '포장', '맛', '편의성']}",[],[]
97543,45,5,smart_store,스마트스토어,한달동안 꾸준히먹어서 좋은것같아요,2026-05-29T10:17:03+09:00,2026-05-29,네이버 스마트스토어 구****,5,True,1,1,https://assets6.cre.ma/p/phytonutri-kr/reviews/00/00/09/75/43/image1/27e58f89402c27a0.webp,1000000398,KD 파마 듀얼 초임계 rTG 오메가3,https://www.phytonutri.kr/goods/goods_view.php?goodsNo=1000000398,4.9,121,0,0,{'1': ['만족도']},[],[]
97544,45,5,smart_store,스마트스토어,항상 먹는 제품입니다.,2026-05-29T09:56:43+09:00,2026-05-29,네이버 스마트스토어 구****,5,True,1,1,https://assets6.cre.ma/p/phytonutri-kr/reviews/00/00/09/75/44/image1/a95774db7e6dd01a.webp,1000000403,뉴스데일리베스트 X 파이토뉴트리 맨드로포즈+,https://www.phytonutri.kr/goods/goods_view.php?goodsNo=1000000403,4.7,193,0,0,{'2': ['만족도']},[],[]
97545,45,5,smart_store,스마트스토어,오메가 쓰리만 구매 하다가 처음 지니어스도 구매해 봐요. 처음 먹여 보지만 효○좋길 기대하겠습니다. 하겠습,2026-05-29T09:56:23+09:00,2026-05-29,네이버 스마트스토어 구****,5,False,0,0,,1000000281,지니어스뉴 드롭스&톡캡스,https://www.phytonutri.kr/goods/goods_view.php?goodsNo=1000000281,4.9,14386,0,0,{'0': ['만족도']},[],[]
97546,46,5,smart_store,스마트스토어,오메가 쓰리만 주문 하다가 지니어스도 구매해 봐요. 처음 먹여 보지만 효○ 기대하겠습니다.,2026-05-29T09:56:03+09:00,2026-05-29,네이버 스마트스토어 구****,5,False,0,0,,1000000325,투데이디3 for baby,https://www.phytonutri.kr/goods/goods_view.php?goodsNo=1000000325,4.9,3634,0,0,{'0': ['만족도']},[],[]
97547,46,5,smart_store,스마트스토어,남편이 먹는 제품이라 저렴하게 구매했어요,2026-05-29T09:55:39+09:00,2026-05-29,네이버 스마트스토어 구****,5,True,1,1,https://assets6.cre.ma/p/phytonutri-kr/reviews/00/00/09/75/47/image1/60acf53a6c972b64.webp,1000000403,뉴스데일리베스트 X 파이토뉴트리 맨드로포즈+,https://www.phytonutri.kr/goods/goods_view.php?goodsNo=1000000403,4.7,193,0,0,"{'0': ['만족도'], '1': ['가격']}",[],[]
97548,46,5,smart_store,스마트스토어,"우유에 타서 매일 같이 먹 어요 ㅎ 
몇달에 복용중입니다 ㅎ",2026-05-29T09:27:44+09:00,2026-05-29,네이버 스마트스토어 구****,5,False,0,0,,1000000297,"그로우뉴 아이 유기농칼슘&마그네슘 비타민D,k2,망간",https://www.phytonutri.kr/goods/goods_view.php?goodsNo=1000000297,4.9,4844,0,0,{'1': ['만족도']},[],[]
97549,46,5,smart_store,스마트스토어,키 작은 아이들 조금이라도 키 성장에 도움이 됐으면해서 구매했어요,2026-05-29T08:04:31+09:00,2026-05-29,네이버 스마트스토어 구****,5,True,1,1,https://assets6.cre.ma/p/phytonutri-kr/reviews/00/00/09/75/49/image1/57b9e7ddfa52d1b8.webp,1000000297,"그로우뉴 아이 유기농칼슘&마그네슘 비타민D,k2,망간",https://www.phytonutri.kr/goods/goods_view.php?goodsNo=1000000297,4.9,4844,0,0,{'0': ['만족도']},[],[]
97550,46,5,smart_store,스마트스토어,아기가 잘 먹어요 굿,2026-05-29T08:00:09+09:00,2026-05-29,네이버 스마트스토어 구****,5,True,1,1,https://assets6.cre.ma/p/phytonutri-kr/reviews/00/00/09/75/50/image1/48733765aced8ceb.webp,1000000325,투데이디3 for baby,https://www.phytonutri.kr/goods/goods_view.php?goodsNo=1000000325,4.9,3634,0,0,{'1': ['만족도']},[],[]
97551,46,5,smart_store,스마트스토어,숙취가 훨씬 덜합니다. 지금까지 복용해 본 간 영양제로는 최고인 것 같습니다.,2026-05-29T07:41:05+09:00,2026-05-29,네이버 스마트스토어 구****,5,True,1,1,https://assets6.cre.ma/p/phytonutri-kr/reviews/00/00/09/75/51/image1/b1387d1f58c64a19.webp,1000000343,리버티엑스,https://www.phytonutri.kr/goods/goods_view.php?goodsNo=1000000343,4.7,268,0,0,"{'2': ['만족도', '효과']}",[],[]
97552,46,5,smart_store,스마트스토어,항상 구매하는거에요,2026-05-29T01:41:43+09:00,2026-05-29,네이버 스마트스토어 구****,5,False,0,0,,1000000375,데이프로바 + 투데이디3 세트,https://www.phytonutri.kr/goods/goods_view.php?goodsNo=1000000375,4.9,139,0,0,{'2': ['만족도']},[],[]
97553,46,5,smart_store,스마트스토어,매번 구매하는거에요!,2026-05-29T01:41:29+09:00,2026-05-29,네이버 스마트스토어 구****,5,False,0,0,,1000000375,데이프로바 + 투데이디3 세트,https://www.phytonutri.kr/goods/goods_view.php?goodsNo=1000000375,4.9,139,0,0,{'2': ['만족도']},[],[]
97554,46,5,smart_store,스마트스토어,아기 이거 먹이고 황금변 싸는 중이에요! 근데 분유 찌꺼기랑 되직한 똥도 같이 눠서 지캬보려구요,2026-05-28T23:36:23+09:00,2026-05-28,네이버 스마트스토어 구****,5,True,1,1,https://assets6.cre.ma/p/phytonutri-kr/reviews/00/00/09/75/54/image1/619a83dca35e29f5.webp,1000000375,데이프로바 + 투데이디3 세트,https://www.phytonutri.kr/goods/goods_view.php?goodsNo=1000000375,4.9,139,0,0,"{'1': ['만족도', '효과'], '0': ['품질']}",[],[]
97555,46,5,smart_store,스마트스토어,아이가 거부감 없이 잘먹네요~,2026-05-28T23:09:22+09:00,2026-05-28,네이버 스마트스토어 구****,5,True,1,1,https://assets6.cre.ma/p/phytonutri-kr/reviews/00/00/09/75/55/image1/a486501bcfaf7a5d.webp,1000000281,지니어스뉴 드롭스&톡캡스,https://www.phytonutri.kr/goods/goods_view.php?goodsNo=1000000281,4.9,14386,0,0,"{'1': ['만족도', '맛']}",[],[]
97556,46,5,smart_store,스마트스토어,꾸준히 먹이고 있는데ㅜㅜ 아직 잘모르겠어요ㅜㅜ,2026-05-28T22:03:48+09:00,2026-05-28,네이버 스마트스토어 구****,5,True,1,1,https://assets6.cre.ma/p/phytonutri-kr/reviews/00/00/09/75/56/image1/556a7bf9da7dc150.webp,1000000281,지니어스뉴 드롭스&톡캡스,https://www.phytonutri.kr/goods/goods_view.php?goodsNo=1000000281,4.9,14386,0,0,{'0': ['만족도']},[],[]
97557,46,5,smart_store,스마트스토어,너무 잘 먹고있어요,2026-05-28T21:39:25+09:00,2026-05-28,네이버 스마트스토어 구****,5,True,1,1,https://assets6.cre.ma/p/phytonutri-kr/reviews/00/00/09/75/57/image1/ef73208861c64fd3.webp,1000000325,투데이디3 for baby,https://www.phytonutri.kr/goods/goods_view.php?goodsNo=1000000325,4.9,3634,0,0,{'2': ['만족도']},[],[]
97558,46,5,smart_store,스마트스토어,항상 잘먹이고 있어요,2026-05-28T21:38:13+09:00,2026-05-28,네이버 스마트스토어 구****,5,True,1,1,https://assets6.cre.ma/p/phytonutri-kr/reviews/00/00/09/75/58/image1/b8517d2cd2c61ede.webp,1000000325,투데이디3 for baby,https://www.phytonutri.kr/goods/goods_view.php?goodsNo=1000000325,4.9,3634,0,0,{'1': ['만족도']},[],[]
97559,46,5,smart_store,스마트스토어,산패 걱정 없어서 최고구요! 이유식 먹기 전/후로 숟가락에 짜서 주면 잘 먹어요ㅋㅋ 아가 비타민디는 이걸로 정착하려구요~,2026-05-28T21:30:10+09:00,2026-05-28,네이버 스마트스토어 구****,5,True,1,1,https://assets6.cre.ma/p/phytonutri-kr/reviews/00/00/09/75/59/image1/9d89415722f5cade.webp,1000000325,투데이디3 for baby,https://www.phytonutri.kr/goods/goods_view.php?goodsNo=1000000325,4.9,3634,0,0,"{'1': ['만족도'], '2': ['제품상태'], '0': ['성분']}",[],[]
97560,46,5,smart_store,스마트스토어,배송도 빠르고 항상 아이 챙겨주는 영양제인데 효○도 좋은듯 해서 계속 챙기고 있어요,2026-05-28T20:50:44+09:00,2026-05-28,네이버 스마트스토어 구****,5,True,1,1,https://assets6.cre.ma/p/phytonutri-kr/reviews/00/00/09/75/60/image1/f0b884e8588d7b15.webp,1000000325,투데이디3 for baby,https://www.phytonutri.kr/goods/goods_view.php?goodsNo=1000000325,4.9,3634,0,0,"{'1': ['만족도', '배송', '효과']}",[],[]
97561,46,5,smart_store,스마트스토어,꾸준히 구매하고 있습니다 떨어질때마다 구매해요~,2026-05-28T20:49:29+09:00,2026-05-28,네이버 스마트스토어 구****,5,False,0,0,,1000000342,이트뮨 아이 배도라지즙&엘더베리사과주스,https://www.phytonutri.kr/goods/goods_view.php?goodsNo=1000000342,4.9,609,0,0,{'2': ['만족도']},[],[]
97562,46,5,smart_store,스마트스토어,항상먹는제품입니다.,2026-05-28T20:29:08+09:00,2026-05-28,네이버 스마트스토어 구****,5,True,1,1,https://assets6.cre.ma/p/phytonutri-kr/reviews/00/00/09/75/62/image1/240c0df825395c3f.webp,1000000281,지니어스뉴 드롭스&톡캡스,https://www.phytonutri.kr/goods/goods_view.php?goodsNo=1000000281,4.9,14386,0,0,{'2': ['만족도']},[],[]
97563,46,5,smart_store,스마트스토어,정기적으로 아이한테 먹이고 있어요,2026-05-28T20:28:44+09:00,2026-05-28,네이버 스마트스토어 구****,5,False,0,0,,1000000297,"그로우뉴 아이 유기농칼슘&마그네슘 비타민D,k2,망간",https://www.phytonutri.kr/goods/goods_view.php?goodsNo=1000000297,4.9,4844,0,0,{'1': ['만족도']},[],[]
97564,46,5,smart_store,스마트스토어,"밥에 뿌려주면 아이들이 잘 먹어요 
1년 넘게 먹었는데 안하던 말도 하고
점점 똑똑해지는 것 같아요",2026-05-28T20:08:12+09:00,2026-05-28,네이버 스마트스토어 구****,5,True,1,1,https://assets6.cre.ma/p/phytonutri-kr/reviews/00/00/09/75/64/image1/fe971ff5faf46218.webp,1000000281,지니어스뉴 드롭스&톡캡스,https://www.phytonutri.kr/goods/goods_view.php?goodsNo=1000000281,4.9,14386,0,0,"{'2': ['만족도'], '1': ['효과']}",[],[]
97565,46,5,smart_store,스마트스토어,이유식에 섞어서 잘 먹이고 있어요. 아기도 잘 먹어서 떨어지기 전에 더 구입할 예정이에요,2026-05-28T19:50:14+09:00,2026-05-28,네이버 스마트스토어 구****,5,False,0,0,,1000000297,"그로우뉴 아이 유기농칼슘&마그네슘 비타민D,k2,망간",https://www.phytonutri.kr/goods/goods_view.php?goodsNo=1000000297,4.9,4844,0,0,{'2': ['만족도']},[],[]
97566,47,5,smart_store,스마트스토어,아기가 잘 먹고 있어요. 떨어지면 또 구입해서 먹일거에요,2026-05-28T19:49:39+09:00,2026-05-28,네이버 스마트스토어 구****,5,False,0,0,,1000000281,지니어스뉴 드롭스&톡캡스,https://www.phytonutri.kr/goods/goods_view.php?goodsNo=1000000281,4.9,14386,0,0,{'1': ['만족도']},[],[]
97567,47,3,smart_store,스마트스토어,여러번구매했는데 앞으로도 쭉 먹일꺼같아요,2026-05-28T18:40:28+09:00,2026-05-28,네이버 스마트스토어 구****,5,False,0,0,,1000000281,지니어스뉴 드롭스&톡캡스,https://www.phytonutri.kr/goods/goods_view.php?goodsNo=1000000281,4.9,14386,0,0,{'2': ['만족도']},[],[]
97568,47,3,smart_store,스마트스토어,두번째 구매입니다  ㅎㅎ 근데 아이가 먹기 별로안좋아하긴한데 그래도 음식에 넣어 먹이긴한데  건강생각햐서먹입니다,2026-05-28T18:40:13+09:00,2026-05-28,네이버 스마트스토어 구****,5,False,0,0,,1000000297,"그로우뉴 아이 유기농칼슘&마그네슘 비타민D,k2,망간",https://www.phytonutri.kr/goods/goods_view.php?goodsNo=1000000297,4.9,4844,0,0,"{'1': ['만족도'], '-1': ['맛']}",[],[]
97569,47,5,smart_store,스마트스토어,24개월아기 언어지연되는거같아 지금이라도 주문해봅니다 효○가잇길 ㅜ,2026-05-28T18:19:38+09:00,2026-05-28,네이버 스마트스토어 구****,5,True,1,1,https://assets6.cre.ma/p/phytonutri-kr/reviews/00/00/09/75/69/image1/83fb03c0685f8ee8.webp,1000000281,지니어스뉴 드롭스&톡캡스,https://www.phytonutri.kr/goods/goods_view.php?goodsNo=1000000281,4.9,14386,0,0,{'0': ['만족도']},[],[]
97570,47,5,smart_store,스마트스토어,"먹이기
편리해서 좋아요",2026-05-28T17:52:32+09:00,2026-05-28,네이버 스마트스토어 구****,5,True,1,1,https://assets6.cre.ma/p/phytonutri-kr/reviews/00/00/09/75/70/image1/0f663ad2061cc425.webp,1000000325,투데이디3 for baby,https://www.phytonutri.kr/goods/goods_view.php?goodsNo=1000000325,4.9,3634,0,0,"{'1': ['만족도', '편의성']}",[],[]
97571,47,5,smart_store,스마트스토어,"오메가3 아기가 생각보다 잘 먹어주네요
캡슐이라서 하나씩 산패 걱정없어서 좋아요",2026-05-28T17:16:56+09:00,2026-05-28,네이버 스마트스토어 구****,5,True,1,1,https://assets6.cre.ma/p/phytonutri-kr/reviews/00/00/09/75/71/image1/fe6acbef28cbcdbd.webp,1000000281,지니어스뉴 드롭스&톡캡스,https://www.phytonutri.kr/goods/goods_view.php?goodsNo=1000000281,4.9,14386,0,0,"{'1': ['만족도', '포장']}",[],[]
97572,47,5,smart_store,스마트스토어,"먹이기 살짝 불편한 게
비린맛이라 그런지 애기가 다 뱉어내요
그리고 먹이는 사람 손에도 가 묻어요
그거 빼곤 다 만족해요!",2026-05-28T17:15:26+09:00,2026-05-28,네이버 스마트스토어 구****,5,True,1,1,https://assets6.cre.ma/p/phytonutri-kr/reviews/00/00/09/75/72/image1/29c7db75e41b332c.webp,1000000325,투데이디3 for baby,https://www.phytonutri.kr/goods/goods_view.php?goodsNo=1000000325,4.9,3634,0,0,"{'1': ['만족도'], '-1': ['맛', '편의성']}",[],[]
97573,47,5,smart_store,스마트스토어,유명해서 주문했어요 들기름향이 나네요ㅋㅋ,2026-05-28T17:07:36+09:00,2026-05-28,네이버 스마트스토어 구****,5,True,1,1,https://assets6.cre.ma/p/phytonutri-kr/reviews/00/00/09/75/73/image1/71fbfd168e6bf880.webp,1000000298,지니어스뉴 + 그로우뉴 세트,https://www.phytonutri.kr/goods/goods_view.php?goodsNo=1000000298,4.9,1413,0,0,"{'0': ['만족도', '냄새']}",[],[]
97574,47,5,smart_store,스마트스토어,아기 성장에 도움되길.바래봅니다,2026-05-28T16:59:53+09:00,2026-05-28,네이버 스마트스토어 구****,5,False,0,0,,1000000281,지니어스뉴 드롭스&톡캡스,https://www.phytonutri.kr/goods/goods_view.php?goodsNo=1000000281,4.9,14386,0,0,{'0': ['만족도']},[],[]
97575,47,5,smart_store,스마트스토어,이 제품 보다 좋은게 없어요,2026-05-28T16:54:19+09:00,2026-05-28,네이버 스마트스토어 구****,5,True,1,1,https://assets6.cre.ma/p/phytonutri-kr/reviews/00/00/09/75/75/image1/84331fd0ac1bfc26.webp,1000000281,지니어스뉴 드롭스&톡캡스,https://www.phytonutri.kr/goods/goods_view.php?goodsNo=1000000281,4.9,14386,0,0,{'2': ['만족도']},[],[]
97576,47,5,smart_store,스마트스토어,이 제품 보다 좋은게 없어요,2026-05-28T16:54:05+09:00,2026-05-28,네이버 스마트스토어 구****,5,True,1,1,https://assets6.cre.ma/p/phytonutri-kr/reviews/00/00/09/75/76/image1/851a210737bac541.webp,1000000281,지니어스뉴 드롭스&톡캡스,https://www.phytonutri.kr/goods/goods_view.php?goodsNo=1000000281,4.9,14386,0,0,{'2': ['만족도']},[],[]
97577,47,5,smart_store,스마트스토어,이 제품 보다 좋은게 없어요,2026-05-28T16:53:50+09:00,2026-05-28,네이버 스마트스토어 구****,5,True,1,1,https://assets6.cre.ma/p/phytonutri-kr/reviews/00/00/09/75/77/image1/4a8623583c6ef972.webp,1000000281,지니어스뉴 드롭스&톡캡스,https://www.phytonutri.kr/goods/goods_view.php?goodsNo=1000000281,4.9,14386,0,0,{'2': ['만족도']},[],[]
97578,47,5,smart_store,스마트스토어,이 제품 보다 좋은게 없어요,2026-05-28T16:53:30+09:00,2026-05-28,네이버 스마트스토어 구****,5,True,1,1,https://assets6.cre.ma/p/phytonutri-kr/reviews/00/00/09/75/78/image1/28e531ca12329bd6.webp,1000000281,지니어스뉴 드롭스&톡캡스,https://www.phytonutri.kr/goods/goods_view.php?goodsNo=1000000281,4.9,14386,0,0,{'2': ['만족도']},[],[]
97579,47,5,smart_store,스마트스토어,아이한테 꾸준히 먹이고 있어요 아주좋아요,2026-05-28T16:45:03+09:00,2026-05-28,네이버 스마트스토어 구****,5,False,0,0,,1000000281,지니어스뉴 드롭스&톡캡스,https://www.phytonutri.kr/goods/goods_view.php?goodsNo=1000000281,4.9,14386,0,0,{'2': ['만족도']},[],[]
97580,47,5,smart_store,스마트스토어,"계속 쭉 먹이고 있어요
아이두 너무 잘받아먹습니다!
다 좋은데 가격만 좀 슬프네요.. ㅎ",2026-05-28T16:07:05+09:00,2026-05-28,네이버 스마트스토어 구****,5,True,1,1,https://assets6.cre.ma/p/phytonutri-kr/reviews/00/00/09/75/80/image1/b44f77c35c54b4e7.webp,1000000325,투데이디3 for baby,https://www.phytonutri.kr/goods/goods_view.php?goodsNo=1000000325,4.9,3634,0,0,"{'1': ['만족도'], '-1': ['가격']}",[],[]
97581,47,3,smart_store,스마트스토어,아기가 먹으면 헛구역질을해서 매일 못먹이고 아이컨디션에따라 눈치봐가며 먹여요 워낙 아무거나 잘먹는 아이인데 하도 그래서 저도 먹어봤는데 느끼 텁텁해요 원래 몸에 좋은건 입이 쓴걸까요 고민입니다 오일은 나을지 밤타입 영 아니네여,2026-05-28T16:06:15+09:00,2026-05-28,네이버 스마트스토어 구****,5,True,1,1,https://assets6.cre.ma/p/phytonutri-kr/reviews/00/00/09/75/81/image1/64f0a28cbb88a241.webp,1000000325,투데이디3 for baby,https://www.phytonutri.kr/goods/goods_view.php?goodsNo=1000000325,4.9,3634,0,0,"{'-1': ['만족도', '맛']}",[],[]
97582,47,5,smart_store,스마트스토어,첨 먹이는건데 분유에 타주니 간편하고 잘먹어요,2026-05-28T15:26:53+09:00,2026-05-28,네이버 스마트스토어 구****,5,False,0,0,,1000000281,지니어스뉴 드롭스&톡캡스,https://www.phytonutri.kr/goods/goods_view.php?goodsNo=1000000281,4.9,14386,0,0,"{'1': ['만족도', '편의성']}",[],[]
97583,47,5,smart_store,스마트스토어,아기가 섭취할때 거부감이 없어서 꾸준히 먹이고 있어요. 근데 배송포장상태가 너무 테이핑을 하다보니 뜯는데 너무 힘드네요 젤아이스팩도 별로구요.,2026-05-28T14:58:48+09:00,2026-05-28,네이버 스마트스토어 구****,5,False,0,0,,1000000281,지니어스뉴 드롭스&톡캡스,https://www.phytonutri.kr/goods/goods_view.php?goodsNo=1000000281,4.9,14386,0,0,"{'0': ['만족도'], '-1': ['포장', '편의성']}",[],[]
97584,47,5,smart_store,스마트스토어,이유식 시작하고 계속 먹이고있어요~,2026-05-28T14:30:47+09:00,2026-05-28,네이버 스마트스토어 구****,5,True,1,1,https://assets6.cre.ma/p/phytonutri-kr/reviews/00/00/09/75/84/image1/4ebd1d3c2893b70f.webp,1000000281,지니어스뉴 드롭스&톡캡스,https://www.phytonutri.kr/goods/goods_view.php?goodsNo=1000000281,4.9,14386,0,0,{'1': ['만족도']},[],[]
97585,47,5,smart_store,스마트스토어,이유식 시작하구 계속 먹이는중입니다!,2026-05-28T14:30:06+09:00,2026-05-28,네이버 스마트스토어 구****,5,True,1,1,https://assets6.cre.ma/p/phytonutri-kr/reviews/00/00/09/75/85/image1/bd272c7398f609a7.webp,1000000281,지니어스뉴 드롭스&톡캡스,https://www.phytonutri.kr/goods/goods_view.php?goodsNo=1000000281,4.9,14386,0,0,{'1': ['만족도']},[],[]
97586,48,5,smart_store,스마트스토어,두뇌를 위해 수십번 구매중..,2026-05-28T14:08:38+09:00,2026-05-28,네이버 스마트스토어 구****,5,True,1,1,https://assets6.cre.ma/p/phytonutri-kr/reviews/00/00/09/75/86/image1/d4a3ecce1d2cd55f.webp,1000000281,지니어스뉴 드롭스&톡캡스,https://www.phytonutri.kr/goods/goods_view.php?goodsNo=1000000281,4.9,14386,0,0,{'2': ['만족도']},[],[]
97587,48,5,smart_store,스마트스토어,복용 후 추가 주문 했어요,2026-05-28T14:00:25+09:00,2026-05-28,네이버 스마트스토어 구****,5,True,1,1,https://assets6.cre.ma/p/phytonutri-kr/reviews/00/00/09/75/87/image1/bee38c66c8952d30.webp,1000000281,지니어스뉴 드롭스&톡캡스,https://www.phytonutri.kr/goods/goods_view.php?goodsNo=1000000281,4.9,14386,0,0,{'2': ['만족도']},[],[]
97588,48,5,smart_store,스마트스토어,추천받아 구매했어요,2026-05-28T13:39:31+09:00,2026-05-28,네이버 스마트스토어 구****,5,True,1,1,https://assets6.cre.ma/p/phytonutri-kr/reviews/00/00/09/75/88/image1/55495c0be1d6198d.webp,1000000325,투데이디3 for baby,https://www.phytonutri.kr/goods/goods_view.php?goodsNo=1000000325,4.9,3634,0,0,{'0': ['만족도']},[],[]
97589,48,5,smart_store,스마트스토어,추천받아 구매했어요,2026-05-28T13:39:11+09:00,2026-05-28,네이버 스마트스토어 구****,5,True,1,1,https://assets6.cre.ma/p/phytonutri-kr/reviews/00/00/09/75/89/image1/ba90b46b4d29d816.webp,1000000325,투데이디3 for baby,https://www.phytonutri.kr/goods/goods_view.php?goodsNo=1000000325,4.9,3634,0,0,{'0': ['만족도']},[],[]
97590,48,4,smart_store,스마트스토어,잘 먹이고 잇어요~!,2026-05-28T13:36:20+09:00,2026-05-28,네이버 스마트스토어 구****,5,True,1,1,https://assets6.cre.ma/p/phytonutri-kr/reviews/00/00/09/75/90/image1/c159fc0bb2d1acb5.webp,1000000326,지니어스뉴 + 투데이디3 세트,https://www.phytonutri.kr/goods/goods_view.php?goodsNo=1000000326,4.8,245,0,0,{'1': ['만족도']},[],[]
97591,48,5,smart_store,스마트스토어,"저희 아기가 계속 챙겨먹은 오메가3예요~
전 스포이드가 편해서 이거로 계속 주문해서 먹고있어요! 제가 먹어봤는데 신선해서그런지 맛도 고소하해요 저는 밥에 뿌려주진 않고 아이한테 숟갈에 주면 잘먹더라구요! 성분도 믿음가고 아이도 잘먹고 해서 앞으로 쭈욱 이것만 먹일생각입니다~",2026-05-28T13:01:53+09:00,2026-05-28,네이버 스마트스토어 구****,5,True,1,1,https://assets6.cre.ma/p/phytonutri-kr/reviews/00/00/09/75/91/image1/f2ffca69a3bdfa00.webp,1000000281,지니어스뉴 드롭스&톡캡스,https://www.phytonutri.kr/goods/goods_view.php?goodsNo=1000000281,4.9,14386,0,0,"{'2': ['만족도'], '1': ['제품상태', '맛', '성분', '편의성']}",[],[]
97592,48,5,smart_store,스마트스토어,재재재구매템이에요! 벌써 한통 다 비워서 또 구매할 거에요~,2026-05-28T12:57:06+09:00,2026-05-28,네이버 스마트스토어 구****,5,True,1,1,https://assets6.cre.ma/p/phytonutri-kr/reviews/00/00/09/75/92/image1/5fce7ba1263ce03a.webp,1000000281,지니어스뉴 드롭스&톡캡스,https://www.phytonutri.kr/goods/goods_view.php?goodsNo=1000000281,4.9,14386,0,0,{'2': ['만족도']},[],[]
97593,48,5,smart_store,스마트스토어,재재재구매템이에요! 생선을 잘 안 먹는 아기여서 걱정이 많았는데 이 오메가3는 비리지도 않아서 우유에 타서 주면 넘 잘 받아먹네요ㅋㅋㅋ 입맛 까다로운 우리 아기가 잘 먹을 정도니까 넘 추천합니다,2026-05-28T12:56:26+09:00,2026-05-28,네이버 스마트스토어 구****,5,True,1,1,https://assets6.cre.ma/p/phytonutri-kr/reviews/00/00/09/75/93/image1/868d3879912102b0.webp,1000000281,지니어스뉴 드롭스&톡캡스,https://www.phytonutri.kr/goods/goods_view.php?goodsNo=1000000281,4.9,14386,0,0,"{'2': ['만족도'], '1': ['맛']}",[],[]
97594,48,5,smart_store,스마트스토어,"포 그대로 먹여도 아이가 잘 먹어요 ~~
키도 좀 큰거같고 꾸준히 먹일라구요~~",2026-05-28T12:31:44+09:00,2026-05-28,네이버 스마트스토어 구****,5,True,1,1,https://assets6.cre.ma/p/phytonutri-kr/reviews/00/00/09/75/94/image1/490dc21f74cd48e5.webp,1000000297,"그로우뉴 아이 유기농칼슘&마그네슘 비타민D,k2,망간",https://www.phytonutri.kr/goods/goods_view.php?goodsNo=1000000297,4.9,4844,0,0,"{'1': ['만족도', '크기']}",[],[]
97595,48,5,smart_store,스마트스토어,항상 믿고 먹이는 제품입니다 ~!,2026-05-28T11:52:01+09:00,2026-05-28,네이버 스마트스토어 구****,5,True,1,1,https://assets6.cre.ma/p/phytonutri-kr/reviews/00/00/09/75/95/image1/af2949fff69d9097.webp,1000000326,지니어스뉴 + 투데이디3 세트,https://www.phytonutri.kr/goods/goods_view.php?goodsNo=1000000326,4.8,245,0,0,{'1': ['만족도']},[],[]
97596,48,5,smart_store,스마트스토어,비타민D와 오메가3 제품 꾸준히 먹이다 이번에 유산균도 여기걸로 바꿔봤는데 먹이기도 편하고 아주 만족스럽습니다,2026-05-28T11:47:18+09:00,2026-05-28,네이버 스마트스토어 구****,5,True,1,1,https://assets6.cre.ma/p/phytonutri-kr/reviews/00/00/09/75/96/image1/2694bcd4d9458512.webp,1000000363,데이프로바 for baby 아기 쌩쌩유산균,https://www.phytonutri.kr/goods/goods_view.php?goodsNo=1000000363,4.9,363,0,0,"{'2': ['만족도'], '1': ['편의성']}",[],[]
97484,48,5,smart_store,스마트스토어,애기 생각해서 사게됬는데 다음에도 살거같아요,2026-05-28T10:18:58+09:00,2026-05-28,네이버 스마트스토어 구****,5,True,1,1,https://assets6.cre.ma/p/phytonutri-kr/reviews/00/00/09/74/84/image1/b6acfe8365d5feab.webp,1000000281,지니어스뉴 드롭스&톡캡스,https://www.phytonutri.kr/goods/goods_view.php?goodsNo=1000000281,4.9,14386,0,0,{'1': ['만족도']},[],[]
97485,48,5,smart_store,스마트스토어,"한달정도? 된갓 같은데 잘먹이고 있어요.더워지고 걷기 시작해서 활동량도 많아져서 영양제 더 챙겨 먹여야 할것  같아서 주문 했는데,  성분도 꽤 괜찮은 것 같아 두돌까진 쭈욱 먹이려고 합니다..",2026-05-28T10:14:05+09:00,2026-05-28,네이버 스마트스토어 구****,5,True,1,1,https://assets6.cre.ma/p/phytonutri-kr/reviews/00/00/09/74/85/image1/de4ac1aae0649287.webp,1000000325,투데이디3 for baby,https://www.phytonutri.kr/goods/goods_view.php?goodsNo=1000000325,4.9,3634,0,0,"{'1': ['만족도', '성분']}",[],[]
97486,48,5,smart_store,스마트스토어,밤잠 전 마지막 분유에 타서 먹이고 있어요. 분유에 타 주면 못모르고 잘 먹네요! 이유식에 타면 이유식은 잘 안먹으려고 해요. 이제 분유 졸업하고 우유에 타야 하는데 우유에도 잘 먹어줬으면 좋겠네요.,2026-05-28T10:06:59+09:00,2026-05-28,네이버 스마트스토어 구****,5,True,1,1,https://assets6.cre.ma/p/phytonutri-kr/reviews/00/00/09/74/86/image1/78016f24516b8224.webp,1000000325,투데이디3 for baby,https://www.phytonutri.kr/goods/goods_view.php?goodsNo=1000000325,4.9,3634,0,0,{'0': ['만족도']},[],[]
97487,48,5,smart_store,스마트스토어,한 포씩 아기 먹이기 좋아요,2026-05-28T09:52:31+09:00,2026-05-28,네이버 스마트스토어 구****,5,False,0,0,,1000000297,"그로우뉴 아이 유기농칼슘&마그네슘 비타민D,k2,망간",https://www.phytonutri.kr/goods/goods_view.php?goodsNo=1000000297,4.9,4844,0,0,{'1': ['만족도']},[],[]
97488,48,5,smart_store,스마트스토어,"18개월 아기 꾸준히 먹이고있습니다,",2026-05-28T09:49:57+09:00,2026-05-28,네이버 스마트스토어 구****,5,False,0,0,,1000000297,"그로우뉴 아이 유기농칼슘&마그네슘 비타민D,k2,망간",https://www.phytonutri.kr/goods/goods_view.php?goodsNo=1000000297,4.9,4844,0,0,{'1': ['만족도']},[],[]
97489,48,5,smart_store,스마트스토어,아이들이 통만 봐도 달라고해요,2026-05-28T09:14:48+09:00,2026-05-28,네이버 스마트스토어 구****,5,True,1,1,https://assets6.cre.ma/p/phytonutri-kr/reviews/00/00/09/74/89/image1/68fcd0a0105ac8f6.webp,1000000325,투데이디3 for baby,https://www.phytonutri.kr/goods/goods_view.php?goodsNo=1000000325,4.9,3634,0,0,{'1': ['만족도']},[],[]
97490,48,5,smart_store,스마트스토어,좋아요 좋아요 좋아요,2026-05-28T09:05:31+09:00,2026-05-28,네이버 스마트스토어 구****,5,True,1,1,https://assets6.cre.ma/p/phytonutri-kr/reviews/00/00/09/74/90/image1/a14d268e1411804f.webp,1000000281,지니어스뉴 드롭스&톡캡스,https://www.phytonutri.kr/goods/goods_view.php?goodsNo=1000000281,4.9,14386,0,0,{'1': ['만족도']},[],[]
97491,48,5,smart_store,스마트스토어,"아이가 이유식을 시작하면서 2단계 분유로 넘어갔는데, 분유에 dha가 없어 지니어스뉴로 보충하게 됐습니다. 성분도 좋고 캡슐 하나씩 뜯어 쓰면되서 편합니다~!! 다만 비린 냄새가 좀 있어서 이유식에 넣어 먹고나면 비린냄새 빼기가 힘들긴해요😂",2026-05-28T08:41:19+09:00,2026-05-28,네이버 스마트스토어 구****,5,True,1,1,https://assets6.cre.ma/p/phytonutri-kr/reviews/00/00/09/74/91/image1/4b6fa80304bb2336.webp,1000000281,지니어스뉴 드롭스&톡캡스,https://www.phytonutri.kr/goods/goods_view.php?goodsNo=1000000281,4.9,14386,0,0,"{'0': ['만족도'], '-1': ['냄새'], '1': ['성분', '편의성']}",[],[]
97492,48,5,smart_store,스마트스토어,칼마디 부족해 아기생각해 정기적으로 주문합니다ㅎ,2026-05-28T07:43:38+09:00,2026-05-28,네이버 스마트스토어 구****,5,True,1,1,https://assets6.cre.ma/p/phytonutri-kr/reviews/00/00/09/74/92/image1/abe86bce1f1576fe.webp,1000000297,"그로우뉴 아이 유기농칼슘&마그네슘 비타민D,k2,망간",https://www.phytonutri.kr/goods/goods_view.php?goodsNo=1000000297,4.9,4844,0,0,"{'1': ['만족도'], '0': ['품질']}",[],[]
97493,49,5,smart_store,스마트스토어,아기 위해 주문했어요!! 좋습니다,2026-05-28T07:43:01+09:00,2026-05-28,네이버 스마트스토어 구****,5,True,1,1,https://assets6.cre.ma/p/phytonutri-kr/reviews/00/00/09/74/93/image1/7b7a683f44a7551b.webp,1000000297,"그로우뉴 아이 유기농칼슘&마그네슘 비타민D,k2,망간",https://www.phytonutri.kr/goods/goods_view.php?goodsNo=1000000297,4.9,4844,0,0,{'1': ['만족도']},[],[]
97494,49,5,smart_store,스마트스토어,어제 배송 받고 오늘 비타민 챙겨주면서 보니 딱 한 알 남았었네요ㅋㅋㅋ 배송 빨리 해주셔서 감사합니다!,2026-05-28T07:09:52+09:00,2026-05-28,네이버 스마트스토어 구****,5,True,1,1,https://assets6.cre.ma/p/phytonutri-kr/reviews/00/00/09/74/94/image1/a1c1ce8b675ee0ea.webp,1000000325,투데이디3 for baby,https://www.phytonutri.kr/goods/goods_view.php?goodsNo=1000000325,4.9,3634,0,0,"{'1': ['만족도', '배송']}",[],[]
97495,49,4,smart_store,스마트스토어,꾸준히 잘 먹고 있는 영양제에요. 가격이 비싸고 오일이 종종 손에 묻어서 별하나 뺐어요.,2026-05-28T06:55:19+09:00,2026-05-28,네이버 스마트스토어 구****,5,True,1,1,https://assets6.cre.ma/p/phytonutri-kr/reviews/00/00/09/74/95/image1/3767a349c5c6bbe8.webp,1000000281,지니어스뉴 드롭스&톡캡스,https://www.phytonutri.kr/goods/goods_view.php?goodsNo=1000000281,4.9,14386,0,0,"{'0': ['만족도'], '-1': ['가격', '포장']}",[],[]
97496,49,5,smart_store,스마트스토어,아이가 잘 자라줬으면 합니다^^ 먹이기 편해요,2026-05-28T04:13:08+09:00,2026-05-28,네이버 스마트스토어 구****,5,True,1,1,https://assets6.cre.ma/p/phytonutri-kr/reviews/00/00/09/74/96/image1/a783f7c924533de5.webp,1000000297,"그로우뉴 아이 유기농칼슘&마그네슘 비타민D,k2,망간",https://www.phytonutri.kr/goods/goods_view.php?goodsNo=1000000297,4.9,4844,0,0,"{'1': ['만족도', '편의성']}",[],[]
97542,49,5,,자사몰(고도몰),오메가3 특유의 비린내로 안한 속 불편이나 역함이 없어요 다른 성분도 없어서 데일리로 먹기 좋습니다.,2026-05-28T04:00:02+09:00,2026-05-28,som6******,5,True,1,1,https://assets6.cre.ma/p/phytonutri-kr/reviews/00/00/09/75/42/image1/90e2bffd218b06ef.webp,1000000398,KD 파마 듀얼 초임계 rTG 오메가3,https://www.phytonutri.kr/goods/goods_view.php?goodsNo=1000000398,4.9,121,0,0,"{'1': ['만족도', '냄새', '성분']}",[],[]
97497,49,5,smart_store,스마트스토어,"쭉 짜서 먹여요
양을 정확히하기 어렵지만
좋은제품 덕분에 잘 먹입니다",2026-05-28T02:00:36+09:00,2026-05-28,네이버 스마트스토어 구****,5,True,1,1,https://assets6.cre.ma/p/phytonutri-kr/reviews/00/00/09/74/97/image1/4bc189eead7c91ef.webp,1000000281,지니어스뉴 드롭스&톡캡스,https://www.phytonutri.kr/goods/goods_view.php?goodsNo=1000000281,4.9,14386,0,0,{'1': ['만족도']},[],[]
97498,49,5,smart_store,스마트스토어,매번먹는 제품입니다 맛이 좋아요,2026-05-28T00:08:50+09:00,2026-05-28,네이버 스마트스토어 구****,5,True,1,1,https://assets6.cre.ma/p/phytonutri-kr/reviews/00/00/09/74/98/image1/da952ebe4c57da36.webp,1000000281,지니어스뉴 드롭스&톡캡스,https://www.phytonutri.kr/goods/goods_view.php?goodsNo=1000000281,4.9,14386,0,0,"{'2': ['만족도'], '1': ['맛']}",[],[]
97499,49,5,smart_store,스마트스토어,너무 잘먹고 있어요 !재재재주문입니다,2026-05-28T00:07:49+09:00,2026-05-28,네이버 스마트스토어 구****,5,True,1,1,https://assets6.cre.ma/p/phytonutri-kr/reviews/00/00/09/74/99/image1/5a08e848ddea31a0.webp,1000000281,지니어스뉴 드롭스&톡캡스,https://www.phytonutri.kr/goods/goods_view.php?goodsNo=1000000281,4.9,14386,0,0,{'2': ['만족도']},[],[]
97500,49,5,smart_store,스마트스토어,이유식에 넣어주는데 잘 먹어요 입맛에 맞는거같아요,2026-05-27T23:28:35+09:00,2026-05-27,네이버 스마트스토어 구****,5,True,1,1,https://assets6.cre.ma/p/phytonutri-kr/reviews/00/00/09/75/00/image1/025bd3522cbaf7d8.webp,1000000281,지니어스뉴 드롭스&톡캡스,https://www.phytonutri.kr/goods/goods_view.php?goodsNo=1000000281,4.9,14386,0,0,"{'1': ['만족도', '맛']}",[],[]
97501,49,5,smart_store,스마트스토어,배송도빠르고참조아요,2026-05-27T22:46:42+09:00,2026-05-27,네이버 스마트스토어 구****,5,False,0,0,,1000000281,지니어스뉴 드롭스&톡캡스,https://www.phytonutri.kr/goods/goods_view.php?goodsNo=1000000281,4.9,14386,0,0,"{'1': ['만족도', '배송']}",[],[]
97502,49,5,smart_store,스마트스토어,계속재구매할정도면 당연히 좋아서 계속하겠죵,2026-05-27T22:34:04+09:00,2026-05-27,네이버 스마트스토어 구****,5,True,1,1,https://assets6.cre.ma/p/phytonutri-kr/reviews/00/00/09/75/02/image1/6e8c71889d8e0258.webp,1000000281,지니어스뉴 드롭스&톡캡스,https://www.phytonutri.kr/goods/goods_view.php?goodsNo=1000000281,4.9,14386,0,0,{'2': ['만족도']},[],[]
97503,49,5,smart_store,스마트스토어,"몇번째재근매인지 모르겠어 요
오메가는 필수에요",2026-05-27T22:33:15+09:00,2026-05-27,네이버 스마트스토어 구****,5,True,1,1,https://assets6.cre.ma/p/phytonutri-kr/reviews/00/00/09/75/03/image1/5d44c2f490ce0d35.webp,1000000281,지니어스뉴 드롭스&톡캡스,https://www.phytonutri.kr/goods/goods_view.php?goodsNo=1000000281,4.9,14386,0,0,"{'2': ['만족도'], '1': ['성분']}",[],[]
97504,49,5,smart_store,스마트스토어,믿고 먹이고 있습니다,2026-05-27T22:05:51+09:00,2026-05-27,네이버 스마트스토어 구****,5,False,0,0,,1000000281,지니어스뉴 드롭스&톡캡스,https://www.phytonutri.kr/goods/goods_view.php?goodsNo=1000000281,4.9,14386,0,0,{'1': ['만족도']},[],[]
97505,49,5,smart_store,스마트스토어,아이에게 도움이되길바라며 구매해봤습니다,2026-05-27T22:03:21+09:00,2026-05-27,네이버 스마트스토어 구****,5,True,1,1,https://assets6.cre.ma/p/phytonutri-kr/reviews/00/00/09/75/05/image1/0d2380d4cac44183.webp,1000000297,"그로우뉴 아이 유기농칼슘&마그네슘 비타민D,k2,망간",https://www.phytonutri.kr/goods/goods_view.php?goodsNo=1000000297,4.9,4844,0,0,{'0': ['만족도']},[],[]
97506,49,5,smart_store,스마트스토어,"오메가쓰리랑 비타민디는 꾸준히 먹이고있었는데
유산균도 바꿔봤어요
좋은거같아요",2026-05-27T21:53:52+09:00,2026-05-27,네이버 스마트스토어 구****,5,True,1,1,https://assets6.cre.ma/p/phytonutri-kr/reviews/00/00/09/75/06/image1/93b504a33a5fd009.webp,1000000375,데이프로바 + 투데이디3 세트,https://www.phytonutri.kr/goods/goods_view.php?goodsNo=1000000375,4.9,139,0,0,{'1': ['만족도']},[],[]
97507,49,5,smart_store,스마트스토어,"달달하니 맛있게 잘 먹었네요
건강에도 좋고하니 올여름 또 채워놔야겠어요",2026-05-27T21:37:22+09:00,2026-05-27,네이버 스마트스토어 구****,5,False,0,0,,1000000342,이트뮨 아이 배도라지즙&엘더베리사과주스,https://www.phytonutri.kr/goods/goods_view.php?goodsNo=1000000342,4.9,609,0,0,"{'1': ['만족도', '맛', '효과']}",[],[]
97508,49,5,smart_store,스마트스토어,요즘 밥을 잘 먹다가 안먹다가해서 영양보충해주려고 구매했어요~ 맛잇는 약도 약먹일때 전쟁이 나는아이인데 이건 먹을만한지 수저로 줘도 곧잘먹네요~ 재구매의사있어요~,2026-05-27T21:31:07+09:00,2026-05-27,네이버 스마트스토어 구****,5,True,1,1,https://assets6.cre.ma/p/phytonutri-kr/reviews/00/00/09/75/08/image1/c1280908ef2c5808.webp,1000000281,지니어스뉴 드롭스&톡캡스,https://www.phytonutri.kr/goods/goods_view.php?goodsNo=1000000281,4.9,14386,0,0,"{'1': ['만족도', '맛']}",[],[]
97509,49,5,smart_store,스마트스토어,떨어지면 불안해요!!!,2026-05-27T21:30:15+09:00,2026-05-27,네이버 스마트스토어 구****,5,True,1,1,https://assets6.cre.ma/p/phytonutri-kr/reviews/00/00/09/75/09/image1/9ce7ad786cb2c748.webp,1000000297,"그로우뉴 아이 유기농칼슘&마그네슘 비타민D,k2,망간",https://www.phytonutri.kr/goods/goods_view.php?goodsNo=1000000297,4.9,4844,0,0,{'-1': ['만족도']},[],[]
97510,49,5,smart_store,스마트스토어,"벌써 몇 년 째 먹이고있는 제품이에요.
아이가 고기도 생선도 아예 안먹다싶이하는 애라, 먹이기 시작했어요.

몇 년간 아직도 이거보다 더 좋은 제품 못찼아서 계속 먹이고있습니다ㅎㅎ",2026-05-27T21:23:34+09:00,2026-05-27,네이버 스마트스토어 구****,5,True,1,1,https://assets6.cre.ma/p/phytonutri-kr/reviews/00/00/09/75/10/image1/885f601d9049364f.webp,1000000281,지니어스뉴 드롭스&톡캡스,https://www.phytonutri.kr/goods/goods_view.php?goodsNo=1000000281,4.9,14386,0,0,{'2': ['만족도']},[],[]
97511,49,5,smart_store,스마트스토어,아이 뇌건강회복때문에 주문해요. 벌써 4~5번째 재구매입니다.,2026-05-27T21:11:05+09:00,2026-05-27,네이버 스마트스토어 구****,5,True,1,1,https://assets6.cre.ma/p/phytonutri-kr/reviews/00/00/09/75/11/image1/5abaeabab6fd6d75.webp,1000000281,지니어스뉴 드롭스&톡캡스,https://www.phytonutri.kr/goods/goods_view.php?goodsNo=1000000281,4.9,14386,0,0,{'2': ['만족도']},[],[]
97512,50,5,smart_store,스마트스토어,너무 만족합니다!!!!,2026-05-27T20:58:51+09:00,2026-05-27,네이버 스마트스토어 구****,5,True,1,1,https://assets6.cre.ma/p/phytonutri-kr/reviews/00/00/09/75/12/image1/4efba1b68cb12f3d.webp,1000000281,지니어스뉴 드롭스&톡캡스,https://www.phytonutri.kr/goods/goods_view.php?goodsNo=1000000281,4.9,14386,0,0,{'2': ['만족도']},[],[]
97513,50,4,smart_store,스마트스토어,좋다고해서 먹임 근데 비싸고 비린내남,2026-05-27T20:43:10+09:00,2026-05-27,네이버 스마트스토어 구****,5,True,1,1,https://assets6.cre.ma/p/phytonutri-kr/reviews/00/00/09/75/13/image1/7b1cba5b46c43cff.webp,1000000281,지니어스뉴 드롭스&톡캡스,https://www.phytonutri.kr/goods/goods_view.php?goodsNo=1000000281,4.9,14386,0,0,"{'-1': ['만족도', '가격', '냄새']}",[],[]
97514,50,5,smart_store,스마트스토어,이유식에 넣어주면 애기가 잘 먹기도 하고 참기름 맛이 난다는 리뷰를 보고 맛있는 줄 알고 저도 먹어봤는데 엄청 비리네요! 덜 비리지 안 비리지 않습니다! 그래도 DHA 먹이고 있어서 맘이 놓입니다.,2026-05-27T20:34:17+09:00,2026-05-27,네이버 스마트스토어 구****,5,True,1,1,https://assets6.cre.ma/p/phytonutri-kr/reviews/00/00/09/75/14/image1/9659d5d31e2f296c.webp,1000000281,지니어스뉴 드롭스&톡캡스,https://www.phytonutri.kr/goods/goods_view.php?goodsNo=1000000281,4.9,14386,0,0,"{'0': ['만족도'], '-2': ['맛'], '1': ['성분']}",[],[]
97515,50,5,smart_store,스마트스토어,"항상 아기가 먹는건데 아기가 참 좋아하네요
먹기도 편해서 좋아요",2026-05-27T20:17:46+09:00,2026-05-27,네이버 스마트스토어 구****,5,False,0,0,,1000000325,투데이디3 for baby,https://www.phytonutri.kr/goods/goods_view.php?goodsNo=1000000325,4.9,3634,0,0,"{'1': ['만족도', '편의성']}",[],[]
97516,50,5,smart_store,스마트스토어,너무너무좋아요~~~~,2026-05-27T19:57:54+09:00,2026-05-27,네이버 스마트스토어 구****,5,False,0,0,,1000000325,투데이디3 for baby,https://www.phytonutri.kr/goods/goods_view.php?goodsNo=1000000325,4.9,3634,0,0,{'2': ['만족도']},[],[]
97517,50,5,smart_store,스마트스토어,아기한테 너무잘맞고 정말조아요,2026-05-27T19:10:21+09:00,2026-05-27,네이버 스마트스토어 구****,5,True,1,1,https://assets6.cre.ma/p/phytonutri-kr/reviews/00/00/09/75/17/image1/cf03ccbbe2f558f4.webp,1000000281,지니어스뉴 드롭스&톡캡스,https://www.phytonutri.kr/goods/goods_view.php?goodsNo=1000000281,4.9,14386,0,0,"{'2': ['만족도', '크기']}",[],[]
97518,50,5,smart_store,스마트스토어,아기한테 너무잘맞고 정말조아요,2026-05-27T19:09:58+09:00,2026-05-27,네이버 스마트스토어 구****,5,True,1,1,https://assets6.cre.ma/p/phytonutri-kr/reviews/00/00/09/75/18/image1/70b7f549263a7c25.webp,1000000325,투데이디3 for baby,https://www.phytonutri.kr/goods/goods_view.php?goodsNo=1000000325,4.9,3634,0,0,"{'2': ['만족도', '크기']}",[],[]
97519,50,5,smart_store,스마트스토어,아기한테 너무잘맞고 정말조아요,2026-05-27T19:09:40+09:00,2026-05-27,네이버 스마트스토어 구****,5,True,1,1,https://assets6.cre.ma/p/phytonutri-kr/reviews/00/00/09/75/19/image1/1c12e80669cb4703.webp,1000000325,투데이디3 for baby,https://www.phytonutri.kr/goods/goods_view.php?goodsNo=1000000325,4.9,3634,0,0,"{'2': ['만족도', '크기']}",[],[]
97520,50,5,smart_store,스마트스토어,"아기 아침마다 우유에 타주는데 잘 먹어요 
꾸준히 먹야봐야겠어요~",2026-05-27T18:54:08+09:00,2026-05-27,네이버 스마트스토어 구****,5,True,1,1,https://assets6.cre.ma/p/phytonutri-kr/reviews/00/00/09/75/20/image1/819a3bc53eb78094.webp,1000000297,"그로우뉴 아이 유기농칼슘&마그네슘 비타민D,k2,망간",https://www.phytonutri.kr/goods/goods_view.php?goodsNo=1000000297,4.9,4844,0,0,{'1': ['만족도']},[],[]
97521,50,5,smart_store,스마트스토어,돌아기 칼마디 알아보다 구매했어요. 이유식에 뿌려서 먹이면 딱입니다. 건강하고 예쁘게 자라길 바라며😊,2026-05-27T18:29:51+09:00,2026-05-27,네이버 스마트스토어 구****,5,True,1,1,https://assets6.cre.ma/p/phytonutri-kr/reviews/00/00/09/75/21/image1/9e445e43e792a717.webp,1000000297,"그로우뉴 아이 유기농칼슘&마그네슘 비타민D,k2,망간",https://www.phytonutri.kr/goods/goods_view.php?goodsNo=1000000297,4.9,4844,0,0,{'1': ['만족도']},[],[]
97522,50,5,smart_store,스마트스토어,"아기가 아주 잘먹어요
외부라 사진이 다르네요",2026-05-27T17:30:27+09:00,2026-05-27,네이버 스마트스토어 구****,5,True,1,1,https://assets6.cre.ma/p/phytonutri-kr/reviews/00/00/09/75/22/image1/a4cc424e3545c0f3.webp,1000000325,투데이디3 for baby,https://www.phytonutri.kr/goods/goods_view.php?goodsNo=1000000325,4.9,3634,0,0,{'1': ['만족도']},[],[]
97523,50,5,smart_store,스마트스토어,다먹고 재주문 했어요 아기가 잘 먹어요,2026-05-27T17:26:36+09:00,2026-05-27,네이버 스마트스토어 구****,5,True,1,1,https://assets6.cre.ma/p/phytonutri-kr/reviews/00/00/09/75/23/image1/7e12009c39c1bff0.webp,1000000325,투데이디3 for baby,https://www.phytonutri.kr/goods/goods_view.php?goodsNo=1000000325,4.9,3634,0,0,"{'2': ['만족도'], '1': ['맛']}",[],[]
97524,50,5,smart_store,스마트스토어,"개별 포장이라 좋아요 성분도 믿을만하구요
단점은 분유에 타 먹이면 기름져서 설거지가 쉽지 않고 가격이 비쌈 ㅠ 
분유에 타 먹이진 않고 입에 직접 넣고 있어요
아니면 젖꼭지 젖병 모두 기름파티합니다ㅠㅠ",2026-05-27T17:14:34+09:00,2026-05-27,네이버 스마트스토어 구****,5,True,1,1,https://assets6.cre.ma/p/phytonutri-kr/reviews/00/00/09/75/24/image1/565ad8c14377d3b3.webp,1000000325,투데이디3 for baby,https://www.phytonutri.kr/goods/goods_view.php?goodsNo=1000000325,4.9,3634,0,0,"{'0': ['만족도'], '-1': ['가격'], '1': ['포장', '성분']}",[],[]
97525,50,5,smart_store,스마트스토어,친구의 강력한 추천으로 구매하게 되었습니다 개별로 포장되어 있다보니 산패걱정은 확실히 없을거 같습니다 그리고 아기가 엄청 잘 먹는다고 하더라고요 기대해 봅니다ㅎㅎ,2026-05-27T17:06:19+09:00,2026-05-27,네이버 스마트스토어 구****,5,True,1,1,https://assets6.cre.ma/p/phytonutri-kr/reviews/00/00/09/75/25/image1/ab9cc5a5cd396bef.webp,1000000325,투데이디3 for baby,https://www.phytonutri.kr/goods/goods_view.php?goodsNo=1000000325,4.9,3634,0,0,"{'1': ['만족도', '포장', '맛']}",[],[]
97526,50,5,smart_store,스마트스토어,"일회용처럼 휴대하기 간편하고 오일이라 밥이나 반찬에 뿌려서 먹기 좋아요

감사해요",2026-05-27T17:04:19+09:00,2026-05-27,네이버 스마트스토어 구****,5,True,1,1,https://assets6.cre.ma/p/phytonutri-kr/reviews/00/00/09/75/26/image1/c1bcf6e0aba55437.webp,1000000325,투데이디3 for baby,https://www.phytonutri.kr/goods/goods_view.php?goodsNo=1000000325,4.9,3634,0,0,"{'1': ['만족도', '편의성']}",[],[]
97527,50,5,smart_store,스마트스토어,투데이디3 몇 달 동안 먹다가 이유식 시작하면서 더 영양분 챙겨주고 싶어서 구매했어요~! 칼마디 유명하잖아요~ 원하던 두 제품 묶어서 좋은 가격에 구매 할 수 있게 되어 좋아요!ㅎㅎ 아기가 잘 안먹는다는 후기가 있어 걱정되지만.. 잘 먹여보고 또 재구매 하러 올게요~! 많이 파세요~!ㅎㅎ,2026-05-27T16:50:44+09:00,2026-05-27,네이버 스마트스토어 구****,5,True,1,1,https://assets6.cre.ma/p/phytonutri-kr/reviews/00/00/09/75/27/image1/119fb469fa5d2be2.webp,1000000298,지니어스뉴 + 그로우뉴 세트,https://www.phytonutri.kr/goods/goods_view.php?goodsNo=1000000298,4.9,1413,0,0,"{'1': ['만족도', '가격', '제품구성']}",[],[]
97482,50,5,,자사몰(고도몰),"아이가매일잘마셔줍니당
ㅜㅜ감기달고사는20갤아기  떨어지지않게쟁이는중입니다",2026-05-27T16:32:06+09:00,2026-05-27,alwl******,5,True,1,1,https://assets6.cre.ma/p/phytonutri-kr/reviews/00/00/09/74/82/image1/d6b985866f5ae75d.webp,1000000342,이트뮨 아이 배도라지즙&엘더베리사과주스,https://www.phytonutri.kr/goods/goods_view.php?goodsNo=1000000342,4.9,609,0,0,{'1': ['만족도']},[],[]
97528,50,5,smart_store,스마트스토어,아이가 잘먹어서 계속먹이고있어요~,2026-05-27T15:52:03+09:00,2026-05-27,네이버 스마트스토어 구****,5,True,1,1,https://assets6.cre.ma/p/phytonutri-kr/reviews/00/00/09/75/28/image1/633954995ea535e0.webp,1000000281,지니어스뉴 드롭스&톡캡스,https://www.phytonutri.kr/goods/goods_view.php?goodsNo=1000000281,4.9,14386,0,0,{'1': ['만족도']},[],[]
97529,50,5,smart_store,스마트스토어,"아이가 유일하게 먹는 칼슘입니다
정착하고픈데 가격 세일 해주시면 좋겠네요ㅎ",2026-05-27T15:48:12+09:00,2026-05-27,네이버 스마트스토어 구****,5,True,1,1,https://assets6.cre.ma/p/phytonutri-kr/reviews/00/00/09/75/29/image1/811910d6834f74ec.webp,1000000397,"그로우뉴 ~키즈 유기농 칼슘&마그네슘 비타민D,k2 망간",https://www.phytonutri.kr/goods/goods_view.php?goodsNo=1000000397,4.9,63,0,0,"{'0': ['만족도'], '-1': ['가격']}",[],[]
97530,50,5,smart_store,스마트스토어,10갤아기 입으로바로먹이는데 오일타입보다먹이기편해요,2026-05-27T15:24:51+09:00,2026-05-27,네이버 스마트스토어 구****,5,True,1,1,https://assets6.cre.ma/p/phytonutri-kr/reviews/00/00/09/75/30/image1/554a56fe008a0c26.webp,1000000325,투데이디3 for baby,https://www.phytonutri.kr/goods/goods_view.php?goodsNo=1000000325,4.9,3634,0,0,"{'1': ['만족도', '편의성']}",[],[]
97531,51,5,smart_store,스마트스토어,꾸준히 먹이고 있어요.,2026-05-27T15:19:19+09:00,2026-05-27,네이버 스마트스토어 구****,5,False,0,0,,1000000281,지니어스뉴 드롭스&톡캡스,https://www.phytonutri.kr/goods/goods_view.php?goodsNo=1000000281,4.9,14386,0,0,{'1': ['만족도']},[],[]
97532,51,5,smart_store,스마트스토어,아기 계속 먹이고 있어요~,2026-05-27T15:11:33+09:00,2026-05-27,네이버 스마트스토어 구****,5,True,1,1,https://assets6.cre.ma/p/phytonutri-kr/reviews/00/00/09/75/32/image1/81d4ffc7095e640e.webp,1000000297,"그로우뉴 아이 유기농칼슘&마그네슘 비타민D,k2,망간",https://www.phytonutri.kr/goods/goods_view.php?goodsNo=1000000297,4.9,4844,0,0,{'1': ['만족도']},[],[]
97533,51,5,smart_store,스마트스토어,아기에게 좋다고해서 먹이는중인데 맛도 괜찮아요,2026-05-27T14:57:15+09:00,2026-05-27,네이버 스마트스토어 구****,5,True,1,1,https://assets6.cre.ma/p/phytonutri-kr/reviews/00/00/09/75/33/image1/db671cda1b875741.webp,1000000281,지니어스뉴 드롭스&톡캡스,https://www.phytonutri.kr/goods/goods_view.php?goodsNo=1000000281,4.9,14386,0,0,"{'1': ['만족도', '맛']}",[],[]
97534,51,5,smart_store,스마트스토어,조금 비싸긴 하지만 자루먹이고 있어요 또 주문할께요,2026-05-27T14:24:55+09:00,2026-05-27,네이버 스마트스토어 구****,5,True,1,1,https://assets6.cre.ma/p/phytonutri-kr/reviews/00/00/09/75/34/image1/51eae8209d7fa73e.webp,1000000281,지니어스뉴 드롭스&톡캡스,https://www.phytonutri.kr/goods/goods_view.php?goodsNo=1000000281,4.9,14386,0,0,"{'1': ['만족도'], '-1': ['가격']}",[],[]
97481,51,5,,자사몰(고도몰),"여름에 임신이랑 입덧이 같이 와서 고생했던 사람입니다.

원래 하루에 커피 3잔은 기본으로 마셨었는데 
임신하고 강제로 못마시니까 점점 예민해져서 힘들었어요ㅠㅠ

그러다 임산부 입덧에 좋다는 수드티 알게 됐어요
생강,레몬,배,루이보스 조합으로 입덧에 좋다고 하여 마지막으로 속는셈치고 구매했어요 

제가 평소에 생강이나 한방약재? 같은걸 잘못먹어서 긴장하고 먹었는데 생각보다 깔끔해서 놀랐어요!
얼음 넣고 차갑게 먹으니까 맛도 좋고 입덧 올라올때 먹으면 좀 가라앉는 느낌?

요즘 커피 대신 수드티 먹어요ㅎㅎ 이거 한잔이면 커피 생각도 안나고 입덧에도 좋고 너무 만족해요",2026-05-27T14:12:27+09:00,2026-05-27,한****,10,True,2,2,https://assets6.cre.ma/p/phytonutri-kr/reviews/00/00/09/74/81/image1/d0211e87cfb8f63e.webp|https://assets6.cre.ma/p/phytonutri-kr/reviews/00/00/09/74/81/image2/5c04870ee3c0ff41.webp,1000000396,수드티 루이보스 허브 블렌드 티 강황 맘먼트 임산부 차,https://www.phytonutri.kr/goods/goods_view.php?goodsNo=1000000396,4.7,33,1,0,"{'2': ['만족도'], '1': ['맛', '효과']}",[],"[{'name': '아이 성별', 'value': '남자'}, {'name': '몇 개월인가요?', 'value': '7~12개월'}]"
97535,51,5,smart_store,스마트스토어,계속먹여왓지만 앞으로쭉먿일예정이예요 이제날더워지니배송도 아이스백에꼼꼼히해서보내주시니 넘좋네여,2026-05-27T13:59:23+09:00,2026-05-27,네이버 스마트스토어 구****,5,True,1,1,https://assets6.cre.ma/p/phytonutri-kr/reviews/00/00/09/75/35/image1/a8ef5cf60b4767ce.webp,1000000281,지니어스뉴 드롭스&톡캡스,https://www.phytonutri.kr/goods/goods_view.php?goodsNo=1000000281,4.9,14386,0,0,"{'1': ['만족도'], '2': ['포장']}",[],[]
97536,51,5,smart_store,스마트스토어,캡슐로되어있어서 너무좋아요 위생적이고 먹이기도편하고 ㅇ여행갈때도 챙겨가기넘좋을것같아요,2026-05-27T13:25:42+09:00,2026-05-27,네이버 스마트스토어 구****,5,True,1,1,https://assets6.cre.ma/p/phytonutri-kr/reviews/00/00/09/75/36/image1/48b737d83446f9f9.webp,1000000325,투데이디3 for baby,https://www.phytonutri.kr/goods/goods_view.php?goodsNo=1000000325,4.9,3634,0,0,"{'2': ['만족도'], '1': ['포장', '편의성']}",[],[]
97537,51,4,smart_store,스마트스토어,스포이드로 갈아끼우는게 불편하기는 한데 갈아끼우고나면 나쁘지않네요 바이오가이아 튜브가 편하긴하네요 무튼 성분이 좋다고하니 좋아요,2026-05-27T13:24:33+09:00,2026-05-27,네이버 스마트스토어 구****,5,True,1,1,https://assets6.cre.ma/p/phytonutri-kr/reviews/00/00/09/75/37/image1/9971a1ed9041081f.webp,1000000281,지니어스뉴 드롭스&톡캡스,https://www.phytonutri.kr/goods/goods_view.php?goodsNo=1000000281,4.9,14386,0,0,"{'1': ['만족도', '성분'], '-1': ['편의성']}",[],[]
97538,51,5,smart_store,스마트스토어,먹이기 편리하고좋아요,2026-05-27T11:29:13+09:00,2026-05-27,네이버 스마트스토어 구****,5,False,0,0,,1000000363,데이프로바 for baby 아기 쌩쌩유산균,https://www.phytonutri.kr/goods/goods_view.php?goodsNo=1000000363,4.9,363,0,0,"{'1': ['만족도', '편의성']}",[],[]
97539,51,3,smart_store,스마트스토어,가스가 많이차는 아기라 유산균을 먹기시작했는게 튼 변화는 없네요.. 그래도 안먹이는것 보단 나을것 같아 매일 오전에 분유에 타다 먹이고 있어요,2026-05-27T10:33:05+09:00,2026-05-27,네이버 스마트스토어 구****,5,True,1,1,https://assets6.cre.ma/p/phytonutri-kr/reviews/00/00/09/75/39/image1/d456259996168c28.webp,1000000363,데이프로바 for baby 아기 쌩쌩유산균,https://www.phytonutri.kr/goods/goods_view.php?goodsNo=1000000363,4.9,363,0,0,"{'0': ['만족도'], '-1': ['효과']}",[],[]
97540,51,5,smart_store,스마트스토어,"아주좋아요~~~.손녀,손주가 같이사용합니다~~재구매할겁니다",2026-05-27T10:24:45+09:00,2026-05-27,네이버 스마트스토어 구****,5,True,1,1,https://assets6.cre.ma/p/phytonutri-kr/reviews/00/00/09/75/40/image1/975e3aec71f374f4.webp,1000000325,투데이디3 for baby,https://www.phytonutri.kr/goods/goods_view.php?goodsNo=1000000325,4.9,3634,0,0,{'2': ['만족도']},[],[]
97541,51,5,smart_store,스마트스토어,"돌때부터 지금까지 쭉 애용하는 제품이예요 
다른건 이제 못먹이겟더라구오",2026-05-27T09:31:47+09:00,2026-05-27,네이버 스마트스토어 구****,5,True,1,1,https://assets6.cre.ma/p/phytonutri-kr/reviews/00/00/09/75/41/image1/4bacb1ed97cf82ba.webp,1000000325,투데이디3 for baby,https://www.phytonutri.kr/goods/goods_view.php?goodsNo=1000000325,4.9,3634,0,0,{'2': ['만족도']},[],[]
97424,51,5,smart_store,스마트스토어,"아침 저녁 두번으로 주고 있습니다.
36갤까지는 꾸준히 먹이려구요",2026-05-27T09:09:51+09:00,2026-05-27,네이버 스마트스토어 구****,5,False,0,0,,1000000281,지니어스뉴 드롭스&톡캡스,https://www.phytonutri.kr/goods/goods_view.php?goodsNo=1000000281,4.9,14386,0,0,{'0': ['만족도']},[],[]
97425,51,5,smart_store,스마트스토어,아이가 잘먹어서 편해요,2026-05-27T08:59:39+09:00,2026-05-27,네이버 스마트스토어 구****,5,True,1,1,https://assets6.cre.ma/p/phytonutri-kr/reviews/00/00/09/74/25/image1/8ff9ebbf7eec0f83.webp,1000000325,투데이디3 for baby,https://www.phytonutri.kr/goods/goods_view.php?goodsNo=1000000325,4.9,3634,0,0,"{'1': ['만족도', '편의성']}",[],[]
97423,51,5,,자사몰(고도몰),"제가 먹어본 몇몇 재품들은 하나같이 먹고난뒤 비린향이 있었는데, KD파마는 그런 비린 향, 맛이 전혀 없어서 너무 좋습니다. 가족  모두 섭취하며, 재구매 할 맘이 생길만큼 제게 맞는 재품인거 같아요.",2026-05-27T08:10:32+09:00,2026-05-27,진****,10,True,1,1,https://assets6.cre.ma/p/phytonutri-kr/reviews/00/00/09/74/23/image1/a44ca95911881f58.webp,1000000398,KD 파마 듀얼 초임계 rTG 오메가3,https://www.phytonutri.kr/goods/goods_view.php?goodsNo=1000000398,4.9,121,0,0,"{'2': ['만족도', '맛', '냄새']}","[{'name': '구매옵션', 'value': 'KD파마 듀얼 오메가3 6개월분x2(총12개월분)'}]","[{'name': '성별', 'value': '여성'}, {'name': '연령대', 'value': '50대 이상'}]"
97426,51,5,smart_store,스마트스토어,간편하고 아이가 잘 먹습니다,2026-05-27T07:44:15+09:00,2026-05-27,네이버 스마트스토어 구****,5,True,1,1,https://assets6.cre.ma/p/phytonutri-kr/reviews/00/00/09/74/26/image1/d181d1737a4051a5.webp,1000000297,"그로우뉴 아이 유기농칼슘&마그네슘 비타민D,k2,망간",https://www.phytonutri.kr/goods/goods_view.php?goodsNo=1000000297,4.9,4844,0,0,"{'1': ['만족도', '편의성']}",[],[]
97427,51,5,smart_store,스마트스토어,"아기 유산균은 이걸로 정착했어요
분유에 넣어 먹여도 되서 아주 좋아요",2026-05-27T04:45:30+09:00,2026-05-27,네이버 스마트스토어 구****,5,True,1,1,https://assets6.cre.ma/p/phytonutri-kr/reviews/00/00/09/74/27/image1/86b87fd374d710c2.webp,1000000363,데이프로바 for baby 아기 쌩쌩유산균,https://www.phytonutri.kr/goods/goods_view.php?goodsNo=1000000363,4.9,363,0,0,"{'2': ['만족도'], '1': ['편의성']}",[],[]
97483,51,5,,자사몰(고도몰),재재구매중 엄마 사드리는데 좋아요,2026-05-27T01:39:05+09:00,2026-05-27,syco******,5,False,0,0,,1000000049,요로굿 [소비기한 2026-11-21],https://www.phytonutri.kr/goods/goods_view.php?goodsNo=1000000049,4.5,425,0,0,{'2': ['만족도']},[],[]
97428,51,5,smart_store,스마트스토어,아이들 둘 먹이기 너무 가격이 사악해요ㅠㅠ 그래도 먹이지만요.....,2026-05-26T23:27:39+09:00,2026-05-26,네이버 스마트스토어 구****,5,True,1,1,https://assets6.cre.ma/p/phytonutri-kr/reviews/00/00/09/74/28/image1/2f6629588b01cdde.webp,1000000297,"그로우뉴 아이 유기농칼슘&마그네슘 비타민D,k2,망간",https://www.phytonutri.kr/goods/goods_view.php?goodsNo=1000000297,4.9,4844,0,0,"{'0': ['만족도'], '-2': ['가격']}",[],[]
97429,51,3,smart_store,스마트스토어,돌 이전부터 지금 19갤인데 꾸준히 먹이고 있어요 느낌이 똑똑한 것 같기도 하구요 ㅋㅋ 근데 가격이 비싸요~~~,2026-05-26T23:26:36+09:00,2026-05-26,네이버 스마트스토어 구****,5,True,1,1,https://assets6.cre.ma/p/phytonutri-kr/reviews/00/00/09/74/29/image1/f8ff7cece1311746.webp,1000000281,지니어스뉴 드롭스&톡캡스,https://www.phytonutri.kr/goods/goods_view.php?goodsNo=1000000281,4.9,14386,0,0,"{'1': ['만족도'], '-1': ['가격']}",[],[]
97430,52,5,smart_store,스마트스토어,"아기 비타민D 먹이는데 드롭형은 먹이기
힘들어서 차라리 짜먹이는 게 나을 것 같다 싶어서 구매했어요! 성분도 좋아서 일석이조다 싶었습니다😊
처음엔 맛이 낯선지 떨떠름해 하더니 지금은 잘 먹어요!",2026-05-26T23:00:29+09:00,2026-05-26,네이버 스마트스토어 구****,5,True,1,1,https://assets6.cre.ma/p/phytonutri-kr/reviews/00/00/09/74/30/image1/cb3876ea37a34baf.webp,1000000325,투데이디3 for baby,https://www.phytonutri.kr/goods/goods_view.php?goodsNo=1000000325,4.9,3634,0,0,"{'1': ['만족도', '성분'], '0': ['맛']}",[],[]
97431,52,5,smart_store,스마트스토어,10개씩 3개로 나눠서 포장되어있어서 보관하기도 편리하고 가루도 잘 섞여서 아이가 거부감없이 잘먹네요!,2026-05-26T22:36:51+09:00,2026-05-26,네이버 스마트스토어 구****,5,True,1,1,https://assets6.cre.ma/p/phytonutri-kr/reviews/00/00/09/74/31/image1/60376c931d5d809d.webp,1000000297,"그로우뉴 아이 유기농칼슘&마그네슘 비타민D,k2,망간",https://www.phytonutri.kr/goods/goods_view.php?goodsNo=1000000297,4.9,4844,0,0,"{'1': ['만족도', '포장', '제품상태', '맛', '편의성']}",[],[]
97432,52,5,smart_store,스마트스토어,지금 거의 돌지나면서부터 계속 먹이고있는데 너무 편리하고 좋아요!! 요거트나 죽에 섞여 먹이는데 아주 좋네요~~,2026-05-26T22:32:11+09:00,2026-05-26,네이버 스마트스토어 구****,5,True,1,1,https://assets6.cre.ma/p/phytonutri-kr/reviews/00/00/09/74/32/image1/a9e3dbaa88803a94.webp,1000000297,"그로우뉴 아이 유기농칼슘&마그네슘 비타민D,k2,망간",https://www.phytonutri.kr/goods/goods_view.php?goodsNo=1000000297,4.9,4844,0,0,"{'2': ['만족도', '편의성']}",[],[]
97433,52,5,smart_store,스마트스토어,"아기가
아주 잘먹고 인지도 좋아진 것 같아요!",2026-05-26T20:44:12+09:00,2026-05-26,네이버 스마트스토어 구****,5,True,1,1,https://assets6.cre.ma/p/phytonutri-kr/reviews/00/00/09/74/33/image1/e978bfa9fd56cbb7.webp,1000000281,지니어스뉴 드롭스&톡캡스,https://www.phytonutri.kr/goods/goods_view.php?goodsNo=1000000281,4.9,14386,0,0,{'1': ['만족도']},[],[]
97434,52,5,smart_store,스마트스토어,아기가 응가 아주 잘 쌉니다!,2026-05-26T20:43:39+09:00,2026-05-26,네이버 스마트스토어 구****,5,True,1,1,https://assets6.cre.ma/p/phytonutri-kr/reviews/00/00/09/74/34/image1/af9187abd07e0a51.webp,1000000363,데이프로바 for baby 아기 쌩쌩유산균,https://www.phytonutri.kr/goods/goods_view.php?goodsNo=1000000363,4.9,363,0,0,"{'1': ['만족도', '효과']}",[],[]
97435,52,5,smart_store,스마트스토어,"아기도 거부하지 않고 잘먹어요
오래동아누먹일거라서 6개월부누한꺼번에 구매했습니다",2026-05-26T20:06:51+09:00,2026-05-26,네이버 스마트스토어 구****,5,True,1,1,https://assets6.cre.ma/p/phytonutri-kr/reviews/00/00/09/74/35/image1/91f8fa074dc11575.webp,1000000281,지니어스뉴 드롭스&톡캡스,https://www.phytonutri.kr/goods/goods_view.php?goodsNo=1000000281,4.9,14386,0,0,"{'1': ['만족도', '맛']}",[],[]
97436,52,5,smart_store,스마트스토어,"오메가3  찾다가 리뷰보고 구매했어요
아이가 잘 먹었으면 좋겠어요",2026-05-26T19:54:57+09:00,2026-05-26,네이버 스마트스토어 구****,5,False,0,0,,1000000281,지니어스뉴 드롭스&톡캡스,https://www.phytonutri.kr/goods/goods_view.php?goodsNo=1000000281,4.9,14386,0,0,{'0': ['만족도']},[],[]
97437,52,5,smart_store,스마트스토어,"면연력을 위해 비타민디을 먹시작했어요
아이도 잘 먹어요",2026-05-26T18:35:48+09:00,2026-05-26,네이버 스마트스토어 구****,5,True,1,1,https://assets6.cre.ma/p/phytonutri-kr/reviews/00/00/09/74/37/image1/a6c34618d2fee994.webp,1000000325,투데이디3 for baby,https://www.phytonutri.kr/goods/goods_view.php?goodsNo=1000000325,4.9,3634,0,0,{'1': ['만족도']},[],[]
97438,52,5,smart_store,스마트스토어,휴대간편 먹이기편함 성분.,2026-05-26T18:18:14+09:00,2026-05-26,네이버 스마트스토어 구****,5,True,1,1,https://assets6.cre.ma/p/phytonutri-kr/reviews/00/00/09/74/38/image1/ad6db22f79b737c1.webp,1000000297,"그로우뉴 아이 유기농칼슘&마그네슘 비타민D,k2,망간",https://www.phytonutri.kr/goods/goods_view.php?goodsNo=1000000297,4.9,4844,0,0,"{'1': ['만족도', '성분', '편의성']}",[],[]
97439,52,5,smart_store,스마트스토어,먹이기 너무 편하고 안 비린지 아기가 넙죽 잘 받아먹어서 아주 좋아요! 재재재구매템이에요! 강추합니다~,2026-05-26T18:17:30+09:00,2026-05-26,네이버 스마트스토어 구****,5,True,1,1,https://assets6.cre.ma/p/phytonutri-kr/reviews/00/00/09/74/39/image1/70c2709fe345396f.webp,1000000281,지니어스뉴 드롭스&톡캡스,https://www.phytonutri.kr/goods/goods_view.php?goodsNo=1000000281,4.9,14386,0,0,"{'2': ['만족도', '편의성'], '1': ['맛']}",[],[]
97440,52,5,smart_store,스마트스토어,돌때부터 꾸준히 먹이고 있고 현재 17개월인데 여전히 안 비린지 숟가락에 주면 잘 받아먹어요! 먹이기도 쉽고 재재재구매했어요~추천합니다,2026-05-26T18:15:57+09:00,2026-05-26,네이버 스마트스토어 구****,5,True,1,1,https://assets6.cre.ma/p/phytonutri-kr/reviews/00/00/09/74/40/image1/11fcb75cbe8bdc28.webp,1000000281,지니어스뉴 드롭스&톡캡스,https://www.phytonutri.kr/goods/goods_view.php?goodsNo=1000000281,4.9,14386,0,0,"{'2': ['만족도'], '1': ['맛']}",[],[]
97441,52,5,smart_store,스마트스토어,"아이가 6개월 됐을때부터 꾸준히 먹이고 있어요^^ 
아이도 거부감 없이 잘먹었습니다^^",2026-05-26T17:30:48+09:00,2026-05-26,네이버 스마트스토어 구****,5,True,1,1,https://assets6.cre.ma/p/phytonutri-kr/reviews/00/00/09/74/41/image1/e72b6f89f21d367b.webp,1000000281,지니어스뉴 드롭스&톡캡스,https://www.phytonutri.kr/goods/goods_view.php?goodsNo=1000000281,4.9,14386,0,0,"{'1': ['만족도', '효과']}",[],[]
97442,52,5,smart_store,스마트스토어,남편이 잘 챙겨 먹고 있어요 음주도 조절해서 그런지 좋아보이네요,2026-05-26T17:24:18+09:00,2026-05-26,네이버 스마트스토어 구****,5,True,1,1,https://assets6.cre.ma/p/phytonutri-kr/reviews/00/00/09/74/42/image1/44e62365062aa430.webp,1000000343,리버티엑스,https://www.phytonutri.kr/goods/goods_view.php?goodsNo=1000000343,4.7,268,0,0,{'1': ['만족도']},[],[]
97443,52,5,smart_store,스마트스토어,늘 사먹이는 영양제입니다~,2026-05-26T16:47:25+09:00,2026-05-26,네이버 스마트스토어 구****,5,False,0,0,,1000000281,지니어스뉴 드롭스&톡캡스,https://www.phytonutri.kr/goods/goods_view.php?goodsNo=1000000281,4.9,14386,0,0,{'1': ['만족도']},[],[]
97444,52,5,smart_store,스마트스토어,"추천 받아서 샀는데 
오메가3는 오히려 뜯다가 쏟거나 묻는게 더 많아요ㅜㅜ(밥에 섞어줘도 아기가 헛구역질 해요ㅜㅜ)
드롭형이 더 편한 것 같아요
일단 잘 먹여보고 잘 적응하면 계속 구매하려고 해요",2026-05-26T16:35:59+09:00,2026-05-26,네이버 스마트스토어 구****,5,True,1,1,https://assets6.cre.ma/p/phytonutri-kr/reviews/00/00/09/74/44/image1/806e10d5f359e0d8.webp,1000000298,지니어스뉴 + 그로우뉴 세트,https://www.phytonutri.kr/goods/goods_view.php?goodsNo=1000000298,4.9,1413,0,0,"{'-1': ['만족도', '포장', '편의성']}",[],[]
97445,52,5,smart_store,스마트스토어,늘 시키는 비타빈입니다 ^^ 추천드려요,2026-05-26T16:29:09+09:00,2026-05-26,네이버 스마트스토어 구****,5,True,1,1,https://assets6.cre.ma/p/phytonutri-kr/reviews/00/00/09/74/45/image1/66ccb4e05b034508.webp,1000000325,투데이디3 for baby,https://www.phytonutri.kr/goods/goods_view.php?goodsNo=1000000325,4.9,3634,0,0,{'2': ['만족도']},[],[]
97446,52,5,smart_store,스마트스토어,이거 먹이고나면 효○직빵,2026-05-26T16:15:01+09:00,2026-05-26,네이버 스마트스토어 구****,5,True,1,1,https://assets6.cre.ma/p/phytonutri-kr/reviews/00/00/09/74/46/image1/02edf172b2389e93.webp,1000000363,데이프로바 for baby 아기 쌩쌩유산균,https://www.phytonutri.kr/goods/goods_view.php?goodsNo=1000000363,4.9,363,0,0,"{'1': ['만족도'], '2': ['효과']}",[],[]
97447,52,5,smart_store,스마트스토어,톡캡스가 편해요ㅋㅋ,2026-05-26T16:13:52+09:00,2026-05-26,네이버 스마트스토어 구****,5,True,1,1,https://assets6.cre.ma/p/phytonutri-kr/reviews/00/00/09/74/47/image1/26290bf1c270482a.webp,1000000298,지니어스뉴 + 그로우뉴 세트,https://www.phytonutri.kr/goods/goods_view.php?goodsNo=1000000298,4.9,1413,0,0,"{'1': ['만족도', '편의성']}",[],[]
97448,52,5,smart_store,스마트스토어,좋아지는게 느꺄집니다!,2026-05-26T15:57:47+09:00,2026-05-26,네이버 스마트스토어 구****,5,True,1,1,https://assets6.cre.ma/p/phytonutri-kr/reviews/00/00/09/74/48/image1/c7eea676463f3b35.webp,1000000281,지니어스뉴 드롭스&톡캡스,https://www.phytonutri.kr/goods/goods_view.php?goodsNo=1000000281,4.9,14386,0,0,"{'1': ['만족도', '효과']}",[],[]
97449,52,5,smart_store,스마트스토어,한 포에 양이 조금 많으나 퓨레에 섞어 먹이면 그래도 잘 먹습니다 또한 마그네슘이 포함되어 있어서인지 아기의 수면 질이 조금 더 좋아진 것 같습니다,2026-05-26T15:45:13+09:00,2026-05-26,네이버 스마트스토어 구****,5,True,1,1,https://assets6.cre.ma/p/phytonutri-kr/reviews/00/00/09/74/49/image1/1feb89fbae66b958.webp,1000000298,지니어스뉴 + 그로우뉴 세트,https://www.phytonutri.kr/goods/goods_view.php?goodsNo=1000000298,4.9,1413,0,0,"{'1': ['만족도', '효과'], '0': ['용량']}",[],[]
97450,53,5,smart_store,스마트스토어,"칼마티,오메가,비타민D 
3종셋트 챙격먹어요",2026-05-26T15:31:59+09:00,2026-05-26,네이버 스마트스토어 구****,5,True,1,1,https://assets6.cre.ma/p/phytonutri-kr/reviews/00/00/09/74/50/image1/7db4f5bc8416c2b5.webp,1000000297,"그로우뉴 아이 유기농칼슘&마그네슘 비타민D,k2,망간",https://www.phytonutri.kr/goods/goods_view.php?goodsNo=1000000297,4.9,4844,0,0,"{'0': ['만족도', '제품구성']}",[],[]
97451,53,5,smart_store,스마트스토어,"칼마티,오메가,비타민D 
3종셋트 챙격먹어요",2026-05-26T15:30:57+09:00,2026-05-26,네이버 스마트스토어 구****,5,True,1,1,https://assets6.cre.ma/p/phytonutri-kr/reviews/00/00/09/74/51/image1/eec53365d349af35.webp,1000000375,데이프로바 + 투데이디3 세트,https://www.phytonutri.kr/goods/goods_view.php?goodsNo=1000000375,4.9,139,0,0,"{'0': ['만족도', '제품구성']}",[],[]
97452,53,5,smart_store,스마트스토어,"칼마티,오메가,비타민D 
3종셋트 챙격먹어요",2026-05-26T15:30:34+09:00,2026-05-26,네이버 스마트스토어 구****,5,True,1,1,https://assets6.cre.ma/p/phytonutri-kr/reviews/00/00/09/74/52/image1/19126058ed60c93d.webp,1000000298,지니어스뉴 + 그로우뉴 세트,https://www.phytonutri.kr/goods/goods_view.php?goodsNo=1000000298,4.9,1413,0,0,"{'0': ['만족도', '제품구성']}",[],[]
97453,53,5,smart_store,스마트스토어,아기가 자주 아픈것 같아서 추천받아서 샀어요!!,2026-05-26T15:06:05+09:00,2026-05-26,네이버 스마트스토어 구****,5,True,1,1,https://assets6.cre.ma/p/phytonutri-kr/reviews/00/00/09/74/53/image1/c15898e488a0e667.webp,1000000281,지니어스뉴 드롭스&톡캡스,https://www.phytonutri.kr/goods/goods_view.php?goodsNo=1000000281,4.9,14386,0,0,{'0': ['만족도']},[],[]
97454,53,5,smart_store,스마트스토어,좋아요 배송 빠르고,2026-05-26T14:53:00+09:00,2026-05-26,네이버 스마트스토어 구****,5,False,0,0,,1000000281,지니어스뉴 드롭스&톡캡스,https://www.phytonutri.kr/goods/goods_view.php?goodsNo=1000000281,4.9,14386,0,0,"{'1': ['만족도', '배송']}",[],[]
97455,53,5,smart_store,스마트스토어,돌아기 다른 도라지즙 너무 잘 먹어서 여기꺼 사봐요,2026-05-26T14:46:14+09:00,2026-05-26,네이버 스마트스토어 구****,5,True,1,1,https://assets6.cre.ma/p/phytonutri-kr/reviews/00/00/09/74/55/image1/e6129822b229114e.webp,1000000342,이트뮨 아이 배도라지즙&엘더베리사과주스,https://www.phytonutri.kr/goods/goods_view.php?goodsNo=1000000342,4.9,609,0,0,{'0': ['만족도']},[],[]
97456,53,5,smart_store,스마트스토어,꾸준히 먹이고 있어요 이거 먹고 말 트였다는 리뷰들이 있었는데 20개월이 되었음에도 왜 말을 안할까요ㅜㅜ 엄마아빠할미할비만하고...ㅜㅜ,2026-05-26T14:33:37+09:00,2026-05-26,네이버 스마트스토어 구****,5,False,0,0,,1000000281,지니어스뉴 드롭스&톡캡스,https://www.phytonutri.kr/goods/goods_view.php?goodsNo=1000000281,4.9,14386,0,0,{'-1': ['만족도']},[],[]
97457,53,5,smart_store,스마트스토어,떨어질날없이 아이에게 꾸준히 주고있어요!,2026-05-26T14:19:01+09:00,2026-05-26,네이버 스마트스토어 구****,5,True,1,1,https://assets6.cre.ma/p/phytonutri-kr/reviews/00/00/09/74/57/image1/66feb22b17254511.webp,1000000281,지니어스뉴 드롭스&톡캡스,https://www.phytonutri.kr/goods/goods_view.php?goodsNo=1000000281,4.9,14386,0,0,{'1': ['만족도']},[],[]
97458,53,5,smart_store,스마트스토어,하루두번 아이에게 꼬박꼬박 주고있어요!,2026-05-26T14:17:32+09:00,2026-05-26,네이버 스마트스토어 구****,5,True,1,1,https://assets6.cre.ma/p/phytonutri-kr/reviews/00/00/09/74/58/image1/1f2fbc890ca03f59.webp,1000000281,지니어스뉴 드롭스&톡캡스,https://www.phytonutri.kr/goods/goods_view.php?goodsNo=1000000281,4.9,14386,0,0,{'1': ['만족도']},[],[]
97459,53,5,smart_store,스마트스토어,저희아기는 요플레에 섞어서 먹이는데 잘먹어요2,2026-05-26T14:12:19+09:00,2026-05-26,네이버 스마트스토어 구****,5,True,1,1,https://assets6.cre.ma/p/phytonutri-kr/reviews/00/00/09/74/59/image1/99cab363cf696fb5.webp,1000000281,지니어스뉴 드롭스&톡캡스,https://www.phytonutri.kr/goods/goods_view.php?goodsNo=1000000281,4.9,14386,0,0,{'1': ['만족도']},[],[]
97460,53,5,smart_store,스마트스토어,항상 먹이는데 애기가 잘 먹어요!,2026-05-26T12:35:09+09:00,2026-05-26,네이버 스마트스토어 구****,5,False,0,0,,1000000281,지니어스뉴 드롭스&톡캡스,https://www.phytonutri.kr/goods/goods_view.php?goodsNo=1000000281,4.9,14386,0,0,{'1': ['만족도']},[],[]
97461,53,5,smart_store,스마트스토어,"아기가 너무 잘먹어요
그리고 이거 꾸준히 먹여서 그런지 잠도 더 잘 잡니다",2026-05-26T12:11:16+09:00,2026-05-26,네이버 스마트스토어 구****,5,True,1,1,https://assets6.cre.ma/p/phytonutri-kr/reviews/00/00/09/74/61/image1/b97dd8f33bcc6b4a.webp,1000000297,"그로우뉴 아이 유기농칼슘&마그네슘 비타민D,k2,망간",https://www.phytonutri.kr/goods/goods_view.php?goodsNo=1000000297,4.9,4844,0,0,"{'1': ['만족도', '효과']}",[],[]
97462,53,5,smart_store,스마트스토어,지금까지 꾸준히먹이는제품입니다,2026-05-26T12:06:56+09:00,2026-05-26,네이버 스마트스토어 구****,5,True,1,1,https://assets6.cre.ma/p/phytonutri-kr/reviews/00/00/09/74/62/image1/7302ac9dffbd4ae4.webp,1000000281,지니어스뉴 드롭스&톡캡스,https://www.phytonutri.kr/goods/goods_view.php?goodsNo=1000000281,4.9,14386,0,0,{'1': ['만족도']},[],[]
97463,53,5,smart_store,스마트스토어,곧 9개월아가 감기 한번 열 한반 안나고 넘  건강하게 잘 크고 있어요~~,2026-05-26T11:52:34+09:00,2026-05-26,네이버 스마트스토어 구****,5,True,1,1,https://assets6.cre.ma/p/phytonutri-kr/reviews/00/00/09/74/63/image1/27543dca739741f2.webp,1000000281,지니어스뉴 드롭스&톡캡스,https://www.phytonutri.kr/goods/goods_view.php?goodsNo=1000000281,4.9,14386,0,0,"{'1': ['만족도', '효과']}",[],[]
97464,53,5,smart_store,스마트스토어,아기 아침마다 주는데 이틀에 한번 먹이고 있어요~ 분유 물에도 잘 녹고 온도가 좀 높아도 안심이 되네요~~ 확실히 응가는 너무 잘해요~~,2026-05-26T11:51:12+09:00,2026-05-26,네이버 스마트스토어 구****,5,True,1,1,https://assets6.cre.ma/p/phytonutri-kr/reviews/00/00/09/74/64/image1/9eaa4398db930053.webp,1000000363,데이프로바 for baby 아기 쌩쌩유산균,https://www.phytonutri.kr/goods/goods_view.php?goodsNo=1000000363,4.9,363,0,0,"{'1': ['만족도', '품질'], '2': ['효과']}",[],[]
97465,53,4,smart_store,스마트스토어,사은품으로 접했다가 사먹게돼요 잘먹네요,2026-05-26T11:50:12+09:00,2026-05-26,네이버 스마트스토어 구****,5,True,1,1,https://assets6.cre.ma/p/phytonutri-kr/reviews/00/00/09/74/65/image1/eb07523c3c8513e0.webp,1000000342,이트뮨 아이 배도라지즙&엘더베리사과주스,https://www.phytonutri.kr/goods/goods_view.php?goodsNo=1000000342,4.9,609,0,0,{'1': ['만족도']},[],[]
97466,53,5,smart_store,스마트스토어,"아기를 위해서 구매해서 잘먹이고있습니다
냄새가 심함 흘리지마세요ㅠ",2026-05-26T11:49:49+09:00,2026-05-26,네이버 스마트스토어 구****,5,True,1,1,https://assets6.cre.ma/p/phytonutri-kr/reviews/00/00/09/74/66/image1/b96f69b1fdf41b96.webp,1000000281,지니어스뉴 드롭스&톡캡스,https://www.phytonutri.kr/goods/goods_view.php?goodsNo=1000000281,4.9,14386,0,0,"{'0': ['만족도'], '-1': ['냄새']}",[],[]
97467,53,5,smart_store,스마트스토어,배송도 빠르고 다른 유산균보다 확실히 힘안주고 편하게 하는게 보여요~~,2026-05-26T11:49:16+09:00,2026-05-26,네이버 스마트스토어 구****,5,True,1,1,https://assets6.cre.ma/p/phytonutri-kr/reviews/00/00/09/74/67/image1/4161c7a21027ce52.webp,1000000375,데이프로바 + 투데이디3 세트,https://www.phytonutri.kr/goods/goods_view.php?goodsNo=1000000375,4.9,139,0,0,"{'1': ['만족도', '배송', '효과']}",[],[]
97468,53,5,smart_store,스마트스토어,"아이 영양제로 구입했어요~ 원래 먹던거라
부담없이 먹고있어요~~ 곧 9개월 애기도 아직 아픈적 한번 없고 건강해요^^",2026-05-26T11:47:20+09:00,2026-05-26,네이버 스마트스토어 구****,5,True,1,1,https://assets6.cre.ma/p/phytonutri-kr/reviews/00/00/09/74/68/image1/915fd79b7d7dab33.webp,1000000375,데이프로바 + 투데이디3 세트,https://www.phytonutri.kr/goods/goods_view.php?goodsNo=1000000375,4.9,139,0,0,"{'1': ['만족도', '효과']}",[],[]
97469,53,5,smart_store,스마트스토어,"아기 먹이기 편하고 아기도 거부없이
잘 먹어요!",2026-05-26T11:37:46+09:00,2026-05-26,네이버 스마트스토어 구****,5,True,1,1,https://assets6.cre.ma/p/phytonutri-kr/reviews/00/00/09/74/69/image1/c0fdad76375d8cb7.webp,1000000325,투데이디3 for baby,https://www.phytonutri.kr/goods/goods_view.php?goodsNo=1000000325,4.9,3634,0,0,"{'1': ['만족도', '편의성']}",[],[]
97470,54,5,smart_store,스마트스토어,밤타입으로 먹이니 줄줄 흐르지 않아서 좋아요,2026-05-26T11:25:57+09:00,2026-05-26,네이버 스마트스토어 구****,5,False,0,0,,1000000325,투데이디3 for baby,https://www.phytonutri.kr/goods/goods_view.php?goodsNo=1000000325,4.9,3634,0,0,"{'1': ['만족도', '제품상태']}",[],[]
97471,54,5,smart_store,스마트스토어,아이에게 먹이기 편해요.,2026-05-26T11:23:25+09:00,2026-05-26,네이버 스마트스토어 구****,5,True,1,1,https://assets6.cre.ma/p/phytonutri-kr/reviews/00/00/09/74/71/image1/fe069a06eb174293.webp,1000000281,지니어스뉴 드롭스&톡캡스,https://www.phytonutri.kr/goods/goods_view.php?goodsNo=1000000281,4.9,14386,0,0,"{'1': ['만족도', '편의성']}",[],[]
97472,54,5,smart_store,스마트스토어,아이에게 먹이기 편해요.,2026-05-26T11:22:47+09:00,2026-05-26,네이버 스마트스토어 구****,5,True,1,1,https://assets6.cre.ma/p/phytonutri-kr/reviews/00/00/09/74/72/image1/7b75511fc48fda27.webp,1000000281,지니어스뉴 드롭스&톡캡스,https://www.phytonutri.kr/goods/goods_view.php?goodsNo=1000000281,4.9,14386,0,0,"{'1': ['만족도', '편의성']}",[],[]
97473,54,5,smart_store,스마트스토어,"패킹 상태나 제품리티 좋습니다
꾸준히 먹일생각입니다",2026-05-26T11:22:16+09:00,2026-05-26,네이버 스마트스토어 구****,5,True,1,1,https://assets6.cre.ma/p/phytonutri-kr/reviews/00/00/09/74/73/image1/260169693ac5ce65.webp,1000000281,지니어스뉴 드롭스&톡캡스,https://www.phytonutri.kr/goods/goods_view.php?goodsNo=1000000281,4.9,14386,0,0,"{'1': ['만족도', '포장']}",[],[]
97474,54,5,smart_store,스마트스토어,아이가 좋아해서 잘 먹이고 있어요 한번에 많이사는게 가격도 좋고 자주 주문안해서 좋아요,2026-05-26T11:09:25+09:00,2026-05-26,네이버 스마트스토어 구****,5,True,1,1,https://assets6.cre.ma/p/phytonutri-kr/reviews/00/00/09/74/74/image1/667bbe185ab2c162.webp,1000000342,이트뮨 아이 배도라지즙&엘더베리사과주스,https://www.phytonutri.kr/goods/goods_view.php?goodsNo=1000000342,4.9,609,0,0,"{'1': ['만족도', '가격']}",[],[]
97475,54,5,smart_store,스마트스토어,하나씩 먹일수 있어서 산패걱정도 없고 깔끔하고 좋아요.,2026-05-26T11:08:50+09:00,2026-05-26,네이버 스마트스토어 구****,5,False,0,0,,1000000325,투데이디3 for baby,https://www.phytonutri.kr/goods/goods_view.php?goodsNo=1000000325,4.9,3634,0,0,"{'1': ['만족도', '제품상태', '편의성']}",[],[]
97476,54,5,smart_store,스마트스토어,"애기가 맛있는지 너무 잘먹어요
분명맛이 분유?인가 맛이 안난다했는데
애기가 너무 잘먹습니다ㅋㅋㅋ
분유양이 늘었어요",2026-05-26T10:46:45+09:00,2026-05-26,네이버 스마트스토어 구****,5,True,1,1,https://assets6.cre.ma/p/phytonutri-kr/reviews/00/00/09/74/76/image1/4d92417a6c8f64c5.webp,1000000363,데이프로바 for baby 아기 쌩쌩유산균,https://www.phytonutri.kr/goods/goods_view.php?goodsNo=1000000363,4.9,363,0,0,"{'1': ['만족도', '용량', '맛']}",[],[]
97477,54,5,smart_store,스마트스토어,꾸준히 먹이고 있습니다 재주문 하려구요,2026-05-26T10:21:06+09:00,2026-05-26,네이버 스마트스토어 구****,5,True,1,1,https://assets6.cre.ma/p/phytonutri-kr/reviews/00/00/09/74/77/image1/974ea499c50fa2a0.webp,1000000298,지니어스뉴 + 그로우뉴 세트,https://www.phytonutri.kr/goods/goods_view.php?goodsNo=1000000298,4.9,1413,0,0,{'2': ['만족도']},[],[]
97478,54,5,smart_store,스마트스토어,"잘먹이고 있어요 변비인데 효○는
잘모르겠어요 좋은균이 많아지길",2026-05-26T10:09:08+09:00,2026-05-26,네이버 스마트스토어 구****,5,True,1,1,https://assets6.cre.ma/p/phytonutri-kr/reviews/00/00/09/74/78/image1/7d68b9beff72896b.webp,1000000363,데이프로바 for baby 아기 쌩쌩유산균,https://www.phytonutri.kr/goods/goods_view.php?goodsNo=1000000363,4.9,363,0,0,"{'0': ['만족도', '효과']}",[],[]
97479,54,5,smart_store,스마트스토어,비린내 진짜 제일 없는 제품이라 쭈욱 사용중이에요~~!,2026-05-26T09:14:50+09:00,2026-05-26,네이버 스마트스토어 구****,5,False,0,0,,1000000281,지니어스뉴 드롭스&톡캡스,https://www.phytonutri.kr/goods/goods_view.php?goodsNo=1000000281,4.9,14386,0,0,"{'2': ['만족도', '냄새']}",[],[]
97480,54,5,smart_store,스마트스토어,아기가 잘 먹고 있어요~! 오늘도 주문하러 들어왔습니다~! 많이 파세요~!ㅎㅎ,2026-05-26T09:14:41+09:00,2026-05-26,네이버 스마트스토어 구****,5,True,1,1,https://assets6.cre.ma/p/phytonutri-kr/reviews/00/00/09/74/80/image1/29dac1270ec583a1.webp,1000000325,투데이디3 for baby,https://www.phytonutri.kr/goods/goods_view.php?goodsNo=1000000325,4.9,3634,0,0,{'2': ['만족도']},[],[]
97381,54,5,smart_store,스마트스토어,늘 먹어요! 먹이기 편하고 먹기도 편해서 늘 잘 먹이고 있습니다✨,2026-05-26T08:59:24+09:00,2026-05-26,네이버 스마트스토어 구****,5,True,1,1,https://assets6.cre.ma/p/phytonutri-kr/reviews/00/00/09/73/81/image1/7fec73971a7a5afc.webp,1000000325,투데이디3 for baby,https://www.phytonutri.kr/goods/goods_view.php?goodsNo=1000000325,4.9,3634,0,0,"{'1': ['만족도', '편의성']}",[],[]
97382,54,5,smart_store,스마트스토어,첫째 이어 둘째도 먹이고있어요,2026-05-26T08:32:04+09:00,2026-05-26,네이버 스마트스토어 구****,5,True,1,1,https://assets6.cre.ma/p/phytonutri-kr/reviews/00/00/09/73/82/image1/5160dbc20e1caf2e.webp,1000000281,지니어스뉴 드롭스&톡캡스,https://www.phytonutri.kr/goods/goods_view.php?goodsNo=1000000281,4.9,14386,0,0,{'1': ['만족도']},[],[]
97383,54,3,smart_store,스마트스토어,오일밤 형태는 아직 잘 못삼키네요 ㅠ,2026-05-26T07:32:40+09:00,2026-05-26,네이버 스마트스토어 구****,5,True,1,1,https://assets6.cre.ma/p/phytonutri-kr/reviews/00/00/09/73/83/image1/d3e2e5685509183a.webp,1000000325,투데이디3 for baby,https://www.phytonutri.kr/goods/goods_view.php?goodsNo=1000000325,4.9,3634,0,0,"{'-1': ['만족도', '식감']}",[],[]
97384,54,4,smart_store,스마트스토어,아이가오메가먹는걸좋아해요,2026-05-26T06:15:19+09:00,2026-05-26,네이버 스마트스토어 구****,5,False,0,0,,1000000281,지니어스뉴 드롭스&톡캡스,https://www.phytonutri.kr/goods/goods_view.php?goodsNo=1000000281,4.9,14386,0,0,{'1': ['만족도']},[],[]
97385,54,5,smart_store,스마트스토어,늘 먹는 제품입니다 오메가 3 이걸로 정착함,2026-05-26T04:11:12+09:00,2026-05-26,네이버 스마트스토어 구****,5,True,1,1,https://assets6.cre.ma/p/phytonutri-kr/reviews/00/00/09/73/85/image1/14cfb5b9068eeb72.webp,1000000281,지니어스뉴 드롭스&톡캡스,https://www.phytonutri.kr/goods/goods_view.php?goodsNo=1000000281,4.9,14386,0,0,{'2': ['만족도']},[],[]
97386,54,5,smart_store,스마트스토어,오메가3 밥에 넣어줘서 줘도 잘먹어요 저는 냄새가 나는데 아기는 잘 모르고 잘 먹네요,2026-05-26T04:10:03+09:00,2026-05-26,네이버 스마트스토어 구****,5,True,1,1,https://assets6.cre.ma/p/phytonutri-kr/reviews/00/00/09/73/86/image1/3853b65d36ce49e4.webp,1000000281,지니어스뉴 드롭스&톡캡스,https://www.phytonutri.kr/goods/goods_view.php?goodsNo=1000000281,4.9,14386,0,0,"{'1': ['만족도'], '-1': ['냄새']}",[],[]
97387,54,5,smart_store,스마트스토어,간편하게 먹기 좋아요,2026-05-26T00:04:23+09:00,2026-05-26,네이버 스마트스토어 구****,5,True,1,1,https://assets6.cre.ma/p/phytonutri-kr/reviews/00/00/09/73/87/image1/53b643b21c2dc038.webp,1000000281,지니어스뉴 드롭스&톡캡스,https://www.phytonutri.kr/goods/goods_view.php?goodsNo=1000000281,4.9,14386,0,0,"{'1': ['만족도', '편의성']}",[],[]
97388,54,5,smart_store,스마트스토어,"엄마들소문듣고.구매하게되었습니다.
아이에게.딱조은.뼈건강식품..
지금처음구매인데.너무기대가됩니다
10개월접어드는.남자아이인데요.
분유에도.이유식에도..
퓨레등~타서먹였는데.너무잘먹습니다",2026-05-25T23:55:06+09:00,2026-05-25,네이버 스마트스토어 구****,5,True,1,1,https://assets6.cre.ma/p/phytonutri-kr/reviews/00/00/09/73/88/image1/83c1a0daad4c888b.webp,1000000297,"그로우뉴 아이 유기농칼슘&마그네슘 비타민D,k2,망간",https://www.phytonutri.kr/goods/goods_view.php?goodsNo=1000000297,4.9,4844,0,0,{'1': ['만족도']},[],[]
97389,54,5,smart_store,스마트스토어,"꾸준히 아이에게 먹여오고 있는 제품이에요!
칼마디는 저녁식후 배도라지즙에 타먹이고 있고
오메가는 냄새가 심하지않아 음식에 넣어 먹이고 있는데 세트구성은 많이 저렴해서 너무 좋아용!",2026-05-25T23:14:09+09:00,2026-05-25,네이버 스마트스토어 구****,5,True,1,1,https://assets6.cre.ma/p/phytonutri-kr/reviews/00/00/09/73/89/image1/4889e876c44a6443.webp,1000000298,지니어스뉴 + 그로우뉴 세트,https://www.phytonutri.kr/goods/goods_view.php?goodsNo=1000000298,4.9,1413,0,0,"{'2': ['만족도', '가격', '제품구성'], '1': ['냄새']}",[],[]
97390,55,5,smart_store,스마트스토어,애기가 잘먹어줘서 좋아요~ 효○는 믿고 기다려보겠습니다!ㅎㅎ,2026-05-25T22:56:13+09:00,2026-05-25,네이버 스마트스토어 구****,5,True,1,1,https://assets6.cre.ma/p/phytonutri-kr/reviews/00/00/09/73/90/image1/8fb750a6b63e28f5.webp,1000000325,투데이디3 for baby,https://www.phytonutri.kr/goods/goods_view.php?goodsNo=1000000325,4.9,3634,0,0,{'1': ['만족도']},[],[]
97391,55,5,smart_store,스마트스토어,7개월 37개월 다 잘먹어요 재구매의사 있어요,2026-05-25T22:44:51+09:00,2026-05-25,네이버 스마트스토어 구****,5,True,1,1,https://assets6.cre.ma/p/phytonutri-kr/reviews/00/00/09/73/91/image1/478e139ec753ebb9.webp,1000000325,투데이디3 for baby,https://www.phytonutri.kr/goods/goods_view.php?goodsNo=1000000325,4.9,3634,0,0,{'1': ['만족도']},[],[]
97392,55,5,smart_store,스마트스토어,매번 구매해서 먹이고 있어요 ㅎㅎ,2026-05-25T22:27:19+09:00,2026-05-25,네이버 스마트스토어 구****,5,False,0,0,,1000000281,지니어스뉴 드롭스&톡캡스,https://www.phytonutri.kr/goods/goods_view.php?goodsNo=1000000281,4.9,14386,0,0,{'2': ['만족도']},[],[]
97393,55,5,smart_store,스마트스토어,좋아요~~~~~~~,2026-05-25T22:13:16+09:00,2026-05-25,네이버 스마트스토어 구****,5,False,0,0,,1000000325,투데이디3 for baby,https://www.phytonutri.kr/goods/goods_view.php?goodsNo=1000000325,4.9,3634,0,0,{'1': ['만족도']},[],[]
97394,55,5,smart_store,스마트스토어,성분 좋은 것 같아요~,2026-05-25T21:22:09+09:00,2026-05-25,네이버 스마트스토어 구****,5,True,1,1,https://assets6.cre.ma/p/phytonutri-kr/reviews/00/00/09/73/94/image1/e4aa3b9e4aa312f2.webp,1000000281,지니어스뉴 드롭스&톡캡스,https://www.phytonutri.kr/goods/goods_view.php?goodsNo=1000000281,4.9,14386,0,0,"{'1': ['만족도', '성분']}",[],[]
97395,55,5,smart_store,스마트스토어,매번 잘 먹이고 있어요~ 먹이기 편리해서 좋습니다ㅎㅎ,2026-05-25T20:57:39+09:00,2026-05-25,네이버 스마트스토어 구****,5,True,1,1,https://assets6.cre.ma/p/phytonutri-kr/reviews/00/00/09/73/95/image1/31f10dc2f80611df.webp,1000000325,투데이디3 for baby,https://www.phytonutri.kr/goods/goods_view.php?goodsNo=1000000325,4.9,3634,0,0,"{'1': ['만족도', '편의성']}",[],[]
97396,55,5,smart_store,스마트스토어,편하게 먹고 시원하게 먹고 간식으로 챙기기 좋아요,2026-05-25T20:31:07+09:00,2026-05-25,네이버 스마트스토어 구****,5,True,1,1,https://assets6.cre.ma/p/phytonutri-kr/reviews/00/00/09/73/96/image1/278b31f60770a700.webp,1000000342,이트뮨 아이 배도라지즙&엘더베리사과주스,https://www.phytonutri.kr/goods/goods_view.php?goodsNo=1000000342,4.9,609,0,0,"{'1': ['만족도', '편의성']}",[],[]
97397,55,5,smart_store,스마트스토어,아이에게 오메가가 필요하다고 해서 먹이는데 잘 먹어요.,2026-05-25T20:24:02+09:00,2026-05-25,네이버 스마트스토어 구****,5,False,0,0,,1000000281,지니어스뉴 드롭스&톡캡스,https://www.phytonutri.kr/goods/goods_view.php?goodsNo=1000000281,4.9,14386,0,0,{'1': ['만족도']},[],[]
97398,55,5,smart_store,스마트스토어,"분유나 이유식과 함께 먹기 편해요^^ 
아이가 잘 먹어요!",2026-05-25T19:44:27+09:00,2026-05-25,네이버 스마트스토어 구****,5,True,1,1,https://assets6.cre.ma/p/phytonutri-kr/reviews/00/00/09/73/98/image1/57ac91dc7f28d43f.webp,1000000325,투데이디3 for baby,https://www.phytonutri.kr/goods/goods_view.php?goodsNo=1000000325,4.9,3634,0,0,"{'1': ['만족도', '편의성']}",[],[]
97399,55,5,smart_store,스마트스토어,먹이기 쉽고 잘먹는듯,2026-05-25T18:56:46+09:00,2026-05-25,네이버 스마트스토어 구****,5,False,0,0,,1000000281,지니어스뉴 드롭스&톡캡스,https://www.phytonutri.kr/goods/goods_view.php?goodsNo=1000000281,4.9,14386,0,0,"{'1': ['만족도', '편의성']}",[],[]
97400,55,5,smart_store,스마트스토어,"애기들 음식에 항상 넣어줘요
맛있엉ㅅ",2026-05-25T18:24:53+09:00,2026-05-25,네이버 스마트스토어 구****,5,True,1,1,https://assets6.cre.ma/p/phytonutri-kr/reviews/00/00/09/74/00/image1/33c7884a36c0aaed.webp,1000000281,지니어스뉴 드롭스&톡캡스,https://www.phytonutri.kr/goods/goods_view.php?goodsNo=1000000281,4.9,14386,0,0,"{'1': ['만족도', '맛']}",[],[]
97401,55,5,smart_store,스마트스토어,"애기들 음식에 항상 넣어주고 있어요
괜찮아요!",2026-05-25T18:24:25+09:00,2026-05-25,네이버 스마트스토어 구****,5,True,1,1,https://assets6.cre.ma/p/phytonutri-kr/reviews/00/00/09/74/01/image1/aaa5ab0e586a3352.webp,1000000281,지니어스뉴 드롭스&톡캡스,https://www.phytonutri.kr/goods/goods_view.php?goodsNo=1000000281,4.9,14386,0,0,{'1': ['만족도']},[],[]
97402,55,5,smart_store,스마트스토어,아이 영양제로 좋아요,2026-05-25T18:08:29+09:00,2026-05-25,네이버 스마트스토어 구****,5,True,1,1,https://assets6.cre.ma/p/phytonutri-kr/reviews/00/00/09/74/02/image1/f4200453bd9685df.webp,1000000281,지니어스뉴 드롭스&톡캡스,https://www.phytonutri.kr/goods/goods_view.php?goodsNo=1000000281,4.9,14386,0,0,{'1': ['만족도']},[],[]
97403,55,5,smart_store,스마트스토어,아기가 너무 잘 먹어요~ 그래서 떨어지면 항상 재구매합니다,2026-05-25T17:41:02+09:00,2026-05-25,네이버 스마트스토어 구****,5,False,0,0,,1000000342,이트뮨 아이 배도라지즙&엘더베리사과주스,https://www.phytonutri.kr/goods/goods_view.php?goodsNo=1000000342,4.9,609,0,0,{'2': ['만족도']},[],[]
97404,55,5,smart_store,스마트스토어,한포씩 되어있어 먹이기 편리하고 아기가 건강하게 컸으면 좋겠어서 구매했어요,2026-05-25T16:20:40+09:00,2026-05-25,네이버 스마트스토어 구****,5,True,1,1,https://assets6.cre.ma/p/phytonutri-kr/reviews/00/00/09/74/04/image1/3817f4a1168fa0b6.webp,1000000297,"그로우뉴 아이 유기농칼슘&마그네슘 비타민D,k2,망간",https://www.phytonutri.kr/goods/goods_view.php?goodsNo=1000000297,4.9,4844,0,0,"{'1': ['만족도', '편의성']}",[],[]
97405,55,5,smart_store,스마트스토어,포장뜯는것도 편리하고 다른음식에 섞어주기도 좋아요!,2026-05-25T15:57:39+09:00,2026-05-25,네이버 스마트스토어 구****,5,True,1,1,https://assets6.cre.ma/p/phytonutri-kr/reviews/00/00/09/74/05/image1/858f18570c866e54.webp,1000000297,"그로우뉴 아이 유기농칼슘&마그네슘 비타민D,k2,망간",https://www.phytonutri.kr/goods/goods_view.php?goodsNo=1000000297,4.9,4844,0,0,"{'1': ['만족도', '편의성']}",[],[]
97406,55,4,smart_store,스마트스토어,비타민디는 여기꺼만 먹이고 있어요 ㅋ 산화걱정도 없고 ㅋㅋ 가격이 조금 나갈뿐 그리고 기존에 있던거보다 유통기한이 짧아요,2026-05-25T15:48:56+09:00,2026-05-25,네이버 스마트스토어 구****,5,True,1,1,https://assets6.cre.ma/p/phytonutri-kr/reviews/00/00/09/74/06/image1/8aea0b158f5ae225.webp,1000000325,투데이디3 for baby,https://www.phytonutri.kr/goods/goods_view.php?goodsNo=1000000325,4.9,3634,0,0,"{'0': ['만족도'], '-1': ['가격', '유통기한']}",[],[]
97407,55,5,smart_store,스마트스토어,아기가 생선종류를 안먹고 유제품도 치즈밖에 안먹어서 걱정이였는데 이 제품 알고부터는 크게 걱정하지않습니다^^  퓨레살짝해서 섞어 먹여주니 잘 받아먹네요~,2026-05-25T13:39:18+09:00,2026-05-25,네이버 스마트스토어 구****,5,False,0,0,,1000000298,지니어스뉴 + 그로우뉴 세트,https://www.phytonutri.kr/goods/goods_view.php?goodsNo=1000000298,4.9,1413,0,0,{'1': ['만족도']},[],[]
97408,55,5,smart_store,스마트스토어,제품이 포장이 잘 되어있어요,2026-05-25T13:34:15+09:00,2026-05-25,네이버 스마트스토어 구****,5,False,0,0,,1000000325,투데이디3 for baby,https://www.phytonutri.kr/goods/goods_view.php?goodsNo=1000000325,4.9,3634,0,0,"{'1': ['만족도', '포장']}",[],[]
97409,55,5,smart_store,스마트스토어,배송도 빠르고 좋습니다,2026-05-25T12:12:02+09:00,2026-05-25,네이버 스마트스토어 구****,5,True,1,1,https://assets6.cre.ma/p/phytonutri-kr/reviews/00/00/09/74/09/image1/68ad93e9836b3af0.webp,1000000325,투데이디3 for baby,https://www.phytonutri.kr/goods/goods_view.php?goodsNo=1000000325,4.9,3634,0,0,"{'1': ['만족도', '배송']}",[],[]
97410,56,5,smart_store,스마트스토어,아기 먹이기도 편하고 아기도 잘먹어요,2026-05-25T11:45:19+09:00,2026-05-25,네이버 스마트스토어 구****,5,False,0,0,,1000000325,투데이디3 for baby,https://www.phytonutri.kr/goods/goods_view.php?goodsNo=1000000325,4.9,3634,0,0,"{'1': ['만족도', '편의성']}",[],[]
97411,56,5,smart_store,스마트스토어,다 먹이고 4개 남아서 또 주문합니당 낱개로 포장 되어있어서 한포씩 까서 먹이기도 쉽고 챙겨 다니기도 좋네요,2026-05-25T11:44:53+09:00,2026-05-25,네이버 스마트스토어 구****,5,True,1,1,https://assets6.cre.ma/p/phytonutri-kr/reviews/00/00/09/74/11/image1/7de773e69b3ef1b0.webp,1000000297,"그로우뉴 아이 유기농칼슘&마그네슘 비타민D,k2,망간",https://www.phytonutri.kr/goods/goods_view.php?goodsNo=1000000297,4.9,4844,0,0,"{'1': ['만족도', '포장', '편의성']}",[],[]
97412,56,5,smart_store,스마트스토어,한번만 시켜 먹어보자 햇는데 벌써 3번째 주문이네요 드라마틱한 변화는 모르겠지만 그래듀 먹이는게 맘이 편해서 먹여요,2026-05-25T11:42:31+09:00,2026-05-25,네이버 스마트스토어 구****,5,True,1,1,https://assets6.cre.ma/p/phytonutri-kr/reviews/00/00/09/74/12/image1/873b169c589e4667.webp,1000000297,"그로우뉴 아이 유기농칼슘&마그네슘 비타민D,k2,망간",https://www.phytonutri.kr/goods/goods_view.php?goodsNo=1000000297,4.9,4844,0,0,"{'1': ['만족도'], '0': ['효과']}",[],[]
97413,56,5,smart_store,스마트스토어,아기 비타민디  재재재구매중이요,2026-05-25T10:41:31+09:00,2026-05-25,네이버 스마트스토어 구****,5,True,1,1,https://assets6.cre.ma/p/phytonutri-kr/reviews/00/00/09/74/13/image1/b5aa3257f83e5e39.webp,1000000325,투데이디3 for baby,https://www.phytonutri.kr/goods/goods_view.php?goodsNo=1000000325,4.9,3634,0,0,{'2': ['만족도']},[],[]
97414,56,5,smart_store,스마트스토어,매번먹던거에요 배송빠르고좋아요,2026-05-25T10:08:01+09:00,2026-05-25,네이버 스마트스토어 구****,5,True,1,1,https://assets6.cre.ma/p/phytonutri-kr/reviews/00/00/09/74/14/image1/9d5b11eb93ce31a7.webp,1000000325,투데이디3 for baby,https://www.phytonutri.kr/goods/goods_view.php?goodsNo=1000000325,4.9,3634,0,0,"{'1': ['만족도', '배송']}",[],[]
97415,56,5,smart_store,스마트스토어,아기 먹이고 있어요 좋습니다,2026-05-25T09:44:12+09:00,2026-05-25,네이버 스마트스토어 구****,5,True,1,1,https://assets6.cre.ma/p/phytonutri-kr/reviews/00/00/09/74/15/image1/2ebbe04eca746c07.webp,1000000281,지니어스뉴 드롭스&톡캡스,https://www.phytonutri.kr/goods/goods_view.php?goodsNo=1000000281,4.9,14386,0,0,{'1': ['만족도']},[],[]
97416,56,5,smart_store,스마트스토어,우연히 알게된 유산균인데 아이들도 잘먹고 성분도좋아서 요걸로 이제 정착이에요!,2026-05-25T09:10:17+09:00,2026-05-25,네이버 스마트스토어 구****,5,True,1,1,https://assets6.cre.ma/p/phytonutri-kr/reviews/00/00/09/74/16/image1/9619fbb7f1fc619f.webp,1000000363,데이프로바 for baby 아기 쌩쌩유산균,https://www.phytonutri.kr/goods/goods_view.php?goodsNo=1000000363,4.9,363,0,0,"{'1': ['만족도', '성분']}",[],[]
97417,56,5,smart_store,스마트스토어,항상 믿고 먹이는 제품 또 주문  하러 갑니다,2026-05-25T09:08:41+09:00,2026-05-25,네이버 스마트스토어 구****,5,False,0,0,,1000000281,지니어스뉴 드롭스&톡캡스,https://www.phytonutri.kr/goods/goods_view.php?goodsNo=1000000281,4.9,14386,0,0,{'2': ['만족도']},[],[]
97418,56,5,smart_store,스마트스토어,아기에게 좋을것 같습니다.,2026-05-25T08:25:31+09:00,2026-05-25,네이버 스마트스토어 구****,5,True,1,1,https://assets6.cre.ma/p/phytonutri-kr/reviews/00/00/09/74/18/image1/dce5c96765f4797f.webp,1000000281,지니어스뉴 드롭스&톡캡스,https://www.phytonutri.kr/goods/goods_view.php?goodsNo=1000000281,4.9,14386,0,0,{'1': ['만족도']},[],[]
97380,56,4,,자사몰(고도몰),"우파 유튜브 뉴스데일리베스트 광고 믿고 구매함
매일 아침 1포씩 복용중입니다
좋은 결과 기대합니다
",2026-05-25T08:13:37+09:00,2026-05-25,안****,10,True,1,1,https://assets6.cre.ma/p/phytonutri-kr/reviews/00/00/09/73/80/image1/c3392e0bfa9aee1e.webp,1000000403,뉴스데일리베스트 X 파이토뉴트리 맨드로포즈+,https://www.phytonutri.kr/goods/goods_view.php?goodsNo=1000000403,4.7,193,0,0,{'0': ['만족도']},"[{'name': '수량옵션선', 'value': '맨드로포즈 3+1 BOX (4개월분)'}]","[{'name': '성별', 'value': '남성'}, {'name': '연령대', 'value': '50대 이상'}]"
97419,56,5,smart_store,스마트스토어,아이가 처음에는 거부하다 2통 먹으니 이제 본인이 아해서 먹어요~~,2026-05-25T08:08:16+09:00,2026-05-25,네이버 스마트스토어 구****,5,False,0,0,,1000000281,지니어스뉴 드롭스&톡캡스,https://www.phytonutri.kr/goods/goods_view.php?goodsNo=1000000281,4.9,14386,0,0,{'1': ['만족도']},[],[]
97420,56,5,smart_store,스마트스토어,우유 안먹는 아기라 꼭 챙겨먹여요,2026-05-25T04:16:47+09:00,2026-05-25,네이버 스마트스토어 구****,5,True,1,1,https://assets6.cre.ma/p/phytonutri-kr/reviews/00/00/09/74/20/image1/90a2aa76eca4a450.webp,1000000297,"그로우뉴 아이 유기농칼슘&마그네슘 비타민D,k2,망간",https://www.phytonutri.kr/goods/goods_view.php?goodsNo=1000000297,4.9,4844,0,0,{'0': ['만족도']},[],[]
97421,56,5,smart_store,스마트스토어,"좋아요.
아기영양제로먹이고 있어요~",2026-05-24T22:23:22+09:00,2026-05-24,네이버 스마트스토어 구****,5,True,1,1,https://assets6.cre.ma/p/phytonutri-kr/reviews/00/00/09/74/21/image1/652baeb893d67755.webp,1000000281,지니어스뉴 드롭스&톡캡스,https://www.phytonutri.kr/goods/goods_view.php?goodsNo=1000000281,4.9,14386,0,0,{'1': ['만족도']},[],[]
97422,56,5,smart_store,스마트스토어,"식물성오메가   아이들이 복용하먼서부터  더 잘 놀고 더 야무져진느낌이들어용 
맛도괜찮은지 잘먹네요~",2026-05-24T21:15:55+09:00,2026-05-24,네이버 스마트스토어 구****,5,True,1,1,https://assets6.cre.ma/p/phytonutri-kr/reviews/00/00/09/74/22/image1/4a3c5cd4e1ff72bd.webp,1000000281,지니어스뉴 드롭스&톡캡스,https://www.phytonutri.kr/goods/goods_view.php?goodsNo=1000000281,4.9,14386,0,0,"{'1': ['만족도', '맛', '효과']}",[],[]
97306,56,5,smart_store,스마트스토어,가격은 좀 비싸지만 아기에게 꼭 필요한 오메가3 섭취를 편하게 할 수 있어서 좋은 것 같아요!!,2026-05-24T19:38:48+09:00,2026-05-24,네이버 스마트스토어 구****,5,True,1,1,https://assets6.cre.ma/p/phytonutri-kr/reviews/00/00/09/73/06/image1/a9234101dd0c5cd3.webp,1000000281,지니어스뉴 드롭스&톡캡스,https://www.phytonutri.kr/goods/goods_view.php?goodsNo=1000000281,4.9,14386,0,0,"{'1': ['만족도', '효과', '편의성'], '-1': ['가격']}",[],[]
97307,56,5,smart_store,스마트스토어,간편해서 좋아요. 아이에게 꾸준히 먹이고 있어요~,2026-05-24T19:24:45+09:00,2026-05-24,네이버 스마트스토어 구****,5,True,1,1,https://assets6.cre.ma/p/phytonutri-kr/reviews/00/00/09/73/07/image1/33cf413847f6b613.webp,1000000281,지니어스뉴 드롭스&톡캡스,https://www.phytonutri.kr/goods/goods_view.php?goodsNo=1000000281,4.9,14386,0,0,"{'1': ['만족도', '편의성']}",[],[]
97308,56,5,smart_store,스마트스토어,아주좋아요 믿고사는제품입니다!!,2026-05-24T17:23:53+09:00,2026-05-24,네이버 스마트스토어 구****,5,False,0,0,,1000000281,지니어스뉴 드롭스&톡캡스,https://www.phytonutri.kr/goods/goods_view.php?goodsNo=1000000281,4.9,14386,0,0,{'2': ['만족도']},[],[]
97309,56,5,smart_store,스마트스토어,먹이기 편하고 좋아요~~~^^,2026-05-24T17:23:29+09:00,2026-05-24,네이버 스마트스토어 구****,5,False,0,0,,1000000281,지니어스뉴 드롭스&톡캡스,https://www.phytonutri.kr/goods/goods_view.php?goodsNo=1000000281,4.9,14386,0,0,"{'1': ['만족도', '편의성']}",[],[]
97310,56,5,smart_store,스마트스토어,꾸준히 챙겨주고있어요~~👍,2026-05-24T17:10:30+09:00,2026-05-24,네이버 스마트스토어 구****,5,True,1,1,https://assets6.cre.ma/p/phytonutri-kr/reviews/00/00/09/73/10/image1/44c2091631f99459.webp,1000000325,투데이디3 for baby,https://www.phytonutri.kr/goods/goods_view.php?goodsNo=1000000325,4.9,3634,0,0,{'1': ['만족도']},[],[]
97311,56,5,smart_store,스마트스토어,너무너무좋아요~~~~,2026-05-24T16:53:26+09:00,2026-05-24,네이버 스마트스토어 구****,5,False,0,0,,1000000325,투데이디3 for baby,https://www.phytonutri.kr/goods/goods_view.php?goodsNo=1000000325,4.9,3634,0,0,{'2': ['만족도']},[],[]
97312,57,5,smart_store,스마트스토어,친구네 아기가 먹는거보고 따라구매했는데 아기가진짜좋아해요,2026-05-24T16:37:53+09:00,2026-05-24,네이버 스마트스토어 구****,5,True,1,1,https://assets6.cre.ma/p/phytonutri-kr/reviews/00/00/09/73/12/image1/87816fa4ba3d517b.webp,1000000342,이트뮨 아이 배도라지즙&엘더베리사과주스,https://www.phytonutri.kr/goods/goods_view.php?goodsNo=1000000342,4.9,609,0,0,"{'1': ['만족도', '맛']}",[],[]
97313,57,5,smart_store,스마트스토어,이유식 전에 늘 챙겨주는데 아이가 잘 먹고 편해요,2026-05-24T14:57:59+09:00,2026-05-24,네이버 스마트스토어 구****,5,True,1,1,https://assets6.cre.ma/p/phytonutri-kr/reviews/00/00/09/73/13/image1/787f5279ad7305fc.webp,1000000325,투데이디3 for baby,https://www.phytonutri.kr/goods/goods_view.php?goodsNo=1000000325,4.9,3634,0,0,"{'1': ['만족도', '편의성']}",[],[]
97314,57,4,smart_store,스마트스토어,두돌까진 꾸준히먹이려고 하는데 아기가 잘 먹어줘서 예뻐요,2026-05-24T14:31:03+09:00,2026-05-24,네이버 스마트스토어 구****,5,True,1,1,https://assets6.cre.ma/p/phytonutri-kr/reviews/00/00/09/73/14/image1/2ef5d38c779c6ead.webp,1000000281,지니어스뉴 드롭스&톡캡스,https://www.phytonutri.kr/goods/goods_view.php?goodsNo=1000000281,4.9,14386,0,0,{'1': ['만족도']},[],[]
97315,57,5,smart_store,스마트스토어,항상 꾸준히 시켜먹고 있어요,2026-05-24T12:43:11+09:00,2026-05-24,네이버 스마트스토어 구****,5,True,1,1,https://assets6.cre.ma/p/phytonutri-kr/reviews/00/00/09/73/15/image1/e9e2c638a76e9ec3.webp,1000000298,지니어스뉴 + 그로우뉴 세트,https://www.phytonutri.kr/goods/goods_view.php?goodsNo=1000000298,4.9,1413,0,0,{'2': ['만족도']},[],[]
97316,57,5,smart_store,스마트스토어,"아이가 우선 잘 먹어서 너무 좋습니다. 그만큼 아이한테 맛있는 맛 같아요. DHA는 수저로 그냥 줘도 잘 먹고 비타민D 또한 쭉 짜서 먹이면 편하고요. 다만, 손에 좀 뭍는 것은 어쩔 수 없네요. D도 수저에 짜서 줘도 물론 잘 먹고 편합니다.
먹이지 않는 것에 비해 효○가 어느정도인지는 잘 모르겠으나 지속적으로 먹이는 것이 아이한테는 도움이 될 것이라고 믿고 먹이고 있습니다.",2026-05-24T12:39:29+09:00,2026-05-24,네이버 스마트스토어 구****,5,True,1,1,https://assets6.cre.ma/p/phytonutri-kr/reviews/00/00/09/73/16/image1/9eb2236a5e374402.webp,1000000326,지니어스뉴 + 투데이디3 세트,https://www.phytonutri.kr/goods/goods_view.php?goodsNo=1000000326,4.8,245,0,0,"{'1': ['만족도', '맛', '편의성'], '0': ['성분']}",[],[]
97317,57,5,smart_store,스마트스토어,아기가 너무 잘 먹어서 좋아요!!,2026-05-24T12:15:04+09:00,2026-05-24,네이버 스마트스토어 구****,5,True,1,1,https://assets6.cre.ma/p/phytonutri-kr/reviews/00/00/09/73/17/image1/4430b60eac0f8ff7.webp,1000000281,지니어스뉴 드롭스&톡캡스,https://www.phytonutri.kr/goods/goods_view.php?goodsNo=1000000281,4.9,14386,0,0,"{'1': ['만족도', '맛']}",[],[]
97318,57,5,smart_store,스마트스토어,"매일 하루 두번 먹이고 있어요 
먹이기도 편리하고 아기도 너무 잘 먹네요 ㅎㅎ",2026-05-24T12:14:28+09:00,2026-05-24,네이버 스마트스토어 구****,5,True,1,1,https://assets6.cre.ma/p/phytonutri-kr/reviews/00/00/09/73/18/image1/03afe57c5184971c.webp,1000000281,지니어스뉴 드롭스&톡캡스,https://www.phytonutri.kr/goods/goods_view.php?goodsNo=1000000281,4.9,14386,0,0,"{'1': ['만족도', '편의성']}",[],[]
97319,57,4,smart_store,스마트스토어,아내가 구매하여 먹이는 중입니다,2026-05-24T11:34:16+09:00,2026-05-24,네이버 스마트스토어 구****,5,False,0,0,,1000000325,투데이디3 for baby,https://www.phytonutri.kr/goods/goods_view.php?goodsNo=1000000325,4.9,3634,0,0,{'0': ['만족도']},[],[]
97320,57,5,smart_store,스마트스토어,"스포이드 형식이라 먹일때 편해요 무엇보다 고소한 들기름? 향이라서 음식에 섞어줘도 잘먹네요!
재구매의사있습니다",2026-05-24T11:26:12+09:00,2026-05-24,네이버 스마트스토어 구****,5,True,1,1,https://assets6.cre.ma/p/phytonutri-kr/reviews/00/00/09/73/20/image1/3bc3905fb773a1d5.webp,1000000281,지니어스뉴 드롭스&톡캡스,https://www.phytonutri.kr/goods/goods_view.php?goodsNo=1000000281,4.9,14386,0,0,"{'1': ['만족도', '포장', '냄새', '편의성']}",[],[]
97321,57,4,smart_store,스마트스토어,좋아여 나쁘지안항요,2026-05-24T10:39:11+09:00,2026-05-24,네이버 스마트스토어 구****,5,False,0,0,,1000000281,지니어스뉴 드롭스&톡캡스,https://www.phytonutri.kr/goods/goods_view.php?goodsNo=1000000281,4.9,14386,0,0,{'1': ['만족도']},[],[]
97322,57,4,smart_store,스마트스토어,좋아여 나쁘지안항요,2026-05-24T10:38:47+09:00,2026-05-24,네이버 스마트스토어 구****,5,False,0,0,,1000000281,지니어스뉴 드롭스&톡캡스,https://www.phytonutri.kr/goods/goods_view.php?goodsNo=1000000281,4.9,14386,0,0,{'1': ['만족도']},[],[]
97323,57,5,smart_store,스마트스토어,너무 좋아요- 항상 잘 시켜먹고 있습니다,2026-05-24T10:22:02+09:00,2026-05-24,네이버 스마트스토어 구****,5,False,0,0,,1000000281,지니어스뉴 드롭스&톡캡스,https://www.phytonutri.kr/goods/goods_view.php?goodsNo=1000000281,4.9,14386,0,0,{'2': ['만족도']},[],[]
97324,57,4,smart_store,스마트스토어,다먹으면 또 구매할께요,2026-05-24T10:05:13+09:00,2026-05-24,네이버 스마트스토어 구****,5,False,0,0,,1000000281,지니어스뉴 드롭스&톡캡스,https://www.phytonutri.kr/goods/goods_view.php?goodsNo=1000000281,4.9,14386,0,0,{'1': ['만족도']},[],[]
97325,57,4,smart_store,스마트스토어,아이가 잘 받아먹고 키가 많이 큰 느낌이에요,2026-05-24T09:15:52+09:00,2026-05-24,네이버 스마트스토어 구****,5,True,1,1,https://assets6.cre.ma/p/phytonutri-kr/reviews/00/00/09/73/25/image1/90065ece1c3552a6.webp,1000000298,지니어스뉴 + 그로우뉴 세트,https://www.phytonutri.kr/goods/goods_view.php?goodsNo=1000000298,4.9,1413,0,0,"{'1': ['만족도', '효과']}",[],[]
97326,57,4,smart_store,스마트스토어,돌지난후부터 먹이는데 진짜 잘먹고 키가 쑥쑥 크는 느낌이에요,2026-05-24T09:12:24+09:00,2026-05-24,네이버 스마트스토어 구****,5,True,1,1,https://assets6.cre.ma/p/phytonutri-kr/reviews/00/00/09/73/26/image1/6deb0ca78d89c544.webp,1000000298,지니어스뉴 + 그로우뉴 세트,https://www.phytonutri.kr/goods/goods_view.php?goodsNo=1000000298,4.9,1413,0,0,"{'1': ['만족도', '효과']}",[],[]
97327,57,5,smart_store,스마트스토어,항상 잘 먹고 있어요,2026-05-24T08:45:08+09:00,2026-05-24,네이버 스마트스토어 구****,5,True,1,1,https://assets6.cre.ma/p/phytonutri-kr/reviews/00/00/09/73/27/image1/d93ad989df1c49d3.webp,1000000297,"그로우뉴 아이 유기농칼슘&마그네슘 비타민D,k2,망간",https://www.phytonutri.kr/goods/goods_view.php?goodsNo=1000000297,4.9,4844,0,0,{'1': ['만족도']},[],[]
97328,57,5,smart_store,스마트스토어,어릴때부터 구매해서 잘 먹고 있어요,2026-05-24T08:43:54+09:00,2026-05-24,네이버 스마트스토어 구****,5,True,1,1,https://assets6.cre.ma/p/phytonutri-kr/reviews/00/00/09/73/28/image1/58d3204c3a8ce808.webp,1000000325,투데이디3 for baby,https://www.phytonutri.kr/goods/goods_view.php?goodsNo=1000000325,4.9,3634,0,0,{'2': ['만족도']},[],[]
97329,57,5,smart_store,스마트스토어,어릴때부터 구매해서 잘 먹고 있어요,2026-05-24T08:42:40+09:00,2026-05-24,네이버 스마트스토어 구****,5,True,1,1,https://assets6.cre.ma/p/phytonutri-kr/reviews/00/00/09/73/29/image1/43b788bc5233e222.webp,1000000281,지니어스뉴 드롭스&톡캡스,https://www.phytonutri.kr/goods/goods_view.php?goodsNo=1000000281,4.9,14386,0,0,{'2': ['만족도']},[],[]
97330,57,5,smart_store,스마트스토어,아직 아기가 어려 분말 형태의 칼슘 영양제를 찾았어요(음식에 넣을 수 있도록),2026-05-24T08:34:24+09:00,2026-05-24,네이버 스마트스토어 구****,5,True,1,1,https://assets6.cre.ma/p/phytonutri-kr/reviews/00/00/09/73/30/image1/e6d4990d1348b424.webp,1000000297,"그로우뉴 아이 유기농칼슘&마그네슘 비타민D,k2,망간",https://www.phytonutri.kr/goods/goods_view.php?goodsNo=1000000297,4.9,4844,0,0,{'0': ['만족도']},[],[]
97331,57,5,smart_store,스마트스토어,"생선은 많이 못먹여줘서 먹이고 닜는데
좋아요 ㅎㅎㅎ 간편하고",2026-05-24T08:18:25+09:00,2026-05-24,네이버 스마트스토어 구****,5,True,1,1,https://assets6.cre.ma/p/phytonutri-kr/reviews/00/00/09/73/31/image1/cbb1ccce7e08d737.webp,1000000281,지니어스뉴 드롭스&톡캡스,https://www.phytonutri.kr/goods/goods_view.php?goodsNo=1000000281,4.9,14386,0,0,"{'1': ['만족도', '편의성']}",[],[]
97332,58,5,smart_store,스마트스토어,아이에게 영양을 먹여 보려고 구매했어요,2026-05-24T07:17:13+09:00,2026-05-24,네이버 스마트스토어 구****,5,True,1,1,https://assets6.cre.ma/p/phytonutri-kr/reviews/00/00/09/73/32/image1/f2350dbfb800413d.webp,1000000281,지니어스뉴 드롭스&톡캡스,https://www.phytonutri.kr/goods/goods_view.php?goodsNo=1000000281,4.9,14386,0,0,{'0': ['만족도']},[],[]
97333,58,5,smart_store,스마트스토어,항상 잘 먹이고 있어요,2026-05-24T00:39:37+09:00,2026-05-24,네이버 스마트스토어 구****,5,True,1,1,https://assets6.cre.ma/p/phytonutri-kr/reviews/00/00/09/73/33/image1/daeb380b8e86c3e4.webp,1000000325,투데이디3 for baby,https://www.phytonutri.kr/goods/goods_view.php?goodsNo=1000000325,4.9,3634,0,0,{'1': ['만족도']},[],[]
97334,58,5,smart_store,스마트스토어,애기때부터 꾸준히 먹이고 있어요,2026-05-24T00:24:27+09:00,2026-05-24,네이버 스마트스토어 구****,5,True,1,1,https://assets6.cre.ma/p/phytonutri-kr/reviews/00/00/09/73/34/image1/e5426befd44185cf.webp,1000000281,지니어스뉴 드롭스&톡캡스,https://www.phytonutri.kr/goods/goods_view.php?goodsNo=1000000281,4.9,14386,0,0,{'1': ['만족도']},[],[]
97335,58,5,smart_store,스마트스토어,애기때부터 꾸준히 먹이는중,2026-05-24T00:22:39+09:00,2026-05-24,네이버 스마트스토어 구****,5,True,1,1,https://assets6.cre.ma/p/phytonutri-kr/reviews/00/00/09/73/35/image1/af47c07f2049065f.webp,1000000281,지니어스뉴 드롭스&톡캡스,https://www.phytonutri.kr/goods/goods_view.php?goodsNo=1000000281,4.9,14386,0,0,{'1': ['만족도']},[],[]
97336,58,5,smart_store,스마트스토어,항상 구매중 효○ 좀 나타났으면,2026-05-24T00:22:00+09:00,2026-05-24,네이버 스마트스토어 구****,5,True,1,1,https://assets6.cre.ma/p/phytonutri-kr/reviews/00/00/09/73/36/image1/86dcdad8ce625294.webp,1000000297,"그로우뉴 아이 유기농칼슘&마그네슘 비타민D,k2,망간",https://www.phytonutri.kr/goods/goods_view.php?goodsNo=1000000297,4.9,4844,0,0,"{'0': ['만족도', '효과']}",[],[]
97337,58,5,smart_store,스마트스토어,재구매햇어요 잘 먹이고있어요,2026-05-23T23:18:04+09:00,2026-05-23,네이버 스마트스토어 구****,5,True,1,1,https://assets6.cre.ma/p/phytonutri-kr/reviews/00/00/09/73/37/image1/264400be106d44c9.webp,1000000297,"그로우뉴 아이 유기농칼슘&마그네슘 비타민D,k2,망간",https://www.phytonutri.kr/goods/goods_view.php?goodsNo=1000000297,4.9,4844,0,0,{'2': ['만족도']},[],[]
97338,58,5,smart_store,스마트스토어,아기 변비응가 구원템 ㅎㅎ,2026-05-23T22:39:43+09:00,2026-05-23,네이버 스마트스토어 구****,5,False,0,0,,1000000363,데이프로바 for baby 아기 쌩쌩유산균,https://www.phytonutri.kr/goods/goods_view.php?goodsNo=1000000363,4.9,363,0,0,"{'1': ['만족도', '효과']}",[],[]
97339,58,5,smart_store,스마트스토어,아기가 거부감 없이 잘 먹어서 이번엔 대량으로 구매해봤어요 ㅎㅎ,2026-05-23T22:37:16+09:00,2026-05-23,네이버 스마트스토어 구****,5,True,1,1,https://assets6.cre.ma/p/phytonutri-kr/reviews/00/00/09/73/39/image1/6d7d8589af848262.webp,1000000281,지니어스뉴 드롭스&톡캡스,https://www.phytonutri.kr/goods/goods_view.php?goodsNo=1000000281,4.9,14386,0,0,"{'1': ['만족도', '용량']}",[],[]
97340,58,5,smart_store,스마트스토어,잘받았습니다 감사합니다~!!,2026-05-23T21:38:08+09:00,2026-05-23,네이버 스마트스토어 구****,5,True,1,1,https://assets6.cre.ma/p/phytonutri-kr/reviews/00/00/09/73/40/image1/9e883e859effcc2b.webp,1000000281,지니어스뉴 드롭스&톡캡스,https://www.phytonutri.kr/goods/goods_view.php?goodsNo=1000000281,4.9,14386,0,0,{'0': ['만족도']},[],[]
97341,58,5,smart_store,스마트스토어,아기가 잘 먹어요. 믿고 삽니다.,2026-05-23T21:34:22+09:00,2026-05-23,네이버 스마트스토어 구****,5,True,1,1,https://assets6.cre.ma/p/phytonutri-kr/reviews/00/00/09/73/41/image1/87509e75c4e409d3.webp,1000000281,지니어스뉴 드롭스&톡캡스,https://www.phytonutri.kr/goods/goods_view.php?goodsNo=1000000281,4.9,14386,0,0,{'1': ['만족도']},[],[]
97342,58,5,smart_store,스마트스토어,먹이기 편하고 좋아요,2026-05-23T21:27:06+09:00,2026-05-23,네이버 스마트스토어 구****,5,True,1,1,https://assets6.cre.ma/p/phytonutri-kr/reviews/00/00/09/73/42/image1/d564631869057f26.webp,1000000281,지니어스뉴 드롭스&톡캡스,https://www.phytonutri.kr/goods/goods_view.php?goodsNo=1000000281,4.9,14386,0,0,"{'1': ['만족도', '편의성']}",[],[]
97343,58,5,smart_store,스마트스토어,돌 지난 아이 먹이려고 샀어요~~^^ 이유식이나 퓨레에 섞어 먹여요,2026-05-23T21:16:26+09:00,2026-05-23,네이버 스마트스토어 구****,5,True,1,1,https://assets6.cre.ma/p/phytonutri-kr/reviews/00/00/09/73/43/image1/5a797e3ab7fdac17.webp,1000000297,"그로우뉴 아이 유기농칼슘&마그네슘 비타민D,k2,망간",https://www.phytonutri.kr/goods/goods_view.php?goodsNo=1000000297,4.9,4844,0,0,{'0': ['만족도']},[],[]
97344,58,5,smart_store,스마트스토어,먹이기도 좋고 들고다니기도 편해요,2026-05-23T20:06:33+09:00,2026-05-23,네이버 스마트스토어 구****,5,True,1,1,https://assets6.cre.ma/p/phytonutri-kr/reviews/00/00/09/73/44/image1/7214609411716899.webp,1000000375,데이프로바 + 투데이디3 세트,https://www.phytonutri.kr/goods/goods_view.php?goodsNo=1000000375,4.9,139,0,0,"{'1': ['만족도', '편의성']}",[],[]
97345,58,5,smart_store,스마트스토어,다른 오메가3도 먹여보다가 결국 다시 지니어스뉴로 왔어요 ㅎㅎㅎ,2026-05-23T20:04:39+09:00,2026-05-23,네이버 스마트스토어 구****,5,True,1,1,https://assets6.cre.ma/p/phytonutri-kr/reviews/00/00/09/73/45/image1/585ac7a38448822e.webp,1000000281,지니어스뉴 드롭스&톡캡스,https://www.phytonutri.kr/goods/goods_view.php?goodsNo=1000000281,4.9,14386,0,0,{'2': ['만족도']},[],[]
97346,58,5,smart_store,스마트스토어,오메가 잘 먹고 있어요 ㅎㅎ,2026-05-23T18:50:29+09:00,2026-05-23,네이버 스마트스토어 구****,5,True,1,1,https://assets6.cre.ma/p/phytonutri-kr/reviews/00/00/09/73/46/image1/f0dfa3940b74d727.webp,1000000281,지니어스뉴 드롭스&톡캡스,https://www.phytonutri.kr/goods/goods_view.php?goodsNo=1000000281,4.9,14386,0,0,{'1': ['만족도']},[],[]
97347,58,5,smart_store,스마트스토어,잘받았습니다 만족합니다 좋아요좋아,2026-05-23T18:41:20+09:00,2026-05-23,네이버 스마트스토어 구****,5,False,0,0,,1000000281,지니어스뉴 드롭스&톡캡스,https://www.phytonutri.kr/goods/goods_view.php?goodsNo=1000000281,4.9,14386,0,0,{'1': ['만족도']},[],[]
97348,58,5,smart_store,스마트스토어,"아가가 건강하고 똑똑하게 자라나고 있어요
지니어스덕분입니다",2026-05-23T18:38:04+09:00,2026-05-23,네이버 스마트스토어 구****,5,True,1,1,https://assets6.cre.ma/p/phytonutri-kr/reviews/00/00/09/73/48/image1/056770c9b6981508.webp,1000000281,지니어스뉴 드롭스&톡캡스,https://www.phytonutri.kr/goods/goods_view.php?goodsNo=1000000281,4.9,14386,0,0,"{'1': ['만족도', '효과']}",[],[]
97349,58,5,smart_store,스마트스토어,빠른배송 감사합니다!,2026-05-23T16:11:09+09:00,2026-05-23,네이버 스마트스토어 구****,5,True,1,1,https://assets6.cre.ma/p/phytonutri-kr/reviews/00/00/09/73/49/image1/e950dd8a2671f05a.webp,1000000325,투데이디3 for baby,https://www.phytonutri.kr/goods/goods_view.php?goodsNo=1000000325,4.9,3634,0,0,"{'1': ['만족도', '배송']}",[],[]
97350,58,5,smart_store,스마트스토어,아이가 잘먹고있습니다.,2026-05-23T15:11:02+09:00,2026-05-23,네이버 스마트스토어 구****,5,False,0,0,,1000000297,"그로우뉴 아이 유기농칼슘&마그네슘 비타민D,k2,망간",https://www.phytonutri.kr/goods/goods_view.php?goodsNo=1000000297,4.9,4844,0,0,{'1': ['만족도']},[],[]
97351,58,5,smart_store,스마트스토어,받아서 먹이고 있어요,2026-05-23T15:06:12+09:00,2026-05-23,네이버 스마트스토어 구****,5,True,1,1,https://assets6.cre.ma/p/phytonutri-kr/reviews/00/00/09/73/51/image1/4d6550aa25176f61.webp,1000000281,지니어스뉴 드롭스&톡캡스,https://www.phytonutri.kr/goods/goods_view.php?goodsNo=1000000281,4.9,14386,0,0,{'0': ['만족도']},[],[]
97352,59,5,smart_store,스마트스토어,ㅎㅎ 애기 ㅇ돌지나서 영양제 셋킹다시해주ㅏㅅ너영,2026-05-23T14:06:06+09:00,2026-05-23,네이버 스마트스토어 구****,5,True,1,1,https://assets6.cre.ma/p/phytonutri-kr/reviews/00/00/09/73/52/image1/f87b258c279b036f.webp,1000000297,"그로우뉴 아이 유기농칼슘&마그네슘 비타민D,k2,망간",https://www.phytonutri.kr/goods/goods_view.php?goodsNo=1000000297,4.9,4844,0,0,{'0': ['만족도']},[],[]
97353,59,5,smart_store,스마트스토어,아이가 먹을수록 더건강해지는 같아 더욱 잘챙겨 주게 되네요~캡슐타입이라 간편하니 좋네요,2026-05-23T13:15:45+09:00,2026-05-23,네이버 스마트스토어 구****,5,True,1,1,https://assets6.cre.ma/p/phytonutri-kr/reviews/00/00/09/73/53/image1/0089a17a30164ff0.webp,1000000281,지니어스뉴 드롭스&톡캡스,https://www.phytonutri.kr/goods/goods_view.php?goodsNo=1000000281,4.9,14386,0,0,"{'1': ['만족도', '효과', '편의성']}",[],[]
97354,59,5,smart_store,스마트스토어,"아기가 비타민을 너무 잘먹어서 만족해서 이번에 재구매했어요😊
이번에는 10알씩 개별포장으로 바뀌어서 휴대하기도 편하고 위생적으로 보관할 수 있어서 더 좋네요. 가방에 넣어 다니기도 간편해서 외출할 때 챙기기 편해졌어요.",2026-05-23T11:16:17+09:00,2026-05-23,네이버 스마트스토어 구****,5,True,1,1,https://assets6.cre.ma/p/phytonutri-kr/reviews/00/00/09/73/54/image1/c4054997b73e254f.webp,1000000325,투데이디3 for baby,https://www.phytonutri.kr/goods/goods_view.php?goodsNo=1000000325,4.9,3634,0,0,"{'2': ['만족도'], '1': ['포장', '편의성']}",[],[]
97355,59,5,smart_store,스마트스토어,아이가 잘먹어여~~~~,2026-05-23T11:09:52+09:00,2026-05-23,네이버 스마트스토어 구****,5,False,0,0,,1000000298,지니어스뉴 + 그로우뉴 세트,https://www.phytonutri.kr/goods/goods_view.php?goodsNo=1000000298,4.9,1413,0,0,{'1': ['만족도']},[],[]
97356,59,5,smart_store,스마트스토어,크게 거부없이 잘 먹네요~,2026-05-23T10:10:42+09:00,2026-05-23,네이버 스마트스토어 구****,5,True,1,1,https://assets6.cre.ma/p/phytonutri-kr/reviews/00/00/09/73/56/image1/a6b1f604a61fdd84.webp,1000000379,지니어스뉴 키즈 국내 유일 스퀴즈 짜먹는 어린이 오메가3 DHA ALA 콜린 올로메가,https://www.phytonutri.kr/goods/goods_view.php?goodsNo=1000000379,4.6,127,0,0,{'1': ['만족도']},[],[]
97357,59,5,smart_store,스마트스토어,아기가 우유와 함께 잘 먹어요^^ 만족스럽습니다^^,2026-05-23T09:57:10+09:00,2026-05-23,네이버 스마트스토어 구****,5,True,1,1,https://assets6.cre.ma/p/phytonutri-kr/reviews/00/00/09/73/57/image1/3aad7128d77aa3b3.webp,1000000297,"그로우뉴 아이 유기농칼슘&마그네슘 비타민D,k2,망간",https://www.phytonutri.kr/goods/goods_view.php?goodsNo=1000000297,4.9,4844,0,0,{'1': ['만족도']},[],[]
97358,59,5,smart_store,스마트스토어,아주배송빨라여 꾸준히먹이구잇어요 아기가잘먹어요,2026-05-23T09:14:30+09:00,2026-05-23,네이버 스마트스토어 구****,5,True,1,1,https://assets6.cre.ma/p/phytonutri-kr/reviews/00/00/09/73/58/image1/579f2ac634af440a.webp,1000000281,지니어스뉴 드롭스&톡캡스,https://www.phytonutri.kr/goods/goods_view.php?goodsNo=1000000281,4.9,14386,0,0,"{'1': ['만족도', '식감'], '2': ['배송']}",[],[]
97359,59,3,smart_store,스마트스토어,그냥 쏘쏘하고 그냥쏘소합니다..,2026-05-23T09:04:16+09:00,2026-05-23,네이버 스마트스토어 구****,5,True,1,1,https://assets6.cre.ma/p/phytonutri-kr/reviews/00/00/09/73/59/image1/ca47e3d81ba49092.webp,1000000297,"그로우뉴 아이 유기농칼슘&마그네슘 비타민D,k2,망간",https://www.phytonutri.kr/goods/goods_view.php?goodsNo=1000000297,4.9,4844,0,0,{'0': ['만족도']},[],[]
97360,59,5,smart_store,스마트스토어,좋아요 몇박스째인지 항상 이것만 먹어요,2026-05-23T08:46:52+09:00,2026-05-23,네이버 스마트스토어 구****,5,True,1,1,https://assets6.cre.ma/p/phytonutri-kr/reviews/00/00/09/73/60/image1/fdd01acfd623d19b.webp,1000000297,"그로우뉴 아이 유기농칼슘&마그네슘 비타민D,k2,망간",https://www.phytonutri.kr/goods/goods_view.php?goodsNo=1000000297,4.9,4844,0,0,{'1': ['만족도']},[],[]
97361,59,5,smart_store,스마트스토어,항상이것만 먹어요!! 아주 좋아요,2026-05-23T08:46:19+09:00,2026-05-23,네이버 스마트스토어 구****,5,True,1,1,https://assets6.cre.ma/p/phytonutri-kr/reviews/00/00/09/73/61/image1/c2c42f6a935f65c1.webp,1000000281,지니어스뉴 드롭스&톡캡스,https://www.phytonutri.kr/goods/goods_view.php?goodsNo=1000000281,4.9,14386,0,0,{'2': ['만족도']},[],[]
97362,59,5,smart_store,스마트스토어,꾸준히 먹이는데 좋아요!,2026-05-23T07:46:04+09:00,2026-05-23,네이버 스마트스토어 구****,5,False,0,0,,1000000363,데이프로바 for baby 아기 쌩쌩유산균,https://www.phytonutri.kr/goods/goods_view.php?goodsNo=1000000363,4.9,363,0,0,{'1': ['만족도']},[],[]
97363,59,5,smart_store,스마트스토어,두번째구매임요 감사룽.,2026-05-23T03:31:55+09:00,2026-05-23,네이버 스마트스토어 구****,5,True,1,1,https://assets6.cre.ma/p/phytonutri-kr/reviews/00/00/09/73/63/image1/f03462131b62e253.webp,1000000281,지니어스뉴 드롭스&톡캡스,https://www.phytonutri.kr/goods/goods_view.php?goodsNo=1000000281,4.9,14386,0,0,{'2': ['만족도']},[],[]
97364,59,5,smart_store,스마트스토어,"1년 가까이 꾸준히 잘 먹고있어요
톡캡스로 바꾸고 더 편하게 깔끔하게 먹일 수 있어서 좋아요",2026-05-23T02:59:56+09:00,2026-05-23,네이버 스마트스토어 구****,5,True,1,1,https://assets6.cre.ma/p/phytonutri-kr/reviews/00/00/09/73/64/image1/da31fa5b0698fbea.webp,1000000281,지니어스뉴 드롭스&톡캡스,https://www.phytonutri.kr/goods/goods_view.php?goodsNo=1000000281,4.9,14386,0,0,"{'1': ['만족도', '편의성']}",[],[]
97365,59,5,smart_store,스마트스토어,👍👍👍👍👍👍👍👍👍,2026-05-23T01:33:38+09:00,2026-05-23,네이버 스마트스토어 구****,5,True,1,1,https://assets6.cre.ma/p/phytonutri-kr/reviews/00/00/09/73/65/image1/2785e80cbb760a11.webp,1000000281,지니어스뉴 드롭스&톡캡스,https://www.phytonutri.kr/goods/goods_view.php?goodsNo=1000000281,4.9,14386,0,0,{'2': ['만족도']},[],[]
97366,59,5,smart_store,스마트스토어,매일 꾸준히 아기가 너무 잘 먹어오..더 달라고 난리예오..굳,2026-05-23T01:21:22+09:00,2026-05-23,네이버 스마트스토어 구****,5,True,1,1,https://assets6.cre.ma/p/phytonutri-kr/reviews/00/00/09/73/66/image1/fd0f01f3d1bb6a93.webp,1000000281,지니어스뉴 드롭스&톡캡스,https://www.phytonutri.kr/goods/goods_view.php?goodsNo=1000000281,4.9,14386,0,0,"{'1': ['만족도', '맛']}",[],[]
97367,59,5,smart_store,스마트스토어,이유식에 섞어줘도 잘먹어요 !!!,2026-05-22T23:50:35+09:00,2026-05-22,네이버 스마트스토어 구****,5,True,1,1,https://assets6.cre.ma/p/phytonutri-kr/reviews/00/00/09/73/67/image1/43f5b9e086afce60.webp,1000000281,지니어스뉴 드롭스&톡캡스,https://www.phytonutri.kr/goods/goods_view.php?goodsNo=1000000281,4.9,14386,0,0,{'1': ['만족도']},[],[]
97368,59,5,smart_store,스마트스토어,후기가 좋아서 구매했어요,2026-05-22T23:44:02+09:00,2026-05-22,네이버 스마트스토어 구****,5,False,0,0,,1000000297,"그로우뉴 아이 유기농칼슘&마그네슘 비타민D,k2,망간",https://www.phytonutri.kr/goods/goods_view.php?goodsNo=1000000297,4.9,4844,0,0,{'1': ['만족도']},[],[]
97369,59,5,smart_store,스마트스토어,아주 만족합니다. 굿,2026-05-22T22:48:01+09:00,2026-05-22,네이버 스마트스토어 구****,5,False,0,0,,1000000297,"그로우뉴 아이 유기농칼슘&마그네슘 비타민D,k2,망간",https://www.phytonutri.kr/goods/goods_view.php?goodsNo=1000000297,4.9,4844,0,0,{'2': ['만족도']},[],[]
97370,59,5,smart_store,스마트스토어,아기 영양제로 아주 괜찮은거 같아요!!,2026-05-22T22:27:25+09:00,2026-05-22,네이버 스마트스토어 구****,5,True,1,1,https://assets6.cre.ma/p/phytonutri-kr/reviews/00/00/09/73/70/image1/723970db235dd9a7.webp,1000000281,지니어스뉴 드롭스&톡캡스,https://www.phytonutri.kr/goods/goods_view.php?goodsNo=1000000281,4.9,14386,0,0,{'1': ['만족도']},[],[]
97371,59,5,smart_store,스마트스토어,두돌 지난 아기에요. 파우더 형태는 먹이기 힘들어서 사보았는데 약국에서 주는 비타민캔디 먹듯 아주 잘 먹어요^^,2026-05-22T22:15:29+09:00,2026-05-22,네이버 스마트스토어 구****,5,True,1,1,https://assets6.cre.ma/p/phytonutri-kr/reviews/00/00/09/73/71/image1/ce07840a2da6dca0.webp,1000000397,"그로우뉴 ~키즈 유기농 칼슘&마그네슘 비타민D,k2 망간",https://www.phytonutri.kr/goods/goods_view.php?goodsNo=1000000397,4.9,63,0,0,"{'1': ['만족도', '편의성']}",[],[]
97372,60,5,smart_store,스마트스토어,비싼만큼 가치가 있음!,2026-05-22T21:52:06+09:00,2026-05-22,네이버 스마트스토어 구****,5,True,1,1,https://assets6.cre.ma/p/phytonutri-kr/reviews/00/00/09/73/72/image1/ac9786964791c6db.webp,1000000281,지니어스뉴 드롭스&톡캡스,https://www.phytonutri.kr/goods/goods_view.php?goodsNo=1000000281,4.9,14386,0,0,"{'1': ['만족도'], '0': ['가격']}",[],[]
97373,60,5,smart_store,스마트스토어,"​아이가 꾸준히 먹고 있는 지니어스뉴 오메가3 한달사용후기입니다.
​처음에는 오메가3 특유의 산패 걱정이 좀 있었는데, 톡캡스 개별 포장 형식이라 공기가 완벽히 차단되니 한 달 내내 위생적이고 안심하며 먹일 수 있었어요. 하나씩 톡 뜯어서 주면 되니까 챙겨주기도 정말 편하고요.
​식물성이라 비린내가 전혀 안 나고 맛있어서 그런지, 이제는 한 달쯤 되니까 아이가 먼저 알아보고 달라고 조르네요. 영양제통만 꺼내면 자기 건 줄 알고 아이가 먼저 먹으려고 손에서 뺏어갈 정도로 정말 좋아합니다.
​성분 배합도 믿음직스러운데 아이가 거부감은커녕 매일 먼저 찾아주니 부모 입장에서 이보다 편할 수가 없네요. 다 먹어가서 이번에 또 재구매하러 들어온 김에 리뷰 남깁니다. 안심하고 먹일 수 있는 아이 오메가3로 강력 추천해요!",2026-05-22T21:14:57+09:00,2026-05-22,네이버 스마트스토어 구****,5,True,1,1,https://assets6.cre.ma/p/phytonutri-kr/reviews/00/00/09/73/73/image1/2fd6a8433eb31eeb.webp,1000000281,지니어스뉴 드롭스&톡캡스,https://www.phytonutri.kr/goods/goods_view.php?goodsNo=1000000281,4.9,14386,0,0,"{'2': ['만족도'], '1': ['포장', '맛', '성분', '편의성']}",[],[]
97374,60,5,smart_store,스마트스토어,아기 성장에 도움이 되라고 먹이고 있어요. 잘 먹어요,2026-05-22T20:45:00+09:00,2026-05-22,네이버 스마트스토어 구****,5,True,1,1,https://assets6.cre.ma/p/phytonutri-kr/reviews/00/00/09/73/74/image1/693a8edf3ef2c9ca.webp,1000000297,"그로우뉴 아이 유기농칼슘&마그네슘 비타민D,k2,망간",https://www.phytonutri.kr/goods/goods_view.php?goodsNo=1000000297,4.9,4844,0,0,{'1': ['만족도']},[],[]
97375,60,5,smart_store,스마트스토어,아기가 밥이나 분유를 잘 안먹어서 다른 영양이라도 챙겨주자 싶어서 구매했어요. 분유나 이유식에 섞어 먹이면 되서 편하고 아기도 잘 먹어요,2026-05-22T20:35:22+09:00,2026-05-22,네이버 스마트스토어 구****,5,False,0,0,,1000000297,"그로우뉴 아이 유기농칼슘&마그네슘 비타민D,k2,망간",https://www.phytonutri.kr/goods/goods_view.php?goodsNo=1000000297,4.9,4844,0,0,"{'1': ['만족도', '편의성']}",[],[]
97376,60,5,smart_store,스마트스토어,아이 영양제로 최고 칼슘니랑 같이 멕이는중,2026-05-22T19:56:45+09:00,2026-05-22,네이버 스마트스토어 구****,5,True,1,1,https://assets6.cre.ma/p/phytonutri-kr/reviews/00/00/09/73/76/image1/6f36c1683ca883ee.webp,1000000281,지니어스뉴 드롭스&톡캡스,https://www.phytonutri.kr/goods/goods_view.php?goodsNo=1000000281,4.9,14386,0,0,{'1': ['만족도']},[],[]
97377,60,5,smart_store,스마트스토어,아기들 먹는용으로 최고 칼슘이랑 같이먹어도굿,2026-05-22T19:56:07+09:00,2026-05-22,네이버 스마트스토어 구****,5,True,1,1,https://assets6.cre.ma/p/phytonutri-kr/reviews/00/00/09/73/77/image1/753c5d72d59eb567.webp,1000000281,지니어스뉴 드롭스&톡캡스,https://www.phytonutri.kr/goods/goods_view.php?goodsNo=1000000281,4.9,14386,0,0,"{'1': ['만족도', '성분']}",[],[]
97378,60,5,smart_store,스마트스토어,너무좋아요 정말ㄹ!!!,2026-05-22T19:55:20+09:00,2026-05-22,네이버 스마트스토어 구****,5,True,1,1,https://assets6.cre.ma/p/phytonutri-kr/reviews/00/00/09/73/78/image1/24637b5af13556ee.webp,1000000325,투데이디3 for baby,https://www.phytonutri.kr/goods/goods_view.php?goodsNo=1000000325,4.9,3634,0,0,{'2': ['만족도']},[],[]
97379,60,5,smart_store,스마트스토어,아기 영양제를 고르고 고르다가 시켜서 먹이는데 효○가 좋아요~ 믿음직한 재료라서 잘먹이고 있어요~,2026-05-22T18:55:05+09:00,2026-05-22,네이버 스마트스토어 구****,5,False,0,0,,1000000297,"그로우뉴 아이 유기농칼슘&마그네슘 비타민D,k2,망간",https://www.phytonutri.kr/goods/goods_view.php?goodsNo=1000000297,4.9,4844,0,0,"{'1': ['만족도', '품질', '효과']}",[],[]
97252,60,5,smart_store,스마트스토어,넘좋앗어염  다음에도 또,2026-05-22T18:34:37+09:00,2026-05-22,네이버 스마트스토어 구****,5,False,0,0,,1000000297,"그로우뉴 아이 유기농칼슘&마그네슘 비타민D,k2,망간",https://www.phytonutri.kr/goods/goods_view.php?goodsNo=1000000297,4.9,4844,0,0,{'2': ['만족도']},[],[]
97253,60,4,smart_store,스마트스토어,넘좋앗어염  다음에도 또,2026-05-22T18:34:06+09:00,2026-05-22,네이버 스마트스토어 구****,5,False,0,0,,1000000297,"그로우뉴 아이 유기농칼슘&마그네슘 비타민D,k2,망간",https://www.phytonutri.kr/goods/goods_view.php?goodsNo=1000000297,4.9,4844,0,0,{'2': ['만족도']},[],[]
97254,60,5,smart_store,스마트스토어,"배즙도 구매해봤어용 
포장 진짜 최고",2026-05-22T17:53:21+09:00,2026-05-22,네이버 스마트스토어 구****,5,True,1,1,https://assets6.cre.ma/p/phytonutri-kr/reviews/00/00/09/72/54/image1/a67dee399662d660.webp,1000000325,투데이디3 for baby,https://www.phytonutri.kr/goods/goods_view.php?goodsNo=1000000325,4.9,3634,0,0,"{'2': ['만족도', '포장']}",[],[]
97255,60,5,smart_store,스마트스토어,아기 두뇌발달에 도움이 된다고해서 꾸준히 먹이고있습니다 보관하기 편리하고 먹일때도 편리하고 여행갈때 챙겨다니기도 좋아요!,2026-05-22T16:17:34+09:00,2026-05-22,네이버 스마트스토어 구****,5,True,1,1,https://assets6.cre.ma/p/phytonutri-kr/reviews/00/00/09/72/55/image1/3dd633d71a196752.webp,1000000281,지니어스뉴 드롭스&톡캡스,https://www.phytonutri.kr/goods/goods_view.php?goodsNo=1000000281,4.9,14386,0,0,"{'1': ['만족도', '편의성']}",[],[]
97256,60,5,smart_store,스마트스토어,좋아요 좋아요 좋아요,2026-05-22T16:12:28+09:00,2026-05-22,네이버 스마트스토어 구****,5,True,1,1,https://assets6.cre.ma/p/phytonutri-kr/reviews/00/00/09/72/56/image1/36bb68533dd24266.webp,1000000281,지니어스뉴 드롭스&톡캡스,https://www.phytonutri.kr/goods/goods_view.php?goodsNo=1000000281,4.9,14386,0,0,{'1': ['만족도']},[],[]
97305,60,5,,자사몰(고도몰),"배송완전빠름 가격저렴 가성비좋
아서 샀는데 효○는 아직ㅠ 안먹는것보단 나으니까 쭉 먹어볼께요",2026-05-22T15:46:05+09:00,2026-05-22,rose******,5,False,0,0,,1000000401,옥토피아 X 파이토뉴트리 (PHYTONUTRI),https://www.phytonutri.kr/goods/goods_view.php?goodsNo=1000000401,5.0,7,0,0,"{'1': ['만족도', '가격'], '2': ['배송'], '0': ['효과']}",[],[]
97257,60,5,smart_store,스마트스토어,아기 처음먹는 오메가3인데 한번 사봤오요! 성분 좋다고 하니 기대됩니다,2026-05-22T15:31:22+09:00,2026-05-22,네이버 스마트스토어 구****,5,True,1,1,https://assets6.cre.ma/p/phytonutri-kr/reviews/00/00/09/72/57/image1/a2b85bff3ae2f556.webp,1000000281,지니어스뉴 드롭스&톡캡스,https://www.phytonutri.kr/goods/goods_view.php?goodsNo=1000000281,4.9,14386,0,0,"{'0': ['만족도'], '1': ['성분']}",[],[]
97258,60,5,smart_store,스마트스토어,아기 면역력을 위해 필수로 먹이고 있는 영양제 중의 하나예요! 밥 먹을 때 밥에다 정량 넣어서 매일 먹이고 있습니다 그래서인지 말을 또래 아이보다 정말 잘해요🫢,2026-05-22T15:20:14+09:00,2026-05-22,네이버 스마트스토어 구****,5,True,1,1,https://assets6.cre.ma/p/phytonutri-kr/reviews/00/00/09/72/58/image1/c93940156e7fe6aa.webp,1000000281,지니어스뉴 드롭스&톡캡스,https://www.phytonutri.kr/goods/goods_view.php?goodsNo=1000000281,4.9,14386,0,0,"{'1': ['만족도', '효과']}",[],[]
97259,60,5,smart_store,스마트스토어,배송이 빠르고 물건상태가 좋습니다.,2026-05-22T15:11:42+09:00,2026-05-22,네이버 스마트스토어 구****,5,False,0,0,,1000000363,데이프로바 for baby 아기 쌩쌩유산균,https://www.phytonutri.kr/goods/goods_view.php?goodsNo=1000000363,4.9,363,0,0,"{'1': ['만족도', '배송', '제품상태']}",[],[]
97260,60,5,smart_store,스마트스토어,손에 묻으면 비린내가 나지만 아이는 잘 먹어요,2026-05-22T15:08:37+09:00,2026-05-22,네이버 스마트스토어 구****,5,True,1,1,https://assets6.cre.ma/p/phytonutri-kr/reviews/00/00/09/72/60/image1/20ab8a80112892dd.webp,1000000281,지니어스뉴 드롭스&톡캡스,https://www.phytonutri.kr/goods/goods_view.php?goodsNo=1000000281,4.9,14386,0,0,"{'1': ['만족도'], '-1': ['냄새']}",[],[]
97261,60,4,smart_store,스마트스토어,아이가 좋아햐용ㅎㅎ,2026-05-22T15:04:19+09:00,2026-05-22,네이버 스마트스토어 구****,5,True,1,1,https://assets6.cre.ma/p/phytonutri-kr/reviews/00/00/09/72/61/image1/0511b98b7a74e58c.webp,1000000281,지니어스뉴 드롭스&톡캡스,https://www.phytonutri.kr/goods/goods_view.php?goodsNo=1000000281,4.9,14386,0,0,{'1': ['만족도']},[],[]
97262,60,5,smart_store,스마트스토어,애들 건강에 좋았으면 좋겠어요!!,2026-05-22T14:38:56+09:00,2026-05-22,네이버 스마트스토어 구****,5,True,1,1,https://assets6.cre.ma/p/phytonutri-kr/reviews/00/00/09/72/62/image1/bfa59ad4cea6ef57.webp,1000000297,"그로우뉴 아이 유기농칼슘&마그네슘 비타민D,k2,망간",https://www.phytonutri.kr/goods/goods_view.php?goodsNo=1000000297,4.9,4844,0,0,{'0': ['만족도']},[],[]
97263,61,5,smart_store,스마트스토어,둥이들이 꾸준히 잘 먹고 있어요!,2026-05-22T14:37:39+09:00,2026-05-22,네이버 스마트스토어 구****,5,True,1,1,https://assets6.cre.ma/p/phytonutri-kr/reviews/00/00/09/72/63/image1/e857ea65176c89b6.webp,1000000298,지니어스뉴 + 그로우뉴 세트,https://www.phytonutri.kr/goods/goods_view.php?goodsNo=1000000298,4.9,1413,0,0,{'1': ['만족도']},[],[]
97264,61,5,smart_store,스마트스토어,ai에게 성분 좋은 아기 영양제 물어보고 성분 비교해보고 샀어요  잘 먹여보겠습니당. 이거 먹고 키가 쓕쓕 컸으몬 좋겠어요,2026-05-22T14:05:25+09:00,2026-05-22,네이버 스마트스토어 구****,5,True,1,1,https://assets6.cre.ma/p/phytonutri-kr/reviews/00/00/09/72/64/image1/804b67e3be9e1785.webp,1000000297,"그로우뉴 아이 유기농칼슘&마그네슘 비타민D,k2,망간",https://www.phytonutri.kr/goods/goods_view.php?goodsNo=1000000297,4.9,4844,0,0,"{'0': ['만족도', '성분']}",[],[]
97265,61,5,smart_store,스마트스토어,위생적이고 좋아요!!,2026-05-22T14:01:05+09:00,2026-05-22,네이버 스마트스토어 구****,5,False,0,0,,1000000325,투데이디3 for baby,https://www.phytonutri.kr/goods/goods_view.php?goodsNo=1000000325,4.9,3634,0,0,"{'1': ['만족도', '품질', '제품상태']}",[],[]
97266,61,4,smart_store,스마트스토어,첨엔 안먹으려고하더니 계속먹다보니 잘먹네용,2026-05-22T13:48:50+09:00,2026-05-22,네이버 스마트스토어 구****,5,True,1,1,https://assets6.cre.ma/p/phytonutri-kr/reviews/00/00/09/72/66/image1/08a1354129023330.webp,1000000325,투데이디3 for baby,https://www.phytonutri.kr/goods/goods_view.php?goodsNo=1000000325,4.9,3634,0,0,{'1': ['만족도']},[],[]
97267,61,5,smart_store,스마트스토어,우유에 타서 먹기 편해요 아기 성장에 도움이 됐으면 좋겠어요,2026-05-22T13:48:27+09:00,2026-05-22,네이버 스마트스토어 구****,5,True,1,1,https://assets6.cre.ma/p/phytonutri-kr/reviews/00/00/09/72/67/image1/a5efb3451267a07e.webp,1000000297,"그로우뉴 아이 유기농칼슘&마그네슘 비타민D,k2,망간",https://www.phytonutri.kr/goods/goods_view.php?goodsNo=1000000297,4.9,4844,0,0,"{'1': ['만족도', '편의성']}",[],[]
97268,61,5,smart_store,스마트스토어,애 이유식에 매일 넣어주는데 잘 먹어요~,2026-05-22T13:30:33+09:00,2026-05-22,네이버 스마트스토어 구****,5,True,1,1,https://assets6.cre.ma/p/phytonutri-kr/reviews/00/00/09/72/68/image1/eebbaa54523d6697.webp,1000000281,지니어스뉴 드롭스&톡캡스,https://www.phytonutri.kr/goods/goods_view.php?goodsNo=1000000281,4.9,14386,0,0,{'1': ['만족도']},[],[]
97269,61,5,smart_store,스마트스토어,아기가 우유를 좋아하지않아 요거트 반절나눠놓고 요거트에 타서 주고있어요~,2026-05-22T13:26:28+09:00,2026-05-22,네이버 스마트스토어 구****,5,True,1,1,https://assets6.cre.ma/p/phytonutri-kr/reviews/00/00/09/72/69/image1/6853bfe07bc3aa73.webp,1000000297,"그로우뉴 아이 유기농칼슘&마그네슘 비타민D,k2,망간",https://www.phytonutri.kr/goods/goods_view.php?goodsNo=1000000297,4.9,4844,0,0,{'0': ['만족도']},[],[]
97270,61,5,smart_store,스마트스토어,아이가 젤리 종류를 잘 먹지 못해서 액상으로 사봤는데 생각보다 잘 먹어주네요~^^,2026-05-22T13:24:48+09:00,2026-05-22,네이버 스마트스토어 구****,5,True,1,1,https://assets6.cre.ma/p/phytonutri-kr/reviews/00/00/09/72/70/image1/e28acf3ddf04da62.webp,1000000281,지니어스뉴 드롭스&톡캡스,https://www.phytonutri.kr/goods/goods_view.php?goodsNo=1000000281,4.9,14386,0,0,{'1': ['만족도']},[],[]
97271,61,5,smart_store,스마트스토어,아기 잘먹여서 잘키울게요,2026-05-22T12:54:59+09:00,2026-05-22,네이버 스마트스토어 구****,5,False,0,0,,1000000281,지니어스뉴 드롭스&톡캡스,https://www.phytonutri.kr/goods/goods_view.php?goodsNo=1000000281,4.9,14386,0,0,{'1': ['만족도']},[],[]
97272,61,5,smart_store,스마트스토어,아기 잘먹여서 잘키울게요,2026-05-22T12:54:49+09:00,2026-05-22,네이버 스마트스토어 구****,5,False,0,0,,1000000297,"그로우뉴 아이 유기농칼슘&마그네슘 비타민D,k2,망간",https://www.phytonutri.kr/goods/goods_view.php?goodsNo=1000000297,4.9,4844,0,0,{'1': ['만족도']},[],[]
97273,61,5,smart_store,스마트스토어,항상 이 제품만 먹어요 ㅎ 아이가 너무 좋아해요 ^^ 최고최고 ❤️🤩🤗👍😜☺️❤️🤩🔄😜👍😜☺️❤️🤩😘👍😜☺️,2026-05-22T12:46:13+09:00,2026-05-22,네이버 스마트스토어 구****,5,True,1,1,https://assets6.cre.ma/p/phytonutri-kr/reviews/00/00/09/72/73/image1/eb5b052d66b21b5a.webp,1000000342,이트뮨 아이 배도라지즙&엘더베리사과주스,https://www.phytonutri.kr/goods/goods_view.php?goodsNo=1000000342,4.9,609,0,0,{'2': ['만족도']},[],[]
97274,61,5,smart_store,스마트스토어,레몬맛이라 아이그 잘먹어요,2026-05-22T11:11:22+09:00,2026-05-22,네이버 스마트스토어 구****,5,False,0,0,,1000000379,지니어스뉴 키즈 국내 유일 스퀴즈 짜먹는 어린이 오메가3 DHA ALA 콜린 올로메가,https://www.phytonutri.kr/goods/goods_view.php?goodsNo=1000000379,4.6,127,0,0,"{'1': ['만족도', '맛']}",[],[]
97275,61,5,smart_store,스마트스토어,"아기가
잘 먹어줘서 재구매 했어요~~^^",2026-05-22T11:10:22+09:00,2026-05-22,네이버 스마트스토어 구****,5,False,0,0,,1000000325,투데이디3 for baby,https://www.phytonutri.kr/goods/goods_view.php?goodsNo=1000000325,4.9,3634,0,0,{'2': ['만족도']},[],[]
97276,61,5,smart_store,스마트스토어,먹기편리해요 재구매할게요!,2026-05-22T11:00:45+09:00,2026-05-22,네이버 스마트스토어 구****,5,True,1,1,https://assets6.cre.ma/p/phytonutri-kr/reviews/00/00/09/72/76/image1/0e6fea7709c0a854.webp,1000000281,지니어스뉴 드롭스&톡캡스,https://www.phytonutri.kr/goods/goods_view.php?goodsNo=1000000281,4.9,14386,0,0,"{'1': ['만족도', '편의성']}",[],[]
97277,61,5,smart_store,스마트스토어,이유식에 올려서 주려고 구매했어요. 개별포장 너무 젛네요... 따는것도 잘 따지고 이동할때 가지고가기 너무 좋을것 같아요,2026-05-22T10:55:54+09:00,2026-05-22,네이버 스마트스토어 구****,5,True,1,1,https://assets6.cre.ma/p/phytonutri-kr/reviews/00/00/09/72/77/image1/e85c8659f71b2f85.webp,1000000326,지니어스뉴 + 투데이디3 세트,https://www.phytonutri.kr/goods/goods_view.php?goodsNo=1000000326,4.8,245,0,0,"{'1': ['만족도'], '2': ['포장']}",[],[]
97278,61,5,smart_store,스마트스토어,아주 좋아요 추천합니다!!!!!,2026-05-22T10:22:41+09:00,2026-05-22,네이버 스마트스토어 구****,5,False,0,0,,1000000281,지니어스뉴 드롭스&톡캡스,https://www.phytonutri.kr/goods/goods_view.php?goodsNo=1000000281,4.9,14386,0,0,{'2': ['만족도']},[],[]
97279,61,5,smart_store,스마트스토어,꾸준히 주문해서 먹이고 있어요!,2026-05-22T09:45:14+09:00,2026-05-22,네이버 스마트스토어 구****,5,False,0,0,,1000000281,지니어스뉴 드롭스&톡캡스,https://www.phytonutri.kr/goods/goods_view.php?goodsNo=1000000281,4.9,14386,0,0,{'2': ['만족도']},[],[]
97280,61,5,smart_store,스마트스토어,첫째둘째 다 잘먹이고 있어요,2026-05-22T09:23:18+09:00,2026-05-22,네이버 스마트스토어 구****,5,False,0,0,,1000000281,지니어스뉴 드롭스&톡캡스,https://www.phytonutri.kr/goods/goods_view.php?goodsNo=1000000281,4.9,14386,0,0,{'1': ['만족도']},[],[]
97281,61,5,smart_store,스마트스토어,아이가 아주 잘 먹습니다 감사합니다,2026-05-22T08:50:33+09:00,2026-05-22,네이버 스마트스토어 구****,5,True,1,1,https://assets6.cre.ma/p/phytonutri-kr/reviews/00/00/09/72/81/image1/19851c8cb3d947b0.webp,1000000281,지니어스뉴 드롭스&톡캡스,https://www.phytonutri.kr/goods/goods_view.php?goodsNo=1000000281,4.9,14386,0,0,{'1': ['만족도']},[],[]
97282,61,5,smart_store,스마트스토어,아이가 아주 잘 먹습니다 밥 안먹을때 같이 한방울 주면 밥 마뮤리 금방입니다 ㅎ,2026-05-22T08:49:02+09:00,2026-05-22,네이버 스마트스토어 구****,5,True,1,1,https://assets6.cre.ma/p/phytonutri-kr/reviews/00/00/09/72/82/image1/2a98287368132e1d.webp,1000000281,지니어스뉴 드롭스&톡캡스,https://www.phytonutri.kr/goods/goods_view.php?goodsNo=1000000281,4.9,14386,0,0,{'1': ['만족도']},[],[]
97283,62,5,smart_store,스마트스토어,벌써 다 먹었네요 숟가락에 또르르 해서 잘 먹었어요,2026-05-22T08:22:27+09:00,2026-05-22,네이버 스마트스토어 구****,5,False,0,0,,1000000281,지니어스뉴 드롭스&톡캡스,https://www.phytonutri.kr/goods/goods_view.php?goodsNo=1000000281,4.9,14386,0,0,{'1': ['만족도']},[],[]
97284,62,5,smart_store,스마트스토어,매달 꾸준히 먹이고 있어요 잘먹고 좋아요,2026-05-22T08:20:52+09:00,2026-05-22,네이버 스마트스토어 구****,5,True,1,1,https://assets6.cre.ma/p/phytonutri-kr/reviews/00/00/09/72/84/image1/6974baf3f332831d.webp,1000000297,"그로우뉴 아이 유기농칼슘&마그네슘 비타민D,k2,망간",https://www.phytonutri.kr/goods/goods_view.php?goodsNo=1000000297,4.9,4844,0,0,{'1': ['만족도']},[],[]
97285,62,5,smart_store,스마트스토어,아이에게 좋은 영향이 있으면 하는 마음에 구매했어요,2026-05-22T07:49:35+09:00,2026-05-22,네이버 스마트스토어 구****,5,True,1,1,https://assets6.cre.ma/p/phytonutri-kr/reviews/00/00/09/72/85/image1/3fd0e541a236d010.webp,1000000281,지니어스뉴 드롭스&톡캡스,https://www.phytonutri.kr/goods/goods_view.php?goodsNo=1000000281,4.9,14386,0,0,{'0': ['만족도']},[],[]
97286,62,5,smart_store,스마트스토어,맛있는지 아이가 너무 좋아하네요,2026-05-22T06:38:24+09:00,2026-05-22,네이버 스마트스토어 구****,5,True,1,1,https://assets6.cre.ma/p/phytonutri-kr/reviews/00/00/09/72/86/image1/06b5f828b95c9cb8.webp,1000000397,"그로우뉴 ~키즈 유기농 칼슘&마그네슘 비타민D,k2 망간",https://www.phytonutri.kr/goods/goods_view.php?goodsNo=1000000397,4.9,63,0,0,"{'1': ['만족도', '맛']}",[],[]
97287,62,5,smart_store,스마트스토어,복용이편해 늘 애용해요,2026-05-21T23:45:48+09:00,2026-05-21,네이버 스마트스토어 구****,5,True,1,1,https://assets6.cre.ma/p/phytonutri-kr/reviews/00/00/09/72/87/image1/056e53a82cd7c0ba.webp,1000000281,지니어스뉴 드롭스&톡캡스,https://www.phytonutri.kr/goods/goods_view.php?goodsNo=1000000281,4.9,14386,0,0,"{'2': ['만족도'], '1': ['편의성']}",[],[]
97288,62,5,smart_store,스마트스토어,n번째 재구매입니다 감사합니다,2026-05-21T23:35:09+09:00,2026-05-21,네이버 스마트스토어 구****,5,False,0,0,,1000000281,지니어스뉴 드롭스&톡캡스,https://www.phytonutri.kr/goods/goods_view.php?goodsNo=1000000281,4.9,14386,0,0,{'2': ['만족도']},[],[]
97289,62,5,smart_store,스마트스토어,아이에게꾸준이먹이고있어요,2026-05-21T23:27:17+09:00,2026-05-21,네이버 스마트스토어 구****,5,True,1,1,https://assets6.cre.ma/p/phytonutri-kr/reviews/00/00/09/72/89/image1/a66b796a5307f980.webp,1000000326,지니어스뉴 + 투데이디3 세트,https://www.phytonutri.kr/goods/goods_view.php?goodsNo=1000000326,4.8,245,0,0,{'1': ['만족도']},[],[]
97290,62,5,smart_store,스마트스토어,우리아기 필수영양제!!! 6개월부터 20개월까지 꾸준히먹이고있는 중입니다 ㅎㅎ 똑똑하게 잘크고있으니 영양제덕분이겠죠?ㅎㅎㅎ 계속 재구매 하려구용,2026-05-21T22:51:48+09:00,2026-05-21,네이버 스마트스토어 구****,5,True,1,1,https://assets6.cre.ma/p/phytonutri-kr/reviews/00/00/09/72/90/image1/62ff8e86031be7a3.webp,1000000281,지니어스뉴 드롭스&톡캡스,https://www.phytonutri.kr/goods/goods_view.php?goodsNo=1000000281,4.9,14386,0,0,"{'2': ['만족도'], '1': ['효과']}",[],[]
97291,62,5,smart_store,스마트스토어,배송빠르고 좋아요!!,2026-05-21T22:49:22+09:00,2026-05-21,네이버 스마트스토어 구****,5,True,1,1,https://assets6.cre.ma/p/phytonutri-kr/reviews/00/00/09/72/91/image1/adf429552214871a.webp,1000000325,투데이디3 for baby,https://www.phytonutri.kr/goods/goods_view.php?goodsNo=1000000325,4.9,3634,0,0,"{'1': ['만족도', '배송']}",[],[]
97292,62,5,smart_store,스마트스토어,매번 먹이는 거예요,2026-05-21T22:43:00+09:00,2026-05-21,네이버 스마트스토어 구****,5,False,0,0,,1000000281,지니어스뉴 드롭스&톡캡스,https://www.phytonutri.kr/goods/goods_view.php?goodsNo=1000000281,4.9,14386,0,0,{'1': ['만족도']},[],[]
97293,62,5,smart_store,스마트스토어,먹기편리하고 아기가 거부감없이 잘먹어요!!,2026-05-21T22:20:14+09:00,2026-05-21,네이버 스마트스토어 구****,5,True,1,1,https://assets6.cre.ma/p/phytonutri-kr/reviews/00/00/09/72/93/image1/7d07c4294ca2906d.webp,1000000325,투데이디3 for baby,https://www.phytonutri.kr/goods/goods_view.php?goodsNo=1000000325,4.9,3634,0,0,"{'1': ['만족도', '편의성']}",[],[]
97294,62,5,smart_store,스마트스토어,재구매입니다. 영양 구성이 좋습니다.,2026-05-21T21:32:47+09:00,2026-05-21,네이버 스마트스토어 구****,5,True,1,1,https://assets6.cre.ma/p/phytonutri-kr/reviews/00/00/09/72/94/image1/c25065ba1f847d9f.webp,1000000397,"그로우뉴 ~키즈 유기농 칼슘&마그네슘 비타민D,k2 망간",https://www.phytonutri.kr/goods/goods_view.php?goodsNo=1000000397,4.9,63,0,0,"{'2': ['만족도'], '1': ['성분']}",[],[]
97295,62,5,smart_store,스마트스토어,6개월부터 먹였는데 지금 지능적으로 넘. 뛰어나요~~,2026-05-21T21:00:37+09:00,2026-05-21,네이버 스마트스토어 구****,5,True,1,1,https://assets6.cre.ma/p/phytonutri-kr/reviews/00/00/09/72/95/image1/9b2d9bbd6cbc1e7f.webp,1000000281,지니어스뉴 드롭스&톡캡스,https://www.phytonutri.kr/goods/goods_view.php?goodsNo=1000000281,4.9,14386,0,0,{'1': ['만족도']},[],[]
97296,62,5,smart_store,스마트스토어,먹이기 편해요:-),2026-05-21T20:30:53+09:00,2026-05-21,네이버 스마트스토어 구****,5,True,1,1,https://assets6.cre.ma/p/phytonutri-kr/reviews/00/00/09/72/96/image1/de48070435e69571.webp,1000000281,지니어스뉴 드롭스&톡캡스,https://www.phytonutri.kr/goods/goods_view.php?goodsNo=1000000281,4.9,14386,0,0,"{'1': ['만족도', '편의성']}",[],[]
97297,62,5,smart_store,스마트스토어,식물성 캡슐로 안전하고 먹이기 편하게 되어 있어 좋고 무엇보다 아기가 인상은 좀 찡그리지만 뱉어내지 않고 잘 먹어요!!,2026-05-21T20:16:34+09:00,2026-05-21,네이버 스마트스토어 구****,5,True,1,1,https://assets6.cre.ma/p/phytonutri-kr/reviews/00/00/09/72/97/image1/92a2f85dd1117e11.webp,1000000325,투데이디3 for baby,https://www.phytonutri.kr/goods/goods_view.php?goodsNo=1000000325,4.9,3634,0,0,"{'1': ['만족도', '포장', '성분', '편의성']}",[],[]
97298,62,5,smart_store,스마트스토어,아이가 잘 먹어요 떨어지면 매번 쟁여놓습니다,2026-05-21T20:16:33+09:00,2026-05-21,네이버 스마트스토어 구****,5,True,1,1,https://assets6.cre.ma/p/phytonutri-kr/reviews/00/00/09/72/98/image1/1b233dc497026453.webp,1000000342,이트뮨 아이 배도라지즙&엘더베리사과주스,https://www.phytonutri.kr/goods/goods_view.php?goodsNo=1000000342,4.9,609,0,0,{'1': ['만족도']},[],[]
97299,62,5,smart_store,스마트스토어,"비린맛과 냄새가 날까 걱정했는데 그렇지 않아요
아이가 잘먹어요",2026-05-21T19:44:54+09:00,2026-05-21,네이버 스마트스토어 구****,5,True,1,1,https://assets6.cre.ma/p/phytonutri-kr/reviews/00/00/09/72/99/image1/1b38d4027137d3ce.webp,1000000281,지니어스뉴 드롭스&톡캡스,https://www.phytonutri.kr/goods/goods_view.php?goodsNo=1000000281,4.9,14386,0,0,"{'1': ['만족도', '맛', '냄새']}",[],[]
97300,62,5,smart_store,스마트스토어,매일 먹고 있어요!! 아이도 잘먹어 주고 좋아요~~,2026-05-21T19:35:11+09:00,2026-05-21,네이버 스마트스토어 구****,5,True,1,1,https://assets6.cre.ma/p/phytonutri-kr/reviews/00/00/09/73/00/image1/9fe2867c7be5227b.webp,1000000342,이트뮨 아이 배도라지즙&엘더베리사과주스,https://www.phytonutri.kr/goods/goods_view.php?goodsNo=1000000342,4.9,609,0,0,{'1': ['만족도']},[],[]
97301,62,5,smart_store,스마트스토어,19개월아기 까까인줄 알고 잘먹어요 ㅎㅎㅎ,2026-05-21T18:40:05+09:00,2026-05-21,네이버 스마트스토어 구****,5,True,1,1,https://assets6.cre.ma/p/phytonutri-kr/reviews/00/00/09/73/01/image1/f9ab352b77932637.webp,1000000325,투데이디3 for baby,https://www.phytonutri.kr/goods/goods_view.php?goodsNo=1000000325,4.9,3634,0,0,{'1': ['만족도']},[],[]
97302,62,5,smart_store,스마트스토어,좋은상품 빠른배송 감사합니다^^,2026-05-21T18:27:36+09:00,2026-05-21,네이버 스마트스토어 구****,5,False,0,0,,1000000297,"그로우뉴 아이 유기농칼슘&마그네슘 비타민D,k2,망간",https://www.phytonutri.kr/goods/goods_view.php?goodsNo=1000000297,4.9,4844,0,0,"{'1': ['만족도', '배송']}",[],[]
97303,63,5,smart_store,스마트스토어,아침마다 아기한테 먹이고 있어요ㅋㅋ 죽에도 타고 물에도 타고 하면서 먹이는데 잘 먹어요~ 다먹으면 또 주문할게요~,2026-05-21T18:01:08+09:00,2026-05-21,네이버 스마트스토어 구****,5,True,1,1,https://assets6.cre.ma/p/phytonutri-kr/reviews/00/00/09/73/03/image1/0173f50b0b4f9103.webp,1000000297,"그로우뉴 아이 유기농칼슘&마그네슘 비타민D,k2,망간",https://www.phytonutri.kr/goods/goods_view.php?goodsNo=1000000297,4.9,4844,0,0,{'1': ['만족도']},[],[]
97304,63,5,smart_store,스마트스토어,아이가 진짜 잘먹어서 좋아요스포이드로먹는게 재밌는지 아아 입을벌려요,2026-05-21T17:46:30+09:00,2026-05-21,네이버 스마트스토어 구****,5,False,0,0,,1000000281,지니어스뉴 드롭스&톡캡스,https://www.phytonutri.kr/goods/goods_view.php?goodsNo=1000000281,4.9,14386,0,0,"{'1': ['만족도', '포장']}",[],[]
97200,63,5,smart_store,스마트스토어,돌아기에게 먹이고있어요 우유나 밥에 타줘도 잘먹고 좋아요~,2026-05-21T17:37:54+09:00,2026-05-21,네이버 스마트스토어 구****,5,True,1,1,https://assets6.cre.ma/p/phytonutri-kr/reviews/00/00/09/72/00/image1/ccbf5818940f8c26.webp,1000000281,지니어스뉴 드롭스&톡캡스,https://www.phytonutri.kr/goods/goods_view.php?goodsNo=1000000281,4.9,14386,0,0,{'1': ['만족도']},[],[]
97201,63,5,smart_store,스마트스토어,돌 전부터 계속먹이고 있는 제품이에요!,2026-05-21T17:24:50+09:00,2026-05-21,네이버 스마트스토어 구****,5,True,1,1,https://assets6.cre.ma/p/phytonutri-kr/reviews/00/00/09/72/01/image1/232e76bbde6e0e67.webp,1000000281,지니어스뉴 드롭스&톡캡스,https://www.phytonutri.kr/goods/goods_view.php?goodsNo=1000000281,4.9,14386,0,0,{'1': ['만족도']},[],[]
97202,63,5,smart_store,스마트스토어,"16갤 남아 아침저녁으로 1스포이드씩
주고 있습니다 ㅎ 아주아주 잘먹네요 ㅎ 건강히
잘 컷으면 좋겠습니다 ㅎ",2026-05-21T16:55:33+09:00,2026-05-21,네이버 스마트스토어 구****,5,True,1,1,https://assets6.cre.ma/p/phytonutri-kr/reviews/00/00/09/72/02/image1/5fa1ae56580878d1.webp,1000000281,지니어스뉴 드롭스&톡캡스,https://www.phytonutri.kr/goods/goods_view.php?goodsNo=1000000281,4.9,14386,0,0,{'1': ['만족도']},[],[]
97203,63,5,smart_store,스마트스토어,하루에 두번 이유식에다가 섞어서 잘 먹이고 있어요. 맛이 들기름 맛이 나요. 아이가 거부감없이 잘 먹어서 좋아요.,2026-05-21T16:49:31+09:00,2026-05-21,네이버 스마트스토어 구****,5,True,1,1,https://assets6.cre.ma/p/phytonutri-kr/reviews/00/00/09/72/03/image1/fbbb4b4001e1377e.webp,1000000281,지니어스뉴 드롭스&톡캡스,https://www.phytonutri.kr/goods/goods_view.php?goodsNo=1000000281,4.9,14386,0,0,"{'1': ['만족도'], '0': ['맛']}",[],[]
97204,63,5,smart_store,스마트스토어,배송 포장 모두 맘에 들어요. 별도 포장으로 먹기도 편하고 2년째 울 아이 먹고 있는데 너무 잘 먹어요~,2026-05-21T16:15:22+09:00,2026-05-21,네이버 스마트스토어 구****,5,False,0,0,,1000000342,이트뮨 아이 배도라지즙&엘더베리사과주스,https://www.phytonutri.kr/goods/goods_view.php?goodsNo=1000000342,4.9,609,0,0,"{'2': ['만족도'], '1': ['포장', '편의성']}",[],[]
97205,63,5,smart_store,스마트스토어,아기 영양을 위해  구매해서 한달가까이 사용중입니다~!,2026-05-21T15:40:20+09:00,2026-05-21,네이버 스마트스토어 구****,5,True,1,1,https://assets6.cre.ma/p/phytonutri-kr/reviews/00/00/09/72/05/image1/da242f1c3f3784bd.webp,1000000281,지니어스뉴 드롭스&톡캡스,https://www.phytonutri.kr/goods/goods_view.php?goodsNo=1000000281,4.9,14386,0,0,{'0': ['만족도']},[],[]
97206,63,5,smart_store,스마트스토어,가격이 은근 부담스러워서 잠시 안먹었던적이 있었는데.. 남편이 안먹으니 다르다면서 다시 사달라고 하네요. 덤으로 주신 약들도 잘먹고 있어요..유통기한이 좀 짧긴 했지만.. 냉장고에 넣어두고 다 먹었습니다. 감사합니다.,2026-05-21T15:15:55+09:00,2026-05-21,네이버 스마트스토어 구****,5,True,1,1,https://assets6.cre.ma/p/phytonutri-kr/reviews/00/00/09/72/06/image1/83442a42ebeafa12.webp,1000000343,리버티엑스,https://www.phytonutri.kr/goods/goods_view.php?goodsNo=1000000343,4.7,268,0,0,"{'1': ['만족도'], '-1': ['가격', '유통기한']}",[],[]
97207,63,5,smart_store,스마트스토어,매번 먹이는 제품 아이가 잘 받아먹거 좋아여~,2026-05-21T15:02:46+09:00,2026-05-21,네이버 스마트스토어 구****,5,True,1,1,https://assets6.cre.ma/p/phytonutri-kr/reviews/00/00/09/72/07/image1/294940e016239c1b.webp,1000000325,투데이디3 for baby,https://www.phytonutri.kr/goods/goods_view.php?goodsNo=1000000325,4.9,3634,0,0,{'1': ['만족도']},[],[]
97208,63,5,smart_store,스마트스토어,느낌인지몰라도 칼슘먹이고 요즘 개월수에 비해 커보인다는 얘기 진짜 많이들어요,2026-05-21T14:42:41+09:00,2026-05-21,네이버 스마트스토어 구****,5,True,1,1,https://assets6.cre.ma/p/phytonutri-kr/reviews/00/00/09/72/08/image1/6c4deef397e76258.webp,1000000297,"그로우뉴 아이 유기농칼슘&마그네슘 비타민D,k2,망간",https://www.phytonutri.kr/goods/goods_view.php?goodsNo=1000000297,4.9,4844,0,0,"{'1': ['만족도', '크기']}",[],[]
97209,63,5,smart_store,스마트스토어,아기가 잘먹어요 항상 만족합니다,2026-05-21T14:40:12+09:00,2026-05-21,네이버 스마트스토어 구****,5,False,0,0,,1000000298,지니어스뉴 + 그로우뉴 세트,https://www.phytonutri.kr/goods/goods_view.php?goodsNo=1000000298,4.9,1413,0,0,"{'1': ['만족도', '맛']}",[],[]
97210,63,5,smart_store,스마트스토어,아기 분유에 타서 먹이는데 잘먹어요,2026-05-21T14:36:03+09:00,2026-05-21,네이버 스마트스토어 구****,5,False,0,0,,1000000298,지니어스뉴 + 그로우뉴 세트,https://www.phytonutri.kr/goods/goods_view.php?goodsNo=1000000298,4.9,1413,0,0,{'1': ['만족도']},[],[]
97211,63,5,smart_store,스마트스토어,재구매 햇어요 이번엔 유통기한이 더 기네요,2026-05-21T14:09:50+09:00,2026-05-21,네이버 스마트스토어 구****,5,True,1,1,https://assets6.cre.ma/p/phytonutri-kr/reviews/00/00/09/72/11/image1/f85144e51f57332e.webp,1000000281,지니어스뉴 드롭스&톡캡스,https://www.phytonutri.kr/goods/goods_view.php?goodsNo=1000000281,4.9,14386,0,0,"{'2': ['만족도'], '1': ['유통기한']}",[],[]
97212,63,5,smart_store,스마트스토어,아이에게 부족한 칼슘괴 면역력을 채우기위해 샀어요 늘 잘먹어요,2026-05-21T13:12:00+09:00,2026-05-21,네이버 스마트스토어 구****,5,False,0,0,,1000000297,"그로우뉴 아이 유기농칼슘&마그네슘 비타민D,k2,망간",https://www.phytonutri.kr/goods/goods_view.php?goodsNo=1000000297,4.9,4844,0,0,{'1': ['만족도']},[],[]
97213,63,5,smart_store,스마트스토어,아기 영양제로 뀨준히 먹이고있어요,2026-05-21T13:04:32+09:00,2026-05-21,네이버 스마트스토어 구****,5,True,1,1,https://assets6.cre.ma/p/phytonutri-kr/reviews/00/00/09/72/13/image1/da3c805f469d42b6.webp,1000000297,"그로우뉴 아이 유기농칼슘&마그네슘 비타민D,k2,망간",https://www.phytonutri.kr/goods/goods_view.php?goodsNo=1000000297,4.9,4844,0,0,{'0': ['만족도']},[],[]
97214,63,5,smart_store,스마트스토어,먹이기 너무 편리합니당😉🧡🧡🧡,2026-05-21T12:53:49+09:00,2026-05-21,네이버 스마트스토어 구****,5,True,1,1,https://assets6.cre.ma/p/phytonutri-kr/reviews/00/00/09/72/14/image1/687206787fb71b1d.webp,1000000281,지니어스뉴 드롭스&톡캡스,https://www.phytonutri.kr/goods/goods_view.php?goodsNo=1000000281,4.9,14386,0,0,"{'1': ['만족도', '편의성']}",[],[]
97215,63,5,smart_store,스마트스토어,아기가 아주 잘 받아먹어요~^^ 스포이드라 편리합니다!,2026-05-21T12:50:26+09:00,2026-05-21,네이버 스마트스토어 구****,5,True,1,1,https://assets6.cre.ma/p/phytonutri-kr/reviews/00/00/09/72/15/image1/13669ccbc7d4fe98.webp,1000000281,지니어스뉴 드롭스&톡캡스,https://www.phytonutri.kr/goods/goods_view.php?goodsNo=1000000281,4.9,14386,0,0,"{'1': ['만족도', '편의성']}",[],[]
97216,63,5,smart_store,스마트스토어,아이가 잘먹고 비린내도 안나요.,2026-05-21T12:49:44+09:00,2026-05-21,네이버 스마트스토어 구****,5,False,0,0,,1000000281,지니어스뉴 드롭스&톡캡스,https://www.phytonutri.kr/goods/goods_view.php?goodsNo=1000000281,4.9,14386,0,0,"{'1': ['만족도', '냄새']}",[],[]
97217,63,5,smart_store,스마트스토어,아침저녁으로 챙겨먹이고 잇어요 !,2026-05-21T12:22:59+09:00,2026-05-21,네이버 스마트스토어 구****,5,True,1,1,https://assets6.cre.ma/p/phytonutri-kr/reviews/00/00/09/72/17/image1/233bed35b1e74f30.webp,1000000281,지니어스뉴 드롭스&톡캡스,https://www.phytonutri.kr/goods/goods_view.php?goodsNo=1000000281,4.9,14386,0,0,{'0': ['만족도']},[],[]
97218,64,5,smart_store,스마트스토어,❤️❤️❤️❤️❤️,2026-05-21T11:33:13+09:00,2026-05-21,네이버 스마트스토어 구****,5,True,1,1,https://assets6.cre.ma/p/phytonutri-kr/reviews/00/00/09/72/18/image1/1ebbd7e48f34c274.webp,1000000281,지니어스뉴 드롭스&톡캡스,https://www.phytonutri.kr/goods/goods_view.php?goodsNo=1000000281,4.9,14386,0,0,{'2': ['만족도']},[],[]
97219,64,5,smart_store,스마트스토어,만족해서 더 먹일려고 쟁여놨습니다!,2026-05-21T11:20:39+09:00,2026-05-21,네이버 스마트스토어 구****,5,True,1,1,https://assets6.cre.ma/p/phytonutri-kr/reviews/00/00/09/72/19/image1/70e09a387a159a62.webp,1000000297,"그로우뉴 아이 유기농칼슘&마그네슘 비타민D,k2,망간",https://www.phytonutri.kr/goods/goods_view.php?goodsNo=1000000297,4.9,4844,0,0,{'1': ['만족도']},[],[]
97220,64,5,smart_store,스마트스토어,두돌아기 먹고 있어요 가루로 되어있어 여기저기 섞어 먹이기 편하고 아기가 거부감 없이 잘먹어서 3통째 먹고 있어요~ 당분간 이거 정착이요,2026-05-21T11:19:43+09:00,2026-05-21,네이버 스마트스토어 구****,5,True,1,1,https://assets6.cre.ma/p/phytonutri-kr/reviews/00/00/09/72/20/image1/8f82539d79fcd550.webp,1000000297,"그로우뉴 아이 유기농칼슘&마그네슘 비타민D,k2,망간",https://www.phytonutri.kr/goods/goods_view.php?goodsNo=1000000297,4.9,4844,0,0,"{'2': ['만족도'], '1': ['편의성']}",[],[]
97221,64,5,smart_store,스마트스토어,꽤 오래 먹이다가 한동안 끊었다가.. 찾다가 찾다가 돌고 돌아 다시 지니어스뉴ㅎㅎ,2026-05-21T11:01:47+09:00,2026-05-21,네이버 스마트스토어 구****,5,True,1,1,https://assets6.cre.ma/p/phytonutri-kr/reviews/00/00/09/72/21/image1/67100e9297a54cd2.webp,1000000281,지니어스뉴 드롭스&톡캡스,https://www.phytonutri.kr/goods/goods_view.php?goodsNo=1000000281,4.9,14386,0,0,{'1': ['만족도']},[],[]
97222,64,5,smart_store,스마트스토어,"아기가 생각보다 잘 먹어줘서 유지중이에요~
이유식에 섞어주거나 그냥 주기도 해봤는데 그냥주면 약간 거부감느껴해서 이유식이랑 같이주고있어요~
6개월치 주문했는데 다먹어보고 그때는 병으로 사보려구용!!!!!!!",2026-05-21T10:51:36+09:00,2026-05-21,네이버 스마트스토어 구****,5,True,1,1,https://assets6.cre.ma/p/phytonutri-kr/reviews/00/00/09/72/22/image1/df83c822ea516f34.webp,1000000281,지니어스뉴 드롭스&톡캡스,https://www.phytonutri.kr/goods/goods_view.php?goodsNo=1000000281,4.9,14386,0,0,{'1': ['만족도']},[],[]
97223,64,5,smart_store,스마트스토어,배송도 빠르고 우유에 타면 거부없이 먹어서 잘 먹이고 있어요!,2026-05-21T10:45:29+09:00,2026-05-21,네이버 스마트스토어 구****,5,True,1,1,https://assets6.cre.ma/p/phytonutri-kr/reviews/00/00/09/72/23/image1/afec501803da7601.webp,1000000281,지니어스뉴 드롭스&톡캡스,https://www.phytonutri.kr/goods/goods_view.php?goodsNo=1000000281,4.9,14386,0,0,"{'1': ['만족도', '배송']}",[],[]
97224,64,5,smart_store,스마트스토어,"그로우뉴 2달넘게 먹이고있습니다.
우선 먹이기편해요.
이유식데울때 밥이랑 섞어서 주는데 아기가 거부감없이 잘먹어요.
현재 유산균외에 다른거안먹였어서 아기 영양챙기려 먹이고있는데 뭐가 딱좋아졌다이런건 못느끼지만 안먹이는것보단 나을꺼고 또 키도잘크고하니 좋다고 느끼고있습니다.
그로우뉴 추천입니다.",2026-05-21T09:27:39+09:00,2026-05-21,네이버 스마트스토어 구****,5,False,0,0,,1000000297,"그로우뉴 아이 유기농칼슘&마그네슘 비타민D,k2,망간",https://www.phytonutri.kr/goods/goods_view.php?goodsNo=1000000297,4.9,4844,0,0,"{'1': ['만족도', '효과', '편의성']}",[],[]
97225,64,5,smart_store,스마트스토어,항상 잘 먹이고 있습니다.,2026-05-21T09:13:42+09:00,2026-05-21,네이버 스마트스토어 구****,5,True,1,1,https://assets6.cre.ma/p/phytonutri-kr/reviews/00/00/09/72/25/image1/efb94d5909f70b82.webp,1000000298,지니어스뉴 + 그로우뉴 세트,https://www.phytonutri.kr/goods/goods_view.php?goodsNo=1000000298,4.9,1413,0,0,{'1': ['만족도']},[],[]
97226,64,5,smart_store,스마트스토어,항상 잘 먹이고 있습니다 감사합니다.,2026-05-21T09:01:31+09:00,2026-05-21,네이버 스마트스토어 구****,5,True,1,1,https://assets6.cre.ma/p/phytonutri-kr/reviews/00/00/09/72/26/image1/50ec5b42d37a5e4d.webp,1000000281,지니어스뉴 드롭스&톡캡스,https://www.phytonutri.kr/goods/goods_view.php?goodsNo=1000000281,4.9,14386,0,0,{'1': ['만족도']},[],[]
97199,64,5,,자사몰(고도몰),가방에 편하게 넣고 다니기도 편하고 뜯는 부분도 여러 군데 있어서 은근 편하더라구요 ㅎㅎ ,2026-05-21T08:49:06+09:00,2026-05-21,박****,10,True,1,1,https://assets6.cre.ma/p/phytonutri-kr/reviews/00/00/09/71/99/image1/c73170e7c32faa45.webp,1000000396,수드티 루이보스 허브 블렌드 티 강황 맘먼트 임산부 차,https://www.phytonutri.kr/goods/goods_view.php?goodsNo=1000000396,4.7,33,1,0,"{'1': ['만족도', '편의성']}",[],[]
97198,64,3,,자사몰(고도몰),"막 엄청 맛있는 건 아닌데 입덧 심할 때는 오히려 자극 없는 게 최고인 것 같더라구요
속이 너무 안 좋을 때 마다 한 잔씩 타서 마시고 있어요 ",2026-05-21T08:46:58+09:00,2026-05-21,이****,10,False,0,0,,1000000396,수드티 루이보스 허브 블렌드 티 강황 맘먼트 임산부 차,https://www.phytonutri.kr/goods/goods_view.php?goodsNo=1000000396,4.7,33,0,0,"{'1': ['만족도'], '0': ['맛']}",[],"[{'name': '몇 개월인가요?', 'value': '0~6개월'}]"
97197,64,4,,자사몰(고도몰),"첫째 때 입덧이 너무 심해서 둘째 생기자마자 미리 사놨어요 
저는 차갑게 먹는 걸 추천합니다 ㅎㅎ 요즘 날도 더운데 시원하게 마시니까 
입덧 때문에 화 났던 게(?) 좀 가라앉더라고요ㅋㅋㅋ ",2026-05-21T08:45:45+09:00,2026-05-21,김****,10,False,0,0,,1000000396,수드티 루이보스 허브 블렌드 티 강황 맘먼트 임산부 차,https://www.phytonutri.kr/goods/goods_view.php?goodsNo=1000000396,4.7,33,0,0,"{'1': ['만족도', '효과']}",[],"[{'name': '아이 성별', 'value': '남자'}, {'name': '몇 개월인가요?', 'value': '13~24개월'}]"
97196,64,5,,자사몰(고도몰),"맘카페 후기나 블로그글 하루종일 보고 사줄만한 걸 찾아보니까
이게 젤 적당한 것 같아보였어요 ",2026-05-21T08:44:28+09:00,2026-05-21,한****,10,False,0,0,,1000000396,수드티 루이보스 허브 블렌드 티 강황 맘먼트 임산부 차,https://www.phytonutri.kr/goods/goods_view.php?goodsNo=1000000396,4.7,33,1,0,{'1': ['만족도']},[],"[{'name': '아이 성별', 'value': '남자'}]"
97195,64,5,,자사몰(고도몰),"딸내미가 입덧 때문에 반찬도 못 넘긴다길래 수드티 보내줘봤어요..
이건 잘 먹는다고해서 마음이 좀 놓이네요 ^^ 
가방에 넣어다니면서 잘 먹는대요~",2026-05-21T08:43:26+09:00,2026-05-21,윤****,10,True,2,2,https://assets6.cre.ma/p/phytonutri-kr/reviews/00/00/09/71/95/image1/1063e53594a64bd0.webp|https://assets6.cre.ma/p/phytonutri-kr/reviews/00/00/09/71/95/image2/ed00c6c2e630f069.webp,1000000396,수드티 루이보스 허브 블렌드 티 강황 맘먼트 임산부 차,https://www.phytonutri.kr/goods/goods_view.php?goodsNo=1000000396,4.7,33,2,0,{'1': ['만족도']},[],"[{'name': '아이 성별', 'value': '여자'}, {'name': '몇 개월인가요?', 'value': '7~12개월'}]"
97227,64,5,smart_store,스마트스토어,이것만 먹여요!! ㅎㅎ,2026-05-21T08:30:49+09:00,2026-05-21,네이버 스마트스토어 구****,5,False,0,0,,1000000297,"그로우뉴 아이 유기농칼슘&마그네슘 비타민D,k2,망간",https://www.phytonutri.kr/goods/goods_view.php?goodsNo=1000000297,4.9,4844,0,0,{'1': ['만족도']},[],[]
97228,64,3,smart_store,스마트스토어,15개월 아기 먹이려고 샀는데 양을 얼만큼 줘야되는지 몰라서 혼란스러웠어요,2026-05-21T08:09:50+09:00,2026-05-21,네이버 스마트스토어 구****,5,True,1,1,https://assets6.cre.ma/p/phytonutri-kr/reviews/00/00/09/72/28/image1/a422626318873237.webp,1000000281,지니어스뉴 드롭스&톡캡스,https://www.phytonutri.kr/goods/goods_view.php?goodsNo=1000000281,4.9,14386,0,0,"{'-1': ['만족도', '용량']}",[],[]
97229,64,5,smart_store,스마트스토어,벌써 10병은 먹은거 같아요. 꾸준히 먹이려구요.,2026-05-21T01:00:13+09:00,2026-05-21,네이버 스마트스토어 구****,5,True,1,1,https://assets6.cre.ma/p/phytonutri-kr/reviews/00/00/09/72/29/image1/3ff07413d5117280.webp,1000000281,지니어스뉴 드롭스&톡캡스,https://www.phytonutri.kr/goods/goods_view.php?goodsNo=1000000281,4.9,14386,0,0,{'1': ['만족도']},[],[]
97230,64,5,smart_store,스마트스토어,아이가 우유를 너무 안먹어서 먹이고있어요,2026-05-21T00:47:26+09:00,2026-05-21,네이버 스마트스토어 구****,5,True,1,1,https://assets6.cre.ma/p/phytonutri-kr/reviews/00/00/09/72/30/image1/da28afeab3c1d72c.webp,1000000298,지니어스뉴 + 그로우뉴 세트,https://www.phytonutri.kr/goods/goods_view.php?goodsNo=1000000298,4.9,1413,0,0,{'0': ['만족도']},[],[]
97231,64,5,smart_store,스마트스토어,항상 구매하고 있어요,2026-05-21T00:20:33+09:00,2026-05-21,네이버 스마트스토어 구****,5,False,0,0,,1000000281,지니어스뉴 드롭스&톡캡스,https://www.phytonutri.kr/goods/goods_view.php?goodsNo=1000000281,4.9,14386,0,0,{'2': ['만족도']},[],[]
97232,64,4,smart_store,스마트스토어,꾸준히 먹어보려 구매했었고 잘먹는중입니다! 사은품으로 주신거요~~,2026-05-20T23:26:47+09:00,2026-05-20,네이버 스마트스토어 구****,5,True,1,1,https://assets6.cre.ma/p/phytonutri-kr/reviews/00/00/09/72/32/image1/ba309bf246223854.webp,1000000297,"그로우뉴 아이 유기농칼슘&마그네슘 비타민D,k2,망간",https://www.phytonutri.kr/goods/goods_view.php?goodsNo=1000000297,4.9,4844,0,0,"{'1': ['만족도', '제품구성']}",[],[]
97193,65,5,,자사몰(고도몰),"광고를 보고 반신반의로 시켰던 지니어스뉴, 첫째 둘째가 너무나 잘 먹고 잘 크는게 보여서 늘 여기껏만 먹이게 되었어요^^ 앞으로도 꾸준히 잘 먹일 생각입니다^^",2026-05-20T23:05:54+09:00,2026-05-20,양****,10,True,1,1,https://assets6.cre.ma/p/phytonutri-kr/reviews/00/00/09/71/93/image1/a19aa5dc663690d6.webp,1000000281,지니어스뉴 드롭스&톡캡스,https://www.phytonutri.kr/goods/goods_view.php?goodsNo=1000000281,4.9,14386,0,0,"{'2': ['만족도'], '1': ['효과']}","[{'name': '[필수] 오프너 선택', 'value': '드롭스/오프너O [주문 1건당 1개 제공]'}, {'name': '[필수] 제품선택', 'value': '지니어스뉴 드롭스 6+4+1병(총11병 약 4개월 12일분)[증정:이트뮨 10포]'}]","[{'name': '아이 성별', 'value': '여자'}, {'name': '몇 개월인가요?', 'value': '25개월 이상'}]"
97233,65,5,smart_store,스마트스토어,아이가 너무 좋아하며 잘 먹어요 계속 재구매하게 되네요 둘째도 돌 지나면 먹여야겠어요 ^^,2026-05-20T23:05:44+09:00,2026-05-20,네이버 스마트스토어 구****,5,True,1,1,https://assets6.cre.ma/p/phytonutri-kr/reviews/00/00/09/72/33/image1/897032a9bf1826b1.webp,1000000325,투데이디3 for baby,https://www.phytonutri.kr/goods/goods_view.php?goodsNo=1000000325,4.9,3634,0,0,{'2': ['만족도']},[],[]
97234,65,5,smart_store,스마트스토어,잘 먹으면 좋겠죠? 라는 생각으로 먹이고 있습니다.,2026-05-20T22:48:31+09:00,2026-05-20,네이버 스마트스토어 구****,5,True,1,1,https://assets6.cre.ma/p/phytonutri-kr/reviews/00/00/09/72/34/image1/3d2459ac2c149cc3.webp,1000000281,지니어스뉴 드롭스&톡캡스,https://www.phytonutri.kr/goods/goods_view.php?goodsNo=1000000281,4.9,14386,0,0,{'0': ['만족도']},[],[]
97235,65,5,smart_store,스마트스토어,잘 먹이고 있습니다 굿,2026-05-20T22:05:37+09:00,2026-05-20,네이버 스마트스토어 구****,5,True,1,1,https://assets6.cre.ma/p/phytonutri-kr/reviews/00/00/09/72/35/image1/fc5590b17c2f2776.webp,1000000325,투데이디3 for baby,https://www.phytonutri.kr/goods/goods_view.php?goodsNo=1000000325,4.9,3634,0,0,{'1': ['만족도']},[],[]
97236,65,5,smart_store,스마트스토어,아이 필수 영양제 오메가3 보충용으로 잘먹이고 있습니다~,2026-05-20T22:01:34+09:00,2026-05-20,네이버 스마트스토어 구****,5,True,1,1,https://assets6.cre.ma/p/phytonutri-kr/reviews/00/00/09/72/36/image1/750c3be8900d7b8d.webp,1000000281,지니어스뉴 드롭스&톡캡스,https://www.phytonutri.kr/goods/goods_view.php?goodsNo=1000000281,4.9,14386,0,0,{'1': ['만족도']},[],[]
97237,65,5,smart_store,스마트스토어,아기가 20개월까지 계속 지니어스뉴를 먹이고 있습니다! 확실히 아기한테 좋은거 같은 느낌이 들고 계속 먹일 예정입니다!,2026-05-20T21:42:31+09:00,2026-05-20,네이버 스마트스토어 구****,5,True,1,1,https://assets6.cre.ma/p/phytonutri-kr/reviews/00/00/09/72/37/image1/ca7a6afef40ba529.webp,1000000281,지니어스뉴 드롭스&톡캡스,https://www.phytonutri.kr/goods/goods_view.php?goodsNo=1000000281,4.9,14386,0,0,"{'1': ['만족도', '효과']}",[],[]
97238,65,5,smart_store,스마트스토어,"아이들
칼슘이 중요하다 해서 구매했어요
첫째둘째 열심히 먹일랍니다!",2026-05-20T21:38:46+09:00,2026-05-20,네이버 스마트스토어 구****,5,True,1,1,https://assets6.cre.ma/p/phytonutri-kr/reviews/00/00/09/72/38/image1/3faf7094d7afffff.webp,1000000297,"그로우뉴 아이 유기농칼슘&마그네슘 비타민D,k2,망간",https://www.phytonutri.kr/goods/goods_view.php?goodsNo=1000000297,4.9,4844,0,0,{'0': ['만족도']},[],[]
97239,65,5,smart_store,스마트스토어,아주좋아요 애기가 만족,2026-05-20T21:24:53+09:00,2026-05-20,네이버 스마트스토어 구****,5,False,0,0,,1000000281,지니어스뉴 드롭스&톡캡스,https://www.phytonutri.kr/goods/goods_view.php?goodsNo=1000000281,4.9,14386,0,0,{'2': ['만족도']},[],[]
97240,65,5,smart_store,스마트스토어,16갤 아기 열심히 먹이고있습니다,2026-05-20T21:20:46+09:00,2026-05-20,네이버 스마트스토어 구****,5,True,1,1,https://assets6.cre.ma/p/phytonutri-kr/reviews/00/00/09/72/40/image1/8fcded1d39dbd310.webp,1000000325,투데이디3 for baby,https://www.phytonutri.kr/goods/goods_view.php?goodsNo=1000000325,4.9,3634,0,0,{'0': ['만족도']},[],[]
97241,65,5,smart_store,스마트스토어,먹이기 편하고 유산균이 살아서 장까지 갈수있는 특수 공법으로 만들어져서 좋아요,2026-05-20T21:19:50+09:00,2026-05-20,네이버 스마트스토어 구****,5,True,1,1,https://assets6.cre.ma/p/phytonutri-kr/reviews/00/00/09/72/41/image1/27e042ac5867d357.webp,1000000363,데이프로바 for baby 아기 쌩쌩유산균,https://www.phytonutri.kr/goods/goods_view.php?goodsNo=1000000363,4.9,363,0,0,"{'1': ['만족도', '품질', '성분', '편의성']}",[],[]
97242,65,5,smart_store,스마트스토어,한달동안 아주 잘먹였습니다,2026-05-20T21:13:55+09:00,2026-05-20,네이버 스마트스토어 구****,5,True,1,1,https://assets6.cre.ma/p/phytonutri-kr/reviews/00/00/09/72/42/image1/ede8c3ecd41595c7.webp,1000000375,데이프로바 + 투데이디3 세트,https://www.phytonutri.kr/goods/goods_view.php?goodsNo=1000000375,4.9,139,0,0,{'1': ['만족도']},[],[]
97243,65,5,smart_store,스마트스토어,잘먹고 있습니다 감사합니다,2026-05-20T20:44:50+09:00,2026-05-20,네이버 스마트스토어 구****,5,True,1,1,https://assets6.cre.ma/p/phytonutri-kr/reviews/00/00/09/72/43/image1/d0999b7ca5035bfe.webp,1000000326,지니어스뉴 + 투데이디3 세트,https://www.phytonutri.kr/goods/goods_view.php?goodsNo=1000000326,4.8,245,0,0,{'1': ['만족도']},[],[]
97194,65,5,,자사몰(고도몰),배송도빠르고좋아요~~~$강추,2026-05-20T20:36:02+09:00,2026-05-20,juki******,5,False,0,0,,1000000403,뉴스데일리베스트 X 파이토뉴트리 맨드로포즈+,https://www.phytonutri.kr/goods/goods_view.php?goodsNo=1000000403,4.7,193,0,0,"{'2': ['만족도'], '1': ['배송']}",[],[]
97244,65,5,smart_store,스마트스토어,한달 먹여보고 괜찮아서 더 주문했어요!,2026-05-20T20:34:44+09:00,2026-05-20,네이버 스마트스토어 구****,5,True,1,1,https://assets6.cre.ma/p/phytonutri-kr/reviews/00/00/09/72/44/image1/8eec2d1baeae62ca.webp,1000000298,지니어스뉴 + 그로우뉴 세트,https://www.phytonutri.kr/goods/goods_view.php?goodsNo=1000000298,4.9,1413,0,0,{'2': ['만족도']},[],[]
97245,65,5,smart_store,스마트스토어,재구매입니다 ^^ 굿국,2026-05-20T19:48:49+09:00,2026-05-20,네이버 스마트스토어 구****,5,True,1,1,https://assets6.cre.ma/p/phytonutri-kr/reviews/00/00/09/72/45/image1/ffefbceff3033789.webp,1000000325,투데이디3 for baby,https://www.phytonutri.kr/goods/goods_view.php?goodsNo=1000000325,4.9,3634,0,0,{'2': ['만족도']},[],[]
97246,65,5,smart_store,스마트스토어,재구매입니다^^ 굿굿,2026-05-20T19:48:20+09:00,2026-05-20,네이버 스마트스토어 구****,5,True,1,1,https://assets6.cre.ma/p/phytonutri-kr/reviews/00/00/09/72/46/image1/5d6a894bf244f439.webp,1000000325,투데이디3 for baby,https://www.phytonutri.kr/goods/goods_view.php?goodsNo=1000000325,4.9,3634,0,0,{'2': ['만족도']},[],[]
97247,65,5,smart_store,스마트스토어,아기도 잘 먹고 먹이기도 편해서 쟁여두고 먹어요!,2026-05-20T19:35:41+09:00,2026-05-20,네이버 스마트스토어 구****,5,True,1,1,https://assets6.cre.ma/p/phytonutri-kr/reviews/00/00/09/72/47/image1/3c4db37f5b9319a5.webp,1000000325,투데이디3 for baby,https://www.phytonutri.kr/goods/goods_view.php?goodsNo=1000000325,4.9,3634,0,0,"{'1': ['만족도', '편의성']}",[],[]
97248,65,5,smart_store,스마트스토어,쟁여두고 먹이고 있습니다:),2026-05-20T19:35:04+09:00,2026-05-20,네이버 스마트스토어 구****,5,True,1,1,https://assets6.cre.ma/p/phytonutri-kr/reviews/00/00/09/72/48/image1/5d95507b6e3da59f.webp,1000000325,투데이디3 for baby,https://www.phytonutri.kr/goods/goods_view.php?goodsNo=1000000325,4.9,3634,0,0,{'1': ['만족도']},[],[]
97249,65,4,smart_store,스마트스토어,음식 먹을 때 같이 주고 있어요~ 잘 먹어요 !,2026-05-20T19:30:57+09:00,2026-05-20,네이버 스마트스토어 구****,5,True,1,1,https://assets6.cre.ma/p/phytonutri-kr/reviews/00/00/09/72/49/image1/ac03f5b1e86ac0cf.webp,1000000281,지니어스뉴 드롭스&톡캡스,https://www.phytonutri.kr/goods/goods_view.php?goodsNo=1000000281,4.9,14386,0,0,{'1': ['만족도']},[],[]
97250,65,5,smart_store,스마트스토어,한번 사서 먹이고나서 ㅋㅋㅋ 너무 좋아서 계속 사서 먹이고 있네요~~!!,2026-05-20T18:49:32+09:00,2026-05-20,네이버 스마트스토어 구****,5,True,1,1,https://assets6.cre.ma/p/phytonutri-kr/reviews/00/00/09/72/50/image1/077142808d6dd292.webp,1000000325,투데이디3 for baby,https://www.phytonutri.kr/goods/goods_view.php?goodsNo=1000000325,4.9,3634,0,0,{'2': ['만족도']},[],[]
97251,66,5,smart_store,스마트스토어,매번 잘먹고있습니다,2026-05-20T18:44:28+09:00,2026-05-20,네이버 스마트스토어 구****,5,True,1,1,https://assets6.cre.ma/p/phytonutri-kr/reviews/00/00/09/72/51/image1/d21b50d540b3df7c.webp,1000000281,지니어스뉴 드롭스&톡캡스,https://www.phytonutri.kr/goods/goods_view.php?goodsNo=1000000281,4.9,14386,0,0,{'1': ['만족도']},[],[]
97150,66,5,smart_store,스마트스토어,약 복용후 피로감이 덜하고 활력도 생겨서 좋다고 합니다. 재구매도 할듯요.,2026-05-20T17:38:22+09:00,2026-05-20,네이버 스마트스토어 구****,5,True,1,1,https://assets6.cre.ma/p/phytonutri-kr/reviews/00/00/09/71/50/image1/fdd3e75789118f18.webp,1000000403,뉴스데일리베스트 X 파이토뉴트리 맨드로포즈+,https://www.phytonutri.kr/goods/goods_view.php?goodsNo=1000000403,4.7,193,0,0,"{'1': ['만족도', '효과']}",[],[]
97151,66,5,smart_store,스마트스토어,먹이기 너무 편하네요!,2026-05-20T17:06:27+09:00,2026-05-20,네이버 스마트스토어 구****,5,True,1,1,https://assets6.cre.ma/p/phytonutri-kr/reviews/00/00/09/71/51/image1/3c3bf3f8afc360d6.webp,1000000326,지니어스뉴 + 투데이디3 세트,https://www.phytonutri.kr/goods/goods_view.php?goodsNo=1000000326,4.8,245,0,0,"{'1': ['만족도'], '2': ['편의성']}",[],[]
97152,66,5,smart_store,스마트스토어,성분도좋고 아이가 자기전에찾아서 먹고자요^^,2026-05-20T15:36:23+09:00,2026-05-20,네이버 스마트스토어 구****,5,True,1,1,https://assets6.cre.ma/p/phytonutri-kr/reviews/00/00/09/71/52/image1/f18ab7a6050ada44.webp,1000000297,"그로우뉴 아이 유기농칼슘&마그네슘 비타민D,k2,망간",https://www.phytonutri.kr/goods/goods_view.php?goodsNo=1000000297,4.9,4844,0,0,"{'1': ['만족도', '성분']}",[],[]
97153,66,5,smart_store,스마트스토어,아기도 잘 먹규 쭉 먹일거에요,2026-05-20T15:25:33+09:00,2026-05-20,네이버 스마트스토어 구****,5,True,1,1,https://assets6.cre.ma/p/phytonutri-kr/reviews/00/00/09/71/53/image1/1887ae029b19e81c.webp,1000000281,지니어스뉴 드롭스&톡캡스,https://www.phytonutri.kr/goods/goods_view.php?goodsNo=1000000281,4.9,14386,0,0,{'1': ['만족도']},[],[]
97154,66,1,smart_store,스마트스토어,알갱이가 커서 녹지 않고 젖병구멍을 자꾸막아요...뜨거운물로 먼저 녹이라는데 언제 그렇게 하고 있나요 ㅠㅠ 애는 울고...어린아기용으로는 비추 입니다.,2026-05-20T15:18:25+09:00,2026-05-20,네이버 스마트스토어 구****,5,True,1,1,https://assets6.cre.ma/p/phytonutri-kr/reviews/00/00/09/71/54/image1/62e4f31ac5de0666.webp,1000000363,데이프로바 for baby 아기 쌩쌩유산균,https://www.phytonutri.kr/goods/goods_view.php?goodsNo=1000000363,4.9,363,0,0,"{'-1': ['만족도', '품질', '크기']}",[],[]
97155,66,5,smart_store,스마트스토어,"캡슐이.편리하고 위생적이라 매번 주문해서 먹이고 있어요
처음엔 긴가민가하면서 구매했는데
먹인 이후로 아이가 달라진거 같은 느낌이에요
발달 시기와 겹쳤다고 생각하며서도
확실히 도움을 받은거 같은 생각이 드네요!
집중하면서 놀이하는 모습이나 작은 물건을 잘 집거나 내 말을 이해하는 듯한.부분들이요ㅎㅎ
발달이 늦진 않을까 걱정했던 저에게는
만족스러웠던 결과였습니다~
꾸준히 먹일 생각이에요~",2026-05-20T15:16:05+09:00,2026-05-20,네이버 스마트스토어 구****,5,True,1,1,https://assets6.cre.ma/p/phytonutri-kr/reviews/00/00/09/71/55/image1/e501df4d98d31baa.webp,1000000281,지니어스뉴 드롭스&톡캡스,https://www.phytonutri.kr/goods/goods_view.php?goodsNo=1000000281,4.9,14386,0,0,"{'1': ['만족도', '효과', '편의성']}",[],[]
97156,66,5,smart_store,스마트스토어,"15개월 아기인데 필수 영양소 중에 오메가에 있는 성분이 부족한거같아 구매했습니다. 우유에 타서 줘봤는데 잘먹네요,  평소에 우유에 비타민,유산균,미네랄, 철분 영양제와 섞어서 유유를 주는데, 이 영양제도 같이 추가해서 같이 줘도 될까요?",2026-05-20T15:07:16+09:00,2026-05-20,네이버 스마트스토어 구****,5,True,1,1,https://assets6.cre.ma/p/phytonutri-kr/reviews/00/00/09/71/56/image1/ff76462291abd052.webp,1000000281,지니어스뉴 드롭스&톡캡스,https://www.phytonutri.kr/goods/goods_view.php?goodsNo=1000000281,4.9,14386,0,0,"{'1': ['만족도'], '0': ['성분']}",[],[]
97157,66,5,smart_store,스마트스토어,11개월 우리아기 똑똑해지길,2026-05-20T14:56:57+09:00,2026-05-20,네이버 스마트스토어 구****,5,False,0,0,,1000000281,지니어스뉴 드롭스&톡캡스,https://www.phytonutri.kr/goods/goods_view.php?goodsNo=1000000281,4.9,14386,0,0,{'0': ['만족도']},[],[]
97158,66,5,smart_store,스마트스토어,"11개월아기
액체 먹이기 힘들어 이유식에 타주려고 구매했어요",2026-05-20T14:56:09+09:00,2026-05-20,네이버 스마트스토어 구****,5,False,0,0,,1000000297,"그로우뉴 아이 유기농칼슘&마그네슘 비타민D,k2,망간",https://www.phytonutri.kr/goods/goods_view.php?goodsNo=1000000297,4.9,4844,0,0,{'0': ['만족도']},[],[]
97159,66,5,smart_store,스마트스토어,거부감없이 잘 먹는 영양제예요 돌 전부터 먹기 시작해서 27개월인 지금까지:),2026-05-20T14:17:19+09:00,2026-05-20,네이버 스마트스토어 구****,5,True,1,1,https://assets6.cre.ma/p/phytonutri-kr/reviews/00/00/09/71/59/image1/791aa3848eb94325.webp,1000000297,"그로우뉴 아이 유기농칼슘&마그네슘 비타민D,k2,망간",https://www.phytonutri.kr/goods/goods_view.php?goodsNo=1000000297,4.9,4844,0,0,{'1': ['만족도']},[],[]
97149,66,5,,자사몰(고도몰),"임신하면 다 행복한 줄 알았는데 옆에서 힘들어하니까
신경 쓰여서 제가 해줄 수 있는 게 이런 것 뿐이라 미안하네요 ㅠㅠ
그래두 잘 맞아하는 것 같아서 다행이에요",2026-05-20T13:31:55+09:00,2026-05-20,장****,10,False,0,0,,1000000396,수드티 루이보스 허브 블렌드 티 강황 맘먼트 임산부 차,https://www.phytonutri.kr/goods/goods_view.php?goodsNo=1000000396,4.7,33,1,0,{'1': ['만족도']},[],[]
97148,66,4,,자사몰(고도몰),"와이프가 속이 너무 안 좋다고 해서 카페인 프리 차 사줬더니 오히려 입덧이 더 심해지더래요... 입덧 가라앉을 차 어떤 게 있나 싶어 찾아보니까 생강, 레몬, 루이보스가 포함된 수드티가 있더라고요? 그래서 주문해봤더니 생강 맛이 심하진 않다고 하네요~",2026-05-20T13:30:41+09:00,2026-05-20,조****,10,False,0,0,,1000000396,수드티 루이보스 허브 블렌드 티 강황 맘먼트 임산부 차,https://www.phytonutri.kr/goods/goods_view.php?goodsNo=1000000396,4.7,33,1,0,"{'0': ['만족도', '맛']}",[],"[{'name': '아이 성별', 'value': '남자'}, {'name': '몇 개월인가요?', 'value': '25개월 이상'}]"
97147,66,5,,자사몰(고도몰),입덧이 힘든건지 처음 알았어요… 맨날 괜찮다는데 출근만 하면 아내가 심하게 예민해져서 고르다가 이걸로 드디어 정착했습니다!,2026-05-20T13:28:14+09:00,2026-05-20,강****,10,False,0,0,,1000000396,수드티 루이보스 허브 블렌드 티 강황 맘먼트 임산부 차,https://www.phytonutri.kr/goods/goods_view.php?goodsNo=1000000396,4.7,33,0,0,{'1': ['만족도']},[],[]
97146,66,5,,자사몰(고도몰),며느리가 입덧이 심하다길래 젊은 엄마들이 많이 먹는다는 거 찾아서 보내줬는데 부담없이 먹는다네요~~~~~ ^^!,2026-05-20T13:25:33+09:00,2026-05-20,정****,10,True,1,1,https://assets6.cre.ma/p/phytonutri-kr/reviews/00/00/09/71/46/image1/b566a11b0051dc38.webp,1000000396,수드티 루이보스 허브 블렌드 티 강황 맘먼트 임산부 차,https://www.phytonutri.kr/goods/goods_view.php?goodsNo=1000000396,4.7,33,2,0,{'1': ['만족도']},[],"[{'name': '아이 성별', 'value': '여자'}]"
97145,66,4,,자사몰(고도몰),"원래 차도 안 마시는데 이상하게 임신하니까 따뜻한 게 당기더라고요
커피는 못 먹겠고 물은 비리고 ㅠㅠ 출근할 때 타서 가면 하루가 편안한 것 같아요 ㅎㅎ",2026-05-20T13:24:02+09:00,2026-05-20,한****,10,False,0,0,,1000000396,수드티 루이보스 허브 블렌드 티 강황 맘먼트 임산부 차,https://www.phytonutri.kr/goods/goods_view.php?goodsNo=1000000396,4.7,33,1,0,"{'1': ['만족도'], '0': ['맛']}",[],"[{'name': '아이 성별', 'value': '남자'}, {'name': '몇 개월인가요?', 'value': '7~12개월'}]"
97144,66,5,,자사몰(고도몰),"딸랑구가 애 가졌다고 좋아하던 게 엊그제 같은데 입덧이 심해서 반찬 싸줘도 그대로고 

전화하면 기운도 없고 목소리도 안좋은게 신경 쓰이고 자주 가보지도 못하니까 마음이 좀 그랬어요 

첫 손주고 5년만에 생긴 애라서 신경 써주고 싶은 마음은 굴뚝 같은데 쉽지 않았어요 

그래서 주변에 손주 키우는 지인들한테 입덧에 괜찮은 게 뭐 있냐 좀 물어봤더니 수드티가 괜찮다고 추천 받아서 주문해줬더니 

그래도 이건 잘 먹더라고요... 반찬 싸줬을 때 하나도 안 줄었는데 이건 그래도 금방 줄어들어서 더 사주려고 했더니 자기가 더 샀더라고요 ^^;;

늦게 보는 손주라 작은 거 하나도 다 신경 쓰이네요 ㅎㅎ",2026-05-20T13:21:13+09:00,2026-05-20,김****,10,True,2,2,https://assets6.cre.ma/p/phytonutri-kr/reviews/00/00/09/71/44/image1/8ffcf636f9c257b5.webp|https://assets6.cre.ma/p/phytonutri-kr/reviews/00/00/09/71/44/image2/cbddb08a904a9d51.webp,1000000396,수드티 루이보스 허브 블렌드 티 강황 맘먼트 임산부 차,https://www.phytonutri.kr/goods/goods_view.php?goodsNo=1000000396,4.7,33,4,0,"{'1': ['만족도', '효과']}",[],"[{'name': '아이 성별', 'value': '여자'}, {'name': '몇 개월인가요?', 'value': '25개월 이상'}]"
97160,66,5,smart_store,스마트스토어,울애기 비타민d 요걸로 정착해서 너무 잘먹고잇어요 ㅎㅎ,2026-05-20T13:19:46+09:00,2026-05-20,네이버 스마트스토어 구****,5,True,1,1,https://assets6.cre.ma/p/phytonutri-kr/reviews/00/00/09/71/60/image1/ec7960bff98ce683.webp,1000000325,투데이디3 for baby,https://www.phytonutri.kr/goods/goods_view.php?goodsNo=1000000325,4.9,3634,0,0,{'1': ['만족도']},[],[]
97161,66,5,smart_store,스마트스토어,"꾸준히 매번 먹이는 제품이에요!!
요즘 어린이집에서 선생님이 또래보다 정말 똑똑하다는 소리를 자주 하시는데 오메가 도움도 있눈것 같아서 앞으로도 쭈욱 먹이려구요!",2026-05-20T13:12:53+09:00,2026-05-20,네이버 스마트스토어 구****,5,True,1,1,https://assets6.cre.ma/p/phytonutri-kr/reviews/00/00/09/71/61/image1/03b77a2be741be53.webp,1000000281,지니어스뉴 드롭스&톡캡스,https://www.phytonutri.kr/goods/goods_view.php?goodsNo=1000000281,4.9,14386,0,0,"{'2': ['만족도'], '1': ['효과']}",[],[]
97162,66,5,smart_store,스마트스토어,"4개월때부터 쭉 먹이던건데 벌써 이제 9개월이네요 ㅎㅎ 
간편한 캡술형이라 먹이기도 편해서 굳 💛",2026-05-20T12:34:21+09:00,2026-05-20,네이버 스마트스토어 구****,5,True,1,1,https://assets6.cre.ma/p/phytonutri-kr/reviews/00/00/09/71/62/image1/796d32a9b16abe25.webp,1000000375,데이프로바 + 투데이디3 세트,https://www.phytonutri.kr/goods/goods_view.php?goodsNo=1000000375,4.9,139,0,0,"{'1': ['만족도', '편의성']}",[],[]
97163,67,5,smart_store,스마트스토어,"아기 모유수유해서 비타민D 먹이려고 샀어요
처음에는 애가 혓바닥으로 밀어내고 흘러나오는 양이 더 많나 먹이기 힘들었는데 요령이 생기니 한번에 쑥 입안에 넣어줄 수 있어서 편리하게 먹여요!",2026-05-20T12:01:38+09:00,2026-05-20,네이버 스마트스토어 구****,5,True,1,1,https://assets6.cre.ma/p/phytonutri-kr/reviews/00/00/09/71/63/image1/5715f1d254a7c920.webp,1000000325,투데이디3 for baby,https://www.phytonutri.kr/goods/goods_view.php?goodsNo=1000000325,4.9,3634,0,0,"{'1': ['만족도', '편의성']}",[],[]
97164,67,5,smart_store,스마트스토어,꾸준히 사용하려고 재구매 하였습니다. 영양성분 구성이나 모든것들에 만족해요!,2026-05-20T11:28:07+09:00,2026-05-20,네이버 스마트스토어 구****,5,True,1,1,https://assets6.cre.ma/p/phytonutri-kr/reviews/00/00/09/71/64/image1/fc2dc794a9a2acf4.webp,1000000281,지니어스뉴 드롭스&톡캡스,https://www.phytonutri.kr/goods/goods_view.php?goodsNo=1000000281,4.9,14386,0,0,"{'2': ['만족도'], '1': ['성분']}",[],[]
97165,67,5,smart_store,스마트스토어,믿고 구매하게됩니다! 굳굳,2026-05-20T11:27:32+09:00,2026-05-20,네이버 스마트스토어 구****,5,True,1,1,https://assets6.cre.ma/p/phytonutri-kr/reviews/00/00/09/71/65/image1/13354d8fb9ca1589.webp,1000000281,지니어스뉴 드롭스&톡캡스,https://www.phytonutri.kr/goods/goods_view.php?goodsNo=1000000281,4.9,14386,0,0,{'2': ['만족도']},[],[]
97166,67,5,smart_store,스마트스토어,아이가 싫어하지도 않고 거부감 없이 잘 먹어요 앞으로도 개월수마다 바꿔가면서 계속 먹일것같아요 ~,2026-05-20T10:36:05+09:00,2026-05-20,네이버 스마트스토어 구****,5,True,1,1,https://assets6.cre.ma/p/phytonutri-kr/reviews/00/00/09/71/66/image1/cc36722253a5ea34.webp,1000000281,지니어스뉴 드롭스&톡캡스,https://www.phytonutri.kr/goods/goods_view.php?goodsNo=1000000281,4.9,14386,0,0,{'1': ['만족도']},[],[]
97167,67,5,smart_store,스마트스토어,잘먹고있어요 좋은거같아요~!,2026-05-20T10:22:30+09:00,2026-05-20,네이버 스마트스토어 구****,5,True,1,1,https://assets6.cre.ma/p/phytonutri-kr/reviews/00/00/09/71/67/image1/15d1ebb8147c6ea4.webp,1000000325,투데이디3 for baby,https://www.phytonutri.kr/goods/goods_view.php?goodsNo=1000000325,4.9,3634,0,0,{'1': ['만족도']},[],[]
97168,67,5,smart_store,스마트스토어,비타민 디랑 오메사 스리 자루먹고 있아요.,2026-05-20T10:15:36+09:00,2026-05-20,네이버 스마트스토어 구****,5,True,1,1,https://assets6.cre.ma/p/phytonutri-kr/reviews/00/00/09/71/68/image1/fe581a0abd1a8432.webp,1000000375,데이프로바 + 투데이디3 세트,https://www.phytonutri.kr/goods/goods_view.php?goodsNo=1000000375,4.9,139,0,0,{'0': ['만족도']},[],[]
97169,67,4,smart_store,스마트스토어,스포이드 형식으로 먹이다가 불편해서 갈아타봤는데 편리해요,2026-05-20T09:46:43+09:00,2026-05-20,네이버 스마트스토어 구****,5,True,1,1,https://assets6.cre.ma/p/phytonutri-kr/reviews/00/00/09/71/69/image1/52c36a36ef9a4fcd.webp,1000000325,투데이디3 for baby,https://www.phytonutri.kr/goods/goods_view.php?goodsNo=1000000325,4.9,3634,0,0,"{'1': ['만족도', '편의성']}",[],[]
97170,67,5,smart_store,스마트스토어,아기 영양제로 최고인거 같음,2026-05-20T09:38:13+09:00,2026-05-20,네이버 스마트스토어 구****,5,False,0,0,,1000000297,"그로우뉴 아이 유기농칼슘&마그네슘 비타민D,k2,망간",https://www.phytonutri.kr/goods/goods_view.php?goodsNo=1000000297,4.9,4844,0,0,{'2': ['만족도']},[],[]
97171,67,5,smart_store,스마트스토어,좋아요좋아 만족합니다~!,2026-05-20T09:20:28+09:00,2026-05-20,네이버 스마트스토어 구****,5,True,1,1,https://assets6.cre.ma/p/phytonutri-kr/reviews/00/00/09/71/71/image1/9c758a86941f04f1.webp,1000000281,지니어스뉴 드롭스&톡캡스,https://www.phytonutri.kr/goods/goods_view.php?goodsNo=1000000281,4.9,14386,0,0,{'1': ['만족도']},[],[]
97172,67,5,smart_store,스마트스토어,하루 한알씩 먹이기편하고 아이도 맛이 괜찮은지 거부감없이 잘먹습니다,2026-05-20T09:17:16+09:00,2026-05-20,네이버 스마트스토어 구****,5,True,1,1,https://assets6.cre.ma/p/phytonutri-kr/reviews/00/00/09/71/72/image1/ece8a8dbd14873eb.webp,1000000325,투데이디3 for baby,https://www.phytonutri.kr/goods/goods_view.php?goodsNo=1000000325,4.9,3634,0,0,"{'1': ['만족도', '맛', '편의성']}",[],[]
97173,67,5,smart_store,스마트스토어,"아이 유산균 찾는중 다른 제품구매후 증정으로주신 이제품을 접하게되어 구매하게되었습니다  일단아이가 거부감없이잘먹고 좋아합니다 화장실도 규칙적으로 잘보고요 
가루로된형태라 아이에게먹일때는 물과섞어서 주고있습니다",2026-05-20T09:15:49+09:00,2026-05-20,네이버 스마트스토어 구****,5,True,1,1,https://assets6.cre.ma/p/phytonutri-kr/reviews/00/00/09/71/73/image1/8c1be195c941865b.webp,1000000363,데이프로바 for baby 아기 쌩쌩유산균,https://www.phytonutri.kr/goods/goods_view.php?goodsNo=1000000363,4.9,363,0,0,"{'1': ['만족도', '효과']}",[],[]
97174,67,4,smart_store,스마트스토어,꾸준히 잘먹이고있어요,2026-05-20T08:59:12+09:00,2026-05-20,네이버 스마트스토어 구****,5,False,0,0,,1000000326,지니어스뉴 + 투데이디3 세트,https://www.phytonutri.kr/goods/goods_view.php?goodsNo=1000000326,4.8,245,0,0,{'1': ['만족도']},[],[]
97175,67,5,smart_store,스마트스토어,간편하고 먹기 좋아요,2026-05-20T08:32:51+09:00,2026-05-20,네이버 스마트스토어 구****,5,True,1,1,https://assets6.cre.ma/p/phytonutri-kr/reviews/00/00/09/71/75/image1/2fd5f1f1ed7eb849.webp,1000000325,투데이디3 for baby,https://www.phytonutri.kr/goods/goods_view.php?goodsNo=1000000325,4.9,3634,0,0,"{'1': ['만족도', '편의성']}",[],[]
97176,67,5,smart_store,스마트스토어,해바라기유인게..거슬리지만 그래도 믿고 먹입니다,2026-05-20T01:21:10+09:00,2026-05-20,네이버 스마트스토어 구****,5,False,0,0,,1000000325,투데이디3 for baby,https://www.phytonutri.kr/goods/goods_view.php?goodsNo=1000000325,4.9,3634,0,0,"{'0': ['만족도'], '-1': ['성분']}",[],[]
97177,67,5,smart_store,스마트스토어,이유식에 매일 정량 뿌려줍니다. 두되발달에 좋았으면 하네요 ㅎㅎ,2026-05-20T01:14:08+09:00,2026-05-20,네이버 스마트스토어 구****,5,True,1,1,https://assets6.cre.ma/p/phytonutri-kr/reviews/00/00/09/71/77/image1/34cf0bb1f6825be8.webp,1000000281,지니어스뉴 드롭스&톡캡스,https://www.phytonutri.kr/goods/goods_view.php?goodsNo=1000000281,4.9,14386,0,0,{'0': ['만족도']},[],[]
97178,67,5,smart_store,스마트스토어,아주만족하면서 아이들 이유식에 같이 먹이고 있습니다ㅎㅎ 비린내없고 더 고소하니 괜찮네요,2026-05-20T01:11:49+09:00,2026-05-20,네이버 스마트스토어 구****,5,True,1,1,https://assets6.cre.ma/p/phytonutri-kr/reviews/00/00/09/71/78/image1/997a4468a1a054ed.webp,1000000281,지니어스뉴 드롭스&톡캡스,https://www.phytonutri.kr/goods/goods_view.php?goodsNo=1000000281,4.9,14386,0,0,"{'2': ['만족도'], '1': ['냄새']}",[],[]
97179,67,5,smart_store,스마트스토어,꾸준히 먹고 있는데 아직은 모르겠어요.,2026-05-20T00:49:58+09:00,2026-05-20,네이버 스마트스토어 구****,5,True,1,1,https://assets6.cre.ma/p/phytonutri-kr/reviews/00/00/09/71/79/image1/4a15684c1ec0a495.webp,1000000403,뉴스데일리베스트 X 파이토뉴트리 맨드로포즈+,https://www.phytonutri.kr/goods/goods_view.php?goodsNo=1000000403,4.7,193,0,0,"{'0': ['만족도', '효과']}",[],[]
97180,67,5,smart_store,스마트스토어,먹이기편하고 아기가 좋아해요~~,2026-05-19T22:50:02+09:00,2026-05-19,네이버 스마트스토어 구****,5,True,1,1,https://assets6.cre.ma/p/phytonutri-kr/reviews/00/00/09/71/80/image1/63715cf5e712d9f9.webp,1000000325,투데이디3 for baby,https://www.phytonutri.kr/goods/goods_view.php?goodsNo=1000000325,4.9,3634,0,0,"{'1': ['만족도', '편의성']}",[],[]
97142,67,5,,자사몰(고도몰),손녀가 잘 먹고 있어요 유산균이랑 같이 요거트에 넣어서 먹기도 하고 물에 타서 먹기도 합니다 좋은 영양제 먹고 건강하고 튼튼하게 자라길 바랍니다 ,2026-05-19T22:48:26+09:00,2026-05-19,이****,10,False,0,0,,1000000397,"그로우뉴 ~키즈 유기농 칼슘&마그네슘 비타민D,k2 망간",https://www.phytonutri.kr/goods/goods_view.php?goodsNo=1000000397,4.9,63,0,0,{'1': ['만족도']},"[{'name': '구매옵션', 'value': '[옵션02] 그로우뉴 ~키즈 3+1[총4개월분]'}]",[]
97181,67,4,smart_store,스마트스토어,아기에게 바로 먹이기엔 한약같은 맛이 나네요,2026-05-19T22:15:42+09:00,2026-05-19,네이버 스마트스토어 구****,5,True,1,1,https://assets6.cre.ma/p/phytonutri-kr/reviews/00/00/09/71/81/image1/2b453c0376a77544.webp,1000000325,투데이디3 for baby,https://www.phytonutri.kr/goods/goods_view.php?goodsNo=1000000325,4.9,3634,0,0,"{'0': ['만족도', '맛']}",[],[]
97182,68,5,smart_store,스마트스토어,잘 먹고 있습니다.,2026-05-19T22:05:45+09:00,2026-05-19,네이버 스마트스토어 구****,5,True,1,1,https://assets6.cre.ma/p/phytonutri-kr/reviews/00/00/09/71/82/image1/586df685cdc9164a.webp,1000000297,"그로우뉴 아이 유기농칼슘&마그네슘 비타민D,k2,망간",https://www.phytonutri.kr/goods/goods_view.php?goodsNo=1000000297,4.9,4844,0,0,{'1': ['만족도']},[],[]
97183,68,5,smart_store,스마트스토어,아이에게 주려고 구매했는데 아기가 너무 잘먹어요 어릴땐 밥에 섞어주웠는데 지금은 아침에 일어나면 하루 루틴입니다 자기가 혼자서 먹겠다면서 입에 넣고 잘먹네요 꾸준히 먹여볼 생각입니다,2026-05-19T21:59:56+09:00,2026-05-19,네이버 스마트스토어 구****,5,True,1,1,https://assets6.cre.ma/p/phytonutri-kr/reviews/00/00/09/71/83/image1/833becaafff4eeea.webp,1000000297,"그로우뉴 아이 유기농칼슘&마그네슘 비타민D,k2,망간",https://www.phytonutri.kr/goods/goods_view.php?goodsNo=1000000297,4.9,4844,0,0,"{'1': ['만족도', '맛']}",[],[]
97184,68,5,smart_store,스마트스토어,배송 잘 받았습니다,2026-05-19T21:46:43+09:00,2026-05-19,네이버 스마트스토어 구****,5,True,1,1,https://assets6.cre.ma/p/phytonutri-kr/reviews/00/00/09/71/84/image1/96b001817d4b663c.webp,1000000281,지니어스뉴 드롭스&톡캡스,https://www.phytonutri.kr/goods/goods_view.php?goodsNo=1000000281,4.9,14386,0,0,{'0': ['만족도']},[],[]
97185,68,5,smart_store,스마트스토어,냠새가 좀 별로내요 아기는 좋어해요,2026-05-19T21:32:40+09:00,2026-05-19,네이버 스마트스토어 구****,5,False,0,0,,1000000325,투데이디3 for baby,https://www.phytonutri.kr/goods/goods_view.php?goodsNo=1000000325,4.9,3634,0,0,"{'0': ['만족도'], '-1': ['냄새']}",[],[]
97186,68,5,smart_store,스마트스토어,"단독으로 먹이기 힘들어서
우유에 태워서
먹입니다.
굿굿",2026-05-19T21:12:18+09:00,2026-05-19,네이버 스마트스토어 구****,5,True,1,1,https://assets6.cre.ma/p/phytonutri-kr/reviews/00/00/09/71/86/image1/636d83b9c199ce1f.webp,1000000281,지니어스뉴 드롭스&톡캡스,https://www.phytonutri.kr/goods/goods_view.php?goodsNo=1000000281,4.9,14386,0,0,{'1': ['만족도']},[],[]
97187,68,3,smart_store,스마트스토어,20개월됫을때 먹여보고 싶어서 3번째구입햇어요,2026-05-19T20:59:45+09:00,2026-05-19,네이버 스마트스토어 구****,5,True,1,1,https://assets6.cre.ma/p/phytonutri-kr/reviews/00/00/09/71/87/image1/9ff341a1bf91cd22.webp,1000000281,지니어스뉴 드롭스&톡캡스,https://www.phytonutri.kr/goods/goods_view.php?goodsNo=1000000281,4.9,14386,0,0,{'2': ['만족도']},[],[]
97188,68,5,smart_store,스마트스토어,"배송이 아주 신속하고
포장도 꼼꼼

서비스도 만족^^",2026-05-19T19:11:19+09:00,2026-05-19,네이버 스마트스토어 구****,5,True,1,1,https://assets6.cre.ma/p/phytonutri-kr/reviews/00/00/09/71/88/image1/c2f7a48972737eeb.webp,1000000281,지니어스뉴 드롭스&톡캡스,https://www.phytonutri.kr/goods/goods_view.php?goodsNo=1000000281,4.9,14386,0,0,"{'1': ['만족도', '포장'], '2': ['배송']}",[],[]
97189,68,5,smart_store,스마트스토어,우유 안먹는 아기라 보충해주려고 샀는데 넘 만족이요,2026-05-19T18:02:12+09:00,2026-05-19,네이버 스마트스토어 구****,5,True,1,1,https://assets6.cre.ma/p/phytonutri-kr/reviews/00/00/09/71/89/image1/7cf2993b5677e0a4.webp,1000000297,"그로우뉴 아이 유기농칼슘&마그네슘 비타민D,k2,망간",https://www.phytonutri.kr/goods/goods_view.php?goodsNo=1000000297,4.9,4844,0,0,{'2': ['만족도']},[],[]
97190,68,5,smart_store,스마트스토어,"아기한테 너무 좋은 것 같아요~
벌써 몇 번이나 재구매했어요!",2026-05-19T18:00:46+09:00,2026-05-19,네이버 스마트스토어 구****,5,True,1,1,https://assets6.cre.ma/p/phytonutri-kr/reviews/00/00/09/71/90/image1/e62187eec33848b0.webp,1000000281,지니어스뉴 드롭스&톡캡스,https://www.phytonutri.kr/goods/goods_view.php?goodsNo=1000000281,4.9,14386,0,0,{'2': ['만족도']},[],[]
97191,68,5,smart_store,스마트스토어,아이 잘 먹이고 있어요,2026-05-19T17:49:35+09:00,2026-05-19,네이버 스마트스토어 구****,5,True,1,1,https://assets6.cre.ma/p/phytonutri-kr/reviews/00/00/09/71/91/image1/266ffdab8b506030.webp,1000000325,투데이디3 for baby,https://www.phytonutri.kr/goods/goods_view.php?goodsNo=1000000325,4.9,3634,0,0,{'1': ['만족도']},[],[]
97192,68,5,smart_store,스마트스토어,너무 편하고 아기도 잘 먹어서 재구매해요,2026-05-19T17:38:42+09:00,2026-05-19,네이버 스마트스토어 구****,5,True,1,1,https://assets6.cre.ma/p/phytonutri-kr/reviews/00/00/09/71/92/image1/93f93ec84e4b89e6.webp,1000000325,투데이디3 for baby,https://www.phytonutri.kr/goods/goods_view.php?goodsNo=1000000325,4.9,3634,0,0,"{'2': ['만족도', '편의성']}",[],[]
97090,68,5,smart_store,스마트스토어,아기 돌 되기전부터 20개월인데 꾸준히먹이고 있어요 포장도꼼꼼하고 유통기한도 넉넉해서 여기서만 항상 주문하고 있어요 10통시켜서 맘이 편해요^-^,2026-05-19T16:59:25+09:00,2026-05-19,네이버 스마트스토어 구****,5,True,1,1,https://assets6.cre.ma/p/phytonutri-kr/reviews/00/00/09/70/90/image1/74a1d86d57c11e3b.webp,1000000281,지니어스뉴 드롭스&톡캡스,https://www.phytonutri.kr/goods/goods_view.php?goodsNo=1000000281,4.9,14386,0,0,"{'2': ['만족도'], '1': ['포장', '유통기한']}",[],[]
97091,68,5,smart_store,스마트스토어,아기가 잘 먹어 주네요,2026-05-19T16:15:49+09:00,2026-05-19,네이버 스마트스토어 구****,5,True,1,1,https://assets6.cre.ma/p/phytonutri-kr/reviews/00/00/09/70/91/image1/41d6baa7e1b9dfd3.webp,1000000281,지니어스뉴 드롭스&톡캡스,https://www.phytonutri.kr/goods/goods_view.php?goodsNo=1000000281,4.9,14386,0,0,{'1': ['만족도']},[],[]
97092,68,5,smart_store,스마트스토어,제 입에는 그럭저럭 괜찮은데 17개월 안먹네요ㅠ 얼음타서 내 음료로~,2026-05-19T16:06:53+09:00,2026-05-19,네이버 스마트스토어 구****,5,True,1,1,https://assets6.cre.ma/p/phytonutri-kr/reviews/00/00/09/70/92/image1/2367fda5f8ba65ce.webp,1000000391,이트뮨 엘더베리사과주스,https://www.phytonutri.kr/goods/goods_view.php?goodsNo=1000000391,5.0,20,0,0,{'0': ['만족도']},[],[]
97093,68,5,smart_store,스마트스토어,"우선은 두번째 재구매한건데요
먹이기 편하고 밥에 섞어줘도 거부감없이 잘먹어서
너무 좋네요 먹이고 또 재구매할꺼에요^^",2026-05-19T16:06:24+09:00,2026-05-19,네이버 스마트스토어 구****,5,True,1,1,https://assets6.cre.ma/p/phytonutri-kr/reviews/00/00/09/70/93/image1/318cd8c0ba0878ba.webp,1000000281,지니어스뉴 드롭스&톡캡스,https://www.phytonutri.kr/goods/goods_view.php?goodsNo=1000000281,4.9,14386,0,0,"{'2': ['만족도'], '1': ['편의성']}",[],[]
97094,68,5,smart_store,스마트스토어,좋습니다 피부가 좋아져요,2026-05-19T14:58:18+09:00,2026-05-19,네이버 스마트스토어 구****,5,True,1,1,https://assets6.cre.ma/p/phytonutri-kr/reviews/00/00/09/70/94/image1/76b01d85c022c226.webp,1000000281,지니어스뉴 드롭스&톡캡스,https://www.phytonutri.kr/goods/goods_view.php?goodsNo=1000000281,4.9,14386,0,0,"{'1': ['만족도', '효과']}",[],[]
97089,68,5,,자사몰(고도몰),"막상 임신 해보니까 체한건가 싶기도 하면서  

빈속이면 속도 뒤집어지고 어지럽고 하루종일 상태가 왔다갔다 해요 ㅠㅠ

임신 초기에 뭐라도 해봐야할 것 같아서 임산부 카페나 SNS에 많이 보였던 수드티를 먹어봤는데 저는 그래도 좀 괜찮았던 편인 거 같아요...!!

드라마틱하게 입덧이 사라진다기보다는 안정제를 먹는 느낌...?

가방에 넣어두면서 유용하게 먹고 있습니다~!",2026-05-19T14:56:45+09:00,2026-05-19,이****,10,True,3,3,https://assets6.cre.ma/p/phytonutri-kr/reviews/00/00/09/70/89/image1/4acc746438e29e1f.webp|https://assets6.cre.ma/p/phytonutri-kr/reviews/00/00/09/70/89/image2/4850de7904bc71e5.webp|https://assets6.cre.ma/p/phytonutri-kr/reviews/00/00/09/70/89/image3/535eaa5e45cc8c42.webp,1000000396,수드티 루이보스 허브 블렌드 티 강황 맘먼트 임산부 차,https://www.phytonutri.kr/goods/goods_view.php?goodsNo=1000000396,4.7,33,7,0,"{'1': ['만족도'], '0': ['효과']}",[],"[{'name': '아이 성별', 'value': '남자'}, {'name': '몇 개월인가요?', 'value': '13~24개월'}]"
97095,68,5,smart_store,스마트스토어,"16개월 아이 먹이고 있어요.
간식에 섞어주지않고 숟가락을 이용해서 주고 있는데 거부감 없이 잘먹어요!
상품 포장이나 설명이 잘되어서 좋아요",2026-05-19T14:56:30+09:00,2026-05-19,네이버 스마트스토어 구****,5,True,1,1,https://assets6.cre.ma/p/phytonutri-kr/reviews/00/00/09/70/95/image1/ac9359935a7526b2.webp,1000000281,지니어스뉴 드롭스&톡캡스,https://www.phytonutri.kr/goods/goods_view.php?goodsNo=1000000281,4.9,14386,0,0,"{'1': ['만족도', '포장']}",[],[]
97096,68,5,smart_store,스마트스토어,배송빠르고 꼼꼼히 왔네요! 아기가 잘 먹어주길~,2026-05-19T14:54:01+09:00,2026-05-19,네이버 스마트스토어 구****,5,True,1,1,https://assets6.cre.ma/p/phytonutri-kr/reviews/00/00/09/70/96/image1/4453433db1edd95b.webp,1000000281,지니어스뉴 드롭스&톡캡스,https://www.phytonutri.kr/goods/goods_view.php?goodsNo=1000000281,4.9,14386,0,0,"{'1': ['만족도', '배송', '포장']}",[],[]
97088,68,5,,자사몰(고도몰),"첫 아이를 가진 초보 아빠라 아내 입덧 시작되고 진짜 멘붕이었어요 ㅠㅠ
물도 못 마시고 입덧 증상에 좋다는 것들도 이것저것 다 사줬는데 옆에서 계속 힘들어해서 보는 저도 너무 답답하더라고요 ㅠㅠ 뭐라도 해주고 싶어서 블로그나 맘카페 후기 같은 거 엄청 찾아봤었습니다

그러다 임산부들이 루이보스티를 많이 마신다고 해서 알아보기 시작했는데, 아무거나 사주긴 불안하더라구요 그래서 성분도 꼼꼼하게 확인하고 논문 같은 것도 좀 찾아봤어요.

찾아보니 루이보스만 들어간 제품보다는 생강이 같이 들어간 게 좀 더 낫더라구요? 생강이 임산부 대상으로 연구된 자료도 있고 입덧이나 오심 같은 게 줄었다는 얘기도 있어서 그런지 믿음이 갔어요.

차 하나가 얼마나 다르겠나 싶었는데 다른 건 잘 못먹는데 이건 그래도 먹는 거 보니까 얼마나 다행이던지요;;; 향이 강하지 않아서 요즘은 조금씩 마시기 시작해서
뭐라도 편하게 먹을 수 있는 게 생긴 것만으로도 진짜 다행이었어요ㅠㅠ",2026-05-19T14:53:25+09:00,2026-05-19,최****,10,True,2,2,https://assets6.cre.ma/p/phytonutri-kr/reviews/00/00/09/70/88/image1/ba2b64eaa64385fb.webp|https://assets6.cre.ma/p/phytonutri-kr/reviews/00/00/09/70/88/image2/8b60b07595e240d4.webp,1000000396,수드티 루이보스 허브 블렌드 티 강황 맘먼트 임산부 차,https://www.phytonutri.kr/goods/goods_view.php?goodsNo=1000000396,4.7,33,3,0,"{'1': ['만족도', '성분'], '0': ['냄새']}",[],"[{'name': '아이 성별', 'value': '여자'}, {'name': '몇 개월인가요?', 'value': '0~6개월'}]"
97097,69,4,smart_store,스마트스토어,비린맛은 있긴해서 어쩔땐 먹고 어쩔땐 안먹고 하네요..ㅜ,2026-05-19T14:52:17+09:00,2026-05-19,네이버 스마트스토어 구****,5,True,1,1,https://assets6.cre.ma/p/phytonutri-kr/reviews/00/00/09/70/97/image1/3a3f85ae4d409cb2.webp,1000000281,지니어스뉴 드롭스&톡캡스,https://www.phytonutri.kr/goods/goods_view.php?goodsNo=1000000281,4.9,14386,0,0,"{'0': ['만족도'], '-1': ['맛']}",[],[]
97087,69,5,,자사몰(고도몰),"임신하면 행복할 줄 알았는데 입덧 때문에 24시간이 너무 괴로웠어요...
남편이 제가 너무 예민해져서 사줬는데 괜찮아서 직접 재구매까지 하게 됐네요",2026-05-19T14:48:01+09:00,2026-05-19,장****,10,False,0,0,,1000000396,수드티 루이보스 허브 블렌드 티 강황 맘먼트 임산부 차,https://www.phytonutri.kr/goods/goods_view.php?goodsNo=1000000396,4.7,33,0,0,{'2': ['만족도']},[],"[{'name': '아이 성별', 'value': '남자'}, {'name': '몇 개월인가요?', 'value': '0~6개월'}]"
97086,69,5,,자사몰(고도몰),"입덧 심해서 누워만 있는 딸내미 보니까 옛날 제 생각 나서 
요즘 엄마들이 먹는다는 거 사서 줬는데 어디서 알았냐면서 엄청 고마워하더라고요~ 이래서 딸 키우나봐요 ㅋㅋㅋ 고맙다고 용돈 받았네요 ㅎㅎㅎ ",2026-05-19T14:44:18+09:00,2026-05-19,윤****,10,False,0,0,,1000000396,수드티 루이보스 허브 블렌드 티 강황 맘먼트 임산부 차,https://www.phytonutri.kr/goods/goods_view.php?goodsNo=1000000396,4.7,33,3,0,{'1': ['만족도']},[],"[{'name': '아이 성별', 'value': '남자'}, {'name': '몇 개월인가요?', 'value': '7~12개월'}]"
97085,69,4,,자사몰(고도몰),"임신하면 좋은 것만 먹이고 싶은게 엄마 마음이잖아요...
성분도 읽어보고 주변에 좋다고 물어보고 사줬는데 딸이 잘 마신다해서 안심했어요ㅎㅎ",2026-05-19T14:42:19+09:00,2026-05-19,조****,10,False,0,0,,1000000396,수드티 루이보스 허브 블렌드 티 강황 맘먼트 임산부 차,https://www.phytonutri.kr/goods/goods_view.php?goodsNo=1000000396,4.7,33,0,0,"{'1': ['만족도', '성분']}",[],[]
97098,69,5,smart_store,스마트스토어,늘 먹던거 또 주문했어요! 간편하게 먹기도 좋아요,2026-05-19T14:01:30+09:00,2026-05-19,네이버 스마트스토어 구****,5,False,0,0,,1000000298,지니어스뉴 + 그로우뉴 세트,https://www.phytonutri.kr/goods/goods_view.php?goodsNo=1000000298,4.9,1413,0,0,"{'2': ['만족도'], '1': ['편의성']}",[],[]
97099,69,5,smart_store,스마트스토어,하루 한포로 간단히 챙길수 있어서 좋아요,2026-05-19T13:57:36+09:00,2026-05-19,네이버 스마트스토어 구****,5,True,1,1,https://assets6.cre.ma/p/phytonutri-kr/reviews/00/00/09/70/99/image1/39eab211518ae27a.webp,1000000297,"그로우뉴 아이 유기농칼슘&마그네슘 비타민D,k2,망간",https://www.phytonutri.kr/goods/goods_view.php?goodsNo=1000000297,4.9,4844,0,0,"{'1': ['만족도', '편의성']}",[],[]
97100,69,5,smart_store,스마트스토어,"이제 9개월차 접어드는데 8개월부터 먹였네요 
치아도 벌써 8개로 이른편이라 일찍 알았더라면 
더 빨리 먹였을껄..꾸준히 구매합니다!",2026-05-19T13:56:36+09:00,2026-05-19,네이버 스마트스토어 구****,5,True,1,1,https://assets6.cre.ma/p/phytonutri-kr/reviews/00/00/09/71/00/image1/736b7aad44e6f348.webp,1000000297,"그로우뉴 아이 유기농칼슘&마그네슘 비타민D,k2,망간",https://www.phytonutri.kr/goods/goods_view.php?goodsNo=1000000297,4.9,4844,0,0,{'2': ['만족도']},[],[]
97101,69,5,smart_store,스마트스토어,오메가3 챙기기 편리하고 좋습니다,2026-05-19T13:44:08+09:00,2026-05-19,네이버 스마트스토어 구****,5,True,1,1,https://assets6.cre.ma/p/phytonutri-kr/reviews/00/00/09/71/01/image1/4e24671add0df080.webp,1000000281,지니어스뉴 드롭스&톡캡스,https://www.phytonutri.kr/goods/goods_view.php?goodsNo=1000000281,4.9,14386,0,0,"{'1': ['만족도', '편의성']}",[],[]
97102,69,5,smart_store,스마트스토어,늘 먹이던거라 안심하고 또 재주문 하였습니다 ㅠㅠ,2026-05-19T13:43:15+09:00,2026-05-19,네이버 스마트스토어 구****,5,True,1,1,https://assets6.cre.ma/p/phytonutri-kr/reviews/00/00/09/71/02/image1/29bf927a0b3db83d.webp,1000000297,"그로우뉴 아이 유기농칼슘&마그네슘 비타민D,k2,망간",https://www.phytonutri.kr/goods/goods_view.php?goodsNo=1000000297,4.9,4844,0,0,{'2': ['만족도']},[],[]
97103,69,5,smart_store,스마트스토어,아이를 위해 구매했어요,2026-05-19T13:29:19+09:00,2026-05-19,네이버 스마트스토어 구****,5,False,0,0,,1000000281,지니어스뉴 드롭스&톡캡스,https://www.phytonutri.kr/goods/goods_view.php?goodsNo=1000000281,4.9,14386,0,0,{'0': ['만족도']},[],[]
97104,69,5,smart_store,스마트스토어,항상 아이가 챙겨먹습니다 좋아요,2026-05-19T12:48:44+09:00,2026-05-19,네이버 스마트스토어 구****,5,True,1,1,https://assets6.cre.ma/p/phytonutri-kr/reviews/00/00/09/71/04/image1/232431b2cb441457.webp,1000000281,지니어스뉴 드롭스&톡캡스,https://www.phytonutri.kr/goods/goods_view.php?goodsNo=1000000281,4.9,14386,0,0,{'1': ['만족도']},[],[]
97105,69,4,smart_store,스마트스토어,매번 먹는 영양제 입니당,2026-05-19T12:45:42+09:00,2026-05-19,네이버 스마트스토어 구****,5,True,1,1,https://assets6.cre.ma/p/phytonutri-kr/reviews/00/00/09/71/05/image1/cfdb28b46fcbff3d.webp,1000000325,투데이디3 for baby,https://www.phytonutri.kr/goods/goods_view.php?goodsNo=1000000325,4.9,3634,0,0,{'1': ['만족도']},[],[]
97106,69,3,smart_store,스마트스토어,"냄새때문인지 아이가 잘 안먹으려고 해요ㅠㅠ
캡슐로 사봐야겠어요",2026-05-19T12:37:13+09:00,2026-05-19,네이버 스마트스토어 구****,5,False,0,0,,1000000281,지니어스뉴 드롭스&톡캡스,https://www.phytonutri.kr/goods/goods_view.php?goodsNo=1000000281,4.9,14386,0,0,"{'-1': ['만족도', '냄새']}",[],[]
97107,69,5,smart_store,스마트스토어,항상 잘먹이고있습니다,2026-05-19T12:15:16+09:00,2026-05-19,네이버 스마트스토어 구****,5,False,0,0,,1000000298,지니어스뉴 + 그로우뉴 세트,https://www.phytonutri.kr/goods/goods_view.php?goodsNo=1000000298,4.9,1413,0,0,{'1': ['만족도']},[],[]
97108,69,5,smart_store,스마트스토어,아이가 아주 잘 먿어요,2026-05-19T12:04:08+09:00,2026-05-19,네이버 스마트스토어 구****,5,False,0,0,,1000000342,이트뮨 아이 배도라지즙&엘더베리사과주스,https://www.phytonutri.kr/goods/goods_view.php?goodsNo=1000000342,4.9,609,0,0,{'1': ['만족도']},[],[]
97109,69,4,smart_store,스마트스토어,꾸준히 아기 때 부터 먹고있어요,2026-05-19T12:00:35+09:00,2026-05-19,네이버 스마트스토어 구****,5,True,1,1,https://assets6.cre.ma/p/phytonutri-kr/reviews/00/00/09/71/09/image1/5bb4d1527665edb2.webp,1000000298,지니어스뉴 + 그로우뉴 세트,https://www.phytonutri.kr/goods/goods_view.php?goodsNo=1000000298,4.9,1413,0,0,{'1': ['만족도']},[],[]
97110,69,4,smart_store,스마트스토어,"아기 밥에 섞어서주고있어요 비린맛강하지않고
잘먹는편이에요~",2026-05-19T12:00:02+09:00,2026-05-19,네이버 스마트스토어 구****,5,False,0,0,,1000000281,지니어스뉴 드롭스&톡캡스,https://www.phytonutri.kr/goods/goods_view.php?goodsNo=1000000281,4.9,14386,0,0,"{'1': ['만족도'], '0': ['맛']}",[],[]
97111,69,5,smart_store,스마트스토어,녹이는게 좀 힘들지만 잘 먹이고있어요~,2026-05-19T11:25:25+09:00,2026-05-19,네이버 스마트스토어 구****,5,True,1,1,https://assets6.cre.ma/p/phytonutri-kr/reviews/00/00/09/71/11/image1/fcfc8115c7a81709.webp,1000000297,"그로우뉴 아이 유기농칼슘&마그네슘 비타민D,k2,망간",https://www.phytonutri.kr/goods/goods_view.php?goodsNo=1000000297,4.9,4844,0,0,"{'0': ['만족도'], '-1': ['편의성']}",[],[]
97112,69,5,smart_store,스마트스토어,좋아요좋아요좋아요좋아요,2026-05-19T10:58:34+09:00,2026-05-19,네이버 스마트스토어 구****,5,False,0,0,,1000000297,"그로우뉴 아이 유기농칼슘&마그네슘 비타민D,k2,망간",https://www.phytonutri.kr/goods/goods_view.php?goodsNo=1000000297,4.9,4844,0,0,{'1': ['만족도']},[],[]
97143,69,5,,자사몰(고도몰),"항상 꾸준하게 먹는 제품입니다 
주위 많은 분들께 추천합니다 
감사합니다",2026-05-19T10:50:13+09:00,2026-05-19,bsi0******,5,True,1,1,https://assets6.cre.ma/p/phytonutri-kr/reviews/00/00/09/71/43/image1/7d52078b03a3a529.webp,1000000049,요로굿 [소비기한 2026-11-21],https://www.phytonutri.kr/goods/goods_view.php?goodsNo=1000000049,4.5,425,0,0,{'2': ['만족도']},[],[]
97113,70,5,smart_store,스마트스토어,성분 좋다고 추천받았어요 잘먹여볼께요,2026-05-19T10:23:43+09:00,2026-05-19,네이버 스마트스토어 구****,5,True,1,1,https://assets6.cre.ma/p/phytonutri-kr/reviews/00/00/09/71/13/image1/e7d9ed2212180c37.webp,1000000281,지니어스뉴 드롭스&톡캡스,https://www.phytonutri.kr/goods/goods_view.php?goodsNo=1000000281,4.9,14386,0,0,"{'1': ['만족도', '성분']}",[],[]
97114,70,5,smart_store,스마트스토어,배송빠르고 아주좋습니다.,2026-05-19T09:31:58+09:00,2026-05-19,네이버 스마트스토어 구****,5,False,0,0,,1000000281,지니어스뉴 드롭스&톡캡스,https://www.phytonutri.kr/goods/goods_view.php?goodsNo=1000000281,4.9,14386,0,0,"{'2': ['만족도'], '1': ['배송']}",[],[]
97115,70,5,smart_store,스마트스토어,배송빠르고 아주좋습니다.,2026-05-19T09:31:52+09:00,2026-05-19,네이버 스마트스토어 구****,5,False,0,0,,1000000281,지니어스뉴 드롭스&톡캡스,https://www.phytonutri.kr/goods/goods_view.php?goodsNo=1000000281,4.9,14386,0,0,"{'2': ['만족도'], '1': ['배송']}",[],[]
97116,70,5,smart_store,스마트스토어,아이가 잘 먹어주고 무엇보다 일회용인 점이 마음에 들어요.,2026-05-19T08:46:42+09:00,2026-05-19,네이버 스마트스토어 구****,5,True,1,1,https://assets6.cre.ma/p/phytonutri-kr/reviews/00/00/09/71/16/image1/7096c8238948e6de.webp,1000000325,투데이디3 for baby,https://www.phytonutri.kr/goods/goods_view.php?goodsNo=1000000325,4.9,3634,0,0,"{'1': ['만족도', '포장']}",[],[]
97117,70,4,smart_store,스마트스토어,"잘받았습니다
감사합니다",2026-05-19T08:40:30+09:00,2026-05-19,네이버 스마트스토어 구****,5,False,0,0,,1000000281,지니어스뉴 드롭스&톡캡스,https://www.phytonutri.kr/goods/goods_view.php?goodsNo=1000000281,4.9,14386,0,0,{'0': ['만족도']},[],[]
97084,70,5,,자사몰(고도몰),몇 년 전에 챙겨 먹다 잊고 지냈는데 최근 피부가 건조하고 땡겨서 딸이랑 같이 먹으려 구매하게 되었습니다. 좋은 효○ 기대해 봅니다,2026-05-19T08:28:48+09:00,2026-05-19,박****,10,False,0,0,,1000000000,에피베리어 곤약세라미드 1.8,https://www.phytonutri.kr/goods/goods_view.php?goodsNo=1000000000,4.5,3056,0,0,{'0': ['만족도']},"[{'name': '이벤트 옵션', 'value': '에피베리어 3+1개[총4개월분]'}]",[]
97083,70,5,,자사몰(고도몰),가성비 좋고  좋은 원료의 오메가3라고 생각이 들어요,2026-05-19T08:17:04+09:00,2026-05-19,차****,10,False,0,0,,1000000398,KD 파마 듀얼 초임계 rTG 오메가3,https://www.phytonutri.kr/goods/goods_view.php?goodsNo=1000000398,4.9,121,0,0,"{'1': ['만족도', '가격', '품질']}","[{'name': '구매옵션', 'value': 'KD파마 듀얼 오메가3 6개월분x2(총12개월분)'}]",[]
97118,70,5,smart_store,스마트스토어,항상 아이들이 잘 먹고있어요🙂,2026-05-19T08:16:14+09:00,2026-05-19,네이버 스마트스토어 구****,5,True,1,1,https://assets6.cre.ma/p/phytonutri-kr/reviews/00/00/09/71/18/image1/b928c838cc3d2db2.webp,1000000298,지니어스뉴 + 그로우뉴 세트,https://www.phytonutri.kr/goods/goods_view.php?goodsNo=1000000298,4.9,1413,0,0,{'1': ['만족도']},[],[]
97119,70,5,smart_store,스마트스토어,항상먹이고있어요 좋아요,2026-05-19T08:13:29+09:00,2026-05-19,네이버 스마트스토어 구****,5,False,0,0,,1000000325,투데이디3 for baby,https://www.phytonutri.kr/goods/goods_view.php?goodsNo=1000000325,4.9,3634,0,0,{'1': ['만족도']},[],[]
97120,70,5,smart_store,스마트스토어,만족해서 재구매합니다~,2026-05-19T07:21:13+09:00,2026-05-19,네이버 스마트스토어 구****,5,True,1,1,https://assets6.cre.ma/p/phytonutri-kr/reviews/00/00/09/71/20/image1/8eaf4e1ff1f6cdd8.webp,1000000297,"그로우뉴 아이 유기농칼슘&마그네슘 비타민D,k2,망간",https://www.phytonutri.kr/goods/goods_view.php?goodsNo=1000000297,4.9,4844,0,0,{'2': ['만족도']},[],[]
97121,70,5,smart_store,스마트스토어,"먹이기도 편하고 특유 비린향도 없어 아이가 잘 받아 먹어요 음식에 섞지않고 그냥 줘도 잘 먹습니다
꾸준히 먹인 덕 인지 말을 진짜 엄청 잘해요 재잘재잘 ..",2026-05-19T00:29:40+09:00,2026-05-19,네이버 스마트스토어 구****,5,True,1,1,https://assets6.cre.ma/p/phytonutri-kr/reviews/00/00/09/71/21/image1/f908b0061178e0fd.webp,1000000281,지니어스뉴 드롭스&톡캡스,https://www.phytonutri.kr/goods/goods_view.php?goodsNo=1000000281,4.9,14386,0,0,"{'1': ['만족도', '냄새', '편의성'], '2': ['효과']}",[],[]
97122,70,4,smart_store,스마트스토어,"이제는  입에  그냥 털어줘도 잘먹네욧 ㅋ
건강하게  만든거  같아 믿고  꾸준히 먹이고 있습니다.",2026-05-19T00:18:05+09:00,2026-05-19,네이버 스마트스토어 구****,5,True,1,1,https://assets6.cre.ma/p/phytonutri-kr/reviews/00/00/09/71/22/image1/ef8b24749152087b.webp,1000000297,"그로우뉴 아이 유기농칼슘&마그네슘 비타민D,k2,망간",https://www.phytonutri.kr/goods/goods_view.php?goodsNo=1000000297,4.9,4844,0,0,"{'1': ['만족도', '성분']}",[],[]
97123,70,5,smart_store,스마트스토어,먹이기 편해요. 요거트먹일때 같이 먹이고 있어요.,2026-05-18T23:31:10+09:00,2026-05-18,네이버 스마트스토어 구****,5,True,1,1,https://assets6.cre.ma/p/phytonutri-kr/reviews/00/00/09/71/23/image1/87d0821c59b7e0d7.webp,1000000325,투데이디3 for baby,https://www.phytonutri.kr/goods/goods_view.php?goodsNo=1000000325,4.9,3634,0,0,"{'1': ['만족도', '편의성']}",[],[]
97124,70,5,smart_store,스마트스토어,"아이가 너무 잘 먹어요 
살짝 먹어봤는데… 맛이있진 않던데 ㅋㅋ
가끔 먹다가 캡슐도 먹을때가 있는데.. 괜찮을까요?",2026-05-18T22:40:25+09:00,2026-05-18,네이버 스마트스토어 구****,5,True,1,1,https://assets6.cre.ma/p/phytonutri-kr/reviews/00/00/09/71/24/image1/0df9dde81fe3b089.webp,1000000375,데이프로바 + 투데이디3 세트,https://www.phytonutri.kr/goods/goods_view.php?goodsNo=1000000375,4.9,139,0,0,"{'0': ['만족도'], '-1': ['맛']}",[],[]
97125,70,5,smart_store,스마트스토어,아침마다 하나씩 먹이고 있습니다,2026-05-18T22:39:37+09:00,2026-05-18,네이버 스마트스토어 구****,5,True,1,1,https://assets6.cre.ma/p/phytonutri-kr/reviews/00/00/09/71/25/image1/84dede5c057b350e.webp,1000000325,투데이디3 for baby,https://www.phytonutri.kr/goods/goods_view.php?goodsNo=1000000325,4.9,3634,0,0,{'0': ['만족도']},[],[]
97126,70,5,smart_store,스마트스토어,확실히 먹이니 효○가 좀 있는 것 같아요!,2026-05-18T22:09:30+09:00,2026-05-18,네이버 스마트스토어 구****,5,True,1,1,https://assets6.cre.ma/p/phytonutri-kr/reviews/00/00/09/71/26/image1/520305950b4ee195.webp,1000000281,지니어스뉴 드롭스&톡캡스,https://www.phytonutri.kr/goods/goods_view.php?goodsNo=1000000281,4.9,14386,0,0,"{'1': ['만족도', '효과']}",[],[]
97127,70,5,smart_store,스마트스토어,일회용이라 위생적으로도 좋아요,2026-05-18T22:02:50+09:00,2026-05-18,네이버 스마트스토어 구****,5,True,1,1,https://assets6.cre.ma/p/phytonutri-kr/reviews/00/00/09/71/27/image1/a7ea0067a21cb0ad.webp,1000000325,투데이디3 for baby,https://www.phytonutri.kr/goods/goods_view.php?goodsNo=1000000325,4.9,3634,0,0,"{'1': ['만족도', '품질', '포장']}",[],[]
97128,70,5,smart_store,스마트스토어,항상 여기서만 구매해요^^ 최고,2026-05-18T20:59:28+09:00,2026-05-18,네이버 스마트스토어 구****,5,True,1,1,https://assets6.cre.ma/p/phytonutri-kr/reviews/00/00/09/71/28/image1/cc164084d22f7690.webp,1000000281,지니어스뉴 드롭스&톡캡스,https://www.phytonutri.kr/goods/goods_view.php?goodsNo=1000000281,4.9,14386,0,0,{'2': ['만족도']},[],[]
97129,70,5,smart_store,스마트스토어,"배송도 빠르고 상품설명 그대로여서 너무 좋아요
감사합니다:)",2026-05-18T20:16:14+09:00,2026-05-18,네이버 스마트스토어 구****,5,True,1,1,https://assets6.cre.ma/p/phytonutri-kr/reviews/00/00/09/71/29/image1/ebe368ee380990d1.webp,1000000342,이트뮨 아이 배도라지즙&엘더베리사과주스,https://www.phytonutri.kr/goods/goods_view.php?goodsNo=1000000342,4.9,609,0,0,"{'2': ['만족도'], '1': ['배송']}",[],[]
97130,70,5,smart_store,스마트스토어,아기 영양제로 잘 먹이고 있습다,2026-05-18T19:57:40+09:00,2026-05-18,네이버 스마트스토어 구****,5,True,1,1,https://assets6.cre.ma/p/phytonutri-kr/reviews/00/00/09/71/30/image1/38e19ac82092416e.webp,1000000325,투데이디3 for baby,https://www.phytonutri.kr/goods/goods_view.php?goodsNo=1000000325,4.9,3634,0,0,{'1': ['만족도']},[],[]
97131,71,5,smart_store,스마트스토어,아기 영양제로 꾸준히 먹이고 있습니다,2026-05-18T19:55:30+09:00,2026-05-18,네이버 스마트스토어 구****,5,True,1,1,https://assets6.cre.ma/p/phytonutri-kr/reviews/00/00/09/71/31/image1/6f2111c007a327eb.webp,1000000325,투데이디3 for baby,https://www.phytonutri.kr/goods/goods_view.php?goodsNo=1000000325,4.9,3634,0,0,{'1': ['만족도']},[],[]
97132,71,5,smart_store,스마트스토어,아기가 잘 먹어요~,2026-05-18T19:50:32+09:00,2026-05-18,네이버 스마트스토어 구****,5,True,1,1,https://assets6.cre.ma/p/phytonutri-kr/reviews/00/00/09/71/32/image1/5273cf8b090bfb51.webp,1000000281,지니어스뉴 드롭스&톡캡스,https://www.phytonutri.kr/goods/goods_view.php?goodsNo=1000000281,4.9,14386,0,0,{'1': ['만족도']},[],[]
97133,71,5,smart_store,스마트스토어,돌 아기 이것만 먹이고 있습니다',2026-05-18T19:34:15+09:00,2026-05-18,네이버 스마트스토어 구****,5,False,0,0,,1000000298,지니어스뉴 + 그로우뉴 세트,https://www.phytonutri.kr/goods/goods_view.php?goodsNo=1000000298,4.9,1413,0,0,{'0': ['만족도']},[],[]
97134,71,5,smart_store,스마트스토어,성분 좋고 애기도 잘먹도 좋아요,2026-05-18T17:42:24+09:00,2026-05-18,네이버 스마트스토어 구****,5,True,1,1,https://assets6.cre.ma/p/phytonutri-kr/reviews/00/00/09/71/34/image1/1fe738763997b409.webp,1000000325,투데이디3 for baby,https://www.phytonutri.kr/goods/goods_view.php?goodsNo=1000000325,4.9,3634,0,0,"{'1': ['만족도', '성분']}",[],[]
97135,71,5,smart_store,스마트스토어,너무 성분이 좋네요 대만족이에요,2026-05-18T17:41:54+09:00,2026-05-18,네이버 스마트스토어 구****,5,True,1,1,https://assets6.cre.ma/p/phytonutri-kr/reviews/00/00/09/71/35/image1/1ab6c287eee349ab.webp,1000000325,투데이디3 for baby,https://www.phytonutri.kr/goods/goods_view.php?goodsNo=1000000325,4.9,3634,0,0,"{'2': ['만족도', '성분']}",[],[]
97136,71,5,smart_store,스마트스토어,"배도라지주스 좋아해서 칼마망주문하면 같이 주문해봤어요~ 역시나 잘 먹어요 😊 
근데 칼마망이랑 합배송되어 왔는데 배송료는 각각 받으시네요 ㅜ.ㅜ 조치가 필요한거 같아요 ㅜ.ㅜ",2026-05-18T17:08:55+09:00,2026-05-18,네이버 스마트스토어 구****,5,True,1,1,https://assets6.cre.ma/p/phytonutri-kr/reviews/00/00/09/71/36/image1/a87d070205c45182.webp,1000000342,이트뮨 아이 배도라지즙&엘더베리사과주스,https://www.phytonutri.kr/goods/goods_view.php?goodsNo=1000000342,4.9,609,0,0,"{'1': ['만족도'], '0': ['배송']}",[],[]
97137,71,5,smart_store,스마트스토어,"한달 먼저 먹여보고 잘 먹어서 추가주문했어요~ 
2g이 제법 양이 많아요. 밥을 먹어서 어디에 섞어줘야하나 조금 고민이 되긴하지만 안 까먹으면 꼭 챙겨주려고해요.
근데 이번에는 배도라지주스도 함께 주문했는데 
합배송되어왔는데도 배송료는 따로 받으시네요 
ㅜ.ㅜ",2026-05-18T17:04:39+09:00,2026-05-18,네이버 스마트스토어 구****,5,True,1,1,https://assets6.cre.ma/p/phytonutri-kr/reviews/00/00/09/71/37/image1/e099c030ed745663.webp,1000000297,"그로우뉴 아이 유기농칼슘&마그네슘 비타민D,k2,망간",https://www.phytonutri.kr/goods/goods_view.php?goodsNo=1000000297,4.9,4844,0,0,"{'1': ['만족도', '용량'], '0': ['배송']}",[],[]
97138,71,5,smart_store,스마트스토어,"잘받았습니다.
다만 이런거 사면 믿고 먹이긴 하는데
확실한 전 후 차이를 모르니 그 점이 항상 아쉽긴 하네요.",2026-05-18T17:00:40+09:00,2026-05-18,네이버 스마트스토어 구****,5,False,0,0,,1000000281,지니어스뉴 드롭스&톡캡스,https://www.phytonutri.kr/goods/goods_view.php?goodsNo=1000000281,4.9,14386,0,0,"{'-1': ['만족도', '효과']}",[],[]
97139,71,5,smart_store,스마트스토어,돌 다된 애기 조금씩 주기시작했는데 이유식에 살짝 떨어트려 줍니다. 거부감없이 잘 먹어요,2026-05-18T16:29:52+09:00,2026-05-18,네이버 스마트스토어 구****,5,True,1,1,https://assets6.cre.ma/p/phytonutri-kr/reviews/00/00/09/71/39/image1/2b627d99d6e7bcb0.webp,1000000281,지니어스뉴 드롭스&톡캡스,https://www.phytonutri.kr/goods/goods_view.php?goodsNo=1000000281,4.9,14386,0,0,"{'1': ['만족도', '식감']}",[],[]
97140,71,5,smart_store,스마트스토어,"-6개월아기 영양제로 챙겨주고있어요
밥에 섞어주면 잘 먹어요",2026-05-18T15:43:34+09:00,2026-05-18,네이버 스마트스토어 구****,5,True,1,1,https://assets6.cre.ma/p/phytonutri-kr/reviews/00/00/09/71/40/image1/1b983d31794f223c.webp,1000000297,"그로우뉴 아이 유기농칼슘&마그네슘 비타민D,k2,망간",https://www.phytonutri.kr/goods/goods_view.php?goodsNo=1000000297,4.9,4844,0,0,{'1': ['만족도']},[],[]
97141,71,4,smart_store,스마트스토어,"키성장을 위해샀어요!
비싸긴한데 아기생각해서 꾸준히 먹여볼게요
감사합니다",2026-05-18T15:18:36+09:00,2026-05-18,네이버 스마트스토어 구****,5,True,1,1,https://assets6.cre.ma/p/phytonutri-kr/reviews/00/00/09/71/41/image1/f1affcfbbd01921e.webp,1000000297,"그로우뉴 아이 유기농칼슘&마그네슘 비타민D,k2,망간",https://www.phytonutri.kr/goods/goods_view.php?goodsNo=1000000297,4.9,4844,0,0,"{'0': ['만족도'], '-1': ['가격']}",[],[]
96952,71,5,,자사몰(고도몰),"입덧 때문에. 아무것도 못 먹던 딸내미가 이건 먹더라고요.

전화할때. 목소리에 기운도. 없고. 누워만. 있는다 길래. 챙겨주질. 못하니. 안타까웠어요.

몸에 좋다는 걸 사줘야 하나. 싶었는데. 생강이 임산부에 좋다고. 해서. 생강차를. 주려고 했는데

향이 강한 건. 잘 안 먹어서. 레몬과 루이보스가. 같이. 든 걸 찾았어요.

비싸고 좋은 것도  주고 싶지만 실제로 먹을.만한 걸. 주고 싶더라고요

속 뒤집힐 때마다 이건 조금씩 먹으면. 괜찮다고 하더라고요.

계속 사줘야겠네요^^",2026-05-18T15:00:42+09:00,2026-05-18,박****,10,True,1,1,https://assets6.cre.ma/p/phytonutri-kr/reviews/00/00/09/69/52/image1/6a392c3bcdc08b23.webp,1000000396,수드티 루이보스 허브 블렌드 티 강황 맘먼트 임산부 차,https://www.phytonutri.kr/goods/goods_view.php?goodsNo=1000000396,4.7,33,11,0,"{'1': ['만족도', '효과']}",[],[]
96953,71,5,smart_store,스마트스토어,우유에 잘 녹아서 좋아요,2026-05-18T14:33:32+09:00,2026-05-18,네이버 스마트스토어 구****,5,False,0,0,,1000000297,"그로우뉴 아이 유기농칼슘&마그네슘 비타민D,k2,망간",https://www.phytonutri.kr/goods/goods_view.php?goodsNo=1000000297,4.9,4844,0,0,"{'1': ['만족도', '품질']}",[],[]
96954,71,5,smart_store,스마트스토어,아이가 너무 잘먹어요~ 계속 주문해서 먹이고 있어요~,2026-05-18T14:16:11+09:00,2026-05-18,네이버 스마트스토어 구****,5,True,1,1,https://assets6.cre.ma/p/phytonutri-kr/reviews/00/00/09/69/54/image1/64b481757f4196bb.webp,1000000281,지니어스뉴 드롭스&톡캡스,https://www.phytonutri.kr/goods/goods_view.php?goodsNo=1000000281,4.9,14386,0,0,"{'2': ['만족도', '맛']}",[],[]
96955,71,5,smart_store,스마트스토어,먹기 편하고 좋아요~,2026-05-18T14:15:14+09:00,2026-05-18,네이버 스마트스토어 구****,5,True,1,1,https://assets6.cre.ma/p/phytonutri-kr/reviews/00/00/09/69/55/image1/ff93b25263396af9.webp,1000000281,지니어스뉴 드롭스&톡캡스,https://www.phytonutri.kr/goods/goods_view.php?goodsNo=1000000281,4.9,14386,0,0,"{'1': ['만족도', '편의성']}",[],[]
96956,71,5,smart_store,스마트스토어,먹기 편리하구 좋아요,2026-05-18T13:58:19+09:00,2026-05-18,네이버 스마트스토어 구****,5,True,1,1,https://assets6.cre.ma/p/phytonutri-kr/reviews/00/00/09/69/56/image1/d0fd1c10a14a5ebd.webp,1000000281,지니어스뉴 드롭스&톡캡스,https://www.phytonutri.kr/goods/goods_view.php?goodsNo=1000000281,4.9,14386,0,0,"{'1': ['만족도', '편의성']}",[],[]
96957,71,5,smart_store,스마트스토어,먹기 너무 편해서 좋아요,2026-05-18T13:57:53+09:00,2026-05-18,네이버 스마트스토어 구****,5,True,1,1,https://assets6.cre.ma/p/phytonutri-kr/reviews/00/00/09/69/57/image1/e94dffc883b79ed8.webp,1000000281,지니어스뉴 드롭스&톡캡스,https://www.phytonutri.kr/goods/goods_view.php?goodsNo=1000000281,4.9,14386,0,0,"{'1': ['만족도'], '2': ['편의성']}",[],[]
96958,71,4,smart_store,스마트스토어,짜서 먹이는게 조금 불편하지만 더 보존이 잘 되어있는 거 같아서 안심하고 먹이고 있습니다!,2026-05-18T13:56:50+09:00,2026-05-18,네이버 스마트스토어 구****,5,True,1,1,https://assets6.cre.ma/p/phytonutri-kr/reviews/00/00/09/69/58/image1/806a170aa4a8e4a3.webp,1000000325,투데이디3 for baby,https://www.phytonutri.kr/goods/goods_view.php?goodsNo=1000000325,4.9,3634,0,0,"{'1': ['만족도', '제품상태'], '-1': ['편의성']}",[],[]
96959,71,5,smart_store,스마트스토어,아기가 잘 먹어요~,2026-05-18T12:12:10+09:00,2026-05-18,네이버 스마트스토어 구****,5,True,1,1,https://assets6.cre.ma/p/phytonutri-kr/reviews/00/00/09/69/59/image1/563312b8ef732701.webp,1000000281,지니어스뉴 드롭스&톡캡스,https://www.phytonutri.kr/goods/goods_view.php?goodsNo=1000000281,4.9,14386,0,0,{'1': ['만족도']},[],[]
96960,71,5,smart_store,스마트스토어,애기들이 진짜 잘 먹어서 재주문합니다 :),2026-05-18T11:57:42+09:00,2026-05-18,네이버 스마트스토어 구****,5,True,1,1,https://assets6.cre.ma/p/phytonutri-kr/reviews/00/00/09/69/60/image1/e82382842df2c0e8.webp,1000000342,이트뮨 아이 배도라지즙&엘더베리사과주스,https://www.phytonutri.kr/goods/goods_view.php?goodsNo=1000000342,4.9,609,0,0,{'2': ['만족도']},[],[]
96961,72,3,smart_store,스마트스토어,오메가 잘 받았습디다,2026-05-18T11:50:53+09:00,2026-05-18,네이버 스마트스토어 구****,5,True,1,1,https://assets6.cre.ma/p/phytonutri-kr/reviews/00/00/09/69/61/image1/e6a15c38a0dfac9f.webp,1000000281,지니어스뉴 드롭스&톡캡스,https://www.phytonutri.kr/goods/goods_view.php?goodsNo=1000000281,4.9,14386,0,0,{'0': ['만족도']},[],[]
96962,72,5,smart_store,스마트스토어,애들이 잘 먹어서 편하게 잘 먹이고있어요,2026-05-18T11:03:53+09:00,2026-05-18,네이버 스마트스토어 구****,5,True,1,1,https://assets6.cre.ma/p/phytonutri-kr/reviews/00/00/09/69/62/image1/aa536e71289099c8.webp,1000000298,지니어스뉴 + 그로우뉴 세트,https://www.phytonutri.kr/goods/goods_view.php?goodsNo=1000000298,4.9,1413,0,0,"{'1': ['만족도', '편의성']}",[],[]
96963,72,5,smart_store,스마트스토어,뭐 영양제가 사실 어떻게 적용되는지 알턱이있나요 그냥 좋겠거니하고 맥이지용 근데 새로운 캡슐형샀는데 입구비틀어서 찢은다음 눌러서 쓰는데 꼭손에묻어요 ..그거빼면 만족쓰,2026-05-18T10:49:23+09:00,2026-05-18,네이버 스마트스토어 구****,5,True,1,1,https://assets6.cre.ma/p/phytonutri-kr/reviews/00/00/09/69/63/image1/972d20cca5ccfba2.webp,1000000281,지니어스뉴 드롭스&톡캡스,https://www.phytonutri.kr/goods/goods_view.php?goodsNo=1000000281,4.9,14386,0,0,"{'1': ['만족도'], '-1': ['포장']}",[],[]
96964,72,5,smart_store,스마트스토어,좋아요 아이이유식에 석여서 먹어요,2026-05-18T10:43:35+09:00,2026-05-18,네이버 스마트스토어 구****,5,True,1,1,https://assets6.cre.ma/p/phytonutri-kr/reviews/00/00/09/69/64/image1/cf661f43a2b91ea8.webp,1000000281,지니어스뉴 드롭스&톡캡스,https://www.phytonutri.kr/goods/goods_view.php?goodsNo=1000000281,4.9,14386,0,0,{'1': ['만족도']},[],[]
96965,72,5,smart_store,스마트스토어,아기영양제로 샀는데 먹기편하고 좋은거같아용,2026-05-18T10:06:11+09:00,2026-05-18,네이버 스마트스토어 구****,5,True,1,1,https://assets6.cre.ma/p/phytonutri-kr/reviews/00/00/09/69/65/image1/c39c3dd1a5e477b3.webp,1000000281,지니어스뉴 드롭스&톡캡스,https://www.phytonutri.kr/goods/goods_view.php?goodsNo=1000000281,4.9,14386,0,0,"{'1': ['만족도', '편의성']}",[],[]
96966,72,5,smart_store,스마트스토어,잘먹이고 있습니다 :),2026-05-18T09:42:55+09:00,2026-05-18,네이버 스마트스토어 구****,5,True,1,1,https://assets6.cre.ma/p/phytonutri-kr/reviews/00/00/09/69/66/image1/97146ee1fb0dac20.webp,1000000281,지니어스뉴 드롭스&톡캡스,https://www.phytonutri.kr/goods/goods_view.php?goodsNo=1000000281,4.9,14386,0,0,{'1': ['만족도']},[],[]
96948,72,3,,자사몰(고도몰),"카페인 없고 루이보스 들어갔다길래 부담 덜해서 샀는데 괜찮은 거 같네요~

요즘 외출할때도 텀블러에 꼭 담아다녀요",2026-05-18T09:21:18+09:00,2026-05-18,강****,10,False,0,0,,1000000396,수드티 루이보스 허브 블렌드 티 강황 맘먼트 임산부 차,https://www.phytonutri.kr/goods/goods_view.php?goodsNo=1000000396,4.7,33,2,0,"{'1': ['만족도', '성분']}",[],[]
96947,72,5,,자사몰(고도몰),어찌됐건 애기한테 좋은 성분 먹이고 싶잖아요... 근데 건강하면 보통 맛이 없어서 맛 있고 성분 좋은 걸 찾기 쉽지 않은데 이건 둘 다 충족해서 괜찮더라고요..? 주변에 추천하고 다니고 있어여 ㅋㅋ ,2026-05-18T09:19:08+09:00,2026-05-18,정****,10,False,0,0,,1000000396,수드티 루이보스 허브 블렌드 티 강황 맘먼트 임산부 차,https://www.phytonutri.kr/goods/goods_view.php?goodsNo=1000000396,4.7,33,3,0,"{'1': ['만족도', '맛', '성분']}",[],[]
96946,72,5,,자사몰(고도몰),카페인이 너무 먹고 싶은데… 임신 때문에 못 먹어서... 대체품을 찾다가 발견했는데 입덧도 없어져서 좋은 거 같아요~~~~~! ,2026-05-18T09:17:37+09:00,2026-05-18,최****,10,False,0,0,,1000000396,수드티 루이보스 허브 블렌드 티 강황 맘먼트 임산부 차,https://www.phytonutri.kr/goods/goods_view.php?goodsNo=1000000396,4.7,33,2,0,"{'1': ['만족도', '효과']}",[],[]
96967,72,5,smart_store,스마트스토어,"아기 비타민디 스포이트형보다
이렇게 밤으로 주니 깨끗한것같고
너무좋아해요~~ 아기가",2026-05-18T09:11:13+09:00,2026-05-18,네이버 스마트스토어 구****,5,True,1,1,https://assets6.cre.ma/p/phytonutri-kr/reviews/00/00/09/69/67/image1/7a001975b70dd2a2.webp,1000000325,투데이디3 for baby,https://www.phytonutri.kr/goods/goods_view.php?goodsNo=1000000325,4.9,3634,0,0,{'1': ['만족도']},[],[]
96968,72,5,smart_store,스마트스토어,지니어스뉴 복용량에 대해 설명이 없어 당황했지만 좋은 가격에 구입했어요!,2026-05-18T09:07:52+09:00,2026-05-18,네이버 스마트스토어 구****,5,True,1,1,https://assets6.cre.ma/p/phytonutri-kr/reviews/00/00/09/69/68/image1/12138900e02cfdff.webp,1000000326,지니어스뉴 + 투데이디3 세트,https://www.phytonutri.kr/goods/goods_view.php?goodsNo=1000000326,4.8,245,0,0,"{'0': ['만족도'], '1': ['가격'], '-1': ['제품상태']}",[],[]
96969,72,5,smart_store,스마트스토어,배송도 빠르고 좋아요!,2026-05-18T08:42:14+09:00,2026-05-18,네이버 스마트스토어 구****,5,True,1,1,https://assets6.cre.ma/p/phytonutri-kr/reviews/00/00/09/69/69/image1/5a3dfb6d195d6d05.webp,1000000281,지니어스뉴 드롭스&톡캡스,https://www.phytonutri.kr/goods/goods_view.php?goodsNo=1000000281,4.9,14386,0,0,"{'1': ['만족도', '배송']}",[],[]
96970,72,5,smart_store,스마트스토어,꾸준히 먹이고있어요~!!,2026-05-18T08:16:34+09:00,2026-05-18,네이버 스마트스토어 구****,5,True,1,1,https://assets6.cre.ma/p/phytonutri-kr/reviews/00/00/09/69/70/image1/b65a1a8ea21d9a21.webp,1000000281,지니어스뉴 드롭스&톡캡스,https://www.phytonutri.kr/goods/goods_view.php?goodsNo=1000000281,4.9,14386,0,0,{'1': ['만족도']},[],[]
96971,72,5,smart_store,스마트스토어,작게 낳은 아기가 영유아검진하면 99에 속합니다. 이거 덕분이 아닐까 추측해봅니다..ㅋㅋ,2026-05-18T03:28:59+09:00,2026-05-18,네이버 스마트스토어 구****,5,False,0,0,,1000000297,"그로우뉴 아이 유기농칼슘&마그네슘 비타민D,k2,망간",https://www.phytonutri.kr/goods/goods_view.php?goodsNo=1000000297,4.9,4844,0,0,{'1': ['만족도']},[],[]
96972,72,5,smart_store,스마트스토어,항상 잘 챙겨먹이고 있는 영양제에요,2026-05-18T03:22:45+09:00,2026-05-18,네이버 스마트스토어 구****,5,True,1,1,https://assets6.cre.ma/p/phytonutri-kr/reviews/00/00/09/69/72/image1/f9544a33168443ee.webp,1000000325,투데이디3 for baby,https://www.phytonutri.kr/goods/goods_view.php?goodsNo=1000000325,4.9,3634,0,0,{'1': ['만족도']},[],[]
96973,72,4,smart_store,스마트스토어,좋아요 좋습니다~~‘!!!,2026-05-18T01:09:43+09:00,2026-05-18,네이버 스마트스토어 구****,5,False,0,0,,1000000281,지니어스뉴 드롭스&톡캡스,https://www.phytonutri.kr/goods/goods_view.php?goodsNo=1000000281,4.9,14386,0,0,{'1': ['만족도']},[],[]
96974,72,5,smart_store,스마트스토어,좋아요 좋아요 좋아요,2026-05-18T00:16:48+09:00,2026-05-18,네이버 스마트스토어 구****,5,True,1,1,https://assets6.cre.ma/p/phytonutri-kr/reviews/00/00/09/69/74/image1/6b2ca29e93f51d51.webp,1000000281,지니어스뉴 드롭스&톡캡스,https://www.phytonutri.kr/goods/goods_view.php?goodsNo=1000000281,4.9,14386,0,0,{'1': ['만족도']},[],[]
96975,72,5,smart_store,스마트스토어,잘 먹고 있습니다.,2026-05-18T00:15:46+09:00,2026-05-18,네이버 스마트스토어 구****,5,True,1,1,https://assets6.cre.ma/p/phytonutri-kr/reviews/00/00/09/69/75/image1/0575987a4405730a.webp,1000000297,"그로우뉴 아이 유기농칼슘&마그네슘 비타민D,k2,망간",https://www.phytonutri.kr/goods/goods_view.php?goodsNo=1000000297,4.9,4844,0,0,{'1': ['만족도']},[],[]
96976,72,5,smart_store,스마트스토어,배송빨라요 재구매합니다,2026-05-18T00:13:48+09:00,2026-05-18,네이버 스마트스토어 구****,5,True,1,1,https://assets6.cre.ma/p/phytonutri-kr/reviews/00/00/09/69/76/image1/241cb59538c696fe.webp,1000000325,투데이디3 for baby,https://www.phytonutri.kr/goods/goods_view.php?goodsNo=1000000325,4.9,3634,0,0,"{'2': ['만족도'], '1': ['배송']}",[],[]
96945,72,5,,자사몰(고도몰),저렴하게 구매했는데 좋습니다,2026-05-17T22:43:02+09:00,2026-05-17,ghs1******,5,False,0,0,,1000000398,KD 파마 듀얼 초임계 rTG 오메가3,https://www.phytonutri.kr/goods/goods_view.php?goodsNo=1000000398,4.9,121,0,0,"{'1': ['만족도', '가격']}",[],[]
96977,73,5,smart_store,스마트스토어,오래도록 섭취중입니다^^정말 잘 먹어요~,2026-05-17T22:18:32+09:00,2026-05-17,네이버 스마트스토어 구****,5,True,1,1,https://assets6.cre.ma/p/phytonutri-kr/reviews/00/00/09/69/77/image1/17c5a27e3a1424b1.webp,1000000297,"그로우뉴 아이 유기농칼슘&마그네슘 비타민D,k2,망간",https://www.phytonutri.kr/goods/goods_view.php?goodsNo=1000000297,4.9,4844,0,0,{'2': ['만족도']},[],[]
96978,73,5,smart_store,스마트스토어,요거트에 뿌려주거나 그냥 캡슐채로 먹이는데 자꾸 캡슐을 먹으려고해요 ㅎ 맛은 괜찮은지 아기가 잘먹어요!,2026-05-17T22:14:48+09:00,2026-05-17,네이버 스마트스토어 구****,5,True,1,1,https://assets6.cre.ma/p/phytonutri-kr/reviews/00/00/09/69/78/image1/a05e43b1c1595087.webp,1000000325,투데이디3 for baby,https://www.phytonutri.kr/goods/goods_view.php?goodsNo=1000000325,4.9,3634,0,0,"{'1': ['만족도', '맛']}",[],[]
96979,73,5,smart_store,스마트스토어,"21개월아기인데 오메가3 먹으면 좋다해서
구매했는데 잘먹더라구요 ㅎㅎ",2026-05-17T22:09:13+09:00,2026-05-17,네이버 스마트스토어 구****,5,False,0,0,,1000000281,지니어스뉴 드롭스&톡캡스,https://www.phytonutri.kr/goods/goods_view.php?goodsNo=1000000281,4.9,14386,0,0,{'1': ['만족도']},[],[]
96980,73,5,smart_store,스마트스토어,감사합니다 잘사용중,2026-05-17T21:37:20+09:00,2026-05-17,네이버 스마트스토어 구****,5,True,1,1,https://assets6.cre.ma/p/phytonutri-kr/reviews/00/00/09/69/80/image1/2e0cabe35a8cf7e3.webp,1000000325,투데이디3 for baby,https://www.phytonutri.kr/goods/goods_view.php?goodsNo=1000000325,4.9,3634,0,0,{'1': ['만족도']},[],[]
96981,73,5,smart_store,스마트스토어,맛좋은 오메가라 밥태기 극복템으로도 유명해서 구매했어요~ 아이가 잘 먹어주길요ㅎㅎ,2026-05-17T20:20:39+09:00,2026-05-17,네이버 스마트스토어 구****,5,True,1,1,https://assets6.cre.ma/p/phytonutri-kr/reviews/00/00/09/69/81/image1/e075392f8c96c26f.webp,1000000281,지니어스뉴 드롭스&톡캡스,https://www.phytonutri.kr/goods/goods_view.php?goodsNo=1000000281,4.9,14386,0,0,"{'1': ['만족도', '맛']}",[],[]
96982,73,5,smart_store,스마트스토어,항상 좋은 제품 감사합니다💕,2026-05-17T20:19:50+09:00,2026-05-17,네이버 스마트스토어 구****,5,False,0,0,,1000000325,투데이디3 for baby,https://www.phytonutri.kr/goods/goods_view.php?goodsNo=1000000325,4.9,3634,0,0,{'1': ['만족도']},[],[]
96983,73,5,smart_store,스마트스토어,아기가 잘먹어요 좋은거 같아요 ㅎ,2026-05-17T20:16:41+09:00,2026-05-17,네이버 스마트스토어 구****,5,True,1,1,https://assets6.cre.ma/p/phytonutri-kr/reviews/00/00/09/69/83/image1/ca6c81b0d60cff50.webp,1000000281,지니어스뉴 드롭스&톡캡스,https://www.phytonutri.kr/goods/goods_view.php?goodsNo=1000000281,4.9,14386,0,0,{'1': ['만족도']},[],[]
96984,73,5,smart_store,스마트스토어,성분이 좋아서 매번 사서 먹이고 있어요!,2026-05-17T19:00:31+09:00,2026-05-17,네이버 스마트스토어 구****,5,True,1,1,https://assets6.cre.ma/p/phytonutri-kr/reviews/00/00/09/69/84/image1/94e54f5df51b8663.webp,1000000325,투데이디3 for baby,https://www.phytonutri.kr/goods/goods_view.php?goodsNo=1000000325,4.9,3634,0,0,"{'2': ['만족도'], '1': ['성분']}",[],[]
96985,73,5,smart_store,스마트스토어,좋아요 좋아요 좋아요 좋아요,2026-05-17T17:56:47+09:00,2026-05-17,네이버 스마트스토어 구****,5,False,0,0,,1000000281,지니어스뉴 드롭스&톡캡스,https://www.phytonutri.kr/goods/goods_view.php?goodsNo=1000000281,4.9,14386,0,0,{'1': ['만족도']},[],[]
96986,73,5,smart_store,스마트스토어,아기가 잘 먹어요!!,2026-05-17T17:53:51+09:00,2026-05-17,네이버 스마트스토어 구****,5,True,1,1,https://assets6.cre.ma/p/phytonutri-kr/reviews/00/00/09/69/86/image1/fb99168f0069fc9a.webp,1000000281,지니어스뉴 드롭스&톡캡스,https://www.phytonutri.kr/goods/goods_view.php?goodsNo=1000000281,4.9,14386,0,0,{'1': ['만족도']},[],[]
96987,73,5,smart_store,스마트스토어,우리아이 안심하고 먹이는 지니어스뉴 오메가 최고에요 입맛까다로운아인데 잘먹어요 ㅎ,2026-05-17T17:49:06+09:00,2026-05-17,네이버 스마트스토어 구****,5,True,1,1,https://assets6.cre.ma/p/phytonutri-kr/reviews/00/00/09/69/87/image1/d2f1524b45ea32bf.webp,1000000281,지니어스뉴 드롭스&톡캡스,https://www.phytonutri.kr/goods/goods_view.php?goodsNo=1000000281,4.9,14386,0,0,"{'2': ['만족도'], '1': ['맛']}",[],[]
96988,73,5,smart_store,스마트스토어,육아에 정말 좋습니다,2026-05-17T17:16:11+09:00,2026-05-17,네이버 스마트스토어 구****,5,True,1,1,https://assets6.cre.ma/p/phytonutri-kr/reviews/00/00/09/69/88/image1/57615ee97427428b.webp,1000000281,지니어스뉴 드롭스&톡캡스,https://www.phytonutri.kr/goods/goods_view.php?goodsNo=1000000281,4.9,14386,0,0,{'2': ['만족도']},[],[]
96989,73,5,smart_store,스마트스토어,육아에 너무 좋습니다,2026-05-17T17:15:34+09:00,2026-05-17,네이버 스마트스토어 구****,5,True,1,1,https://assets6.cre.ma/p/phytonutri-kr/reviews/00/00/09/69/89/image1/e38e19380ac34c0f.webp,1000000281,지니어스뉴 드롭스&톡캡스,https://www.phytonutri.kr/goods/goods_view.php?goodsNo=1000000281,4.9,14386,0,0,{'2': ['만족도']},[],[]
96990,73,5,smart_store,스마트스토어,"꾸준히 아기 먹이고있는데
좀 비싸긴해요ㅠ",2026-05-17T16:43:46+09:00,2026-05-17,네이버 스마트스토어 구****,5,False,0,0,,1000000297,"그로우뉴 아이 유기농칼슘&마그네슘 비타민D,k2,망간",https://www.phytonutri.kr/goods/goods_view.php?goodsNo=1000000297,4.9,4844,0,0,"{'0': ['만족도'], '-1': ['가격']}",[],[]
96991,73,5,smart_store,스마트스토어,배송빠르게 받았어요. 초4. 남자아이가 거부없이 잘 먹어요~,2026-05-17T15:58:10+09:00,2026-05-17,네이버 스마트스토어 구****,5,False,0,0,,1000000397,"그로우뉴 ~키즈 유기농 칼슘&마그네슘 비타민D,k2 망간",https://www.phytonutri.kr/goods/goods_view.php?goodsNo=1000000397,4.9,63,0,0,"{'1': ['만족도', '배송', '식감']}",[],[]
96992,73,5,smart_store,스마트스토어,아이가 너무 잘 먹어요 ㅎㅎ,2026-05-17T15:33:22+09:00,2026-05-17,네이버 스마트스토어 구****,5,False,0,0,,1000000325,투데이디3 for baby,https://www.phytonutri.kr/goods/goods_view.php?goodsNo=1000000325,4.9,3634,0,0,{'1': ['만족도']},[],[]
96993,73,5,smart_store,스마트스토어,우리 아이가 잘먹고 있어요^^,2026-05-17T15:30:43+09:00,2026-05-17,네이버 스마트스토어 구****,5,False,0,0,,1000000281,지니어스뉴 드롭스&톡캡스,https://www.phytonutri.kr/goods/goods_view.php?goodsNo=1000000281,4.9,14386,0,0,{'1': ['만족도']},[],[]
96994,73,5,smart_store,스마트스토어,첫째둘째 늘 먹는 제품이에요~,2026-05-17T15:25:20+09:00,2026-05-17,네이버 스마트스토어 구****,5,True,1,1,https://assets6.cre.ma/p/phytonutri-kr/reviews/00/00/09/69/94/image1/85f84366bbb5661f.webp,1000000281,지니어스뉴 드롭스&톡캡스,https://www.phytonutri.kr/goods/goods_view.php?goodsNo=1000000281,4.9,14386,0,0,{'2': ['만족도']},[],[]
96995,73,5,smart_store,스마트스토어,"추천받아서먹여요 
아이가 잘먹어요 
위생적인거같아요 
좋네요",2026-05-17T15:17:09+09:00,2026-05-17,네이버 스마트스토어 구****,5,True,1,1,https://assets6.cre.ma/p/phytonutri-kr/reviews/00/00/09/69/95/image1/fa3f3bc2556ecafb.webp,1000000281,지니어스뉴 드롭스&톡캡스,https://www.phytonutri.kr/goods/goods_view.php?goodsNo=1000000281,4.9,14386,0,0,"{'1': ['만족도', '제품상태']}",[],[]
96996,73,5,smart_store,스마트스토어,처음 먹여 보는데 아기가 거부감이 없어요,2026-05-17T14:03:30+09:00,2026-05-17,네이버 스마트스토어 구****,5,False,0,0,,1000000281,지니어스뉴 드롭스&톡캡스,https://www.phytonutri.kr/goods/goods_view.php?goodsNo=1000000281,4.9,14386,0,0,"{'1': ['만족도', '맛']}",[],[]
96997,74,5,smart_store,스마트스토어,아기에게 먹이기 편해여,2026-05-17T13:41:50+09:00,2026-05-17,네이버 스마트스토어 구****,5,True,1,1,https://assets6.cre.ma/p/phytonutri-kr/reviews/00/00/09/69/97/image1/b9b14e330900ca01.webp,1000000281,지니어스뉴 드롭스&톡캡스,https://www.phytonutri.kr/goods/goods_view.php?goodsNo=1000000281,4.9,14386,0,0,"{'1': ['만족도', '편의성']}",[],[]
96998,74,5,smart_store,스마트스토어,감사합니다 잘받았습니다 처음 먹여봅니다,2026-05-17T13:18:12+09:00,2026-05-17,네이버 스마트스토어 구****,5,True,1,1,https://assets6.cre.ma/p/phytonutri-kr/reviews/00/00/09/69/98/image1/1440cb90facd2ecf.webp,1000000281,지니어스뉴 드롭스&톡캡스,https://www.phytonutri.kr/goods/goods_view.php?goodsNo=1000000281,4.9,14386,0,0,{'0': ['만족도']},[],[]
96999,74,5,smart_store,스마트스토어,"아가 밥에 섞어줘요 ㅎㅎㅎ
양도 많고 효○ 기대할게오",2026-05-17T13:05:39+09:00,2026-05-17,네이버 스마트스토어 구****,5,True,1,1,https://assets6.cre.ma/p/phytonutri-kr/reviews/00/00/09/69/99/image1/56aafe09c99a50ca.webp,1000000297,"그로우뉴 아이 유기농칼슘&마그네슘 비타민D,k2,망간",https://www.phytonutri.kr/goods/goods_view.php?goodsNo=1000000297,4.9,4844,0,0,"{'0': ['만족도'], '1': ['용량']}",[],[]
97000,74,5,smart_store,스마트스토어,잘먹어보고 있습니다.,2026-05-17T12:52:39+09:00,2026-05-17,네이버 스마트스토어 구****,5,True,1,1,https://assets6.cre.ma/p/phytonutri-kr/reviews/00/00/09/70/00/image1/baa0cf9c85987603.webp,1000000343,리버티엑스,https://www.phytonutri.kr/goods/goods_view.php?goodsNo=1000000343,4.7,268,0,0,{'0': ['만족도']},[],[]
97001,74,5,smart_store,스마트스토어,간편하게 이유식에 타서 먹이기 좋아요.,2026-05-17T12:41:35+09:00,2026-05-17,네이버 스마트스토어 구****,5,True,1,1,https://assets6.cre.ma/p/phytonutri-kr/reviews/00/00/09/70/01/image1/21c15a9abb087dbe.webp,1000000297,"그로우뉴 아이 유기농칼슘&마그네슘 비타민D,k2,망간",https://www.phytonutri.kr/goods/goods_view.php?goodsNo=1000000297,4.9,4844,0,0,"{'1': ['만족도', '편의성']}",[],[]
97002,74,5,smart_store,스마트스토어,"아기 유산균 먹이다가 비타민D도 먹여야 좋다고 해서 구매하게되었어요. 오일밤 형태라 흐르는거 없이 혀 안쪽에 짜주면 잘 먹더라구요. 다만 제 손이 미끄러져서 자칫 오일 짜다가 캡슐을 놓칠뻔한 적이 있어 아찔하긴 했는데, 그래도 한분량씩 개별포장되어있고 좋습니다~!",2026-05-17T12:08:07+09:00,2026-05-17,네이버 스마트스토어 구****,5,True,1,1,https://assets6.cre.ma/p/phytonutri-kr/reviews/00/00/09/70/02/image1/2a553cf66abc009f.webp,1000000325,투데이디3 for baby,https://www.phytonutri.kr/goods/goods_view.php?goodsNo=1000000325,4.9,3634,0,0,"{'1': ['만족도', '포장']}",[],[]
97003,74,5,smart_store,스마트스토어,우리아이 오메가는 이겁니다,2026-05-17T11:57:58+09:00,2026-05-17,네이버 스마트스토어 구****,5,False,0,0,,1000000281,지니어스뉴 드롭스&톡캡스,https://www.phytonutri.kr/goods/goods_view.php?goodsNo=1000000281,4.9,14386,0,0,{'0': ['만족도']},[],[]
97004,74,5,smart_store,스마트스토어,매번사는 오메가쓰리입니다 좋아요!,2026-05-17T11:57:34+09:00,2026-05-17,네이버 스마트스토어 구****,5,False,0,0,,1000000281,지니어스뉴 드롭스&톡캡스,https://www.phytonutri.kr/goods/goods_view.php?goodsNo=1000000281,4.9,14386,0,0,{'1': ['만족도']},[],[]
97005,74,4,smart_store,스마트스토어,아이가 잘 먹네요! 앞으로 잘 먹일게요,2026-05-17T11:07:48+09:00,2026-05-17,네이버 스마트스토어 구****,5,False,0,0,,1000000397,"그로우뉴 ~키즈 유기농 칼슘&마그네슘 비타민D,k2 망간",https://www.phytonutri.kr/goods/goods_view.php?goodsNo=1000000397,4.9,63,0,0,{'1': ['만족도']},[],[]
97006,74,5,smart_store,스마트스토어,아이에게 주려고 샀는데 일단 원료도 좋고 위생상 깔끔하게 한포씩 포장되어 있어서 좋네요! 사실 스포이드식은 아기 입에 닿을 수밖에 없어서 마지막까지 깔끔하게 먹기가 쉽지 않거든요! 그리고 아기가 거부감 없이 잘 먹어요~ 재구매 의사 있습니다,2026-05-17T11:05:27+09:00,2026-05-17,네이버 스마트스토어 구****,5,True,1,1,https://assets6.cre.ma/p/phytonutri-kr/reviews/00/00/09/70/06/image1/36521fe556418273.webp,1000000325,투데이디3 for baby,https://www.phytonutri.kr/goods/goods_view.php?goodsNo=1000000325,4.9,3634,0,0,"{'1': ['만족도', '포장', '품질', '맛']}",[],[]
97007,74,5,smart_store,스마트스토어,잘먹이고 있어요 주문 곧 할게요!,2026-05-17T09:59:00+09:00,2026-05-17,네이버 스마트스토어 구****,5,True,1,1,https://assets6.cre.ma/p/phytonutri-kr/reviews/00/00/09/70/07/image1/904cf9114af30258.webp,1000000281,지니어스뉴 드롭스&톡캡스,https://www.phytonutri.kr/goods/goods_view.php?goodsNo=1000000281,4.9,14386,0,0,{'1': ['만족도']},[],[]
97008,74,5,smart_store,스마트스토어,배송빠르고제품좋네요,2026-05-17T09:50:30+09:00,2026-05-17,네이버 스마트스토어 구****,5,True,1,1,https://assets6.cre.ma/p/phytonutri-kr/reviews/00/00/09/70/08/image1/9df8bf2d2f973e75.webp,1000000363,데이프로바 for baby 아기 쌩쌩유산균,https://www.phytonutri.kr/goods/goods_view.php?goodsNo=1000000363,4.9,363,0,0,"{'1': ['만족도', '배송']}",[],[]
97009,74,5,smart_store,스마트스토어,계속 사서 먹이고 있어요,2026-05-17T09:05:00+09:00,2026-05-17,네이버 스마트스토어 구****,5,True,1,1,https://assets6.cre.ma/p/phytonutri-kr/reviews/00/00/09/70/09/image1/849458f88f7cea95.webp,1000000281,지니어스뉴 드롭스&톡캡스,https://www.phytonutri.kr/goods/goods_view.php?goodsNo=1000000281,4.9,14386,0,0,{'2': ['만족도']},[],[]
97010,74,5,smart_store,스마트스토어,만족합니다~~~~~~,2026-05-17T08:15:21+09:00,2026-05-17,네이버 스마트스토어 구****,5,True,1,1,https://assets6.cre.ma/p/phytonutri-kr/reviews/00/00/09/70/10/image1/60edf3bb35846284.webp,1000000342,이트뮨 아이 배도라지즙&엘더베리사과주스,https://www.phytonutri.kr/goods/goods_view.php?goodsNo=1000000342,4.9,609,0,0,{'1': ['만족도']},[],[]
97011,74,5,smart_store,스마트스토어,아기 친구랑 같이 나눠먹이기 편해요 ㅋ 엄청 많이 삿다고 생각햇는데 금방 먹네요 ㅋ,2026-05-17T07:29:12+09:00,2026-05-17,네이버 스마트스토어 구****,5,False,0,0,,1000000342,이트뮨 아이 배도라지즙&엘더베리사과주스,https://www.phytonutri.kr/goods/goods_view.php?goodsNo=1000000342,4.9,609,0,0,"{'1': ['만족도', '편의성']}",[],[]
97012,74,5,smart_store,스마트스토어,아기가 응아잘싸는거 같아요,2026-05-16T22:53:26+09:00,2026-05-16,네이버 스마트스토어 구****,5,True,1,1,https://assets6.cre.ma/p/phytonutri-kr/reviews/00/00/09/70/12/image1/89b19b30acbd9819.webp,1000000363,데이프로바 for baby 아기 쌩쌩유산균,https://www.phytonutri.kr/goods/goods_view.php?goodsNo=1000000363,4.9,363,0,0,"{'1': ['만족도', '효과']}",[],[]
97013,74,2,smart_store,스마트스토어,아이가 맵다고 해서 어떻게 먹여야할지.... 음료수에 섞어도 맵다구 그러네요....ㅜㅜ,2026-05-16T22:47:46+09:00,2026-05-16,네이버 스마트스토어 구****,5,True,1,1,https://assets6.cre.ma/p/phytonutri-kr/reviews/00/00/09/70/13/image1/b920ad18cab0a03a.webp,1000000379,지니어스뉴 키즈 국내 유일 스퀴즈 짜먹는 어린이 오메가3 DHA ALA 콜린 올로메가,https://www.phytonutri.kr/goods/goods_view.php?goodsNo=1000000379,4.6,127,0,0,"{'-1': ['만족도', '맛']}",[],[]
97014,74,5,smart_store,스마트스토어,키가 쑥쑥 잘 커주기를,2026-05-16T22:16:06+09:00,2026-05-16,네이버 스마트스토어 구****,5,True,1,1,https://assets6.cre.ma/p/phytonutri-kr/reviews/00/00/09/70/14/image1/afe8381ae9a4c49f.webp,1000000297,"그로우뉴 아이 유기농칼슘&마그네슘 비타민D,k2,망간",https://www.phytonutri.kr/goods/goods_view.php?goodsNo=1000000297,4.9,4844,0,0,{'0': ['만족도']},[],[]
97015,74,5,smart_store,스마트스토어,먹이기 편해요 영양소 특성 상 젖병 닦기는 살짝 힘든데 애 잘먹네요,2026-05-16T22:09:35+09:00,2026-05-16,네이버 스마트스토어 구****,5,True,1,1,https://assets6.cre.ma/p/phytonutri-kr/reviews/00/00/09/70/15/image1/1b637796a6a84e4c.webp,1000000325,투데이디3 for baby,https://www.phytonutri.kr/goods/goods_view.php?goodsNo=1000000325,4.9,3634,0,0,"{'1': ['만족도'], '0': ['편의성']}",[],[]
97016,74,5,smart_store,스마트스토어,꾸준히 먹이고있는제품이에요,2026-05-16T21:37:05+09:00,2026-05-16,네이버 스마트스토어 구****,5,False,0,0,,1000000281,지니어스뉴 드롭스&톡캡스,https://www.phytonutri.kr/goods/goods_view.php?goodsNo=1000000281,4.9,14386,0,0,{'1': ['만족도']},[],[]
97017,75,1,smart_store,스마트스토어,"아이가 이거 먹은 뒤로 2주 넘게 설사를해서 ㅠㅠ 고생했습니다.
별도로 문의해보니 그럴 수 있다면서 일단 설사 나을때까지 복용 중단하라셔서 바로 중단했는데요.. 개봉 후 2주내로 섭취권장이라 그동안 계속 설사를 해서 처음 두 세번 먹고 결국 다 버렸습니다ㅜㅜ 너무 아깝네요..",2026-05-16T21:08:44+09:00,2026-05-16,네이버 스마트스토어 구****,5,True,1,1,https://assets6.cre.ma/p/phytonutri-kr/reviews/00/00/09/70/17/image1/b09c1e98130d1342.webp,1000000281,지니어스뉴 드롭스&톡캡스,https://www.phytonutri.kr/goods/goods_view.php?goodsNo=1000000281,4.9,14386,0,0,"{'-2': ['만족도', '효과']}",[],[]
97018,75,5,smart_store,스마트스토어,항상 구매하는 상품이에요 조아요,2026-05-16T20:32:18+09:00,2026-05-16,네이버 스마트스토어 구****,5,False,0,0,,1000000281,지니어스뉴 드롭스&톡캡스,https://www.phytonutri.kr/goods/goods_view.php?goodsNo=1000000281,4.9,14386,0,0,{'2': ['만족도']},[],[]
97020,75,5,smart_store,스마트스토어,"용량이 그냥 스포이드로만 나와있어서 좀 어려움이 있네요ㅜ 그거 말곤 포장도 꼼꼼하고, 후기도 좋아서 기대중입니다‘",2026-05-16T18:41:51+09:00,2026-05-16,네이버 스마트스토어 구****,5,True,1,1,https://assets6.cre.ma/p/phytonutri-kr/reviews/00/00/09/70/20/image1/0b31de9ece12c8f4.webp,1000000281,지니어스뉴 드롭스&톡캡스,https://www.phytonutri.kr/goods/goods_view.php?goodsNo=1000000281,4.9,14386,0,0,"{'0': ['만족도'], '1': ['포장'], '-1': ['편의성']}",[],[]
97021,75,5,smart_store,스마트스토어,"애기가 거부감 없이 잘먹어요
이유식 섞어서 주는데 무럭무럭 자라고 있을까요?
담번 검진 때 얼마나 컸는지 봐볼께요ㅋ",2026-05-16T18:39:00+09:00,2026-05-16,네이버 스마트스토어 구****,5,True,1,1,https://assets6.cre.ma/p/phytonutri-kr/reviews/00/00/09/70/21/image1/623b94846b101f44.webp,1000000298,지니어스뉴 + 그로우뉴 세트,https://www.phytonutri.kr/goods/goods_view.php?goodsNo=1000000298,4.9,1413,0,0,"{'1': ['만족도'], '0': ['효과']}",[],[]
97022,75,3,smart_store,스마트스토어,아이가 맛없다고 안먹어서 남편이랑 제가 다먹고있어요,2026-05-16T17:33:10+09:00,2026-05-16,네이버 스마트스토어 구****,5,True,1,1,https://assets6.cre.ma/p/phytonutri-kr/reviews/00/00/09/70/22/image1/0d108d0ff66a6485.webp,1000000379,지니어스뉴 키즈 국내 유일 스퀴즈 짜먹는 어린이 오메가3 DHA ALA 콜린 올로메가,https://www.phytonutri.kr/goods/goods_view.php?goodsNo=1000000379,4.6,127,0,0,"{'0': ['만족도'], '-1': ['맛']}",[],[]
97023,75,5,smart_store,스마트스토어,항상떨어지기전에재구매템,2026-05-16T17:21:10+09:00,2026-05-16,네이버 스마트스토어 구****,5,False,0,0,,1000000325,투데이디3 for baby,https://www.phytonutri.kr/goods/goods_view.php?goodsNo=1000000325,4.9,3634,0,0,{'2': ['만족도']},[],[]
97024,75,5,smart_store,스마트스토어,항상떨어지기전에재무매템,2026-05-16T17:20:53+09:00,2026-05-16,네이버 스마트스토어 구****,5,False,0,0,,1000000298,지니어스뉴 + 그로우뉴 세트,https://www.phytonutri.kr/goods/goods_view.php?goodsNo=1000000298,4.9,1413,0,0,{'1': ['만족도']},[],[]
97025,75,5,smart_store,스마트스토어,비타민디 개벌포장되어있규 밤타입이라 주기 너무 편해요~~~잘 먹고 있습니다,2026-05-16T16:57:35+09:00,2026-05-16,네이버 스마트스토어 구****,5,False,0,0,,1000000325,투데이디3 for baby,https://www.phytonutri.kr/goods/goods_view.php?goodsNo=1000000325,4.9,3634,0,0,"{'1': ['만족도', '포장'], '2': ['편의성']}",[],[]
97026,75,4,smart_store,스마트스토어,잘 받았습니다 감사합니다,2026-05-16T16:50:32+09:00,2026-05-16,네이버 스마트스토어 구****,5,False,0,0,,1000000281,지니어스뉴 드롭스&톡캡스,https://www.phytonutri.kr/goods/goods_view.php?goodsNo=1000000281,4.9,14386,0,0,{'0': ['만족도']},[],[]
97027,75,5,smart_store,스마트스토어,"우통기한 27년 4월까지로 
약11개월 남았고요
금요일 발송이고 토요일 배송이라 걱정했는데
배송도 빠르게와서 잘 받았습니다",2026-05-16T15:50:18+09:00,2026-05-16,네이버 스마트스토어 구****,5,True,1,1,https://assets6.cre.ma/p/phytonutri-kr/reviews/00/00/09/70/27/image1/faa6fd4ee7b5387b.webp,1000000281,지니어스뉴 드롭스&톡캡스,https://www.phytonutri.kr/goods/goods_view.php?goodsNo=1000000281,4.9,14386,0,0,"{'1': ['만족도', '배송'], '0': ['유통기한']}",[],[]
97028,75,5,smart_store,스마트스토어,아이가 거부하지 않고 잘 먹어서 좋고 효○도 있는 듯~!,2026-05-16T15:19:22+09:00,2026-05-16,네이버 스마트스토어 구****,5,True,1,1,https://assets6.cre.ma/p/phytonutri-kr/reviews/00/00/09/70/28/image1/68b936118843f348.webp,1000000281,지니어스뉴 드롭스&톡캡스,https://www.phytonutri.kr/goods/goods_view.php?goodsNo=1000000281,4.9,14386,0,0,"{'1': ['만족도', '효과']}",[],[]
97029,75,5,smart_store,스마트스토어,너무 좋고 간편하게 먹을 수 있어요!,2026-05-16T14:09:05+09:00,2026-05-16,네이버 스마트스토어 구****,5,True,1,1,https://assets6.cre.ma/p/phytonutri-kr/reviews/00/00/09/70/29/image1/ff9108ca44bac31b.webp,1000000375,데이프로바 + 투데이디3 세트,https://www.phytonutri.kr/goods/goods_view.php?goodsNo=1000000375,4.9,139,0,0,"{'2': ['만족도'], '1': ['편의성']}",[],[]
97030,75,5,smart_store,스마트스토어,한병사서 먹이다가 도움이될까 싶어서 추가 구매했어요,2026-05-16T13:35:04+09:00,2026-05-16,네이버 스마트스토어 구****,5,True,1,1,https://assets6.cre.ma/p/phytonutri-kr/reviews/00/00/09/70/30/image1/53b68154218ad39c.webp,1000000281,지니어스뉴 드롭스&톡캡스,https://www.phytonutri.kr/goods/goods_view.php?goodsNo=1000000281,4.9,14386,0,0,{'1': ['만족도']},[],[]
97031,75,5,smart_store,스마트스토어,병에있는건 한방울 한방울 떨어질때까지 기다리느라 애가탔는데 하나씩 까서 먹일 수 있어서 너무편해요. 그리고 산패 걱정도 안심돼요.,2026-05-16T13:29:31+09:00,2026-05-16,네이버 스마트스토어 구****,5,True,1,1,https://assets6.cre.ma/p/phytonutri-kr/reviews/00/00/09/70/31/image1/d315f0d3ef83ea31.webp,1000000326,지니어스뉴 + 투데이디3 세트,https://www.phytonutri.kr/goods/goods_view.php?goodsNo=1000000326,4.8,245,0,0,"{'1': ['만족도', '포장'], '2': ['편의성']}",[],[]
97032,75,5,smart_store,스마트스토어,아기에게 비타민 D가 중요하다해서 성분이나 여러가지로 꼼꼼하게 비교하고 봤을때 너무 괜찮아서 구입했어요. 꾸준히 잘 먹여보려고요👍😊,2026-05-16T13:00:40+09:00,2026-05-16,네이버 스마트스토어 구****,5,True,1,1,https://assets6.cre.ma/p/phytonutri-kr/reviews/00/00/09/70/32/image1/f9d13b9f12a9f5c6.webp,1000000325,투데이디3 for baby,https://www.phytonutri.kr/goods/goods_view.php?goodsNo=1000000325,4.9,3634,0,0,"{'1': ['만족도'], '2': ['성분']}",[],[]
97033,75,5,smart_store,스마트스토어,아기도 거부감없이 너무 잘먹고 먹이기도 편해서 좋아요 💚💜,2026-05-16T12:54:18+09:00,2026-05-16,네이버 스마트스토어 구****,5,True,1,1,https://assets6.cre.ma/p/phytonutri-kr/reviews/00/00/09/70/33/image1/1cd65b8abbd8b3f3.webp,1000000325,투데이디3 for baby,https://www.phytonutri.kr/goods/goods_view.php?goodsNo=1000000325,4.9,3634,0,0,"{'1': ['만족도', '편의성']}",[],[]
97034,75,5,smart_store,스마트스토어,애기도 거부감없이 잘먹고 숟가락에 짜서 주는데 손에 묻지도않고 편하게 먹일수있어요 !! 넘 좋아용 💚,2026-05-16T12:53:34+09:00,2026-05-16,네이버 스마트스토어 구****,5,True,1,1,https://assets6.cre.ma/p/phytonutri-kr/reviews/00/00/09/70/34/image1/c30dc3793dc68139.webp,1000000281,지니어스뉴 드롭스&톡캡스,https://www.phytonutri.kr/goods/goods_view.php?goodsNo=1000000281,4.9,14386,0,0,"{'2': ['만족도'], '1': ['편의성']}",[],[]
97035,75,5,smart_store,스마트스토어,계속 그로우꺼 칼슘 먹이고 있는데 너무 만족해요 ㅎ,2026-05-16T12:46:05+09:00,2026-05-16,네이버 스마트스토어 구****,5,True,1,1,https://assets6.cre.ma/p/phytonutri-kr/reviews/00/00/09/70/35/image1/1017d2cc6270cdab.webp,1000000297,"그로우뉴 아이 유기농칼슘&마그네슘 비타민D,k2,망간",https://www.phytonutri.kr/goods/goods_view.php?goodsNo=1000000297,4.9,4844,0,0,{'2': ['만족도']},[],[]
97036,75,5,smart_store,스마트스토어,"아기 비타민은 유산균빼고 다 여기꺼 먹여용 ㅋ
좋아요!!",2026-05-16T12:45:24+09:00,2026-05-16,네이버 스마트스토어 구****,5,True,1,1,https://assets6.cre.ma/p/phytonutri-kr/reviews/00/00/09/70/36/image1/e1c38773dafc1e40.webp,1000000281,지니어스뉴 드롭스&톡캡스,https://www.phytonutri.kr/goods/goods_view.php?goodsNo=1000000281,4.9,14386,0,0,{'1': ['만족도']},[],[]
97037,75,5,smart_store,스마트스토어,감사합니다 배송 빨라요,2026-05-16T12:37:16+09:00,2026-05-16,네이버 스마트스토어 구****,5,True,1,1,https://assets6.cre.ma/p/phytonutri-kr/reviews/00/00/09/70/37/image1/7485504e30bf8b65.webp,1000000281,지니어스뉴 드롭스&톡캡스,https://www.phytonutri.kr/goods/goods_view.php?goodsNo=1000000281,4.9,14386,0,0,"{'1': ['만족도', '배송']}",[],[]
97038,76,5,smart_store,스마트스토어,몇번주문햇는데 만족하고 먹어요!! 곧 또 주문하러구용,2026-05-16T12:35:41+09:00,2026-05-16,네이버 스마트스토어 구****,5,False,0,0,,1000000297,"그로우뉴 아이 유기농칼슘&마그네슘 비타민D,k2,망간",https://www.phytonutri.kr/goods/goods_view.php?goodsNo=1000000297,4.9,4844,0,0,{'2': ['만족도']},[],[]
97039,76,5,smart_store,스마트스토어,"아이가 너무 잘먹네요^^
탁월한 선택이였어요!!",2026-05-16T11:32:59+09:00,2026-05-16,네이버 스마트스토어 구****,5,False,0,0,,1000000342,이트뮨 아이 배도라지즙&엘더베리사과주스,https://www.phytonutri.kr/goods/goods_view.php?goodsNo=1000000342,4.9,609,0,0,"{'2': ['만족도', '맛']}",[],[]
97040,76,5,smart_store,스마트스토어,항상 잘 먹이고 있습니다.,2026-05-16T11:27:19+09:00,2026-05-16,네이버 스마트스토어 구****,5,True,1,1,https://assets6.cre.ma/p/phytonutri-kr/reviews/00/00/09/70/40/image1/5c577f47c68e653d.webp,1000000281,지니어스뉴 드롭스&톡캡스,https://www.phytonutri.kr/goods/goods_view.php?goodsNo=1000000281,4.9,14386,0,0,{'1': ['만족도']},[],[]
97041,76,5,smart_store,스마트스토어,"아기 6개월때부터 계속 먹이고 있어요(현재 15개월)
아기가 거부감없이 잘 먹어요.
처음에는 숟가락에 옮겨서 먹였는데 요즘은 '아'하거 입벌리면 스포이드로 바로 먹이고 있어요.
아이를 위해서 꾸준히 먹일 생각입니다~",2026-05-16T11:24:04+09:00,2026-05-16,네이버 스마트스토어 구****,5,True,1,1,https://assets6.cre.ma/p/phytonutri-kr/reviews/00/00/09/70/41/image1/2c35068363591ba1.webp,1000000281,지니어스뉴 드롭스&톡캡스,https://www.phytonutri.kr/goods/goods_view.php?goodsNo=1000000281,4.9,14386,0,0,"{'1': ['만족도', '맛']}",[],[]
97042,76,5,smart_store,스마트스토어,"24개월 아이가 잘 먹고있어요~
음식에 넣어 요리해주거나 요거트에 섞어주니 잘 먹어요.",2026-05-16T11:06:38+09:00,2026-05-16,네이버 스마트스토어 구****,5,False,0,0,,1000000281,지니어스뉴 드롭스&톡캡스,https://www.phytonutri.kr/goods/goods_view.php?goodsNo=1000000281,4.9,14386,0,0,{'1': ['만족도']},[],[]
97043,76,5,smart_store,스마트스토어,모유수유 아기라 비타민디 보충이 필수인데 위생적으러 하나씩 포장되어있어서 먹이기 편해요~,2026-05-16T10:39:31+09:00,2026-05-16,네이버 스마트스토어 구****,5,True,1,1,https://assets6.cre.ma/p/phytonutri-kr/reviews/00/00/09/70/43/image1/2812646c9d26f5f5.webp,1000000325,투데이디3 for baby,https://www.phytonutri.kr/goods/goods_view.php?goodsNo=1000000325,4.9,3634,0,0,"{'1': ['만족도', '포장', '편의성']}",[],[]
97044,76,5,smart_store,스마트스토어,아이가 또래에 비해 말도 잘하고 인지가 빠른게 6개월때부터 먹인 지니어스뉴 덕인것 같아요,2026-05-16T09:02:25+09:00,2026-05-16,네이버 스마트스토어 구****,5,True,1,1,https://assets6.cre.ma/p/phytonutri-kr/reviews/00/00/09/70/44/image1/8f76d3ef4dfb0633.webp,1000000281,지니어스뉴 드롭스&톡캡스,https://www.phytonutri.kr/goods/goods_view.php?goodsNo=1000000281,4.9,14386,0,0,"{'1': ['만족도', '효과']}",[],[]
96944,76,5,,자사몰(고도몰),촉촉하게 수분을 잡아주는것 같아요!^^,2026-05-16T04:14:02+09:00,2026-05-16,whtn******,5,False,0,0,,1000000000,에피베리어 곤약세라미드 1.8,https://www.phytonutri.kr/goods/goods_view.php?goodsNo=1000000000,4.5,3056,0,0,"{'1': ['만족도', '효과']}",[],[]
97045,76,5,smart_store,스마트스토어,아이가 요거먹고 똑똑해지는거 같아 많이 구매했네요 많이 파세요,2026-05-16T01:56:56+09:00,2026-05-16,네이버 스마트스토어 구****,5,False,0,0,,1000000281,지니어스뉴 드롭스&톡캡스,https://www.phytonutri.kr/goods/goods_view.php?goodsNo=1000000281,4.9,14386,0,0,"{'1': ['만족도', '효과']}",[],[]
97046,76,5,smart_store,스마트스토어,아이에게 먹이고 잇어요 가루라 아이가 유산균이랑 같이 주면 잘먹습니다,2026-05-16T01:20:10+09:00,2026-05-16,네이버 스마트스토어 구****,5,True,1,1,https://assets6.cre.ma/p/phytonutri-kr/reviews/00/00/09/70/46/image1/9539d7ad0bf51e75.webp,1000000297,"그로우뉴 아이 유기농칼슘&마그네슘 비타민D,k2,망간",https://www.phytonutri.kr/goods/goods_view.php?goodsNo=1000000297,4.9,4844,0,0,{'1': ['만족도']},[],[]
97047,76,5,smart_store,스마트스토어,아이들 영양제 찾다가 조건에 맞는게 딱 보여서 구매했습니다. 편하고좋네요.,2026-05-16T00:31:27+09:00,2026-05-16,네이버 스마트스토어 구****,5,True,1,1,https://assets6.cre.ma/p/phytonutri-kr/reviews/00/00/09/70/47/image1/31d4cf01603e1036.webp,1000000281,지니어스뉴 드롭스&톡캡스,https://www.phytonutri.kr/goods/goods_view.php?goodsNo=1000000281,4.9,14386,0,0,"{'1': ['만족도', '편의성']}",[],[]
97048,76,5,smart_store,스마트스토어,항상시키던거에요 ~ 얼른쑥쑥크길 ㅎㅎ,2026-05-15T23:58:57+09:00,2026-05-15,네이버 스마트스토어 구****,5,True,1,1,https://assets6.cre.ma/p/phytonutri-kr/reviews/00/00/09/70/48/image1/5e213d9a4b08192b.webp,1000000297,"그로우뉴 아이 유기농칼슘&마그네슘 비타민D,k2,망간",https://www.phytonutri.kr/goods/goods_view.php?goodsNo=1000000297,4.9,4844,0,0,{'1': ['만족도']},[],[]
97049,76,4,smart_store,스마트스토어,"들깨 꼬소향이 마이 나네욤~~ㅋ
애기가 거부감 없이 잘먹네요",2026-05-15T22:23:19+09:00,2026-05-15,네이버 스마트스토어 구****,5,True,1,1,https://assets6.cre.ma/p/phytonutri-kr/reviews/00/00/09/70/49/image1/6340164051f79940.webp,1000000281,지니어스뉴 드롭스&톡캡스,https://www.phytonutri.kr/goods/goods_view.php?goodsNo=1000000281,4.9,14386,0,0,"{'1': ['만족도', '냄새']}",[],[]
97050,76,5,smart_store,스마트스토어,예전에는 30개가 한병에 들어있었는데 10개입으로 바꼈네요-! 통이 많아서 좀 번거로워지긴했는데•• 원래 먹던 거라 잘 먹겠습니다!,2026-05-15T22:18:25+09:00,2026-05-15,네이버 스마트스토어 구****,5,True,1,1,https://assets6.cre.ma/p/phytonutri-kr/reviews/00/00/09/70/50/image1/f21b558e0bb49493.webp,1000000325,투데이디3 for baby,https://www.phytonutri.kr/goods/goods_view.php?goodsNo=1000000325,4.9,3634,0,0,"{'1': ['만족도'], '-1': ['포장']}",[],[]
97051,76,5,smart_store,스마트스토어,"가격이 좀 잇지만
비리지않고귯",2026-05-15T22:09:53+09:00,2026-05-15,네이버 스마트스토어 구****,5,True,1,1,https://assets6.cre.ma/p/phytonutri-kr/reviews/00/00/09/70/51/image1/a33683ac7258c119.webp,1000000281,지니어스뉴 드롭스&톡캡스,https://www.phytonutri.kr/goods/goods_view.php?goodsNo=1000000281,4.9,14386,0,0,"{'1': ['만족도', '맛'], '-1': ['가격']}",[],[]
97052,76,5,smart_store,스마트스토어,오래 먹이고 있어요 ㅎㅎ,2026-05-15T21:12:25+09:00,2026-05-15,네이버 스마트스토어 구****,5,True,1,1,https://assets6.cre.ma/p/phytonutri-kr/reviews/00/00/09/70/52/image1/2158d87e27e3b725.webp,1000000325,투데이디3 for baby,https://www.phytonutri.kr/goods/goods_view.php?goodsNo=1000000325,4.9,3634,0,0,{'1': ['만족도']},[],[]
97053,76,5,smart_store,스마트스토어,잘 먹이고 있어요 숟가락에 덜어서 줍니디,2026-05-15T20:52:11+09:00,2026-05-15,네이버 스마트스토어 구****,5,True,1,1,https://assets6.cre.ma/p/phytonutri-kr/reviews/00/00/09/70/53/image1/5b85eb1d736b3e41.webp,1000000281,지니어스뉴 드롭스&톡캡스,https://www.phytonutri.kr/goods/goods_view.php?goodsNo=1000000281,4.9,14386,0,0,{'1': ['만족도']},[],[]
97054,76,4,smart_store,스마트스토어,"포장 꼼꼼하고 배송 빨라요 ㅎㅎ
원래 드**네 먹였다가 갈아타봤어요
아기한테 잘 맞기를 바래볼께요 ㅎ",2026-05-15T20:20:53+09:00,2026-05-15,네이버 스마트스토어 구****,5,False,0,0,,1000000363,데이프로바 for baby 아기 쌩쌩유산균,https://www.phytonutri.kr/goods/goods_view.php?goodsNo=1000000363,4.9,363,0,0,"{'1': ['만족도', '배송', '포장']}",[],[]
97055,76,5,smart_store,스마트스토어,아기도 잘먹고 키성장 뇌발달에 좋은 성분이라 참 좋습니다~~^^,2026-05-15T20:09:25+09:00,2026-05-15,네이버 스마트스토어 구****,5,False,0,0,,1000000298,지니어스뉴 + 그로우뉴 세트,https://www.phytonutri.kr/goods/goods_view.php?goodsNo=1000000298,4.9,1413,0,0,"{'1': ['만족도', '성분']}",[],[]
97056,76,5,smart_store,스마트스토어,아기가 좋아해요 잘먹어요,2026-05-15T19:54:27+09:00,2026-05-15,네이버 스마트스토어 구****,5,False,0,0,,1000000281,지니어스뉴 드롭스&톡캡스,https://www.phytonutri.kr/goods/goods_view.php?goodsNo=1000000281,4.9,14386,0,0,{'1': ['만족도']},[],[]
97057,77,5,smart_store,스마트스토어,아기가 잘먹어서 좋아요,2026-05-15T19:53:34+09:00,2026-05-15,네이버 스마트스토어 구****,5,False,0,0,,1000000298,지니어스뉴 + 그로우뉴 세트,https://www.phytonutri.kr/goods/goods_view.php?goodsNo=1000000298,4.9,1413,0,0,"{'1': ['만족도', '맛']}",[],[]
97058,77,5,smart_store,스마트스토어,돌지난 친구애기에게 선물용으로 딱입니다,2026-05-15T19:22:03+09:00,2026-05-15,네이버 스마트스토어 구****,5,False,0,0,,1000000281,지니어스뉴 드롭스&톡캡스,https://www.phytonutri.kr/goods/goods_view.php?goodsNo=1000000281,4.9,14386,0,0,{'1': ['만족도']},[],[]
97059,77,5,smart_store,스마트스토어,돌지난 친구애기에게 선물용으로 딱이에여,2026-05-15T19:21:47+09:00,2026-05-15,네이버 스마트스토어 구****,5,False,0,0,,1000000281,지니어스뉴 드롭스&톡캡스,https://www.phytonutri.kr/goods/goods_view.php?goodsNo=1000000281,4.9,14386,0,0,{'1': ['만족도']},[],[]
97060,77,5,smart_store,스마트스토어,아기꾸준히 먹이는중 잘먹네요,2026-05-15T19:16:43+09:00,2026-05-15,네이버 스마트스토어 구****,5,False,0,0,,1000000281,지니어스뉴 드롭스&톡캡스,https://www.phytonutri.kr/goods/goods_view.php?goodsNo=1000000281,4.9,14386,0,0,{'1': ['만족도']},[],[]
97061,77,4,smart_store,스마트스토어,양이 좀 많은데 6개월 아기 한개 다 먹여도 되는게 맞나요..?,2026-05-15T19:15:28+09:00,2026-05-15,네이버 스마트스토어 구****,5,False,0,0,,1000000325,투데이디3 for baby,https://www.phytonutri.kr/goods/goods_view.php?goodsNo=1000000325,4.9,3634,0,0,"{'0': ['만족도', '용량']}",[],[]
97062,77,5,smart_store,스마트스토어,"늘 쓰던거에요
잘쓰고있습니다
수고하세요",2026-05-15T18:42:52+09:00,2026-05-15,네이버 스마트스토어 구****,5,True,1,1,https://assets6.cre.ma/p/phytonutri-kr/reviews/00/00/09/70/62/image1/5136c97de5cb5070.webp,1000000325,투데이디3 for baby,https://www.phytonutri.kr/goods/goods_view.php?goodsNo=1000000325,4.9,3634,0,0,{'1': ['만족도']},[],[]
97063,77,5,smart_store,스마트스토어,"꾸준히 먹고있어요 ! 재구매 하러 왔습니다 !! 
지금 30개월인데 적어도 36개월까진 먹이려구요 ^^!!",2026-05-15T18:41:10+09:00,2026-05-15,네이버 스마트스토어 구****,5,True,1,1,https://assets6.cre.ma/p/phytonutri-kr/reviews/00/00/09/70/63/image1/a2be446b21687a5b.webp,1000000297,"그로우뉴 아이 유기농칼슘&마그네슘 비타민D,k2,망간",https://www.phytonutri.kr/goods/goods_view.php?goodsNo=1000000297,4.9,4844,0,0,{'2': ['만족도']},[],[]
97064,77,5,smart_store,스마트스토어,아기 키가 작아서 구매했어요 ㅎㅎ 효○ 있길 바라먀~~,2026-05-15T18:25:09+09:00,2026-05-15,네이버 스마트스토어 구****,5,True,1,1,https://assets6.cre.ma/p/phytonutri-kr/reviews/00/00/09/70/64/image1/aca818f9fa4d1e97.webp,1000000297,"그로우뉴 아이 유기농칼슘&마그네슘 비타민D,k2,망간",https://www.phytonutri.kr/goods/goods_view.php?goodsNo=1000000297,4.9,4844,0,0,{'0': ['만족도']},[],[]
97065,77,5,smart_store,스마트스토어,아기 유아식 시작 후 영양보충에 아주 기대가 됩니다,2026-05-15T18:22:18+09:00,2026-05-15,네이버 스마트스토어 구****,5,True,1,1,https://assets6.cre.ma/p/phytonutri-kr/reviews/00/00/09/70/65/image1/d15d6358760fd17b.webp,1000000281,지니어스뉴 드롭스&톡캡스,https://www.phytonutri.kr/goods/goods_view.php?goodsNo=1000000281,4.9,14386,0,0,{'1': ['만족도']},[],[]
97066,77,5,smart_store,스마트스토어,항상 쟁여놓고 먹여요~거부감없이 잘 먹어요,2026-05-15T18:13:37+09:00,2026-05-15,네이버 스마트스토어 구****,5,True,1,1,https://assets6.cre.ma/p/phytonutri-kr/reviews/00/00/09/70/66/image1/56ef4316efa30e1b.webp,1000000281,지니어스뉴 드롭스&톡캡스,https://www.phytonutri.kr/goods/goods_view.php?goodsNo=1000000281,4.9,14386,0,0,{'1': ['만족도']},[],[]
97067,77,5,smart_store,스마트스토어,꾸준히 잘먹이고있어요,2026-05-15T17:39:00+09:00,2026-05-15,네이버 스마트스토어 구****,5,True,1,1,https://assets6.cre.ma/p/phytonutri-kr/reviews/00/00/09/70/67/image1/6a91645d267a4c33.webp,1000000298,지니어스뉴 + 그로우뉴 세트,https://www.phytonutri.kr/goods/goods_view.php?goodsNo=1000000298,4.9,1413,0,0,{'1': ['만족도']},[],[]
96941,77,5,,자사몰(고도몰),"입덧이 너무 심해서 회사 관두고 집에만 있어야 되나 싶었는데 이거 먹고 나서 다행히 해결했습니다...

입덧 캔디 안 먹어본 게 없었어요.... 저랑 잘 안 맞아서 그런지 모르겠지만 입덧이 나아지지도 않고… 이걸 먹고 나서 자꾸 당 수치가 높게 나오더라고요… 

그래서 성분표를 봤더니 설탕이나, 당이 많이 들어가있더라고요;;

임산부들이 많이 챙겨먹는 입덧캔디였는데 다들 성분표를 보고 드셨었는지 모르겠어요 

그래서 달달한 건 먹고 싶은데 임당이 걱정 돼서 어떤 걸 먹을지 찾아보는데 

마침 입덧 완화도 되고 카페인도 없고 임산부들이 먹기 좋은 성분들이 있는 차가 있더라고요

먹은지 이제 한 달 정도 지났던 거 같은데 먹고 나서 입덧도 많이 좋아지고 예민해질 일도 줄어서 남편이랑도 좀 덜 싸우게 됐던 것 같아요...ㅎ 

날이 더워져서 시원하게 먹어도 좋아서 아아 먹는다는 기분으로 대리만족 하고 있습니다 ㅎㅎ 

나름 충족 되는 것 같아요 다들 그렇게 드셔보세요~",2026-05-15T17:35:50+09:00,2026-05-15,한****,10,True,2,0,,1000000396,수드티 루이보스 허브 블렌드 티 강황 맘먼트 임산부 차,https://www.phytonutri.kr/goods/goods_view.php?goodsNo=1000000396,4.7,33,15,0,"{'1': ['만족도'], '-1': ['성분']}",[],"[{'name': '아이 성별', 'value': '남자'}, {'name': '몇 개월인가요?', 'value': '7~12개월'}]"
96940,77,5,,자사몰(고도몰),진짜 웃긴게 평소엔 차 안마시는데 입덧할 땐 이거만 찾게돼요ㅠ 속 뒤집어질때 한모금씩 마시면 좀 진정되는 느낌,2026-05-15T17:14:48+09:00,2026-05-15,박****,10,False,0,0,,1000000396,수드티 루이보스 허브 블렌드 티 강황 맘먼트 임산부 차,https://www.phytonutri.kr/goods/goods_view.php?goodsNo=1000000396,4.7,33,3,0,"{'1': ['만족도', '효과']}",[],[]
96939,77,5,,자사몰(고도몰),입덧 심해서 울고 있었는데 친구가 자기도 입덧 심할 때 이걸로 극복했다고 줬는데 괜찮아서 저도 재주문합니다! ,2026-05-15T17:13:15+09:00,2026-05-15,이****,10,False,0,0,,1000000396,수드티 루이보스 허브 블렌드 티 강황 맘먼트 임산부 차,https://www.phytonutri.kr/goods/goods_view.php?goodsNo=1000000396,4.7,33,5,0,{'2': ['만족도']},[],"[{'name': '아이 성별', 'value': '남자'}, {'name': '몇 개월인가요?', 'value': '13~24개월'}]"
96938,77,4,,자사몰(고도몰),생강 맛 때문에 다가가고 싶지 않은(?) 부담감이 있었는데 막상 먹어보니까 괜찮아서 놀랐어요! ㅋㅋㅋ,2026-05-15T17:11:28+09:00,2026-05-15,김****,10,False,0,0,,1000000396,수드티 루이보스 허브 블렌드 티 강황 맘먼트 임산부 차,https://www.phytonutri.kr/goods/goods_view.php?goodsNo=1000000396,4.7,33,6,0,"{'1': ['만족도', '맛']}",[],"[{'name': '아이 성별', 'value': '여자'}, {'name': '몇 개월인가요?', 'value': '7~12개월'}]"
96937,77,5,,자사몰(고도몰),원래 후기 진짜 잘 안 남기는데 생각보다 괜찮아서 남겨요ㅎㅎ 아이 엄마가 입덧 때문에 아무것도 못 먹어서 강제 다이어트 신세였는데 덕분에 뭘 좀 먹게 됐습니다..... 감사해요 ,2026-05-15T17:10:13+09:00,2026-05-15,이****,10,False,0,0,,1000000396,수드티 루이보스 허브 블렌드 티 강황 맘먼트 임산부 차,https://www.phytonutri.kr/goods/goods_view.php?goodsNo=1000000396,4.7,33,6,0,"{'1': ['만족도', '효과']}",[],[]
96936,77,5,,자사몰(고도몰),와이프가 입덧이 너무 심해서 아무것도 못 먹어서 후기 찾아보다가 좋다길래 주문했는데 그나마 이건 좀 먹네요 ㅠㅠ 구세주... ,2026-05-15T17:08:31+09:00,2026-05-15,김****,10,False,0,0,,1000000396,수드티 루이보스 허브 블렌드 티 강황 맘먼트 임산부 차,https://www.phytonutri.kr/goods/goods_view.php?goodsNo=1000000396,4.7,33,5,0,{'1': ['만족도']},[],"[{'name': '아이 성별', 'value': '여자'}, {'name': '몇 개월인가요?', 'value': '0~6개월'}]"
97068,77,5,smart_store,스마트스토어,"배도라지 주스 잘 마셔서 이번에도 구매했어료.
엘더베리를 더 잘 마셔서 다음엔 엘더베리만 구매할 생각입니다.",2026-05-15T15:38:57+09:00,2026-05-15,네이버 스마트스토어 구****,5,True,1,1,https://assets6.cre.ma/p/phytonutri-kr/reviews/00/00/09/70/68/image1/770a67f848119f7c.webp,1000000342,이트뮨 아이 배도라지즙&엘더베리사과주스,https://www.phytonutri.kr/goods/goods_view.php?goodsNo=1000000342,4.9,609,0,0,{'2': ['만족도']},[],[]
97069,77,5,smart_store,스마트스토어,"아이가 잘먹으면서 키즈로 옮겨가고,
거진 1년가까이 먹이고있는데요,
약간 오메가3먹여서 그런지 똘똘해지는거같은 느낌이 좀있어요ㅎㅎ",2026-05-15T15:16:46+09:00,2026-05-15,네이버 스마트스토어 구****,5,True,1,1,https://assets6.cre.ma/p/phytonutri-kr/reviews/00/00/09/70/69/image1/077f88f367cda841.webp,1000000379,지니어스뉴 키즈 국내 유일 스퀴즈 짜먹는 어린이 오메가3 DHA ALA 콜린 올로메가,https://www.phytonutri.kr/goods/goods_view.php?goodsNo=1000000379,4.6,127,0,0,"{'1': ['만족도', '효과']}",[],[]
97070,77,5,smart_store,스마트스토어,아이가 좀 똑똑해지는거 같아요ㅎㅎ,2026-05-15T15:14:30+09:00,2026-05-15,네이버 스마트스토어 구****,5,True,1,1,https://assets6.cre.ma/p/phytonutri-kr/reviews/00/00/09/70/70/image1/43869fda1a079d3e.webp,1000000379,지니어스뉴 키즈 국내 유일 스퀴즈 짜먹는 어린이 오메가3 DHA ALA 콜린 올로메가,https://www.phytonutri.kr/goods/goods_view.php?goodsNo=1000000379,4.6,127,0,0,"{'1': ['만족도', '효과']}",[],[]
97071,78,5,smart_store,스마트스토어,매일 먹이고있습니다 지금이 몇번째 구매인지 기억이안나네요... 아침마다 배도라지즙에 타서 먹이는데 잘먹어요 하지만 가격대가 조금 나가는거같긴해요,2026-05-15T14:45:41+09:00,2026-05-15,네이버 스마트스토어 구****,5,False,0,0,,1000000281,지니어스뉴 드롭스&톡캡스,https://www.phytonutri.kr/goods/goods_view.php?goodsNo=1000000281,4.9,14386,0,0,"{'1': ['만족도'], '-1': ['가격']}",[],[]
97072,78,3,smart_store,스마트스토어,입덧이 심해서 구매했어요. 아직은 잘 못먹을거같아서 입덧 나아지면 먹어야할거같아요..,2026-05-15T14:31:49+09:00,2026-05-15,네이버 스마트스토어 구****,5,True,1,1,https://assets6.cre.ma/p/phytonutri-kr/reviews/00/00/09/70/72/image1/8579f1c198e07658.webp,1000000396,수드티 루이보스 허브 블렌드 티 강황 맘먼트 임산부 차,https://www.phytonutri.kr/goods/goods_view.php?goodsNo=1000000396,4.7,33,1,0,{'0': ['만족도']},[],[]
97073,78,5,smart_store,스마트스토어,필수 영양소 쉽게 먹이자! 아주 굿이에요 굿굿굿👍👍👍,2026-05-15T13:50:39+09:00,2026-05-15,네이버 스마트스토어 구****,5,True,1,1,https://assets6.cre.ma/p/phytonutri-kr/reviews/00/00/09/70/73/image1/5b14aaa3f2074ce0.webp,1000000281,지니어스뉴 드롭스&톡캡스,https://www.phytonutri.kr/goods/goods_view.php?goodsNo=1000000281,4.9,14386,0,0,"{'2': ['만족도'], '1': ['성분']}",[],[]
97074,78,5,smart_store,스마트스토어,오메가 톡캡스만 먹이다가 스포이드로 바꿨어요 이제 15개월되면서 스포이드에 성분이 하나 더추가되는개잇어 바꾸었어요. 첨엔 적응이 필요한지 변이 묽어서 지금은 하루 한스포이드씩만주면서 적응중이에요,2026-05-15T13:44:52+09:00,2026-05-15,네이버 스마트스토어 구****,5,True,1,1,https://assets6.cre.ma/p/phytonutri-kr/reviews/00/00/09/70/74/image1/e31c2d0c5f77e38d.webp,1000000298,지니어스뉴 + 그로우뉴 세트,https://www.phytonutri.kr/goods/goods_view.php?goodsNo=1000000298,4.9,1413,0,0,"{'0': ['만족도', '성분']}",[],[]
97075,78,5,smart_store,스마트스토어,"아기가 잘 먹어요 
 면역왕 되기",2026-05-15T13:44:17+09:00,2026-05-15,네이버 스마트스토어 구****,5,True,1,1,https://assets6.cre.ma/p/phytonutri-kr/reviews/00/00/09/70/75/image1/b3490f6b91f79629.webp,1000000325,투데이디3 for baby,https://www.phytonutri.kr/goods/goods_view.php?goodsNo=1000000325,4.9,3634,0,0,{'1': ['만족도']},[],[]
97076,78,5,smart_store,스마트스토어,"배송도빠르고, 처음먹여봤는데거부감없이잘먹네요",2026-05-15T13:20:33+09:00,2026-05-15,네이버 스마트스토어 구****,5,True,1,1,https://assets6.cre.ma/p/phytonutri-kr/reviews/00/00/09/70/76/image1/2a4e9ef62eee49e7.webp,1000000281,지니어스뉴 드롭스&톡캡스,https://www.phytonutri.kr/goods/goods_view.php?goodsNo=1000000281,4.9,14386,0,0,"{'1': ['만족도', '배송', '식감']}",[],[]
97077,78,5,smart_store,스마트스토어,14개월아기 영양제로 추천!!,2026-05-15T13:06:57+09:00,2026-05-15,네이버 스마트스토어 구****,5,True,1,1,https://assets6.cre.ma/p/phytonutri-kr/reviews/00/00/09/70/77/image1/1f4940f717b10b37.webp,1000000281,지니어스뉴 드롭스&톡캡스,https://www.phytonutri.kr/goods/goods_view.php?goodsNo=1000000281,4.9,14386,0,0,{'1': ['만족도']},[],[]
97078,78,5,smart_store,스마트스토어,14개월아기 영양제로 추천!!,2026-05-15T13:06:41+09:00,2026-05-15,네이버 스마트스토어 구****,5,True,1,1,https://assets6.cre.ma/p/phytonutri-kr/reviews/00/00/09/70/78/image1/ca5b9301479d6d36.webp,1000000281,지니어스뉴 드롭스&톡캡스,https://www.phytonutri.kr/goods/goods_view.php?goodsNo=1000000281,4.9,14386,0,0,{'1': ['만족도']},[],[]
97079,78,5,smart_store,스마트스토어,14개월 아기 영양제로 추천합니다,2026-05-15T13:06:07+09:00,2026-05-15,네이버 스마트스토어 구****,5,True,1,1,https://assets6.cre.ma/p/phytonutri-kr/reviews/00/00/09/70/79/image1/075425e8767d2676.webp,1000000281,지니어스뉴 드롭스&톡캡스,https://www.phytonutri.kr/goods/goods_view.php?goodsNo=1000000281,4.9,14386,0,0,{'1': ['만족도']},[],[]
97080,78,5,smart_store,스마트스토어,아기가 잘 먹고 편리해요,2026-05-15T12:19:03+09:00,2026-05-15,네이버 스마트스토어 구****,5,True,1,1,https://assets6.cre.ma/p/phytonutri-kr/reviews/00/00/09/70/80/image1/a26a8e6c7eab5830.webp,1000000325,투데이디3 for baby,https://www.phytonutri.kr/goods/goods_view.php?goodsNo=1000000325,4.9,3634,0,0,"{'1': ['만족도', '편의성']}",[],[]
97081,78,5,smart_store,스마트스토어,아기 감기걸리면 바로 먹이는 제품이에욘,2026-05-15T12:13:05+09:00,2026-05-15,네이버 스마트스토어 구****,5,False,0,0,,1000000342,이트뮨 아이 배도라지즙&엘더베리사과주스,https://www.phytonutri.kr/goods/goods_view.php?goodsNo=1000000342,4.9,609,0,0,{'0': ['만족도']},[],[]
97082,78,5,smart_store,스마트스토어,믿고 먹는제품 말이 필요없어요..,2026-05-15T12:12:50+09:00,2026-05-15,네이버 스마트스토어 구****,5,False,0,0,,1000000281,지니어스뉴 드롭스&톡캡스,https://www.phytonutri.kr/goods/goods_view.php?goodsNo=1000000281,4.9,14386,0,0,{'1': ['만족도']},[],[]
96868,78,5,smart_store,스마트스토어,잊지않고 꼭꼭 챙겨먹여요,2026-05-15T11:38:21+09:00,2026-05-15,네이버 스마트스토어 구****,5,True,1,1,https://assets6.cre.ma/p/phytonutri-kr/reviews/00/00/09/68/68/image1/b08224197408a01f.webp,1000000397,"그로우뉴 ~키즈 유기농 칼슘&마그네슘 비타민D,k2 망간",https://www.phytonutri.kr/goods/goods_view.php?goodsNo=1000000397,4.9,63,0,0,{'1': ['만족도']},[],[]
96869,78,5,smart_store,스마트스토어,우리아기 오메가3 사랑... 너무 잘먹고 너무 좋아요..주문하고 떨어져서 2틀 못먹였더니 불안불안... ㅋㅋㅋ 밥위에 섰어주고 반찬위에 섞어주고 요거트 우유.... 아침 저녁 2번... 너무 편하고 좋아요,2026-05-15T11:13:13+09:00,2026-05-15,네이버 스마트스토어 구****,5,False,0,0,,1000000281,지니어스뉴 드롭스&톡캡스,https://www.phytonutri.kr/goods/goods_view.php?goodsNo=1000000281,4.9,14386,0,0,"{'2': ['만족도', '편의성']}",[],[]
96942,78,4,,자사몰(고도몰),분유에 타서 주고 있는데 잘 먹고있어요 잘먹고있어서 우선 꾸준히 주고 있어요,2026-05-15T10:59:03+09:00,2026-05-15,saja******,5,False,0,0,,1000000297,"그로우뉴 아이 유기농칼슘&마그네슘 비타민D,k2,망간",https://www.phytonutri.kr/goods/goods_view.php?goodsNo=1000000297,4.9,4844,0,0,{'1': ['만족도']},[],[]
96870,78,5,smart_store,스마트스토어,잘먹어보겠습니다 하하,2026-05-15T10:49:42+09:00,2026-05-15,네이버 스마트스토어 구****,5,False,0,0,,1000000343,리버티엑스,https://www.phytonutri.kr/goods/goods_view.php?goodsNo=1000000343,4.7,268,0,0,{'0': ['만족도']},[],[]
96871,78,5,smart_store,스마트스토어,돌아기 오메가도 챙겨줄려고 구매했습니다~먹이기도 편하고 좋아요~,2026-05-15T10:29:18+09:00,2026-05-15,네이버 스마트스토어 구****,5,True,1,1,https://assets6.cre.ma/p/phytonutri-kr/reviews/00/00/09/68/71/image1/d14b28ff4ad325ee.webp,1000000281,지니어스뉴 드롭스&톡캡스,https://www.phytonutri.kr/goods/goods_view.php?goodsNo=1000000281,4.9,14386,0,0,"{'1': ['만족도', '편의성']}",[],[]
96872,78,5,smart_store,스마트스토어,진짜 몇통째 사고있는지....30개월 아들내미 너무 잘먹고 무럭무럭 자라고 있습니다,2026-05-15T10:27:57+09:00,2026-05-15,네이버 스마트스토어 구****,5,True,1,1,https://assets6.cre.ma/p/phytonutri-kr/reviews/00/00/09/68/72/image1/e0903c9d5f0b6e15.webp,1000000281,지니어스뉴 드롭스&톡캡스,https://www.phytonutri.kr/goods/goods_view.php?goodsNo=1000000281,4.9,14386,0,0,{'2': ['만족도']},[],[]
96943,78,5,,자사몰(고도몰),쟁여템입니다 알로에 들어가서 좋아요,2026-05-15T10:15:06+09:00,2026-05-15,kisk******,5,True,1,1,https://assets6.cre.ma/p/phytonutri-kr/reviews/00/00/09/69/43/image1/660797c5be5a4f93.webp,1000000342,이트뮨 아이 배도라지즙&엘더베리사과주스,https://www.phytonutri.kr/goods/goods_view.php?goodsNo=1000000342,4.9,609,0,0,"{'1': ['만족도', '성분']}",[],[]
96873,78,4,smart_store,스마트스토어,한통을 다먹이고 다먹여가서 추가주문으로 하나 더 구매했어요 하루에 하나씩 먹이고있는데 가루가 잘 안섞여지네요 분유쉐이커에도 돌리고 손으로 잘 흔들어야 그나마 섞여요 아이가 분유에 타서주니 잘먹어서 좋아요,2026-05-15T10:03:10+09:00,2026-05-15,네이버 스마트스토어 구****,5,True,1,1,https://assets6.cre.ma/p/phytonutri-kr/reviews/00/00/09/68/73/image1/20c41fee7a79e27c.webp,1000000297,"그로우뉴 아이 유기농칼슘&마그네슘 비타민D,k2,망간",https://www.phytonutri.kr/goods/goods_view.php?goodsNo=1000000297,4.9,4844,0,0,"{'1': ['만족도'], '-1': ['품질']}",[],[]
96874,79,5,smart_store,스마트스토어,하루에 한두포씩 먹어서 다량 주문해서 먹이고 있어요 ㅎㅎㅎ 아기가 넘 좋아해서 탈이에여,2026-05-15T09:43:55+09:00,2026-05-15,네이버 스마트스토어 구****,5,True,1,1,https://assets6.cre.ma/p/phytonutri-kr/reviews/00/00/09/68/74/image1/1316b16614403c5c.webp,1000000342,이트뮨 아이 배도라지즙&엘더베리사과주스,https://www.phytonutri.kr/goods/goods_view.php?goodsNo=1000000342,4.9,609,0,0,{'1': ['만족도']},[],[]
96875,79,5,smart_store,스마트스토어,"아기가 여기꺼 배도라지만 먹어서 꾸준히 먹이고 있어요 맛있는지 계속 더 달라고 하네요 ㅠ
다량으로 시켜서 쟁여놔용 ㅎㅎ",2026-05-15T09:39:56+09:00,2026-05-15,네이버 스마트스토어 구****,5,True,1,1,https://assets6.cre.ma/p/phytonutri-kr/reviews/00/00/09/68/75/image1/14d8c86d86705ebf.webp,1000000342,이트뮨 아이 배도라지즙&엘더베리사과주스,https://www.phytonutri.kr/goods/goods_view.php?goodsNo=1000000342,4.9,609,0,0,"{'1': ['만족도', '맛']}",[],[]
96876,79,5,smart_store,스마트스토어,"21개월 아기인데 입이 짧아서
생선도 안먹고 다른 반찬도 잘 안먹어요
오메가3라도 챙겨먹이자싶어서 찾아보다가
이 상품이 평도 좋고 먹이기 편해보여서 구매했어요
캡슐로 포장되어있어 편리하고
밥에 섞어먹였는데 잘 먹네요
향도 세지않고 좋아요 맛도 괜찮은거같아요",2026-05-15T09:03:43+09:00,2026-05-15,네이버 스마트스토어 구****,5,True,1,1,https://assets6.cre.ma/p/phytonutri-kr/reviews/00/00/09/68/76/image1/5f4bcb77210c9264.webp,1000000281,지니어스뉴 드롭스&톡캡스,https://www.phytonutri.kr/goods/goods_view.php?goodsNo=1000000281,4.9,14386,0,0,"{'1': ['만족도', '포장', '맛', '냄새', '편의성']}",[],[]
96877,79,5,smart_store,스마트스토어,한 달째 투데이디3 꾸준히 먹이고 있는데 만족해요. 매일 챙겨 먹이기 간편하고 아기도 거부 없이 잘 먹어서 꾸준히 사용 중이에요. 개별 포장이라 위생적으로 보관하기 좋고 외출할 때 챙기기도 편해서 재구매 생각 있어요.,2026-05-15T09:03:13+09:00,2026-05-15,네이버 스마트스토어 구****,5,True,1,1,https://assets6.cre.ma/p/phytonutri-kr/reviews/00/00/09/68/77/image1/48cb23319f2291ec.webp,1000000325,투데이디3 for baby,https://www.phytonutri.kr/goods/goods_view.php?goodsNo=1000000325,4.9,3634,0,0,"{'1': ['만족도', '포장', '편의성']}",[],[]
96878,79,5,smart_store,스마트스토어,좋아요~~ 생선을 많이 안먹어서 맘편하게 막이고있어요,2026-05-15T08:42:34+09:00,2026-05-15,네이버 스마트스토어 구****,5,False,0,0,,1000000281,지니어스뉴 드롭스&톡캡스,https://www.phytonutri.kr/goods/goods_view.php?goodsNo=1000000281,4.9,14386,0,0,{'1': ['만족도']},[],[]
96879,79,5,smart_store,스마트스토어,아기가 꾸준히 먹고있어요 좋아요,2026-05-15T08:42:09+09:00,2026-05-15,네이버 스마트스토어 구****,5,False,0,0,,1000000281,지니어스뉴 드롭스&톡캡스,https://www.phytonutri.kr/goods/goods_view.php?goodsNo=1000000281,4.9,14386,0,0,{'1': ['만족도']},[],[]
96880,79,5,smart_store,스마트스토어,이벤트가로 저렴하게 사서 좋네요!! 오메가 맨날 챙기는 직장인이라 가성비 좋은 거 사고 싶었는데 딱이에요. 그리고 개별포장 되어있는 것도 마음에 들어요!!,2026-05-15T08:11:32+09:00,2026-05-15,네이버 스마트스토어 구****,5,True,1,1,https://assets6.cre.ma/p/phytonutri-kr/reviews/00/00/09/68/80/image1/7aaa49e9d6781081.webp,1000000398,KD 파마 듀얼 초임계 rTG 오메가3,https://www.phytonutri.kr/goods/goods_view.php?goodsNo=1000000398,4.9,121,0,0,"{'1': ['만족도', '가격', '포장']}",[],[]
96881,79,5,smart_store,스마트스토어,유통기한이 길어서 좋아요,2026-05-15T08:06:15+09:00,2026-05-15,네이버 스마트스토어 구****,5,True,1,1,https://assets6.cre.ma/p/phytonutri-kr/reviews/00/00/09/68/81/image1/5c1a0253c2f3b1d6.webp,1000000297,"그로우뉴 아이 유기농칼슘&마그네슘 비타민D,k2,망간",https://www.phytonutri.kr/goods/goods_view.php?goodsNo=1000000297,4.9,4844,0,0,"{'1': ['만족도', '유통기한']}",[],[]
96882,79,5,smart_store,스마트스토어,잘챙겨먹이고있어요! 잘먹어요!,2026-05-15T06:59:36+09:00,2026-05-15,네이버 스마트스토어 구****,5,True,1,1,https://assets6.cre.ma/p/phytonutri-kr/reviews/00/00/09/68/82/image1/9004c7d95d30c455.webp,1000000297,"그로우뉴 아이 유기농칼슘&마그네슘 비타민D,k2,망간",https://www.phytonutri.kr/goods/goods_view.php?goodsNo=1000000297,4.9,4844,0,0,{'1': ['만족도']},[],[]
96883,79,5,smart_store,스마트스토어,베이비때는 지니어스 스포이드로먹이는 오메가 먹였는데 두돌지나고 젤리오메가 먹였더니 다 뱉고 안먹더라구요ㅠㅠ 그러다 우연히 블로그보다 발견해서 속는셈치고 하나만 사서 먹였더니 거부없이 너무 잘먹어요!!,2026-05-15T05:59:41+09:00,2026-05-15,네이버 스마트스토어 구****,5,False,0,0,,1000000379,지니어스뉴 키즈 국내 유일 스퀴즈 짜먹는 어린이 오메가3 DHA ALA 콜린 올로메가,https://www.phytonutri.kr/goods/goods_view.php?goodsNo=1000000379,4.6,127,0,0,{'2': ['만족도']},[],[]
96884,79,5,smart_store,스마트스토어,전에 2개월분 사서 먹다가 다 먹어서 이번에는 더 많이 샀네요 ㅎ호,2026-05-15T05:57:34+09:00,2026-05-15,네이버 스마트스토어 구****,5,False,0,0,,1000000281,지니어스뉴 드롭스&톡캡스,https://www.phytonutri.kr/goods/goods_view.php?goodsNo=1000000281,4.9,14386,0,0,{'2': ['만족도']},[],[]
96885,79,5,smart_store,스마트스토어,오메가 먹일려고 간편해서 구입했어요^^,2026-05-14T23:58:29+09:00,2026-05-14,네이버 스마트스토어 구****,5,False,0,0,,1000000281,지니어스뉴 드롭스&톡캡스,https://www.phytonutri.kr/goods/goods_view.php?goodsNo=1000000281,4.9,14386,0,0,"{'0': ['만족도'], '1': ['편의성']}",[],[]
96886,79,5,smart_store,스마트스토어,간편하게 사용하기 좋아요,2026-05-14T23:58:18+09:00,2026-05-14,네이버 스마트스토어 구****,5,True,1,1,https://assets6.cre.ma/p/phytonutri-kr/reviews/00/00/09/68/86/image1/bd70aa43168ec723.webp,1000000298,지니어스뉴 + 그로우뉴 세트,https://www.phytonutri.kr/goods/goods_view.php?goodsNo=1000000298,4.9,1413,0,0,"{'1': ['만족도', '편의성']}",[],[]
96887,79,5,smart_store,스마트스토어,먹이기 간편하고 좋아요,2026-05-14T23:56:28+09:00,2026-05-14,네이버 스마트스토어 구****,5,True,1,1,https://assets6.cre.ma/p/phytonutri-kr/reviews/00/00/09/68/87/image1/95c91d6da6078485.webp,1000000298,지니어스뉴 + 그로우뉴 세트,https://www.phytonutri.kr/goods/goods_view.php?goodsNo=1000000298,4.9,1413,0,0,"{'1': ['만족도', '편의성']}",[],[]
96888,79,4,smart_store,스마트스토어,"지니어스는 캡슐로 먹이다가 이제 개월수가 되어서 스포이드로 먹여보려고 샀어요...
아기가 잘 먹어욭",2026-05-14T23:54:05+09:00,2026-05-14,네이버 스마트스토어 구****,5,True,1,1,https://assets6.cre.ma/p/phytonutri-kr/reviews/00/00/09/68/88/image1/cc250301b49eb718.webp,1000000298,지니어스뉴 + 그로우뉴 세트,https://www.phytonutri.kr/goods/goods_view.php?goodsNo=1000000298,4.9,1413,0,0,{'1': ['만족도']},[],[]
96889,79,5,smart_store,스마트스토어,꾸준히 먹이고 있어요 분유나 이유식 타서 먹여도 거부감없이 잘먹어요 요제품으로  계속 먹일예정입니다 ~~,2026-05-14T23:49:37+09:00,2026-05-14,네이버 스마트스토어 구****,5,True,1,1,https://assets6.cre.ma/p/phytonutri-kr/reviews/00/00/09/68/89/image1/0dc5096ec80eccd6.webp,1000000281,지니어스뉴 드롭스&톡캡스,https://www.phytonutri.kr/goods/goods_view.php?goodsNo=1000000281,4.9,14386,0,0,{'1': ['만족도']},[],[]
96890,79,5,smart_store,스마트스토어,항상 먹고 있어요 아이도 잘 먹고 있습니다,2026-05-14T23:41:28+09:00,2026-05-14,네이버 스마트스토어 구****,5,False,0,0,,1000000281,지니어스뉴 드롭스&톡캡스,https://www.phytonutri.kr/goods/goods_view.php?goodsNo=1000000281,4.9,14386,0,0,{'1': ['만족도']},[],[]
96891,79,5,smart_store,스마트스토어,아기한테 잘 먹이고 있어요  ~ 잘먹어요,2026-05-14T23:41:03+09:00,2026-05-14,네이버 스마트스토어 구****,5,False,0,0,,1000000281,지니어스뉴 드롭스&톡캡스,https://www.phytonutri.kr/goods/goods_view.php?goodsNo=1000000281,4.9,14386,0,0,{'1': ['만족도']},[],[]
96892,79,5,smart_store,스마트스토어,가루형태 먹이기 어려워서 주문했어요. 먹기 간편하지만 코코아가루? 침이 묻으면 입 주변에 묻어나요.초콜릿 먹는 것처럼..ㅎ 그래도 아기가 잘 먹습니다.,2026-05-14T21:56:16+09:00,2026-05-14,네이버 스마트스토어 구****,5,True,1,1,https://assets6.cre.ma/p/phytonutri-kr/reviews/00/00/09/68/92/image1/4c7e2328209d8ced.webp,1000000397,"그로우뉴 ~키즈 유기농 칼슘&마그네슘 비타민D,k2 망간",https://www.phytonutri.kr/goods/goods_view.php?goodsNo=1000000397,4.9,63,0,0,"{'1': ['만족도', '편의성']}",[],[]
96893,79,5,smart_store,스마트스토어,다 먹어서 요 후기 쓰고 재구매합니다,2026-05-14T21:39:40+09:00,2026-05-14,네이버 스마트스토어 구****,5,True,1,1,https://assets6.cre.ma/p/phytonutri-kr/reviews/00/00/09/68/93/image1/08a02509a24fc1d1.webp,1000000281,지니어스뉴 드롭스&톡캡스,https://www.phytonutri.kr/goods/goods_view.php?goodsNo=1000000281,4.9,14386,0,0,{'2': ['만족도']},[],[]
96894,80,5,smart_store,스마트스토어,N번째 구매입니다. 아이가 이거 먹을 나이는 지났지만 오메가 쓰리를 엄청 엄청 싫어해서 결국 이걸로 다시 돌아왔어요. 이거라도 먹어서 도움이 되길 바라며 오메가 쓰리도 이런 스타일로 만들어 주시면 좋을 것 같은 데 여튼 요걸로 또 구매해 봅니다.,2026-05-14T21:39:25+09:00,2026-05-14,네이버 스마트스토어 구****,5,True,1,1,https://assets6.cre.ma/p/phytonutri-kr/reviews/00/00/09/68/94/image1/22ca006479473019.webp,1000000281,지니어스뉴 드롭스&톡캡스,https://www.phytonutri.kr/goods/goods_view.php?goodsNo=1000000281,4.9,14386,0,0,{'2': ['만족도']},[],[]
96895,80,5,smart_store,스마트스토어,"어릴때부터 영양제 잘 챙겨주는게 좋을 것 같아서 지니어스뉴+그로우뉴 세트로 구매했고, 아기도 거부감 없이 잘 받아먹어서 다 받아먹고 재주문하려구요 :)",2026-05-14T21:37:55+09:00,2026-05-14,네이버 스마트스토어 구****,5,True,1,1,https://assets6.cre.ma/p/phytonutri-kr/reviews/00/00/09/68/95/image1/bcfbb7a29c5b132e.webp,1000000298,지니어스뉴 + 그로우뉴 세트,https://www.phytonutri.kr/goods/goods_view.php?goodsNo=1000000298,4.9,1413,0,0,"{'1': ['만족도', '효과']}",[],[]
96896,80,5,smart_store,스마트스토어,저렴하게 대량구매했어요,2026-05-14T21:14:48+09:00,2026-05-14,네이버 스마트스토어 구****,5,True,1,1,https://assets6.cre.ma/p/phytonutri-kr/reviews/00/00/09/68/96/image1/ce4da8bfeb49d9ac.webp,1000000281,지니어스뉴 드롭스&톡캡스,https://www.phytonutri.kr/goods/goods_view.php?goodsNo=1000000281,4.9,14386,0,0,"{'1': ['만족도', '가격', '용량']}",[],[]
96897,80,5,smart_store,스마트스토어,하루에 하나씩 줘서 먹이니 완전좋습니다.,2026-05-14T19:12:08+09:00,2026-05-14,네이버 스마트스토어 구****,5,True,1,1,https://assets6.cre.ma/p/phytonutri-kr/reviews/00/00/09/68/97/image1/b476b6576d94abe6.webp,1000000281,지니어스뉴 드롭스&톡캡스,https://www.phytonutri.kr/goods/goods_view.php?goodsNo=1000000281,4.9,14386,0,0,{'2': ['만족도']},[],[]
96898,80,5,smart_store,스마트스토어,돌아기 영앙제로 선택했어요 잘 먹여볼게요,2026-05-14T19:05:31+09:00,2026-05-14,네이버 스마트스토어 구****,5,True,1,1,https://assets6.cre.ma/p/phytonutri-kr/reviews/00/00/09/68/98/image1/3c5e0ccc5e2c85c9.webp,1000000297,"그로우뉴 아이 유기농칼슘&마그네슘 비타민D,k2,망간",https://www.phytonutri.kr/goods/goods_view.php?goodsNo=1000000297,4.9,4844,0,0,{'0': ['만족도']},[],[]
96899,80,5,smart_store,스마트스토어,배송도 빠르고 아주 좋습니다. 어이도 좋아해요,2026-05-14T18:43:32+09:00,2026-05-14,네이버 스마트스토어 구****,5,True,1,1,https://assets6.cre.ma/p/phytonutri-kr/reviews/00/00/09/68/99/image1/616de9355ae8af78.webp,1000000397,"그로우뉴 ~키즈 유기농 칼슘&마그네슘 비타민D,k2 망간",https://www.phytonutri.kr/goods/goods_view.php?goodsNo=1000000397,4.9,63,0,0,"{'2': ['만족도'], '1': ['배송']}",[],[]
96900,80,5,smart_store,스마트스토어,간 건강기능식춤 찾다가 구매하였는데 구매평이 좋아서 기대하고 있어요.,2026-05-14T18:41:22+09:00,2026-05-14,네이버 스마트스토어 구****,5,True,1,1,https://assets6.cre.ma/p/phytonutri-kr/reviews/00/00/09/69/00/image1/1a8325abc321ada6.webp,1000000343,리버티엑스,https://www.phytonutri.kr/goods/goods_view.php?goodsNo=1000000343,4.7,268,0,0,{'0': ['만족도']},[],[]
96901,80,5,smart_store,스마트스토어,"하나하나씩 딱 짜서 요거트에 주고있어요

간편해서 좋아요",2026-05-14T17:33:34+09:00,2026-05-14,네이버 스마트스토어 구****,5,True,1,1,https://assets6.cre.ma/p/phytonutri-kr/reviews/00/00/09/69/01/image1/53d51c86fe6d4fec.webp,1000000325,투데이디3 for baby,https://www.phytonutri.kr/goods/goods_view.php?goodsNo=1000000325,4.9,3634,0,0,"{'1': ['만족도', '편의성']}",[],[]
96902,80,5,smart_store,스마트스토어,잘 먹이고  있어욤~~~~^^,2026-05-14T17:25:58+09:00,2026-05-14,네이버 스마트스토어 구****,5,False,0,0,,1000000281,지니어스뉴 드롭스&톡캡스,https://www.phytonutri.kr/goods/goods_view.php?goodsNo=1000000281,4.9,14386,0,0,{'1': ['만족도']},[],[]
96903,80,5,smart_store,스마트스토어,"꾸준히 먹이고 있어요~
좋아요:)",2026-05-14T16:58:47+09:00,2026-05-14,네이버 스마트스토어 구****,5,True,1,1,https://assets6.cre.ma/p/phytonutri-kr/reviews/00/00/09/69/03/image1/9e4b01fdd8d34bf0.webp,1000000363,데이프로바 for baby 아기 쌩쌩유산균,https://www.phytonutri.kr/goods/goods_view.php?goodsNo=1000000363,4.9,363,0,0,{'1': ['만족도']},[],[]
96904,80,5,smart_store,스마트스토어,최고의 영양제! 아주 굿이에요 굿굿굿👍👍👍,2026-05-14T16:47:12+09:00,2026-05-14,네이버 스마트스토어 구****,5,True,1,1,https://assets6.cre.ma/p/phytonutri-kr/reviews/00/00/09/69/04/image1/4fbda99f0868f711.webp,1000000281,지니어스뉴 드롭스&톡캡스,https://www.phytonutri.kr/goods/goods_view.php?goodsNo=1000000281,4.9,14386,0,0,{'2': ['만족도']},[],[]
96905,80,5,smart_store,스마트스토어,아이를 위해 매달구매중입니다,2026-05-14T16:46:11+09:00,2026-05-14,네이버 스마트스토어 구****,5,True,1,1,https://assets6.cre.ma/p/phytonutri-kr/reviews/00/00/09/69/05/image1/e2eaffa4ec86eaa5.webp,1000000281,지니어스뉴 드롭스&톡캡스,https://www.phytonutri.kr/goods/goods_view.php?goodsNo=1000000281,4.9,14386,0,0,{'2': ['만족도']},[],[]
96906,80,5,smart_store,스마트스토어,아이를위해 매달 구매중입니다,2026-05-14T16:45:38+09:00,2026-05-14,네이버 스마트스토어 구****,5,True,1,1,https://assets6.cre.ma/p/phytonutri-kr/reviews/00/00/09/69/06/image1/a9acd615516c34fe.webp,1000000281,지니어스뉴 드롭스&톡캡스,https://www.phytonutri.kr/goods/goods_view.php?goodsNo=1000000281,4.9,14386,0,0,{'2': ['만족도']},[],[]
96907,80,5,smart_store,스마트스토어,꾸준히 먹이고 있어요.,2026-05-14T16:26:00+09:00,2026-05-14,네이버 스마트스토어 구****,5,True,1,1,https://assets6.cre.ma/p/phytonutri-kr/reviews/00/00/09/69/07/image1/9b035daef2b79b93.webp,1000000281,지니어스뉴 드롭스&톡캡스,https://www.phytonutri.kr/goods/goods_view.php?goodsNo=1000000281,4.9,14386,0,0,{'1': ['만족도']},[],[]
96908,80,5,smart_store,스마트스토어,꾸준히 먹이고 있어요.,2026-05-14T16:25:17+09:00,2026-05-14,네이버 스마트스토어 구****,5,True,1,1,https://assets6.cre.ma/p/phytonutri-kr/reviews/00/00/09/69/08/image1/3e9a52c64c103ace.webp,1000000281,지니어스뉴 드롭스&톡캡스,https://www.phytonutri.kr/goods/goods_view.php?goodsNo=1000000281,4.9,14386,0,0,{'1': ['만족도']},[],[]
96909,80,5,smart_store,스마트스토어,"하루에 한 캡슐만 톡 따서 먹이면되서 편하고
개별적으로 있다보니 변질될 우려도 없어요
아이가 잘 받아먹고 맛도 괜찮아요ㅎ",2026-05-14T16:00:17+09:00,2026-05-14,네이버 스마트스토어 구****,5,True,1,1,https://assets6.cre.ma/p/phytonutri-kr/reviews/00/00/09/69/09/image1/c4ca4d838e79d08a.webp,1000000325,투데이디3 for baby,https://www.phytonutri.kr/goods/goods_view.php?goodsNo=1000000325,4.9,3634,0,0,"{'1': ['만족도', '포장', '맛', '편의성']}",[],[]
96910,80,5,smart_store,스마트스토어,너무 편리하고 위생적으로도 좋은거같아요,2026-05-14T14:11:33+09:00,2026-05-14,네이버 스마트스토어 구****,5,False,0,0,,1000000281,지니어스뉴 드롭스&톡캡스,https://www.phytonutri.kr/goods/goods_view.php?goodsNo=1000000281,4.9,14386,0,0,"{'1': ['만족도', '편의성']}",[],[]
96911,80,5,smart_store,스마트스토어,"3번째 주문 하고있습니다!̤̮ 
너무 편리하고 아이도 잘먹어줘서 좋아요",2026-05-14T14:11:10+09:00,2026-05-14,네이버 스마트스토어 구****,5,False,0,0,,1000000281,지니어스뉴 드롭스&톡캡스,https://www.phytonutri.kr/goods/goods_view.php?goodsNo=1000000281,4.9,14386,0,0,"{'2': ['만족도', '편의성']}",[],[]
96912,80,5,smart_store,스마트스토어,아이가 잘 먹어서 좋아요. 시원하게 냉장 보관할 수 있어서 아이도 좋아합니다,2026-05-14T14:09:10+09:00,2026-05-14,네이버 스마트스토어 구****,5,True,1,1,https://assets6.cre.ma/p/phytonutri-kr/reviews/00/00/09/69/12/image1/e9adee58fda5e502.webp,1000000379,지니어스뉴 키즈 국내 유일 스퀴즈 짜먹는 어린이 오메가3 DHA ALA 콜린 올로메가,https://www.phytonutri.kr/goods/goods_view.php?goodsNo=1000000379,4.6,127,0,0,"{'1': ['만족도', '제품상태']}",[],[]
96913,80,5,smart_store,스마트스토어,5세 아들래미 잘먹이고 있어요 맛있다고 좋아해요 ㅎㅎ,2026-05-14T14:04:14+09:00,2026-05-14,네이버 스마트스토어 구****,5,False,0,0,,1000000379,지니어스뉴 키즈 국내 유일 스퀴즈 짜먹는 어린이 오메가3 DHA ALA 콜린 올로메가,https://www.phytonutri.kr/goods/goods_view.php?goodsNo=1000000379,4.6,127,0,0,"{'1': ['만족도', '맛']}",[],[]
96914,81,5,smart_store,스마트스토어,없으면 안되는 필수품이에요! 먹고 키 2cm 갑자기 컸어요.. 이것때문이 아닐수도있지만 그래도 저는 먹고 효○를 봤기때문 하루한포 꼭 먹이고있어요🩵,2026-05-14T13:54:51+09:00,2026-05-14,네이버 스마트스토어 구****,5,True,1,1,https://assets6.cre.ma/p/phytonutri-kr/reviews/00/00/09/69/14/image1/b3b6ee61357ad44b.webp,1000000297,"그로우뉴 아이 유기농칼슘&마그네슘 비타민D,k2,망간",https://www.phytonutri.kr/goods/goods_view.php?goodsNo=1000000297,4.9,4844,0,0,"{'1': ['만족도', '효과']}",[],[]
96915,81,4,smart_store,스마트스토어,아직 안먹여봣는데 애기생각해서 삿어요,2026-05-14T13:02:04+09:00,2026-05-14,네이버 스마트스토어 구****,5,True,1,1,https://assets6.cre.ma/p/phytonutri-kr/reviews/00/00/09/69/15/image1/a9d8dc285eaf3b8c.webp,1000000281,지니어스뉴 드롭스&톡캡스,https://www.phytonutri.kr/goods/goods_view.php?goodsNo=1000000281,4.9,14386,0,0,{'0': ['만족도']},[],[]
96916,81,5,smart_store,스마트스토어,"40개월 아이 숟가락에 그냥 주는데도
비리지 않은지 잘 먹어요. 꾸준히 먹일 수 있어서 만족합니다.",2026-05-14T12:33:53+09:00,2026-05-14,네이버 스마트스토어 구****,5,True,1,1,https://assets6.cre.ma/p/phytonutri-kr/reviews/00/00/09/69/16/image1/84485f64b65d88ee.webp,1000000298,지니어스뉴 + 그로우뉴 세트,https://www.phytonutri.kr/goods/goods_view.php?goodsNo=1000000298,4.9,1413,0,0,"{'1': ['만족도', '맛']}",[],[]
96917,81,5,smart_store,스마트스토어,간식처럼 잘 먹어요,2026-05-14T12:28:28+09:00,2026-05-14,네이버 스마트스토어 구****,5,False,0,0,,1000000397,"그로우뉴 ~키즈 유기농 칼슘&마그네슘 비타민D,k2 망간",https://www.phytonutri.kr/goods/goods_view.php?goodsNo=1000000397,4.9,63,0,0,{'1': ['만족도']},[],[]
96918,81,5,smart_store,스마트스토어,스포이드로 주다가 좀 커서 짜먹는걸로 사봤어요 우리 아기는 스틱 그대로 안먹을려고 해서 약통에 따로 담아 주고 있어요 새콤한 맛에 처음엔 거부하더니 익숙해졌는지 잘 받아먹어요 오메가는 지니어스뉴 말고는 안먹어요,2026-05-14T12:16:06+09:00,2026-05-14,네이버 스마트스토어 구****,5,False,0,0,,1000000379,지니어스뉴 키즈 국내 유일 스퀴즈 짜먹는 어린이 오메가3 DHA ALA 콜린 올로메가,https://www.phytonutri.kr/goods/goods_view.php?goodsNo=1000000379,4.6,127,0,0,"{'1': ['만족도'], '0': ['맛', '성분']}",[],[]
96919,81,5,smart_store,스마트스토어,"요즘 여기저기 광고뜨길래샀어요. 오메가 먹여야해서 여기저기 알아보다가 리뷰보고 동해서 구매했어요
26개월아기 스포이드로 먹여봤는데 그대로 뱉어내서 비린내가 비린내가.ㅠㅠ 
안나는건 아니고 소량 나요.  워낙 고등어비린내도 싫어해서 그런지 애입주위에 비린내가 나서 깜짝 놀랬어요 고소하다고 리뷰가 있던데 제가 한스포이는 먹어봤는데 고소한맛은 모르겠어요 ㅠㅠ 오렌지쥬스에 섞어서 먹이니 먹네요.",2026-05-14T11:22:13+09:00,2026-05-14,네이버 스마트스토어 구****,5,True,1,1,https://assets6.cre.ma/p/phytonutri-kr/reviews/00/00/09/69/19/image1/24f7cfa52537fcae.webp,1000000281,지니어스뉴 드롭스&톡캡스,https://www.phytonutri.kr/goods/goods_view.php?goodsNo=1000000281,4.9,14386,0,0,"{'-1': ['만족도', '맛', '냄새']}",[],[]
96920,81,5,smart_store,스마트스토어,"8개월 아기 이유식에 비타민D랑 그로우뉴 같이 먹이고 있습니다.
거부없이 잘 먹어요^^
친구아기도 선물했어요.",2026-05-14T11:11:41+09:00,2026-05-14,네이버 스마트스토어 구****,5,True,1,1,https://assets6.cre.ma/p/phytonutri-kr/reviews/00/00/09/69/20/image1/f10fafc06b812812.webp,1000000297,"그로우뉴 아이 유기농칼슘&마그네슘 비타민D,k2,망간",https://www.phytonutri.kr/goods/goods_view.php?goodsNo=1000000297,4.9,4844,0,0,"{'1': ['만족도'], '0': ['성분']}",[],[]
96921,81,5,smart_store,스마트스토어,"두돌 오빠는 오메가.
8개월 아기 이유식에 비타민D랑 그로우뉴 같이 먹이고 있습니다.
거부없이 잘 먹어요^^
조만간 오메가도 추가 할거에요.",2026-05-14T11:11:07+09:00,2026-05-14,네이버 스마트스토어 구****,5,True,1,1,https://assets6.cre.ma/p/phytonutri-kr/reviews/00/00/09/69/21/image1/5848578402ee4276.webp,1000000298,지니어스뉴 + 그로우뉴 세트,https://www.phytonutri.kr/goods/goods_view.php?goodsNo=1000000298,4.9,1413,0,0,{'1': ['만족도']},[],[]
96922,81,5,smart_store,스마트스토어,"8개월 아기 이유식에 비타민D랑 그로우뉴 같이 먹이고 있습니다.
거부없이 잘 먹어요^^",2026-05-14T11:10:15+09:00,2026-05-14,네이버 스마트스토어 구****,5,True,1,1,https://assets6.cre.ma/p/phytonutri-kr/reviews/00/00/09/69/22/image1/ffa4de9f1c67f2d2.webp,1000000375,데이프로바 + 투데이디3 세트,https://www.phytonutri.kr/goods/goods_view.php?goodsNo=1000000375,4.9,139,0,0,"{'1': ['만족도'], '0': ['성분']}",[],[]
96923,81,5,smart_store,스마트스토어,아기가 잘먹어서 항상 먹이고있어요,2026-05-14T10:59:20+09:00,2026-05-14,네이버 스마트스토어 구****,5,True,1,1,https://assets6.cre.ma/p/phytonutri-kr/reviews/00/00/09/69/23/image1/1563470074e18260.webp,1000000281,지니어스뉴 드롭스&톡캡스,https://www.phytonutri.kr/goods/goods_view.php?goodsNo=1000000281,4.9,14386,0,0,"{'1': ['만족도'], '0': ['성분']}",[],[]
96924,81,5,smart_store,스마트스토어,아기가 좋아해요 처음부터 잘먹었어요 그냥 수저에 주어도 잘먹어요 ^^우리아기가 똑똑해지길🫶🏻,2026-05-14T10:46:02+09:00,2026-05-14,네이버 스마트스토어 구****,5,True,1,1,https://assets6.cre.ma/p/phytonutri-kr/reviews/00/00/09/69/24/image1/f5ab8cbc8b54a91f.webp,1000000281,지니어스뉴 드롭스&톡캡스,https://www.phytonutri.kr/goods/goods_view.php?goodsNo=1000000281,4.9,14386,0,0,{'1': ['만족도']},[],[]
96925,81,5,smart_store,스마트스토어,아기가 잘 먹어요 6개월부터 30개월인데 꾸준히 먹이고 있어요 ^^,2026-05-14T10:45:06+09:00,2026-05-14,네이버 스마트스토어 구****,5,True,1,1,https://assets6.cre.ma/p/phytonutri-kr/reviews/00/00/09/69/25/image1/7b61e0db86175080.webp,1000000281,지니어스뉴 드롭스&톡캡스,https://www.phytonutri.kr/goods/goods_view.php?goodsNo=1000000281,4.9,14386,0,0,{'1': ['만족도']},[],[]
96866,81,5,,자사몰(고도몰),비타민씨는  좀 시린데  ㅣ건  괜찮아요  먹기 좋아요,2026-05-14T10:29:03+09:00,2026-05-14,tnsd******,5,False,0,0,,1000000044,유기농 비타민D3 코어,https://www.phytonutri.kr/goods/goods_view.php?goodsNo=1000000044,4.8,250,0,0,"{'1': ['만족도'], '0': ['맛']}",[],[]
96867,81,5,,자사몰(고도몰),전에  좋아서  꾸준히  먹었는데   안먹었더니   또  건조하구  피부가  가려워서   다시  먹는중입니다,2026-05-14T10:28:02+09:00,2026-05-14,tnsd******,5,False,0,0,,1000000022,히알라스킨,https://www.phytonutri.kr/goods/goods_view.php?goodsNo=1000000022,4.6,887,0,0,{'0': ['만족도']},[],[]
96926,81,5,smart_store,스마트스토어,아이가 잘 먹어요굿,2026-05-14T10:00:03+09:00,2026-05-14,네이버 스마트스토어 구****,5,True,1,1,https://assets6.cre.ma/p/phytonutri-kr/reviews/00/00/09/69/26/image1/d4b55d51f0357354.webp,1000000281,지니어스뉴 드롭스&톡캡스,https://www.phytonutri.kr/goods/goods_view.php?goodsNo=1000000281,4.9,14386,0,0,{'1': ['만족도']},[],[]
96927,81,5,smart_store,스마트스토어,"아기 오메가3는 여기로 결정했어요ㅎㅎ
성장하는동안 계속 먹일려구용~~",2026-05-14T09:51:41+09:00,2026-05-14,네이버 스마트스토어 구****,5,True,1,1,https://assets6.cre.ma/p/phytonutri-kr/reviews/00/00/09/69/27/image1/287bb73ef1ce75f6.webp,1000000281,지니어스뉴 드롭스&톡캡스,https://www.phytonutri.kr/goods/goods_view.php?goodsNo=1000000281,4.9,14386,0,0,{'1': ['만족도']},[],[]
96928,81,5,smart_store,스마트스토어,먹이편한하고.휴대하기도편함,2026-05-14T09:38:50+09:00,2026-05-14,네이버 스마트스토어 구****,5,False,0,0,,1000000343,리버티엑스,https://www.phytonutri.kr/goods/goods_view.php?goodsNo=1000000343,4.7,268,0,0,"{'1': ['만족도', '편의성']}",[],[]
96929,81,5,smart_store,스마트스토어,"꾸준히 잘 먹이고 있는 상품입니다.
감사합니다.",2026-05-14T09:25:51+09:00,2026-05-14,네이버 스마트스토어 구****,5,False,0,0,,1000000281,지니어스뉴 드롭스&톡캡스,https://www.phytonutri.kr/goods/goods_view.php?goodsNo=1000000281,4.9,14386,0,0,{'1': ['만족도']},[],[]
96930,81,5,smart_store,스마트스토어,첫구매입니다.👶🏻 아기 이유식먹일때 보충으로 먹이려고 구매해봤어요.ㅎ,2026-05-14T08:14:04+09:00,2026-05-14,네이버 스마트스토어 구****,5,True,1,1,https://assets6.cre.ma/p/phytonutri-kr/reviews/00/00/09/69/30/image1/6fda6ba239f98589.webp,1000000281,지니어스뉴 드롭스&톡캡스,https://www.phytonutri.kr/goods/goods_view.php?goodsNo=1000000281,4.9,14386,0,0,{'0': ['만족도']},[],[]
96931,81,5,smart_store,스마트스토어,아직 가루영양제 못 먹는 아기라 우유에 타서 먹이는데 잘 먹고 있어요~~,2026-05-14T07:48:35+09:00,2026-05-14,네이버 스마트스토어 구****,5,True,1,1,https://assets6.cre.ma/p/phytonutri-kr/reviews/00/00/09/69/31/image1/ab6969cb1301d913.webp,1000000297,"그로우뉴 아이 유기농칼슘&마그네슘 비타민D,k2,망간",https://www.phytonutri.kr/goods/goods_view.php?goodsNo=1000000297,4.9,4844,0,0,{'1': ['만족도']},[],[]
96932,82,5,smart_store,스마트스토어,몇달동안 잘 먹이고 있어요~~,2026-05-14T07:47:00+09:00,2026-05-14,네이버 스마트스토어 구****,5,True,1,1,https://assets6.cre.ma/p/phytonutri-kr/reviews/00/00/09/69/32/image1/4b46e591a9c77421.webp,1000000363,데이프로바 for baby 아기 쌩쌩유산균,https://www.phytonutri.kr/goods/goods_view.php?goodsNo=1000000363,4.9,363,0,0,{'1': ['만족도']},[],[]
96933,82,5,smart_store,스마트스토어,완모아기 비타민으로 세통째입니다. 너무 편리하고 좋아요,2026-05-14T07:18:19+09:00,2026-05-14,네이버 스마트스토어 구****,5,True,1,1,https://assets6.cre.ma/p/phytonutri-kr/reviews/00/00/09/69/33/image1/64dc41747871c2a3.webp,1000000325,투데이디3 for baby,https://www.phytonutri.kr/goods/goods_view.php?goodsNo=1000000325,4.9,3634,0,0,"{'2': ['만족도', '편의성']}",[],[]
96934,82,5,smart_store,스마트스토어,6개월 아기입니다 태어나서 첫달 빼고 신생아 졸업과 동시에 오일밤타입으로 먹이고 있습니다 이제 잘먹고 건강하게 쑥쑥 크고 있어요 앞으로도 좋은 제품으로 잘 만들어주세요,2026-05-14T05:54:59+09:00,2026-05-14,네이버 스마트스토어 구****,5,True,1,1,https://assets6.cre.ma/p/phytonutri-kr/reviews/00/00/09/69/34/image1/6fb0fe08f520906d.webp,1000000325,투데이디3 for baby,https://www.phytonutri.kr/goods/goods_view.php?goodsNo=1000000325,4.9,3634,0,0,"{'1': ['만족도', '효과']}",[],[]
96935,82,1,smart_store,스마트스토어,그냥아직효○는모르겟어여,2026-05-14T03:50:29+09:00,2026-05-14,네이버 스마트스토어 구****,5,False,0,0,,1000000281,지니어스뉴 드롭스&톡캡스,https://www.phytonutri.kr/goods/goods_view.php?goodsNo=1000000281,4.9,14386,0,0,"{'0': ['만족도', '효과']}",[],[]
96800,82,5,smart_store,스마트스토어,꾸준히 먹여보려합니다,2026-05-14T01:36:23+09:00,2026-05-14,네이버 스마트스토어 구****,5,True,1,1,https://assets6.cre.ma/p/phytonutri-kr/reviews/00/00/09/68/00/image1/4fbc10440b47fd47.webp,1000000281,지니어스뉴 드롭스&톡캡스,https://www.phytonutri.kr/goods/goods_view.php?goodsNo=1000000281,4.9,14386,0,0,{'0': ['만족도']},[],[]
96801,82,5,smart_store,스마트스토어,꾸준히 먹여보려구여,2026-05-14T01:35:55+09:00,2026-05-14,네이버 스마트스토어 구****,5,True,1,1,https://assets6.cre.ma/p/phytonutri-kr/reviews/00/00/09/68/01/image1/354920764610a150.webp,1000000281,지니어스뉴 드롭스&톡캡스,https://www.phytonutri.kr/goods/goods_view.php?goodsNo=1000000281,4.9,14386,0,0,{'0': ['만족도']},[],[]
96802,82,5,smart_store,스마트스토어,다른 주스들보다 덜 달고 성분도 좋아서 믿고 먹고 있어요,2026-05-13T23:59:01+09:00,2026-05-13,네이버 스마트스토어 구****,5,False,0,0,,1000000342,이트뮨 아이 배도라지즙&엘더베리사과주스,https://www.phytonutri.kr/goods/goods_view.php?goodsNo=1000000342,4.9,609,0,0,"{'1': ['만족도', '성분'], '0': ['맛']}",[],[]
96864,82,5,,자사몰(고도몰),맛있게 잘 먹고 있어서 재문했어요,2026-05-13T23:58:02+09:00,2026-05-13,lyn9******,5,False,0,0,,1000000342,이트뮨 아이 배도라지즙&엘더베리사과주스,https://www.phytonutri.kr/goods/goods_view.php?goodsNo=1000000342,4.9,609,0,0,"{'2': ['만족도'], '1': ['맛']}",[],[]
96803,82,5,smart_store,스마트스토어,"우리아이 이유식할 때 부터 꾸준히 먹이고있어요.
요거트에 유산균이랑 오메가3 섞어서 주면 잘 먹어요",2026-05-13T23:53:58+09:00,2026-05-13,네이버 스마트스토어 구****,5,True,1,1,https://assets6.cre.ma/p/phytonutri-kr/reviews/00/00/09/68/03/image1/369635072d56ec88.webp,1000000281,지니어스뉴 드롭스&톡캡스,https://www.phytonutri.kr/goods/goods_view.php?goodsNo=1000000281,4.9,14386,0,0,"{'1': ['만족도', '성분']}",[],[]
96804,82,5,smart_store,스마트스토어,"엄청 오래기다려서 받았어요
아기 주고있어요 한개씩낱개 포장만족합니다
다만 분유벽면에 오일이 너무 붙는다고 해야하나
그래서 아기가 정량을 먹었는지 모르겠어요
구래도 거부감 없이 잘 먹어서 좋습니다",2026-05-13T23:34:48+09:00,2026-05-13,네이버 스마트스토어 구****,5,True,1,1,https://assets6.cre.ma/p/phytonutri-kr/reviews/00/00/09/68/04/image1/f4d1128611fb73eb.webp,1000000325,투데이디3 for baby,https://www.phytonutri.kr/goods/goods_view.php?goodsNo=1000000325,4.9,3634,0,0,"{'1': ['만족도', '포장', '식감'], '-1': ['배송', '제품상태']}",[],[]
96805,82,5,smart_store,스마트스토어,항상 너무 편하고 좋어요,2026-05-13T23:11:26+09:00,2026-05-13,네이버 스마트스토어 구****,5,True,1,1,https://assets6.cre.ma/p/phytonutri-kr/reviews/00/00/09/68/05/image1/91c5f28ea8f850ef.webp,1000000281,지니어스뉴 드롭스&톡캡스,https://www.phytonutri.kr/goods/goods_view.php?goodsNo=1000000281,4.9,14386,0,0,"{'2': ['만족도', '편의성']}",[],[]
96806,82,5,smart_store,스마트스토어,"아기 이유식을 영양학적으로 균형있게 주는 법 검색해보다 알게됐어요  아이에게 부족한 영양분이 들어있다니 구매안할수가 없더라구요
이유식에 섞어줘도 거부감 없이 잘 먹어요
사는김에 어른칼슘도 샀는데 알약이 작아서 목 넘기기에 좋았어요!",2026-05-13T22:59:32+09:00,2026-05-13,네이버 스마트스토어 구****,5,True,1,1,https://assets6.cre.ma/p/phytonutri-kr/reviews/00/00/09/68/06/image1/6f92e37b73dd132a.webp,1000000298,지니어스뉴 + 그로우뉴 세트,https://www.phytonutri.kr/goods/goods_view.php?goodsNo=1000000298,4.9,1413,0,0,"{'1': ['만족도', '성분']}",[],[]
96807,82,5,smart_store,스마트스토어,"아이가 잘먹어줘서.  다행이에요
크게 비린냄새도 아에없지는 않지만
거부감이 있을정도는 아니에요",2026-05-13T22:33:32+09:00,2026-05-13,네이버 스마트스토어 구****,5,False,0,0,,1000000281,지니어스뉴 드롭스&톡캡스,https://www.phytonutri.kr/goods/goods_view.php?goodsNo=1000000281,4.9,14386,0,0,"{'1': ['만족도'], '0': ['냄새']}",[],[]
96808,82,5,smart_store,스마트스토어,잘받았습니다 감사합니다,2026-05-13T21:59:37+09:00,2026-05-13,네이버 스마트스토어 구****,5,True,1,1,https://assets6.cre.ma/p/phytonutri-kr/reviews/00/00/09/68/08/image1/abf3a5e3de68cb47.webp,1000000281,지니어스뉴 드롭스&톡캡스,https://www.phytonutri.kr/goods/goods_view.php?goodsNo=1000000281,4.9,14386,0,0,{'0': ['만족도']},[],[]
96809,82,5,smart_store,스마트스토어,"두번째 구매네요
곧 만5세아이 비타민D 단독 보충용으로 먹이는데 아이가 고소하다며..참기름같다며... 
달콤한 영양제보다 이걸 더 좋아해요
이젠 혼자서 따서 아주 야무지게 짜서 빨아먹어요....ㅋㅋ",2026-05-13T21:53:35+09:00,2026-05-13,네이버 스마트스토어 구****,5,False,0,0,,1000000325,투데이디3 for baby,https://www.phytonutri.kr/goods/goods_view.php?goodsNo=1000000325,4.9,3634,0,0,"{'2': ['만족도'], '1': ['맛']}",[],[]
96810,82,5,smart_store,스마트스토어,다음에 또 구매하겠습니다!,2026-05-13T21:42:11+09:00,2026-05-13,네이버 스마트스토어 구****,5,True,1,1,https://assets6.cre.ma/p/phytonutri-kr/reviews/00/00/09/68/10/image1/b0238b6b6dcde1d1.webp,1000000281,지니어스뉴 드롭스&톡캡스,https://www.phytonutri.kr/goods/goods_view.php?goodsNo=1000000281,4.9,14386,0,0,{'1': ['만족도']},[],[]
96811,82,5,smart_store,스마트스토어,"재재재구매하는 아이템 
잘쓰고있어요",2026-05-13T21:25:58+09:00,2026-05-13,네이버 스마트스토어 구****,5,True,1,1,https://assets6.cre.ma/p/phytonutri-kr/reviews/00/00/09/68/11/image1/ed54ed3ee6aca284.webp,1000000281,지니어스뉴 드롭스&톡캡스,https://www.phytonutri.kr/goods/goods_view.php?goodsNo=1000000281,4.9,14386,0,0,{'2': ['만족도']},[],[]
96812,82,5,smart_store,스마트스토어,아기 돌때 부터 구매해서 먹이다가 다 먹여서 이번에 추가 구매했어요^^ 아직 가루를 못먹어서 약병이랑 물에 타서 먹이고 있는데 다행히 잘 먹어요 😄 칼슘 충분히 보충되길 바라면서 꾸준히 구매해서 먹이려고 해요>.< 배송도 빠르고 좋아요,2026-05-13T21:15:53+09:00,2026-05-13,네이버 스마트스토어 구****,5,True,1,1,https://assets6.cre.ma/p/phytonutri-kr/reviews/00/00/09/68/12/image1/3528496c93ea7dad.webp,1000000297,"그로우뉴 아이 유기농칼슘&마그네슘 비타민D,k2,망간",https://www.phytonutri.kr/goods/goods_view.php?goodsNo=1000000297,4.9,4844,0,0,"{'2': ['만족도'], '1': ['배송']}",[],[]
96813,82,5,smart_store,스마트스토어,아이가 잘 먹어요 좋아요,2026-05-13T21:12:49+09:00,2026-05-13,네이버 스마트스토어 구****,5,True,1,1,https://assets6.cre.ma/p/phytonutri-kr/reviews/00/00/09/68/13/image1/d492d465b52ef17e.webp,1000000391,이트뮨 엘더베리사과주스,https://www.phytonutri.kr/goods/goods_view.php?goodsNo=1000000391,5.0,20,0,0,{'1': ['만족도']},[],[]
96814,82,5,smart_store,스마트스토어,화학성분 아닌 음료료 적합하고 달지않으며 은은하게 맛있어요:),2026-05-13T21:03:14+09:00,2026-05-13,네이버 스마트스토어 구****,5,False,0,0,,1000000342,이트뮨 아이 배도라지즙&엘더베리사과주스,https://www.phytonutri.kr/goods/goods_view.php?goodsNo=1000000342,4.9,609,0,0,"{'1': ['만족도', '맛', '성분']}",[],[]
96815,83,5,smart_store,스마트스토어,"아기가 돌 되면 먹일 영양제로 진즉 점찍었는데 드뎌 먹이게 되네용ㅎ 좋을꺼라 기대하면 친구한테도 추천했더니 아묻다 주문했다네요ㅎ 
먹이고 좋으면 또 사러 올게용:)",2026-05-13T20:24:35+09:00,2026-05-13,네이버 스마트스토어 구****,5,True,1,1,https://assets6.cre.ma/p/phytonutri-kr/reviews/00/00/09/68/15/image1/5812a82c09c4e419.webp,1000000297,"그로우뉴 아이 유기농칼슘&마그네슘 비타민D,k2,망간",https://www.phytonutri.kr/goods/goods_view.php?goodsNo=1000000297,4.9,4844,0,0,{'1': ['만족도']},[],[]
96816,83,5,smart_store,스마트스토어,스포이드형이라 편하고 조아요,2026-05-13T20:20:01+09:00,2026-05-13,네이버 스마트스토어 구****,5,True,1,1,https://assets6.cre.ma/p/phytonutri-kr/reviews/00/00/09/68/16/image1/173a5832d65375d2.webp,1000000281,지니어스뉴 드롭스&톡캡스,https://www.phytonutri.kr/goods/goods_view.php?goodsNo=1000000281,4.9,14386,0,0,"{'1': ['만족도', '편의성']}",[],[]
96817,83,5,smart_store,스마트스토어,아이가 잘먹네요ㅎㅎ,2026-05-13T20:19:25+09:00,2026-05-13,네이버 스마트스토어 구****,5,True,1,1,https://assets6.cre.ma/p/phytonutri-kr/reviews/00/00/09/68/17/image1/46ad1cb5e9f80ac7.webp,1000000281,지니어스뉴 드롭스&톡캡스,https://www.phytonutri.kr/goods/goods_view.php?goodsNo=1000000281,4.9,14386,0,0,{'1': ['만족도']},[],[]
96818,83,3,smart_store,스마트스토어,"이전에 사용할때는 가루가 잘 풀려 여기저기에 섞어줘도 덩어리짐 없어 좋았는데
현재는 덩어리짐이 생기게 리뉴얼 된 거 같아 
이번에 구매한 것만 다 먹고 다른걸 찾아볼 것 같습니다.",2026-05-13T18:00:33+09:00,2026-05-13,네이버 스마트스토어 구****,5,True,1,1,https://assets6.cre.ma/p/phytonutri-kr/reviews/00/00/09/68/18/image1/cf5cc39e91455f62.webp,1000000297,"그로우뉴 아이 유기농칼슘&마그네슘 비타민D,k2,망간",https://www.phytonutri.kr/goods/goods_view.php?goodsNo=1000000297,4.9,4844,0,0,"{'-1': ['만족도', '품질']}",[],[]
96819,83,4,smart_store,스마트스토어,생각보다 빨리 ㅓㄱ는데 속이 부글부글 한지 방구를 많이 ㄲ ㅣ넹ㅅ,2026-05-13T17:58:13+09:00,2026-05-13,네이버 스마트스토어 구****,5,True,1,1,https://assets6.cre.ma/p/phytonutri-kr/reviews/00/00/09/68/19/image1/1190c6a2dff553b0.webp,1000000281,지니어스뉴 드롭스&톡캡스,https://www.phytonutri.kr/goods/goods_view.php?goodsNo=1000000281,4.9,14386,0,0,"{'-1': ['만족도', '효과']}",[],[]
96820,83,5,smart_store,스마트스토어,아기가 하루 칼슘 섭취량이 모자랄것 같을때 잘 먹이고 있어요ㅎㅎ 칼슘 함량이 높아서 좋아요,2026-05-13T17:38:05+09:00,2026-05-13,네이버 스마트스토어 구****,5,True,1,1,https://assets6.cre.ma/p/phytonutri-kr/reviews/00/00/09/68/20/image1/dd8ef1d5d3f3ee36.webp,1000000297,"그로우뉴 아이 유기농칼슘&마그네슘 비타민D,k2,망간",https://www.phytonutri.kr/goods/goods_view.php?goodsNo=1000000297,4.9,4844,0,0,"{'1': ['만족도', '성분']}",[],[]
96821,83,5,smart_store,스마트스토어,오자마자 애기먹었는데 잘먹어여,2026-05-13T17:35:27+09:00,2026-05-13,네이버 스마트스토어 구****,5,True,1,1,https://assets6.cre.ma/p/phytonutri-kr/reviews/00/00/09/68/21/image1/e049817ad2f992bf.webp,1000000281,지니어스뉴 드롭스&톡캡스,https://www.phytonutri.kr/goods/goods_view.php?goodsNo=1000000281,4.9,14386,0,0,{'1': ['만족도']},[],[]
96822,83,5,smart_store,스마트스토어,없으명 안됩니다요옹,2026-05-13T17:13:30+09:00,2026-05-13,네이버 스마트스토어 구****,5,True,1,1,https://assets6.cre.ma/p/phytonutri-kr/reviews/00/00/09/68/22/image1/41ff6a82522f0389.webp,1000000281,지니어스뉴 드롭스&톡캡스,https://www.phytonutri.kr/goods/goods_view.php?goodsNo=1000000281,4.9,14386,0,0,{'0': ['만족도']},[],[]
96823,83,5,smart_store,스마트스토어,꾸준히 먹이고있는 오메가입니다. 아이가 거부하지않고 잘 먹어서 좋아요,2026-05-13T16:57:59+09:00,2026-05-13,네이버 스마트스토어 구****,5,True,1,1,https://assets6.cre.ma/p/phytonutri-kr/reviews/00/00/09/68/23/image1/c86c3647dc2beb39.webp,1000000281,지니어스뉴 드롭스&톡캡스,https://www.phytonutri.kr/goods/goods_view.php?goodsNo=1000000281,4.9,14386,0,0,{'1': ['만족도']},[],[]
96865,83,5,,자사몰(고도몰),저렴한데 맘껏 쟁일 수 있어서 좋고 오메가3 특성상 비릿한 느낌이 안 들어서 좋아요,2026-05-13T16:53:06+09:00,2026-05-13,rlas******,5,True,2,2,https://assets6.cre.ma/p/phytonutri-kr/reviews/00/00/09/68/65/image1/b2f2950706310813.webp|https://assets6.cre.ma/p/phytonutri-kr/reviews/00/00/09/68/65/image2/a54cc4530fc8ad52.webp,1000000401,옥토피아 X 파이토뉴트리 (PHYTONUTRI),https://www.phytonutri.kr/goods/goods_view.php?goodsNo=1000000401,5.0,7,0,0,"{'1': ['만족도', '가격', '용량', '냄새']}",[],[]
96824,83,5,smart_store,스마트스토어,우리아게먹이려고 샀어용,2026-05-13T16:42:21+09:00,2026-05-13,네이버 스마트스토어 구****,5,True,1,1,https://assets6.cre.ma/p/phytonutri-kr/reviews/00/00/09/68/24/image1/6b263ed84f407b7a.webp,1000000298,지니어스뉴 + 그로우뉴 세트,https://www.phytonutri.kr/goods/goods_view.php?goodsNo=1000000298,4.9,1413,0,0,{'0': ['만족도']},[],[]
96825,83,5,smart_store,스마트스토어,오메가3 처음 먹여봤는데 거부감없이 잘먹네요~,2026-05-13T16:03:21+09:00,2026-05-13,네이버 스마트스토어 구****,5,False,0,0,,1000000281,지니어스뉴 드롭스&톡캡스,https://www.phytonutri.kr/goods/goods_view.php?goodsNo=1000000281,4.9,14386,0,0,{'1': ['만족도']},[],[]
96826,83,4,smart_store,스마트스토어,무난하게 쓰기 좋아요 굿,2026-05-13T15:16:17+09:00,2026-05-13,네이버 스마트스토어 구****,5,True,1,1,https://assets6.cre.ma/p/phytonutri-kr/reviews/00/00/09/68/26/image1/cf0aa77cff0ec3e3.webp,1000000325,투데이디3 for baby,https://www.phytonutri.kr/goods/goods_view.php?goodsNo=1000000325,4.9,3634,0,0,{'1': ['만족도']},[],[]
96827,83,4,smart_store,스마트스토어,무난하게 쓰기 좋아요 굿,2026-05-13T15:15:43+09:00,2026-05-13,네이버 스마트스토어 구****,5,True,1,1,https://assets6.cre.ma/p/phytonutri-kr/reviews/00/00/09/68/27/image1/00a7c67fb20204cc.webp,1000000363,데이프로바 for baby 아기 쌩쌩유산균,https://www.phytonutri.kr/goods/goods_view.php?goodsNo=1000000363,4.9,363,0,0,{'1': ['만족도']},[],[]
96828,83,5,smart_store,스마트스토어,비타민d 필수! 밥 먹을때 뿌려주면 잘 먹어요 ㅎㅎ,2026-05-13T14:59:36+09:00,2026-05-13,네이버 스마트스토어 구****,5,True,1,1,https://assets6.cre.ma/p/phytonutri-kr/reviews/00/00/09/68/28/image1/dcc3b9e49799fc74.webp,1000000325,투데이디3 for baby,https://www.phytonutri.kr/goods/goods_view.php?goodsNo=1000000325,4.9,3634,0,0,{'1': ['만족도']},[],[]
96829,83,5,smart_store,스마트스토어,아기가 밥을 잘 안 먹어서 주문했는데 너무 잘 먹어요,2026-05-13T14:58:18+09:00,2026-05-13,네이버 스마트스토어 구****,5,True,1,1,https://assets6.cre.ma/p/phytonutri-kr/reviews/00/00/09/68/29/image1/309bc29e5dffd91d.webp,1000000281,지니어스뉴 드롭스&톡캡스,https://www.phytonutri.kr/goods/goods_view.php?goodsNo=1000000281,4.9,14386,0,0,{'1': ['만족도']},[],[]
96830,83,5,smart_store,스마트스토어,"매번 구매해서 먹이고 있어요
좋아요~",2026-05-13T14:54:52+09:00,2026-05-13,네이버 스마트스토어 구****,5,False,0,0,,1000000281,지니어스뉴 드롭스&톡캡스,https://www.phytonutri.kr/goods/goods_view.php?goodsNo=1000000281,4.9,14386,0,0,{'2': ['만족도']},[],[]
96831,83,5,smart_store,스마트스토어,아기한테 넘 잘 먹이고있어요,2026-05-13T14:39:15+09:00,2026-05-13,네이버 스마트스토어 구****,5,False,0,0,,1000000325,투데이디3 for baby,https://www.phytonutri.kr/goods/goods_view.php?goodsNo=1000000325,4.9,3634,0,0,{'1': ['만족도']},[],[]
96832,83,5,smart_store,스마트스토어,"아이 계속 먹이던거라 이어서 주문했어요 
두돌까지만 먹이려 햇는데 
아이도 잘먹고 좋다 하니 
1년 더 먹여볼까 합니다 ~",2026-05-13T14:13:03+09:00,2026-05-13,네이버 스마트스토어 구****,5,True,1,1,https://assets6.cre.ma/p/phytonutri-kr/reviews/00/00/09/68/32/image1/380b8a716de92b62.webp,1000000281,지니어스뉴 드롭스&톡캡스,https://www.phytonutri.kr/goods/goods_view.php?goodsNo=1000000281,4.9,14386,0,0,{'2': ['만족도']},[],[]
96833,83,5,smart_store,스마트스토어,좋아요 매번구매해요!,2026-05-13T14:03:01+09:00,2026-05-13,네이버 스마트스토어 구****,5,True,1,1,https://assets6.cre.ma/p/phytonutri-kr/reviews/00/00/09/68/33/image1/14d632ed96555654.webp,1000000325,투데이디3 for baby,https://www.phytonutri.kr/goods/goods_view.php?goodsNo=1000000325,4.9,3634,0,0,{'2': ['만족도']},[],[]
96834,84,5,smart_store,스마트스토어,아침에 유산균이랑 이유식에 함께 섞어서 먹이는데 아이가 잘 먹어요!,2026-05-13T13:42:10+09:00,2026-05-13,네이버 스마트스토어 구****,5,True,1,1,https://assets6.cre.ma/p/phytonutri-kr/reviews/00/00/09/68/34/image1/7ed29ae74601fe54.webp,1000000297,"그로우뉴 아이 유기농칼슘&마그네슘 비타민D,k2,망간",https://www.phytonutri.kr/goods/goods_view.php?goodsNo=1000000297,4.9,4844,0,0,{'1': ['만족도']},[],[]
96835,84,5,smart_store,스마트스토어,냉장고에 넣어두고 먹이고있어요 잘먹어요,2026-05-13T13:31:56+09:00,2026-05-13,네이버 스마트스토어 구****,5,True,1,1,https://assets6.cre.ma/p/phytonutri-kr/reviews/00/00/09/68/35/image1/70b54a7ee8aca219.webp,1000000281,지니어스뉴 드롭스&톡캡스,https://www.phytonutri.kr/goods/goods_view.php?goodsNo=1000000281,4.9,14386,0,0,{'1': ['만족도']},[],[]
96836,84,5,smart_store,스마트스토어,아기가 잘먹네요~~,2026-05-13T13:30:51+09:00,2026-05-13,네이버 스마트스토어 구****,5,True,1,1,https://assets6.cre.ma/p/phytonutri-kr/reviews/00/00/09/68/36/image1/7268ad8338deb7df.webp,1000000281,지니어스뉴 드롭스&톡캡스,https://www.phytonutri.kr/goods/goods_view.php?goodsNo=1000000281,4.9,14386,0,0,{'1': ['만족도']},[],[]
96837,84,5,smart_store,스마트스토어,아이가 잘 먹고 있네요~ 꼭 필요한 영양제 입니다!,2026-05-13T13:28:07+09:00,2026-05-13,네이버 스마트스토어 구****,5,True,1,1,https://assets6.cre.ma/p/phytonutri-kr/reviews/00/00/09/68/37/image1/e9b7e5b99b7529d2.webp,1000000325,투데이디3 for baby,https://www.phytonutri.kr/goods/goods_view.php?goodsNo=1000000325,4.9,3634,0,0,"{'1': ['만족도', '효과']}",[],[]
96838,84,5,smart_store,스마트스토어,한달 먹여도 항상 좋습니다,2026-05-13T12:50:58+09:00,2026-05-13,네이버 스마트스토어 구****,5,True,1,1,https://assets6.cre.ma/p/phytonutri-kr/reviews/00/00/09/68/38/image1/d02b635402afa4bc.webp,1000000281,지니어스뉴 드롭스&톡캡스,https://www.phytonutri.kr/goods/goods_view.php?goodsNo=1000000281,4.9,14386,0,0,{'2': ['만족도']},[],[]
96839,84,5,smart_store,스마트스토어,매일 시켜먹고 있어요,2026-05-13T12:50:24+09:00,2026-05-13,네이버 스마트스토어 구****,5,True,1,1,https://assets6.cre.ma/p/phytonutri-kr/reviews/00/00/09/68/39/image1/cea155c130ff5ecb.webp,1000000281,지니어스뉴 드롭스&톡캡스,https://www.phytonutri.kr/goods/goods_view.php?goodsNo=1000000281,4.9,14386,0,0,{'1': ['만족도']},[],[]
96840,84,2,smart_store,스마트스토어,후기에 비린내안나고 먹기 좋다고 해서 샀는데.. 제가 예민한건지 하루종일 코끝에서 비린내가 진동해요..아기한번 먹이고 못먹이고 있어요,2026-05-13T12:49:12+09:00,2026-05-13,네이버 스마트스토어 구****,5,True,1,1,https://assets6.cre.ma/p/phytonutri-kr/reviews/00/00/09/68/40/image1/0539ac5ca9341a9d.webp,1000000281,지니어스뉴 드롭스&톡캡스,https://www.phytonutri.kr/goods/goods_view.php?goodsNo=1000000281,4.9,14386,0,0,"{'-1': ['만족도', '냄새']}",[],[]
96841,84,5,smart_store,스마트스토어,아기먹일때 항상 어디 섞어서 줘야해서 조금 번거롭지만 좋은 영양제여서 챙겨먹여요,2026-05-13T11:09:22+09:00,2026-05-13,네이버 스마트스토어 구****,5,False,0,0,,1000000297,"그로우뉴 아이 유기농칼슘&마그네슘 비타민D,k2,망간",https://www.phytonutri.kr/goods/goods_view.php?goodsNo=1000000297,4.9,4844,0,0,"{'1': ['만족도'], '-1': ['편의성']}",[],[]
96842,84,5,smart_store,스마트스토어,"아기가 잘 먹어서 너무 만족합니당
특유의 향도 없고 좋아요",2026-05-13T11:07:10+09:00,2026-05-13,네이버 스마트스토어 구****,5,True,1,1,https://assets6.cre.ma/p/phytonutri-kr/reviews/00/00/09/68/42/image1/e3c236ef102bda54.webp,1000000281,지니어스뉴 드롭스&톡캡스,https://www.phytonutri.kr/goods/goods_view.php?goodsNo=1000000281,4.9,14386,0,0,"{'2': ['만족도'], '1': ['냄새']}",[],[]
96843,84,5,smart_store,스마트스토어,믿고 꾸준히 복용하는 중입니다,2026-05-13T10:56:54+09:00,2026-05-13,네이버 스마트스토어 구****,5,True,1,1,https://assets6.cre.ma/p/phytonutri-kr/reviews/00/00/09/68/43/image1/b1ebfe777b78a1b8.webp,1000000281,지니어스뉴 드롭스&톡캡스,https://www.phytonutri.kr/goods/goods_view.php?goodsNo=1000000281,4.9,14386,0,0,{'1': ['만족도']},[],[]
96844,84,5,smart_store,스마트스토어,"저희 둥이들 일년 이상을 언제나 너무 잘 먹고 있습니다. 기관지가 약한 아이가 있어서 거의 일년 정도 먹이고 있는데요 항상 만족하며 이제는 아이들이 더욱 좋아합니다.
꾸준히 주문 예정입니다ㅎ",2026-05-13T10:50:48+09:00,2026-05-13,네이버 스마트스토어 구****,5,True,1,1,https://assets6.cre.ma/p/phytonutri-kr/reviews/00/00/09/68/44/image1/018f80372d471424.webp,1000000342,이트뮨 아이 배도라지즙&엘더베리사과주스,https://www.phytonutri.kr/goods/goods_view.php?goodsNo=1000000342,4.9,609,0,0,{'2': ['만족도']},[],[]
96845,84,5,smart_store,스마트스토어,잘먹었어요! 2주내 섭취인데 게으른엄마는 얼미 못먹였네요 ㅠ,2026-05-13T10:47:26+09:00,2026-05-13,네이버 스마트스토어 구****,5,True,1,1,https://assets6.cre.ma/p/phytonutri-kr/reviews/00/00/09/68/45/image1/17c3be2b9fec4d53.webp,1000000281,지니어스뉴 드롭스&톡캡스,https://www.phytonutri.kr/goods/goods_view.php?goodsNo=1000000281,4.9,14386,0,0,{'1': ['만족도']},[],[]
96846,84,5,smart_store,스마트스토어,3개월 아기한테 먹이고 있는데 먹이기 편해서 좋습니다. 맛은 없는 것 같지만ㅠ 그래도 아기가 아주 싫어하지는 않아서 한달 동안 잘 먹이고 있어요,2026-05-13T10:28:03+09:00,2026-05-13,네이버 스마트스토어 구****,5,True,1,1,https://assets6.cre.ma/p/phytonutri-kr/reviews/00/00/09/68/46/image1/cc5d031f7ac84c01.webp,1000000325,투데이디3 for baby,https://www.phytonutri.kr/goods/goods_view.php?goodsNo=1000000325,4.9,3634,0,0,"{'1': ['만족도', '편의성'], '-1': ['맛']}",[],[]
96847,84,5,smart_store,스마트스토어,유아식밥이나 우유에 타수 먹이는데 거부감 없이 일년째 잘 먹이고 있습니다ㅎㅎ,2026-05-13T10:26:19+09:00,2026-05-13,네이버 스마트스토어 구****,5,True,1,1,https://assets6.cre.ma/p/phytonutri-kr/reviews/00/00/09/68/47/image1/0a2e4f14c6e3a8d5.webp,1000000297,"그로우뉴 아이 유기농칼슘&마그네슘 비타민D,k2,망간",https://www.phytonutri.kr/goods/goods_view.php?goodsNo=1000000297,4.9,4844,0,0,{'1': ['만족도']},[],[]
96848,84,5,smart_store,스마트스토어,아기 6개월때부터 반년넘게 먹이고있어요 좋아요!,2026-05-13T10:25:21+09:00,2026-05-13,네이버 스마트스토어 구****,5,True,1,1,https://assets6.cre.ma/p/phytonutri-kr/reviews/00/00/09/68/48/image1/954f69cf66da45de.webp,1000000297,"그로우뉴 아이 유기농칼슘&마그네슘 비타민D,k2,망간",https://www.phytonutri.kr/goods/goods_view.php?goodsNo=1000000297,4.9,4844,0,0,{'1': ['만족도']},[],[]
96849,84,5,smart_store,스마트스토어,좋은제품인데 배송이 너무 힘들어요 ㅠㅠ,2026-05-13T09:37:35+09:00,2026-05-13,네이버 스마트스토어 구****,5,False,0,0,,1000000325,투데이디3 for baby,https://www.phytonutri.kr/goods/goods_view.php?goodsNo=1000000325,4.9,3634,0,0,"{'0': ['만족도'], '-2': ['배송']}",[],[]
96850,84,5,smart_store,스마트스토어,먹기 쉽고 잘먹네요~~~,2026-05-13T08:50:31+09:00,2026-05-13,네이버 스마트스토어 구****,5,True,1,1,https://assets6.cre.ma/p/phytonutri-kr/reviews/00/00/09/68/50/image1/064833f5ec6868f3.webp,1000000297,"그로우뉴 아이 유기농칼슘&마그네슘 비타민D,k2,망간",https://www.phytonutri.kr/goods/goods_view.php?goodsNo=1000000297,4.9,4844,0,0,"{'1': ['만족도', '편의성']}",[],[]
96851,84,5,smart_store,스마트스토어,단점은 가격뿐... 복용편의성과 성분면에서 대체재가 없어요.,2026-05-13T08:45:37+09:00,2026-05-13,네이버 스마트스토어 구****,5,True,1,1,https://assets6.cre.ma/p/phytonutri-kr/reviews/00/00/09/68/51/image1/d1d3f18e6cf9a6a2.webp,1000000281,지니어스뉴 드롭스&톡캡스,https://www.phytonutri.kr/goods/goods_view.php?goodsNo=1000000281,4.9,14386,0,0,"{'1': ['만족도', '성분', '편의성'], '-1': ['가격']}",[],[]
96852,84,5,smart_store,스마트스토어,너무좋아요애도잘먹고,2026-05-13T08:41:40+09:00,2026-05-13,네이버 스마트스토어 구****,5,True,1,1,https://assets6.cre.ma/p/phytonutri-kr/reviews/00/00/09/68/52/image1/10a37d5493f660c7.webp,1000000281,지니어스뉴 드롭스&톡캡스,https://www.phytonutri.kr/goods/goods_view.php?goodsNo=1000000281,4.9,14386,0,0,{'2': ['만족도']},[],[]
96853,84,5,smart_store,스마트스토어,너무좋아요애도잘먹고,2026-05-13T08:41:06+09:00,2026-05-13,네이버 스마트스토어 구****,5,True,1,1,https://assets6.cre.ma/p/phytonutri-kr/reviews/00/00/09/68/53/image1/e43ec2969778830f.webp,1000000297,"그로우뉴 아이 유기농칼슘&마그네슘 비타민D,k2,망간",https://www.phytonutri.kr/goods/goods_view.php?goodsNo=1000000297,4.9,4844,0,0,{'2': ['만족도']},[],[]
96854,85,5,smart_store,스마트스토어,너무좋아요애도잘먹고,2026-05-13T08:40:19+09:00,2026-05-13,네이버 스마트스토어 구****,5,True,1,1,https://assets6.cre.ma/p/phytonutri-kr/reviews/00/00/09/68/54/image1/be877381980f0aed.webp,1000000325,투데이디3 for baby,https://www.phytonutri.kr/goods/goods_view.php?goodsNo=1000000325,4.9,3634,0,0,{'2': ['만족도']},[],[]
96855,85,5,smart_store,스마트스토어,"오일 타입도 먹여보고 오일 밤 타입도 먹여봤는데, 밤 타입이 확실히 먹이기 편해요!",2026-05-13T07:57:34+09:00,2026-05-13,네이버 스마트스토어 구****,5,True,1,1,https://assets6.cre.ma/p/phytonutri-kr/reviews/00/00/09/68/55/image1/7f3fd9c908cfcc82.webp,1000000325,투데이디3 for baby,https://www.phytonutri.kr/goods/goods_view.php?goodsNo=1000000325,4.9,3634,0,0,"{'1': ['만족도', '편의성']}",[],[]
96856,85,5,smart_store,스마트스토어,먹기편하고 금방 먹네요 좋아요,2026-05-13T07:38:51+09:00,2026-05-13,네이버 스마트스토어 구****,5,True,1,1,https://assets6.cre.ma/p/phytonutri-kr/reviews/00/00/09/68/56/image1/8847df895ab41857.webp,1000000281,지니어스뉴 드롭스&톡캡스,https://www.phytonutri.kr/goods/goods_view.php?goodsNo=1000000281,4.9,14386,0,0,"{'1': ['만족도', '편의성']}",[],[]
96857,85,5,smart_store,스마트스토어,조아요 먹이기 편해요 ㅎ,2026-05-13T07:12:52+09:00,2026-05-13,네이버 스마트스토어 구****,5,False,0,0,,1000000325,투데이디3 for baby,https://www.phytonutri.kr/goods/goods_view.php?goodsNo=1000000325,4.9,3634,0,0,"{'1': ['만족도', '편의성']}",[],[]
96858,85,5,smart_store,스마트스토어,분유에 타서 먹여요,2026-05-13T06:49:26+09:00,2026-05-13,네이버 스마트스토어 구****,5,True,1,1,https://assets6.cre.ma/p/phytonutri-kr/reviews/00/00/09/68/58/image1/240983bb0c38675c.webp,1000000325,투데이디3 for baby,https://www.phytonutri.kr/goods/goods_view.php?goodsNo=1000000325,4.9,3634,0,0,{'0': ['만족도']},[],[]
96859,85,5,smart_store,스마트스토어,생선 비중이 적어서 구매해봤어요,2026-05-13T00:33:21+09:00,2026-05-13,네이버 스마트스토어 구****,5,True,1,1,https://assets6.cre.ma/p/phytonutri-kr/reviews/00/00/09/68/59/image1/dc9eca94e863a00a.webp,1000000281,지니어스뉴 드롭스&톡캡스,https://www.phytonutri.kr/goods/goods_view.php?goodsNo=1000000281,4.9,14386,0,0,{'0': ['만족도']},[],[]
96860,85,5,smart_store,스마트스토어,몇통째쓰는지 모르겠네요~ 아기가 젤리먹는다고 좋아해요~먹이기 퍈하고 개별로 포장되어일는느낌이라 더 믿음이갑니다,2026-05-13T00:22:47+09:00,2026-05-13,네이버 스마트스토어 구****,5,True,1,1,https://assets6.cre.ma/p/phytonutri-kr/reviews/00/00/09/68/60/image1/0f04bae410e5d490.webp,1000000325,투데이디3 for baby,https://www.phytonutri.kr/goods/goods_view.php?goodsNo=1000000325,4.9,3634,0,0,"{'1': ['만족도', '포장', '편의성']}",[],[]
96861,85,5,smart_store,스마트스토어,항상 믿고먹는 우리아가 영양제 오메가3. 비린맛없어서 너무나도 잘먹는 아가.. 유리병이 앙증맞아 귀엽기도해요...,2026-05-12T23:49:49+09:00,2026-05-12,네이버 스마트스토어 구****,5,False,0,0,,1000000281,지니어스뉴 드롭스&톡캡스,https://www.phytonutri.kr/goods/goods_view.php?goodsNo=1000000281,4.9,14386,0,0,"{'1': ['만족도', '포장', '맛']}",[],[]
96862,85,5,smart_store,스마트스토어,빠른배소우감사합니다,2026-05-12T23:47:47+09:00,2026-05-12,네이버 스마트스토어 구****,5,False,0,0,,1000000325,투데이디3 for baby,https://www.phytonutri.kr/goods/goods_view.php?goodsNo=1000000325,4.9,3634,0,0,"{'1': ['만족도', '배송']}",[],[]
96863,85,5,smart_store,스마트스토어,"우유를 안먹는 아가라 칼슘 챙겨주려고
먹이고있어요~~~ 필요한것만 딱 들어가서 너무 좋네요ㅎㅎㅎ",2026-05-12T23:36:27+09:00,2026-05-12,네이버 스마트스토어 구****,5,True,1,1,https://assets6.cre.ma/p/phytonutri-kr/reviews/00/00/09/68/63/image1/e3b78c15f55ab5de.webp,1000000297,"그로우뉴 아이 유기농칼슘&마그네슘 비타민D,k2,망간",https://www.phytonutri.kr/goods/goods_view.php?goodsNo=1000000297,4.9,4844,0,0,"{'1': ['만족도', '성분']}",[],[]
96719,85,5,smart_store,스마트스토어,꾸준히 먹는것이라 대량으로 샀습니다,2026-05-12T22:37:01+09:00,2026-05-12,네이버 스마트스토어 구****,5,True,1,1,https://assets6.cre.ma/p/phytonutri-kr/reviews/00/00/09/67/19/image1/6a9eb365e7e62375.webp,1000000325,투데이디3 for baby,https://www.phytonutri.kr/goods/goods_view.php?goodsNo=1000000325,4.9,3634,0,0,{'1': ['만족도']},[],[]
96720,85,5,smart_store,스마트스토어,매번 사먹는 제품! 믿고구매해여!,2026-05-12T22:36:18+09:00,2026-05-12,네이버 스마트스토어 구****,5,True,1,1,https://assets6.cre.ma/p/phytonutri-kr/reviews/00/00/09/67/20/image1/16e3437516b0cdc8.webp,1000000297,"그로우뉴 아이 유기농칼슘&마그네슘 비타민D,k2,망간",https://www.phytonutri.kr/goods/goods_view.php?goodsNo=1000000297,4.9,4844,0,0,{'2': ['만족도']},[],[]
96721,85,5,smart_store,스마트스토어,매번 사먹는 제품 ! 믿고 구매합니다,2026-05-12T22:35:54+09:00,2026-05-12,네이버 스마트스토어 구****,5,True,1,1,https://assets6.cre.ma/p/phytonutri-kr/reviews/00/00/09/67/21/image1/1488e09371264632.webp,1000000297,"그로우뉴 아이 유기농칼슘&마그네슘 비타민D,k2,망간",https://www.phytonutri.kr/goods/goods_view.php?goodsNo=1000000297,4.9,4844,0,0,{'2': ['만족도']},[],[]
96722,85,5,smart_store,스마트스토어,잘 안녹아요 그래도 효○ 기대해봅니다,2026-05-12T22:28:32+09:00,2026-05-12,네이버 스마트스토어 구****,5,True,1,1,https://assets6.cre.ma/p/phytonutri-kr/reviews/00/00/09/67/22/image1/f2e8e4387bb3ed09.webp,1000000297,"그로우뉴 아이 유기농칼슘&마그네슘 비타민D,k2,망간",https://www.phytonutri.kr/goods/goods_view.php?goodsNo=1000000297,4.9,4844,0,0,"{'0': ['만족도', '품질']}",[],[]
96723,85,5,smart_store,스마트스토어,"유기농, 개별포장이라 믿고 구매했어요~
여기 오메가3도 먹이고있는데 비타민디도 기대해봅니다~ 애기에게 필수영양제라서..먹여보고 좋으면 계속 구매할게요!",2026-05-12T22:26:03+09:00,2026-05-12,네이버 스마트스토어 구****,5,True,1,1,https://assets6.cre.ma/p/phytonutri-kr/reviews/00/00/09/67/23/image1/fe2df66480c9320c.webp,1000000325,투데이디3 for baby,https://www.phytonutri.kr/goods/goods_view.php?goodsNo=1000000325,4.9,3634,0,0,"{'0': ['만족도', '성분'], '1': ['포장']}",[],[]
96724,85,5,smart_store,스마트스토어,애기 영양제로 추천받아 먹이고 있습니다! 꾸준히 먹여주고 있어요,2026-05-12T21:17:11+09:00,2026-05-12,네이버 스마트스토어 구****,5,True,1,1,https://assets6.cre.ma/p/phytonutri-kr/reviews/00/00/09/67/24/image1/8e2c763102db0c92.webp,1000000297,"그로우뉴 아이 유기농칼슘&마그네슘 비타민D,k2,망간",https://www.phytonutri.kr/goods/goods_view.php?goodsNo=1000000297,4.9,4844,0,0,{'1': ['만족도']},[],[]
96725,85,5,smart_store,스마트스토어,배송도 빠르고 좋아요 ㅎㅎ,2026-05-12T20:02:03+09:00,2026-05-12,네이버 스마트스토어 구****,5,True,1,1,https://assets6.cre.ma/p/phytonutri-kr/reviews/00/00/09/67/25/image1/5e2776adeb062fcd.webp,1000000297,"그로우뉴 아이 유기농칼슘&마그네슘 비타민D,k2,망간",https://www.phytonutri.kr/goods/goods_view.php?goodsNo=1000000297,4.9,4844,0,0,"{'1': ['만족도', '배송']}",[],[]
96726,85,5,smart_store,스마트스토어,아이가 잘먹어요~항상 챙겨 먹이는 제품입니다,2026-05-12T20:00:43+09:00,2026-05-12,네이버 스마트스토어 구****,5,True,1,1,https://assets6.cre.ma/p/phytonutri-kr/reviews/00/00/09/67/26/image1/35ca6aa88f9eaaa1.webp,1000000281,지니어스뉴 드롭스&톡캡스,https://www.phytonutri.kr/goods/goods_view.php?goodsNo=1000000281,4.9,14386,0,0,{'1': ['만족도']},[],[]
96727,85,5,smart_store,스마트스토어,아기한테 꼭 먹이고 싶어서 구매했어요! 효○가 좋았으면 좋겠네요.,2026-05-12T19:06:05+09:00,2026-05-12,네이버 스마트스토어 구****,5,True,1,1,https://assets6.cre.ma/p/phytonutri-kr/reviews/00/00/09/67/27/image1/524da4b2c2932bda.webp,1000000281,지니어스뉴 드롭스&톡캡스,https://www.phytonutri.kr/goods/goods_view.php?goodsNo=1000000281,4.9,14386,0,0,{'0': ['만족도']},[],[]
96728,85,5,smart_store,스마트스토어,오메가3 어떤걸 먹어야될지 고민중에 픽한 약입니다. 꾸준히 먹이고 있고 효○가 좋았으면 좋겠어요,2026-05-12T19:05:23+09:00,2026-05-12,네이버 스마트스토어 구****,5,True,1,1,https://assets6.cre.ma/p/phytonutri-kr/reviews/00/00/09/67/28/image1/a314a9dc239b7063.webp,1000000281,지니어스뉴 드롭스&톡캡스,https://www.phytonutri.kr/goods/goods_view.php?goodsNo=1000000281,4.9,14386,0,0,{'0': ['만족도']},[],[]
96729,86,5,smart_store,스마트스토어,13개월 아기에게 복용 중인데 신생아 때부터 매일 먹였어요. 먹이기 편해요.^^,2026-05-12T18:37:17+09:00,2026-05-12,네이버 스마트스토어 구****,5,True,1,1,https://assets6.cre.ma/p/phytonutri-kr/reviews/00/00/09/67/29/image1/679df15641cc5baa.webp,1000000325,투데이디3 for baby,https://www.phytonutri.kr/goods/goods_view.php?goodsNo=1000000325,4.9,3634,0,0,"{'1': ['만족도', '편의성']}",[],[]
96730,86,5,smart_store,스마트스토어,개별포장되어 먹기 좋아서 너무 편해요 ㅎㅎ,2026-05-12T18:22:24+09:00,2026-05-12,네이버 스마트스토어 구****,5,True,1,1,https://assets6.cre.ma/p/phytonutri-kr/reviews/00/00/09/67/30/image1/40b97ce39519c3c8.webp,1000000325,투데이디3 for baby,https://www.phytonutri.kr/goods/goods_view.php?goodsNo=1000000325,4.9,3634,0,0,"{'1': ['만족도'], '2': ['편의성']}",[],[]
96731,86,5,smart_store,스마트스토어,아이가 생각보다 잘 먹어서 또 주문해야겠어요,2026-05-12T18:05:57+09:00,2026-05-12,네이버 스마트스토어 구****,5,True,1,1,https://assets6.cre.ma/p/phytonutri-kr/reviews/00/00/09/67/31/image1/1f9c991eeeb657e3.webp,1000000298,지니어스뉴 + 그로우뉴 세트,https://www.phytonutri.kr/goods/goods_view.php?goodsNo=1000000298,4.9,1413,0,0,{'1': ['만족도']},[],[]
96732,86,5,smart_store,스마트스토어,이번에 새로 바꿔봤는데 나쁘지 않은것 같아요,2026-05-12T18:05:21+09:00,2026-05-12,네이버 스마트스토어 구****,5,True,1,1,https://assets6.cre.ma/p/phytonutri-kr/reviews/00/00/09/67/32/image1/165065ebb4349535.webp,1000000375,데이프로바 + 투데이디3 세트,https://www.phytonutri.kr/goods/goods_view.php?goodsNo=1000000375,4.9,139,0,0,{'1': ['만족도']},[],[]
96733,86,5,smart_store,스마트스토어,배송이 빠르고 만족합니다.,2026-05-12T17:49:37+09:00,2026-05-12,네이버 스마트스토어 구****,5,True,1,1,https://assets6.cre.ma/p/phytonutri-kr/reviews/00/00/09/67/33/image1/4e4d0e53188739b8.webp,1000000281,지니어스뉴 드롭스&톡캡스,https://www.phytonutri.kr/goods/goods_view.php?goodsNo=1000000281,4.9,14386,0,0,"{'1': ['만족도', '배송']}",[],[]
96734,86,5,smart_store,스마트스토어,"저번에 이어서 또 구매해봤는데 좋아요!!!
외출시에도 간편하게 먹일수 있는게 너무 좋아요",2026-05-12T17:33:44+09:00,2026-05-12,네이버 스마트스토어 구****,5,False,0,0,,1000000375,데이프로바 + 투데이디3 세트,https://www.phytonutri.kr/goods/goods_view.php?goodsNo=1000000375,4.9,139,0,0,"{'2': ['만족도', '편의성']}",[],[]
96735,86,5,smart_store,스마트스토어,"배송 빨라요
9개월 아기 거부감 없이 잘 먹어요",2026-05-12T17:19:58+09:00,2026-05-12,네이버 스마트스토어 구****,5,True,1,1,https://assets6.cre.ma/p/phytonutri-kr/reviews/00/00/09/67/35/image1/72cce6213516bb61.webp,1000000297,"그로우뉴 아이 유기농칼슘&마그네슘 비타민D,k2,망간",https://www.phytonutri.kr/goods/goods_view.php?goodsNo=1000000297,4.9,4844,0,0,"{'1': ['만족도', '배송', '식감']}",[],[]
96736,86,5,smart_store,스마트스토어,배송빠르고 사용하기 편해요,2026-05-12T16:53:16+09:00,2026-05-12,네이버 스마트스토어 구****,5,True,1,1,https://assets6.cre.ma/p/phytonutri-kr/reviews/00/00/09/67/36/image1/355cef83e6cf948f.webp,1000000281,지니어스뉴 드롭스&톡캡스,https://www.phytonutri.kr/goods/goods_view.php?goodsNo=1000000281,4.9,14386,0,0,"{'1': ['만족도', '배송', '편의성']}",[],[]
96737,86,5,smart_store,스마트스토어,두아이 떨어지지않게 먹이는 제품이에요~개별포장이라 안심하구 먹이고 거부하지않아 좋아요,2026-05-12T16:10:39+09:00,2026-05-12,네이버 스마트스토어 구****,5,True,1,1,https://assets6.cre.ma/p/phytonutri-kr/reviews/00/00/09/67/37/image1/61036f8c70724a0f.webp,1000000325,투데이디3 for baby,https://www.phytonutri.kr/goods/goods_view.php?goodsNo=1000000325,4.9,3634,0,0,"{'1': ['만족도', '포장']}",[],[]
96738,86,5,smart_store,스마트스토어,"매일 복용중이고 부작용없어서 좋고
베이비단계부터 적합해서 만족해요~",2026-05-12T16:09:11+09:00,2026-05-12,네이버 스마트스토어 구****,5,False,0,0,,1000000281,지니어스뉴 드롭스&톡캡스,https://www.phytonutri.kr/goods/goods_view.php?goodsNo=1000000281,4.9,14386,0,0,"{'1': ['만족도', '효과']}",[],[]
96739,86,5,smart_store,스마트스토어,아이들이 잘먹어요 맛이좋고 기침도 안하고 좋아요,2026-05-12T15:46:25+09:00,2026-05-12,네이버 스마트스토어 구****,5,True,1,1,https://assets6.cre.ma/p/phytonutri-kr/reviews/00/00/09/67/39/image1/d8a6a277d83c61b6.webp,1000000342,이트뮨 아이 배도라지즙&엘더베리사과주스,https://www.phytonutri.kr/goods/goods_view.php?goodsNo=1000000342,4.9,609,0,0,"{'1': ['만족도', '맛', '효과']}",[],[]
96740,86,5,smart_store,스마트스토어,가루형태라 이유식에 섞아주고 있어요 곧 유아식 넘어가서 어떻게 먹일지 고민이 되네요ㅠㅠ,2026-05-12T15:45:39+09:00,2026-05-12,네이버 스마트스토어 구****,5,True,1,1,https://assets6.cre.ma/p/phytonutri-kr/reviews/00/00/09/67/40/image1/b0ab2c94584410ab.webp,1000000297,"그로우뉴 아이 유기농칼슘&마그네슘 비타민D,k2,망간",https://www.phytonutri.kr/goods/goods_view.php?goodsNo=1000000297,4.9,4844,0,0,{'0': ['만족도']},[],[]
96741,86,5,smart_store,스마트스토어,좋아요. 항상 구매합니다,2026-05-12T15:14:44+09:00,2026-05-12,네이버 스마트스토어 구****,5,False,0,0,,1000000281,지니어스뉴 드롭스&톡캡스,https://www.phytonutri.kr/goods/goods_view.php?goodsNo=1000000281,4.9,14386,0,0,{'1': ['만족도']},[],[]
96742,86,5,smart_store,스마트스토어,좋아요. 잘 먹어요.,2026-05-12T15:14:32+09:00,2026-05-12,네이버 스마트스토어 구****,5,False,0,0,,1000000297,"그로우뉴 아이 유기농칼슘&마그네슘 비타민D,k2,망간",https://www.phytonutri.kr/goods/goods_view.php?goodsNo=1000000297,4.9,4844,0,0,{'1': ['만족도']},[],[]
96743,86,5,smart_store,스마트스토어,생각보다 잘 먹어주고있어요. 꾸준히 먹여보려고합니다.,2026-05-12T15:11:30+09:00,2026-05-12,네이버 스마트스토어 구****,5,True,1,1,https://assets6.cre.ma/p/phytonutri-kr/reviews/00/00/09/67/43/image1/4a93ed9a6b4c828a.webp,1000000281,지니어스뉴 드롭스&톡캡스,https://www.phytonutri.kr/goods/goods_view.php?goodsNo=1000000281,4.9,14386,0,0,{'1': ['만족도']},[],[]
96744,86,5,smart_store,스마트스토어,아기 주려고 샀어요! 섞어 먹이기 좋고 신선하게 냉장고에 보관해서 좋아요,2026-05-12T14:39:56+09:00,2026-05-12,네이버 스마트스토어 구****,5,True,1,1,https://assets6.cre.ma/p/phytonutri-kr/reviews/00/00/09/67/44/image1/14be0ceabf2728ca.webp,1000000281,지니어스뉴 드롭스&톡캡스,https://www.phytonutri.kr/goods/goods_view.php?goodsNo=1000000281,4.9,14386,0,0,"{'1': ['만족도', '제품상태']}",[],[]
96745,86,5,smart_store,스마트스토어,아이가 거부감없이 매우 잘먹어요,2026-05-12T14:39:43+09:00,2026-05-12,네이버 스마트스토어 구****,5,False,0,0,,1000000281,지니어스뉴 드롭스&톡캡스,https://www.phytonutri.kr/goods/goods_view.php?goodsNo=1000000281,4.9,14386,0,0,{'1': ['만족도']},[],[]
96746,86,5,smart_store,스마트스토어,매일 꾸준히 먹이고 있어요 아기한테 먹이기도 편해서 좋아요,2026-05-12T14:39:11+09:00,2026-05-12,네이버 스마트스토어 구****,5,True,1,1,https://assets6.cre.ma/p/phytonutri-kr/reviews/00/00/09/67/46/image1/c57bacb98efbbdfe.webp,1000000281,지니어스뉴 드롭스&톡캡스,https://www.phytonutri.kr/goods/goods_view.php?goodsNo=1000000281,4.9,14386,0,0,"{'1': ['만족도', '편의성']}",[],[]
96747,86,5,smart_store,스마트스토어,12개월되어서 주문해보앗습니다! 먹기 편할것같아용,2026-05-12T14:13:43+09:00,2026-05-12,네이버 스마트스토어 구****,5,False,0,0,,1000000281,지니어스뉴 드롭스&톡캡스,https://www.phytonutri.kr/goods/goods_view.php?goodsNo=1000000281,4.9,14386,0,0,{'0': ['만족도']},[],[]
96748,86,5,smart_store,스마트스토어,잘받았습니다 꾸준히 먹여보려구요,2026-05-12T14:02:08+09:00,2026-05-12,네이버 스마트스토어 구****,5,True,1,1,https://assets6.cre.ma/p/phytonutri-kr/reviews/00/00/09/67/48/image1/449bca1ba1bc9d1e.webp,1000000281,지니어스뉴 드롭스&톡캡스,https://www.phytonutri.kr/goods/goods_view.php?goodsNo=1000000281,4.9,14386,0,0,{'0': ['만족도']},[],[]
96749,87,5,smart_store,스마트스토어,항상 아기가 잘 먹어서 만족스럽습니다,2026-05-12T13:49:42+09:00,2026-05-12,네이버 스마트스토어 구****,5,True,1,1,https://assets6.cre.ma/p/phytonutri-kr/reviews/00/00/09/67/49/image1/2c1ebdc4d23b3afd.webp,1000000363,데이프로바 for baby 아기 쌩쌩유산균,https://www.phytonutri.kr/goods/goods_view.php?goodsNo=1000000363,4.9,363,0,0,"{'1': ['만족도', '맛']}",[],[]
96750,87,5,smart_store,스마트스토어,항상 아기가 잘 먹어서 만족스럽습니다,2026-05-12T13:49:24+09:00,2026-05-12,네이버 스마트스토어 구****,5,True,1,1,https://assets6.cre.ma/p/phytonutri-kr/reviews/00/00/09/67/50/image1/f43c3eb40e822433.webp,1000000297,"그로우뉴 아이 유기농칼슘&마그네슘 비타민D,k2,망간",https://www.phytonutri.kr/goods/goods_view.php?goodsNo=1000000297,4.9,4844,0,0,"{'1': ['만족도', '맛']}",[],[]
96751,87,5,smart_store,스마트스토어,아기가 쑥쑥 잘크는거같아요,2026-05-12T13:44:32+09:00,2026-05-12,네이버 스마트스토어 구****,5,False,0,0,,1000000298,지니어스뉴 + 그로우뉴 세트,https://www.phytonutri.kr/goods/goods_view.php?goodsNo=1000000298,4.9,1413,0,0,"{'1': ['만족도', '효과']}",[],[]
96752,87,5,smart_store,스마트스토어,"아이가 남 쪽쪽 넘 잘먹어서 또주문했어요 ㅎㅎ
둘째아이 신생아시기 지나가고부터 같이
먹여보려구요~",2026-05-12T13:38:59+09:00,2026-05-12,네이버 스마트스토어 구****,5,True,1,1,https://assets6.cre.ma/p/phytonutri-kr/reviews/00/00/09/67/52/image1/1bfaaac08b56df61.webp,1000000325,투데이디3 for baby,https://www.phytonutri.kr/goods/goods_view.php?goodsNo=1000000325,4.9,3634,0,0,{'2': ['만족도']},[],[]
96753,87,5,smart_store,스마트스토어,비린향이 전혀 없어서 아이가 거부감 없이 잘 먹습니다!! 꾸준히 챙겨먹여 볼께요ㅎ,2026-05-12T13:05:31+09:00,2026-05-12,네이버 스마트스토어 구****,5,True,1,1,https://assets6.cre.ma/p/phytonutri-kr/reviews/00/00/09/67/53/image1/a16c65b9c9040f80.webp,1000000281,지니어스뉴 드롭스&톡캡스,https://www.phytonutri.kr/goods/goods_view.php?goodsNo=1000000281,4.9,14386,0,0,"{'1': ['만족도', '냄새']}",[],[]
96754,87,5,smart_store,스마트스토어,"아기 17개월부터 먹이기 시작했어요 
무향 무맛이라 가루로된 유산균이랑 섞어서 먹이는데 아주 잘먹네요 오픈하고 나서는 2주 이내 섭취 권장인데 12일정도면 다 먹을 수 있어요. 스포이드 형식이라 편하고 개별포장 잘 되어 있어서 좋았어요 가격이 좀 비싸긴한데 믿고 먹이고 있어요~",2026-05-12T12:43:18+09:00,2026-05-12,네이버 스마트스토어 구****,5,True,1,1,https://assets6.cre.ma/p/phytonutri-kr/reviews/00/00/09/67/54/image1/a5d8670f7e82702f.webp,1000000281,지니어스뉴 드롭스&톡캡스,https://www.phytonutri.kr/goods/goods_view.php?goodsNo=1000000281,4.9,14386,0,0,"{'1': ['만족도', '포장', '편의성'], '-1': ['가격']}",[],[]
96755,87,5,smart_store,스마트스토어,잘먹고있습니다 좋아요,2026-05-12T12:39:40+09:00,2026-05-12,네이버 스마트스토어 구****,5,True,1,1,https://assets6.cre.ma/p/phytonutri-kr/reviews/00/00/09/67/55/image1/7edaf4ee61d1c4fe.webp,1000000325,투데이디3 for baby,https://www.phytonutri.kr/goods/goods_view.php?goodsNo=1000000325,4.9,3634,0,0,{'1': ['만족도']},[],[]
96756,87,5,smart_store,스마트스토어,50대 들어 서면서 무기력해지고  잔소리를 일삶는 남편한테 선물했는데 많이 호전된것같아요 남편도 얼굴에 생기가 도는것 같다고 하네요,2026-05-12T12:34:54+09:00,2026-05-12,네이버 스마트스토어 구****,5,True,1,1,https://assets6.cre.ma/p/phytonutri-kr/reviews/00/00/09/67/56/image1/39f326038e48d8a1.webp,1000000403,뉴스데일리베스트 X 파이토뉴트리 맨드로포즈+,https://www.phytonutri.kr/goods/goods_view.php?goodsNo=1000000403,4.7,193,0,0,"{'1': ['만족도', '효과']}",[],[]
96757,87,5,smart_store,스마트스토어,좋아요 계속주문해서 먹이고있어요,2026-05-12T12:04:54+09:00,2026-05-12,네이버 스마트스토어 구****,5,False,0,0,,1000000281,지니어스뉴 드롭스&톡캡스,https://www.phytonutri.kr/goods/goods_view.php?goodsNo=1000000281,4.9,14386,0,0,{'1': ['만족도']},[],[]
96758,87,5,smart_store,스마트스토어,"주기적으로 사서 먹이고 있는데 영양소 이것저것
들어가있어서 다른거 먹일 필요없이 편하게 먹이고 있어요 ^^",2026-05-12T11:52:21+09:00,2026-05-12,네이버 스마트스토어 구****,5,True,1,1,https://assets6.cre.ma/p/phytonutri-kr/reviews/00/00/09/67/58/image1/8efe19b52690fa64.webp,1000000298,지니어스뉴 + 그로우뉴 세트,https://www.phytonutri.kr/goods/goods_view.php?goodsNo=1000000298,4.9,1413,0,0,"{'1': ['만족도', '성분', '편의성']}",[],[]
96759,87,5,smart_store,스마트스토어,꾸준히 먹이고 있는데 키가 많이 컸어요,2026-05-12T11:49:43+09:00,2026-05-12,네이버 스마트스토어 구****,5,True,1,1,https://assets6.cre.ma/p/phytonutri-kr/reviews/00/00/09/67/59/image1/42d182b0e581d764.webp,1000000297,"그로우뉴 아이 유기농칼슘&마그네슘 비타민D,k2,망간",https://www.phytonutri.kr/goods/goods_view.php?goodsNo=1000000297,4.9,4844,0,0,"{'1': ['만족도', '효과']}",[],[]
96760,87,5,smart_store,스마트스토어,드롭스만 쭉 먹다가 갈아타보려고 구입했는데 아직 신맛이 낯선가봐요 ㅎㅎ 여름에 얼려서 도전해볼게요!,2026-05-12T11:39:11+09:00,2026-05-12,네이버 스마트스토어 구****,5,True,1,1,https://assets6.cre.ma/p/phytonutri-kr/reviews/00/00/09/67/60/image1/0269188b2741aba9.webp,1000000379,지니어스뉴 키즈 국내 유일 스퀴즈 짜먹는 어린이 오메가3 DHA ALA 콜린 올로메가,https://www.phytonutri.kr/goods/goods_view.php?goodsNo=1000000379,4.6,127,0,0,"{'0': ['만족도', '맛']}",[],[]
96761,87,5,smart_store,스마트스토어,"두뇌발달에 좋다는 DHA 다른거
먹이다 , 주변에서 다들 이거 먹인다길래
가격부담있었지만 
아이를위해 먹여보려합니다.^^",2026-05-12T11:17:00+09:00,2026-05-12,네이버 스마트스토어 구****,5,True,1,1,https://assets6.cre.ma/p/phytonutri-kr/reviews/00/00/09/67/61/image1/245deb4be00cd056.webp,1000000281,지니어스뉴 드롭스&톡캡스,https://www.phytonutri.kr/goods/goods_view.php?goodsNo=1000000281,4.9,14386,0,0,"{'0': ['만족도'], '-1': ['가격']}",[],[]
96762,87,5,smart_store,스마트스토어,꾸준히 먹이고 있습니다 :),2026-05-12T11:01:33+09:00,2026-05-12,네이버 스마트스토어 구****,5,True,1,1,https://assets6.cre.ma/p/phytonutri-kr/reviews/00/00/09/67/62/image1/332b00c4191ef774.webp,1000000281,지니어스뉴 드롭스&톡캡스,https://www.phytonutri.kr/goods/goods_view.php?goodsNo=1000000281,4.9,14386,0,0,{'1': ['만족도']},[],[]
96763,87,5,smart_store,스마트스토어,쟁여놓고 먹여요 잘먹어요,2026-05-12T10:33:23+09:00,2026-05-12,네이버 스마트스토어 구****,5,True,1,1,https://assets6.cre.ma/p/phytonutri-kr/reviews/00/00/09/67/63/image1/78c7ded28095ebcf.webp,1000000379,지니어스뉴 키즈 국내 유일 스퀴즈 짜먹는 어린이 오메가3 DHA ALA 콜린 올로메가,https://www.phytonutri.kr/goods/goods_view.php?goodsNo=1000000379,4.6,127,0,0,{'1': ['만족도']},[],[]
96764,87,5,smart_store,스마트스토어,여행시 들고 디니기 좋고 아기가 잘 먹어서 다행이예요..ㅜㅜ,2026-05-12T10:30:29+09:00,2026-05-12,네이버 스마트스토어 구****,5,False,0,0,,1000000281,지니어스뉴 드롭스&톡캡스,https://www.phytonutri.kr/goods/goods_view.php?goodsNo=1000000281,4.9,14386,0,0,"{'1': ['만족도', '편의성']}",[],[]
96765,87,5,smart_store,스마트스토어,아이한테 좋은거주고싶어서 삿어요 성분도 모두 좋은거같아서 좋아요!,2026-05-12T10:29:11+09:00,2026-05-12,네이버 스마트스토어 구****,5,False,0,0,,1000000325,투데이디3 for baby,https://www.phytonutri.kr/goods/goods_view.php?goodsNo=1000000325,4.9,3634,0,0,"{'1': ['만족도', '성분']}",[],[]
96766,87,5,smart_store,스마트스토어,딸래미 먹이고 있는데 좋아지는지는 지켜봐야할거 같아요 잘먹이겠습니다,2026-05-12T10:12:47+09:00,2026-05-12,네이버 스마트스토어 구****,5,True,1,1,https://assets6.cre.ma/p/phytonutri-kr/reviews/00/00/09/67/66/image1/60df4720c43e2727.webp,1000000363,데이프로바 for baby 아기 쌩쌩유산균,https://www.phytonutri.kr/goods/goods_view.php?goodsNo=1000000363,4.9,363,0,0,{'0': ['만족도']},[],[]
96767,87,5,smart_store,스마트스토어,항상 믿고 구매합니다 두돌까진 필수로 먹이려합니다,2026-05-12T10:10:00+09:00,2026-05-12,네이버 스마트스토어 구****,5,True,1,1,https://assets6.cre.ma/p/phytonutri-kr/reviews/00/00/09/67/67/image1/eb4c7851df45a3b3.webp,1000000281,지니어스뉴 드롭스&톡캡스,https://www.phytonutri.kr/goods/goods_view.php?goodsNo=1000000281,4.9,14386,0,0,{'2': ['만족도']},[],[]
96768,87,5,smart_store,스마트스토어,우유에 잘 안녹아서 많이 휘저어줘야하지만 좋아요,2026-05-12T10:02:46+09:00,2026-05-12,네이버 스마트스토어 구****,5,True,1,1,https://assets6.cre.ma/p/phytonutri-kr/reviews/00/00/09/67/68/image1/9d2e58f079cdbbe9.webp,1000000297,"그로우뉴 아이 유기농칼슘&마그네슘 비타민D,k2,망간",https://www.phytonutri.kr/goods/goods_view.php?goodsNo=1000000297,4.9,4844,0,0,"{'1': ['만족도'], '0': ['품질']}",[],[]
96769,88,5,smart_store,스마트스토어,"파이토뉴트리 제품은 너무 좋죠 :) 비타민디, 지니어스뉴 아주 만족하며 먹이다 그로우뉴까지 추가해봤어요!",2026-05-12T09:54:26+09:00,2026-05-12,네이버 스마트스토어 구****,5,True,1,1,https://assets6.cre.ma/p/phytonutri-kr/reviews/00/00/09/67/69/image1/1f16f57e863bd91b.webp,1000000297,"그로우뉴 아이 유기농칼슘&마그네슘 비타민D,k2,망간",https://www.phytonutri.kr/goods/goods_view.php?goodsNo=1000000297,4.9,4844,0,0,{'2': ['만족도']},[],[]
96770,88,5,smart_store,스마트스토어,"아기 신생아때부터 1년 넘게 먹이고 있어요! 아기가 밥은 안먹는데 투데이D3는 뚜껑 열때부터 흥분하기 시작해서 캡슐 따면 빨리 달라고 난리예요
맛있나 싶어 먹어봤는데 무맛이더라구요ㅋㅋ 식감(?)이 좋아서 그런지 아무튼 너무너무 좋아합니다 :)",2026-05-12T09:53:33+09:00,2026-05-12,네이버 스마트스토어 구****,5,True,1,1,https://assets6.cre.ma/p/phytonutri-kr/reviews/00/00/09/67/70/image1/86329d6d449070e2.webp,1000000325,투데이디3 for baby,https://www.phytonutri.kr/goods/goods_view.php?goodsNo=1000000325,4.9,3634,0,0,"{'2': ['만족도'], '0': ['맛'], '1': ['식감']}",[],[]
96799,88,5,,자사몰(고도몰),아기가 너무 좋아하더라고요!! 하나 줬는데 처음 먹어보는건데 30초만에 원샷 한거보고 깜짝 놀랐어요!ㅎㅎ,2026-05-12T09:34:01+09:00,2026-05-12,suju******,5,False,0,0,,1000000342,이트뮨 아이 배도라지즙&엘더베리사과주스,https://www.phytonutri.kr/goods/goods_view.php?goodsNo=1000000342,4.9,609,0,0,{'1': ['만족도']},[],[]
96771,88,5,smart_store,스마트스토어,"배송 빨라요~
아기가 거부없이 잘 먹고 있어요~",2026-05-12T09:22:23+09:00,2026-05-12,네이버 스마트스토어 구****,5,True,1,1,https://assets6.cre.ma/p/phytonutri-kr/reviews/00/00/09/67/71/image1/ff204d5b574da3f5.webp,1000000298,지니어스뉴 + 그로우뉴 세트,https://www.phytonutri.kr/goods/goods_view.php?goodsNo=1000000298,4.9,1413,0,0,"{'1': ['만족도', '배송', '식감']}",[],[]
96772,88,5,smart_store,스마트스토어,요즘은 오메가도 다들 먹이는거 같아서 저도 찾아보다가 먹였습니다...가루안먹고...구미는 아직 위험해서 액상찾아보다가 구매해서 먹였는데...잘먹더라구요?ㅎㅎ 우선 거부감없이 먹어줘서 그거에 만족하고있습니다.ㅎㅎㅎ,2026-05-12T09:02:08+09:00,2026-05-12,네이버 스마트스토어 구****,5,True,1,1,https://assets6.cre.ma/p/phytonutri-kr/reviews/00/00/09/67/72/image1/c7c169820c0d062b.webp,1000000281,지니어스뉴 드롭스&톡캡스,https://www.phytonutri.kr/goods/goods_view.php?goodsNo=1000000281,4.9,14386,0,0,"{'1': ['만족도', '맛']}",[],[]
96773,88,5,smart_store,스마트스토어,"돌 이후 부터 두돌이 지나 꾸준하게 먹인 덕분인지
우리아이 인지가 또래보다 빠르다고
어린이집 선생님께서 말씀해 주셨어요
가정에서 학습지 같은것을 하는지
알고 계시더라구요
저흰 아이가 읽어달라는책 읽어주고
노는거 봐주고 말 걸어주고 
이런 것 밖에 안하는데
넘 똑순이래요~",2026-05-12T08:31:13+09:00,2026-05-12,네이버 스마트스토어 구****,5,True,1,1,https://assets6.cre.ma/p/phytonutri-kr/reviews/00/00/09/67/73/image1/b4664c8144102790.webp,1000000281,지니어스뉴 드롭스&톡캡스,https://www.phytonutri.kr/goods/goods_view.php?goodsNo=1000000281,4.9,14386,0,0,"{'1': ['만족도', '효과']}",[],[]
96774,88,5,smart_store,스마트스토어,배송도 빠르고 제품도 좋아요,2026-05-11T23:48:16+09:00,2026-05-11,네이버 스마트스토어 구****,5,True,1,1,https://assets6.cre.ma/p/phytonutri-kr/reviews/00/00/09/67/74/image1/38c98d1248c07cdd.webp,1000000281,지니어스뉴 드롭스&톡캡스,https://www.phytonutri.kr/goods/goods_view.php?goodsNo=1000000281,4.9,14386,0,0,"{'1': ['만족도', '배송']}",[],[]
96775,88,3,smart_store,스마트스토어,생각보다 양이 진짜 적은데 잘 안먹어지네요,2026-05-11T23:21:43+09:00,2026-05-11,네이버 스마트스토어 구****,5,True,1,1,https://assets6.cre.ma/p/phytonutri-kr/reviews/00/00/09/67/75/image1/4d148c5fc8071c47.webp,1000000281,지니어스뉴 드롭스&톡캡스,https://www.phytonutri.kr/goods/goods_view.php?goodsNo=1000000281,4.9,14386,0,0,"{'-1': ['만족도'], '-2': ['용량']}",[],[]
96776,88,5,smart_store,스마트스토어,먹이기 편하고 조아요!! ㅎ,2026-05-11T23:17:04+09:00,2026-05-11,네이버 스마트스토어 구****,5,True,1,1,https://assets6.cre.ma/p/phytonutri-kr/reviews/00/00/09/67/76/image1/7c0790681c313b73.webp,1000000281,지니어스뉴 드롭스&톡캡스,https://www.phytonutri.kr/goods/goods_view.php?goodsNo=1000000281,4.9,14386,0,0,"{'1': ['만족도', '편의성']}",[],[]
96777,88,5,smart_store,스마트스토어,포장이 엄청 꼼꼼해요 부족한 영양분 채우기 위해 구매합니다,2026-05-11T23:13:52+09:00,2026-05-11,네이버 스마트스토어 구****,5,True,1,1,https://assets6.cre.ma/p/phytonutri-kr/reviews/00/00/09/67/77/image1/b88cfe192a8ac2f7.webp,1000000281,지니어스뉴 드롭스&톡캡스,https://www.phytonutri.kr/goods/goods_view.php?goodsNo=1000000281,4.9,14386,0,0,"{'1': ['만족도'], '2': ['포장'], '0': ['성분']}",[],[]
96778,88,5,smart_store,스마트스토어,비타민d도 포함되어 있어서 좋아요. 아기 키가 또래 평균이상인데 도움된거 같아요,2026-05-11T23:03:52+09:00,2026-05-11,네이버 스마트스토어 구****,5,False,0,0,,1000000297,"그로우뉴 아이 유기농칼슘&마그네슘 비타민D,k2,망간",https://www.phytonutri.kr/goods/goods_view.php?goodsNo=1000000297,4.9,4844,0,0,"{'1': ['만족도', '성분', '효과']}",[],[]
96779,88,4,smart_store,스마트스토어,아직 먹이지못했어요   좋겠죠,2026-05-11T22:56:44+09:00,2026-05-11,네이버 스마트스토어 구****,5,False,0,0,,1000000375,데이프로바 + 투데이디3 세트,https://www.phytonutri.kr/goods/goods_view.php?goodsNo=1000000375,4.9,139,0,0,{'0': ['만족도']},[],[]
96780,88,5,smart_store,스마트스토어,아직 먹이지않았으나 좋을것으로 기대합니다,2026-05-11T22:56:12+09:00,2026-05-11,네이버 스마트스토어 구****,5,False,0,0,,1000000281,지니어스뉴 드롭스&톡캡스,https://www.phytonutri.kr/goods/goods_view.php?goodsNo=1000000281,4.9,14386,0,0,{'0': ['만족도']},[],[]
96781,88,5,smart_store,스마트스토어,매번 주문해서 먹고있어요 두스포이드! 색이 와전히 노란건아니고 연두색이 아주희미하게 섞인 느낌의 색이에요,2026-05-11T22:16:05+09:00,2026-05-11,네이버 스마트스토어 구****,5,True,1,1,https://assets6.cre.ma/p/phytonutri-kr/reviews/00/00/09/67/81/image1/4d90e262b90c7ed7.webp,1000000281,지니어스뉴 드롭스&톡캡스,https://www.phytonutri.kr/goods/goods_view.php?goodsNo=1000000281,4.9,14386,0,0,"{'2': ['만족도'], '0': ['제품상태']}",[],[]
96782,88,5,smart_store,스마트스토어,믿고 항상먹이고 있어요,2026-05-11T22:15:55+09:00,2026-05-11,네이버 스마트스토어 구****,5,True,1,1,https://assets6.cre.ma/p/phytonutri-kr/reviews/00/00/09/67/82/image1/5b12ed48fe4cc1a0.webp,1000000325,투데이디3 for baby,https://www.phytonutri.kr/goods/goods_view.php?goodsNo=1000000325,4.9,3634,0,0,{'1': ['만족도']},[],[]
96718,88,5,,자사몰(고도몰),잘먹고 있어요 이제 다먹어가서 재주문하려구요 ㅎㅎㅎ,2026-05-11T22:00:46+09:00,2026-05-11,박****,10,False,0,0,,1000000326,지니어스뉴 + 투데이디3 세트,https://www.phytonutri.kr/goods/goods_view.php?goodsNo=1000000326,4.8,245,0,0,{'1': ['만족도']},"[{'name': '[필수] 오프너 선택', 'value': '톡캡스 [톡캡스 오프너X]'}, {'name': '[필수] 제품선택', 'value': '지니어스뉴 톡캡스 1병+투데이D3 오일밤 1개 [1개월성장패키지]'}]",[]
96783,88,5,smart_store,스마트스토어,"16개월 아기 거의 매일, 아침 우유에 태워서 먹이고 있어요~
유산균 덕분인지 최근 몇달간 배탈 난 적 없네요 :)",2026-05-11T21:57:14+09:00,2026-05-11,네이버 스마트스토어 구****,5,True,1,1,https://assets6.cre.ma/p/phytonutri-kr/reviews/00/00/09/67/83/image1/5b3e4e85230988d9.webp,1000000363,데이프로바 for baby 아기 쌩쌩유산균,https://www.phytonutri.kr/goods/goods_view.php?goodsNo=1000000363,4.9,363,0,0,"{'1': ['만족도', '효과']}",[],[]
96784,88,5,smart_store,스마트스토어,아기 2틀에 한번꼴로 주고있어요 고소한지 너무잘먹네요^^,2026-05-11T21:47:56+09:00,2026-05-11,네이버 스마트스토어 구****,5,True,1,1,https://assets6.cre.ma/p/phytonutri-kr/reviews/00/00/09/67/84/image1/f2ab56d201dfb754.webp,1000000281,지니어스뉴 드롭스&톡캡스,https://www.phytonutri.kr/goods/goods_view.php?goodsNo=1000000281,4.9,14386,0,0,"{'1': ['만족도', '맛']}",[],[]
96785,88,5,smart_store,스마트스토어,꾸준히 먹이고 있어요 넘 좋아용!!,2026-05-11T21:00:15+09:00,2026-05-11,네이버 스마트스토어 구****,5,True,1,1,https://assets6.cre.ma/p/phytonutri-kr/reviews/00/00/09/67/85/image1/677882ce31c7bd76.webp,1000000281,지니어스뉴 드롭스&톡캡스,https://www.phytonutri.kr/goods/goods_view.php?goodsNo=1000000281,4.9,14386,0,0,{'2': ['만족도']},[],[]
96786,88,5,smart_store,스마트스토어,두돌아기 7살 둘 다 거부감없이 잘 먹어요~,2026-05-11T20:46:58+09:00,2026-05-11,네이버 스마트스토어 구****,5,True,1,1,https://assets6.cre.ma/p/phytonutri-kr/reviews/00/00/09/67/86/image1/fe6c6491359d621e.webp,1000000281,지니어스뉴 드롭스&톡캡스,https://www.phytonutri.kr/goods/goods_view.php?goodsNo=1000000281,4.9,14386,0,0,{'1': ['만족도']},[],[]
96787,89,5,smart_store,스마트스토어,애들이 거부감없이 잘 먹어요,2026-05-11T20:04:26+09:00,2026-05-11,네이버 스마트스토어 구****,5,True,1,1,https://assets6.cre.ma/p/phytonutri-kr/reviews/00/00/09/67/87/image1/9b6c7d4a65618cfe.webp,1000000281,지니어스뉴 드롭스&톡캡스,https://www.phytonutri.kr/goods/goods_view.php?goodsNo=1000000281,4.9,14386,0,0,"{'1': ['만족도', '맛']}",[],[]
96788,89,5,smart_store,스마트스토어,아이 성장에 좋다고 해서 꾸준히 먹이고 있어요 음식에 섞어줘도 잘 먹네요 재구매항게요,2026-05-11T19:12:07+09:00,2026-05-11,네이버 스마트스토어 구****,5,True,1,1,https://assets6.cre.ma/p/phytonutri-kr/reviews/00/00/09/67/88/image1/9f173ea039e28caa.webp,1000000281,지니어스뉴 드롭스&톡캡스,https://www.phytonutri.kr/goods/goods_view.php?goodsNo=1000000281,4.9,14386,0,0,{'1': ['만족도']},[],[]
96789,89,5,smart_store,스마트스토어,먹이기는 힘들어요  ㅠ,2026-05-11T18:49:49+09:00,2026-05-11,네이버 스마트스토어 구****,5,False,0,0,,1000000281,지니어스뉴 드롭스&톡캡스,https://www.phytonutri.kr/goods/goods_view.php?goodsNo=1000000281,4.9,14386,0,0,"{'-1': ['만족도', '편의성']}",[],[]
96790,89,5,smart_store,스마트스토어,잘받았습니다 감사합니다,2026-05-11T17:48:28+09:00,2026-05-11,네이버 스마트스토어 구****,5,True,1,1,https://assets6.cre.ma/p/phytonutri-kr/reviews/00/00/09/67/90/image1/0d794cf1c594441d.webp,1000000281,지니어스뉴 드롭스&톡캡스,https://www.phytonutri.kr/goods/goods_view.php?goodsNo=1000000281,4.9,14386,0,0,{'0': ['만족도']},[],[]
96791,89,5,smart_store,스마트스토어,냄새는 좀 나지만 다른거랑 같이 먹여요,2026-05-11T17:05:41+09:00,2026-05-11,네이버 스마트스토어 구****,5,False,0,0,,1000000281,지니어스뉴 드롭스&톡캡스,https://www.phytonutri.kr/goods/goods_view.php?goodsNo=1000000281,4.9,14386,0,0,"{'0': ['만족도'], '-1': ['냄새']}",[],[]
96792,89,5,smart_store,스마트스토어,먹이기 너무 편리하고 아이가 거부감없이 잘 섭취해서좋아요,2026-05-11T16:30:13+09:00,2026-05-11,네이버 스마트스토어 구****,5,True,1,1,https://assets6.cre.ma/p/phytonutri-kr/reviews/00/00/09/67/92/image1/223cd438cc553b6a.webp,1000000281,지니어스뉴 드롭스&톡캡스,https://www.phytonutri.kr/goods/goods_view.php?goodsNo=1000000281,4.9,14386,0,0,"{'1': ['만족도', '편의성']}",[],[]
96793,89,5,smart_store,스마트스토어,"저희애는 이거만 먹어요
확실히 이거 먹고 면역도 좋아진거같아
끊읗수가 없어요",2026-05-11T15:55:03+09:00,2026-05-11,네이버 스마트스토어 구****,5,True,1,1,https://assets6.cre.ma/p/phytonutri-kr/reviews/00/00/09/67/93/image1/96d97ec86ed96888.webp,1000000325,투데이디3 for baby,https://www.phytonutri.kr/goods/goods_view.php?goodsNo=1000000325,4.9,3634,0,0,"{'1': ['만족도', '효과']}",[],[]
96794,89,5,smart_store,스마트스토어,항상잘쓰는제품이에요 ^^,2026-05-11T15:53:58+09:00,2026-05-11,네이버 스마트스토어 구****,5,False,0,0,,1000000297,"그로우뉴 아이 유기농칼슘&마그네슘 비타민D,k2,망간",https://www.phytonutri.kr/goods/goods_view.php?goodsNo=1000000297,4.9,4844,0,0,{'1': ['만족도']},[],[]
96795,89,5,smart_store,스마트스토어,아기가 거부감없이 잘먹어요 ㅎㅎ,2026-05-11T15:43:31+09:00,2026-05-11,네이버 스마트스토어 구****,5,True,1,1,https://assets6.cre.ma/p/phytonutri-kr/reviews/00/00/09/67/95/image1/2b0cff82a5afde1b.webp,1000000281,지니어스뉴 드롭스&톡캡스,https://www.phytonutri.kr/goods/goods_view.php?goodsNo=1000000281,4.9,14386,0,0,"{'1': ['만족도', '맛']}",[],[]
96796,89,4,smart_store,스마트스토어,재구매 계속하게 됩니자,2026-05-11T15:32:21+09:00,2026-05-11,네이버 스마트스토어 구****,5,True,1,1,https://assets6.cre.ma/p/phytonutri-kr/reviews/00/00/09/67/96/image1/f9625d282a9d899c.webp,1000000298,지니어스뉴 + 그로우뉴 세트,https://www.phytonutri.kr/goods/goods_view.php?goodsNo=1000000298,4.9,1413,0,0,{'2': ['만족도']},[],[]
96797,89,5,smart_store,스마트스토어,"평소에 스포이드 비타민D를 먹였는데
다른걸로 먹이고 싶어서 찾았는데 아기가 너무 잘 먹어요! 관리도 편해요~!",2026-05-11T15:32:13+09:00,2026-05-11,네이버 스마트스토어 구****,5,False,0,0,,1000000325,투데이디3 for baby,https://www.phytonutri.kr/goods/goods_view.php?goodsNo=1000000325,4.9,3634,0,0,"{'1': ['만족도', '편의성']}",[],[]
96798,89,5,smart_store,스마트스토어,하나씩 뜯어 사용해서 위생적으로 안심됩니다,2026-05-11T15:25:25+09:00,2026-05-11,네이버 스마트스토어 구****,5,True,1,1,https://assets6.cre.ma/p/phytonutri-kr/reviews/00/00/09/67/98/image1/2f86f71ac61823d1.webp,1000000325,투데이디3 for baby,https://www.phytonutri.kr/goods/goods_view.php?goodsNo=1000000325,4.9,3634,0,0,"{'1': ['만족도', '포장']}",[],[]
96556,89,5,smart_store,스마트스토어,한번 드셔보세요들 좋아요~,2026-05-11T14:56:06+09:00,2026-05-11,네이버 스마트스토어 구****,5,False,0,0,,1000000403,뉴스데일리베스트 X 파이토뉴트리 맨드로포즈+,https://www.phytonutri.kr/goods/goods_view.php?goodsNo=1000000403,4.7,193,0,0,{'1': ['만족도']},[],[]
96557,89,5,smart_store,스마트스토어,배송도 빠르고 만족합니다.,2026-05-11T14:55:27+09:00,2026-05-11,네이버 스마트스토어 구****,5,True,1,1,https://assets6.cre.ma/p/phytonutri-kr/reviews/00/00/09/65/57/image1/1cc48939d7e581d2.webp,1000000281,지니어스뉴 드롭스&톡캡스,https://www.phytonutri.kr/goods/goods_view.php?goodsNo=1000000281,4.9,14386,0,0,"{'1': ['만족도', '배송']}",[],[]
96558,89,5,smart_store,스마트스토어,3번째 구매인데 확실히 몸이 덜 피곤해요,2026-05-11T14:53:54+09:00,2026-05-11,네이버 스마트스토어 구****,5,False,0,0,,1000000403,뉴스데일리베스트 X 파이토뉴트리 맨드로포즈+,https://www.phytonutri.kr/goods/goods_view.php?goodsNo=1000000403,4.7,193,0,0,"{'2': ['만족도'], '1': ['효과']}",[],[]
96559,89,5,smart_store,스마트스토어,"먹이기 간편하고 아기도 잘 먹어요 
포장도 꼼꼼하네여",2026-05-11T14:48:24+09:00,2026-05-11,네이버 스마트스토어 구****,5,False,0,0,,1000000325,투데이디3 for baby,https://www.phytonutri.kr/goods/goods_view.php?goodsNo=1000000325,4.9,3634,0,0,"{'1': ['만족도', '포장', '편의성']}",[],[]
96560,89,5,smart_store,스마트스토어,"개별포장이라 너무 좋어요
아이가 잘 먹어요 그냥 줘도 잘 먹지만 다른약과 섞어주긴 합니다. 
꾸준히 구매중이예요!!
계속 구매예정입니다~",2026-05-11T14:45:00+09:00,2026-05-11,네이버 스마트스토어 구****,5,True,1,1,https://assets6.cre.ma/p/phytonutri-kr/reviews/00/00/09/65/60/image1/ab99ab54e53b7f12.webp,1000000281,지니어스뉴 드롭스&톡캡스,https://www.phytonutri.kr/goods/goods_view.php?goodsNo=1000000281,4.9,14386,0,0,"{'2': ['만족도', '포장']}",[],[]
96561,89,5,smart_store,스마트스토어,"애기들이 잘먹어서 좋아요
2번째 구매에요",2026-05-11T14:43:38+09:00,2026-05-11,네이버 스마트스토어 구****,5,True,1,1,https://assets6.cre.ma/p/phytonutri-kr/reviews/00/00/09/65/61/image1/ced5a922c8865ff6.webp,1000000281,지니어스뉴 드롭스&톡캡스,https://www.phytonutri.kr/goods/goods_view.php?goodsNo=1000000281,4.9,14386,0,0,{'2': ['만족도']},[],[]
96555,89,5,,자사몰(고도몰),검은?입자도 있던데 뭐가 들어간 줄 알고 버렸는데 다른거에도 있네요 검은 입자 문제 없는거죠? 그럼 꾸준히 먹여보려고 해요,2026-05-11T14:24:14+09:00,2026-05-11,김****,10,True,1,1,https://assets6.cre.ma/p/phytonutri-kr/reviews/00/00/09/65/55/image1/1e3922bb20aa062a.webp,1000000297,"그로우뉴 아이 유기농칼슘&마그네슘 비타민D,k2,망간",https://www.phytonutri.kr/goods/goods_view.php?goodsNo=1000000297,4.9,4844,0,0,"{'0': ['만족도', '제품상태']}","[{'name': '구매옵션', 'value': '그로우뉴 1개월'}]","[{'name': '아이 성별', 'value': '남자'}, {'name': '몇 개월인가요?', 'value': '7~12개월'}]"
96554,89,5,,자사몰(고도몰),아기가 거부감 없이 잘 먹어주고 있어서 꾸준히 먹여보려고 해요 어른도 영양제 맛 없으면 거부하는데 다행히 아기가 잘 먹어주네요 여기꺼만 먹이고 있어요,2026-05-11T14:23:25+09:00,2026-05-11,김****,10,True,1,1,https://assets6.cre.ma/p/phytonutri-kr/reviews/00/00/09/65/54/image1/4fd41fd7ebeaef0a.webp,1000000326,지니어스뉴 + 투데이디3 세트,https://www.phytonutri.kr/goods/goods_view.php?goodsNo=1000000326,4.8,245,0,0,"{'1': ['만족도', '맛']}","[{'name': '[필수] 오프너 선택', 'value': '톡캡스 [톡캡스 오프너X]'}, {'name': '[필수] 제품선택', 'value': '지니어스뉴 톡캡스 1병+투데이D3 오일 1개 [1개월성장패키지]'}]","[{'name': '아이 성별', 'value': '남자'}, {'name': '몇 개월인가요?', 'value': '7~12개월'}]"
96553,90,5,,자사몰(고도몰),너무좋아요 매달 꾸준히 먹으니 피부가 매끈 해지네요~^^,2026-05-11T14:08:29+09:00,2026-05-11,안****,10,True,1,1,https://assets6.cre.ma/p/phytonutri-kr/reviews/00/00/09/65/53/image1/d6117e98cf3dbdf8.webp,1000000024,곤약세라미드 1.8 에피베리어+ 히알라스킨,https://www.phytonutri.kr/goods/goods_view.php?goodsNo=1000000024,4.6,1631,0,0,"{'2': ['만족도'], '1': ['효과']}","[{'name': '옵션', 'value': '에피베리어1개+히알라스킨1개[총1개월분]'}]","[{'name': '성별', 'value': '여성'}, {'name': '연령대', 'value': '40대'}]"
96562,90,5,smart_store,스마트스토어,이유식에 섞어 먹여요. 아기가 건강하고 튼튼하게 잘 자라길 기대합니다,2026-05-11T14:00:55+09:00,2026-05-11,네이버 스마트스토어 구****,5,True,1,1,https://assets6.cre.ma/p/phytonutri-kr/reviews/00/00/09/65/62/image1/2f63afabca6a8ffe.webp,1000000297,"그로우뉴 아이 유기농칼슘&마그네슘 비타민D,k2,망간",https://www.phytonutri.kr/goods/goods_view.php?goodsNo=1000000297,4.9,4844,0,0,{'0': ['만족도']},[],[]
96563,90,5,smart_store,스마트스토어,"10개월아기 먹이고있어요 이유식먹고
이유식스푼에 따서 주면 입에넣고 물이나 요거트로 바로주니 뱉지도않고 잘먹어요",2026-05-11T13:49:51+09:00,2026-05-11,네이버 스마트스토어 구****,5,True,1,1,https://assets6.cre.ma/p/phytonutri-kr/reviews/00/00/09/65/63/image1/986a46a41cd5106e.webp,1000000281,지니어스뉴 드롭스&톡캡스,https://www.phytonutri.kr/goods/goods_view.php?goodsNo=1000000281,4.9,14386,0,0,"{'1': ['만족도', '효과']}",[],[]
96564,90,4,smart_store,스마트스토어,잘먹어요 문제는 계속 하나만 더 달라고 하네여 하하,2026-05-11T13:20:07+09:00,2026-05-11,네이버 스마트스토어 구****,5,False,0,0,,1000000342,이트뮨 아이 배도라지즙&엘더베리사과주스,https://www.phytonutri.kr/goods/goods_view.php?goodsNo=1000000342,4.9,609,0,0,{'1': ['만족도']},[],[]
96565,90,5,smart_store,스마트스토어,10개월 아기 밥을 안먹어서 영양 챙겨주려고 샀어요. 잘먹어요! 꾸준히 먹이고 재구매하겠습니다.,2026-05-11T13:16:07+09:00,2026-05-11,네이버 스마트스토어 구****,5,True,1,1,https://assets6.cre.ma/p/phytonutri-kr/reviews/00/00/09/65/65/image1/b05b65212320a718.webp,1000000281,지니어스뉴 드롭스&톡캡스,https://www.phytonutri.kr/goods/goods_view.php?goodsNo=1000000281,4.9,14386,0,0,"{'1': ['만족도', '효과']}",[],[]
96566,90,5,smart_store,스마트스토어,간식에 넣어주니 잘먹네요,2026-05-11T13:15:32+09:00,2026-05-11,네이버 스마트스토어 구****,5,True,1,1,https://assets6.cre.ma/p/phytonutri-kr/reviews/00/00/09/65/66/image1/381e293e940ae2c2.webp,1000000281,지니어스뉴 드롭스&톡캡스,https://www.phytonutri.kr/goods/goods_view.php?goodsNo=1000000281,4.9,14386,0,0,{'1': ['만족도']},[],[]
96567,90,4,smart_store,스마트스토어,구수한냄새보단 저한텐 좀 비릿한느낌이 있긴 하지만 두뇌성장을 위해 이유식에 뿌려서 주면 아기는 큰 거부감없이 잘 먹어요,2026-05-11T13:14:30+09:00,2026-05-11,네이버 스마트스토어 구****,5,True,1,1,https://assets6.cre.ma/p/phytonutri-kr/reviews/00/00/09/65/67/image1/48bc8d144a194058.webp,1000000281,지니어스뉴 드롭스&톡캡스,https://www.phytonutri.kr/goods/goods_view.php?goodsNo=1000000281,4.9,14386,0,0,"{'1': ['만족도'], '-1': ['냄새']}",[],[]
96568,90,5,smart_store,스마트스토어,6개월때부터 꾸준히 챵겨주던 필수영양소에요 하나씩 주기 딱 좋고 여행때도 챙겨다니기 너무 편합니다.,2026-05-11T13:13:34+09:00,2026-05-11,네이버 스마트스토어 구****,5,True,1,1,https://assets6.cre.ma/p/phytonutri-kr/reviews/00/00/09/65/68/image1/ece7fb2bc4067ec2.webp,1000000325,투데이디3 for baby,https://www.phytonutri.kr/goods/goods_view.php?goodsNo=1000000325,4.9,3634,0,0,"{'1': ['만족도'], '2': ['편의성']}",[],[]
96569,90,5,smart_store,스마트스토어,"아기한테 필수적인 비타민d 영양소 편하게 챙겨줄 수 있어서 좋아요 
무엇보다도 산패걱정없고 정량 입으로 쭉 짜넣어줄 수 있어서 좋습니다.",2026-05-11T13:12:37+09:00,2026-05-11,네이버 스마트스토어 구****,5,True,1,1,https://assets6.cre.ma/p/phytonutri-kr/reviews/00/00/09/65/69/image1/188b96f8e72c7d23.webp,1000000325,투데이디3 for baby,https://www.phytonutri.kr/goods/goods_view.php?goodsNo=1000000325,4.9,3634,0,0,"{'1': ['만족도', '포장', '성분', '편의성']}",[],[]
96570,90,4,smart_store,스마트스토어,"벌써 일년째 꾸준히 먹이고 있어요
아기발달에 좋은 영향을 주고 있는것 같아요",2026-05-11T12:57:18+09:00,2026-05-11,네이버 스마트스토어 구****,5,True,1,1,https://assets6.cre.ma/p/phytonutri-kr/reviews/00/00/09/65/70/image1/20c4146055a88933.webp,1000000281,지니어스뉴 드롭스&톡캡스,https://www.phytonutri.kr/goods/goods_view.php?goodsNo=1000000281,4.9,14386,0,0,"{'2': ['만족도'], '1': ['효과']}",[],[]
96571,90,5,smart_store,스마트스토어,"한알씩 급여하니 넘 편해요
비리지 않고 좋습니다",2026-05-11T11:57:53+09:00,2026-05-11,네이버 스마트스토어 구****,5,True,1,1,https://assets6.cre.ma/p/phytonutri-kr/reviews/00/00/09/65/71/image1/4a0495cec87f1c9f.webp,1000000281,지니어스뉴 드롭스&톡캡스,https://www.phytonutri.kr/goods/goods_view.php?goodsNo=1000000281,4.9,14386,0,0,"{'1': ['만족도', '맛', '편의성']}",[],[]
96572,90,4,smart_store,스마트스토어,저희아기가 이가나려고 준비하는 시기라 주문했어요. 😊조리원동기친구가 추천한 칼슘영양제라 첫주문했는데요. 한달먹여보고 괜찮으면 또 주문하려구요.,2026-05-11T11:55:27+09:00,2026-05-11,네이버 스마트스토어 구****,5,True,1,1,https://assets6.cre.ma/p/phytonutri-kr/reviews/00/00/09/65/72/image1/d41e88342efbf81a.webp,1000000297,"그로우뉴 아이 유기농칼슘&마그네슘 비타민D,k2,망간",https://www.phytonutri.kr/goods/goods_view.php?goodsNo=1000000297,4.9,4844,0,0,{'0': ['만족도']},[],[]
96573,90,5,smart_store,스마트스토어,냉장보관이라 습관들기전에 기억하기 수월친 않지만 성분도 제조일자도 다 좋아서 쭉 먹일 생각입니다 ㅎㅎ,2026-05-11T11:51:38+09:00,2026-05-11,네이버 스마트스토어 구****,5,True,1,1,https://assets6.cre.ma/p/phytonutri-kr/reviews/00/00/09/65/73/image1/a15dd3c223e17923.webp,1000000281,지니어스뉴 드롭스&톡캡스,https://www.phytonutri.kr/goods/goods_view.php?goodsNo=1000000281,4.9,14386,0,0,"{'1': ['만족도', '제품상태', '성분']}",[],[]
96574,90,5,smart_store,스마트스토어,아이가 황금변도잘보고 너무 먹이기편해서 좋아요,2026-05-11T11:34:38+09:00,2026-05-11,네이버 스마트스토어 구****,5,False,0,0,,1000000375,데이프로바 + 투데이디3 세트,https://www.phytonutri.kr/goods/goods_view.php?goodsNo=1000000375,4.9,139,0,0,"{'1': ['만족도', '효과', '편의성']}",[],[]
96575,90,5,smart_store,스마트스토어,"일단 유산균으로는 매우 만족입니다. 다만, 100일 전 아기가 먹기엔 너무 쎘는지, 배앓이를 하더라고요. (똥은 잘 쌈)100일 되면 다시 먹일 예정입니다.",2026-05-11T11:07:28+09:00,2026-05-11,네이버 스마트스토어 구****,5,False,0,0,,1000000375,데이프로바 + 투데이디3 세트,https://www.phytonutri.kr/goods/goods_view.php?goodsNo=1000000375,4.9,139,0,0,"{'1': ['만족도'], '0': ['효과']}",[],[]
96576,90,5,smart_store,스마트스토어,처음부터 지금까지 지니어스뉴만 먹고있어요 믿고 사는 아이 영양제,2026-05-11T10:49:32+09:00,2026-05-11,네이버 스마트스토어 구****,5,True,1,1,https://assets6.cre.ma/p/phytonutri-kr/reviews/00/00/09/65/76/image1/82426cbd8a420561.webp,1000000281,지니어스뉴 드롭스&톡캡스,https://www.phytonutri.kr/goods/goods_view.php?goodsNo=1000000281,4.9,14386,0,0,{'1': ['만족도']},[],[]
96577,90,5,smart_store,스마트스토어,아기가 단 한번도 거부감 없이 너무 잘 먹어주고 있어서 좋아요,2026-05-11T10:48:51+09:00,2026-05-11,네이버 스마트스토어 구****,5,True,1,1,https://assets6.cre.ma/p/phytonutri-kr/reviews/00/00/09/65/77/image1/f0568c7e979554c2.webp,1000000281,지니어스뉴 드롭스&톡캡스,https://www.phytonutri.kr/goods/goods_view.php?goodsNo=1000000281,4.9,14386,0,0,"{'1': ['만족도', '맛']}",[],[]
96578,90,5,smart_store,스마트스토어,진짜 아기 두뇌영양에 필수템 이것만 몇개월째 먹고있어요,2026-05-11T10:48:15+09:00,2026-05-11,네이버 스마트스토어 구****,5,True,1,1,https://assets6.cre.ma/p/phytonutri-kr/reviews/00/00/09/65/78/image1/6094a1ea4ba93dc3.webp,1000000281,지니어스뉴 드롭스&톡캡스,https://www.phytonutri.kr/goods/goods_view.php?goodsNo=1000000281,4.9,14386,0,0,{'2': ['만족도']},[],[]
96579,90,5,smart_store,스마트스토어,"14개월 아침 유아식에 넣어주고 있어요
안먹을까봐 걱정했는데 잘 먹네요~",2026-05-11T10:19:04+09:00,2026-05-11,네이버 스마트스토어 구****,5,True,1,1,https://assets6.cre.ma/p/phytonutri-kr/reviews/00/00/09/65/79/image1/0d2517ad5ae81a7c.webp,1000000281,지니어스뉴 드롭스&톡캡스,https://www.phytonutri.kr/goods/goods_view.php?goodsNo=1000000281,4.9,14386,0,0,{'1': ['만족도']},[],[]
96580,90,5,smart_store,스마트스토어,늘 우리 아이가 먹는 영양제 네요 ㅎㅎ,2026-05-11T10:08:28+09:00,2026-05-11,네이버 스마트스토어 구****,5,True,1,1,https://assets6.cre.ma/p/phytonutri-kr/reviews/00/00/09/65/80/image1/53e8298cf66b7fab.webp,1000000297,"그로우뉴 아이 유기농칼슘&마그네슘 비타민D,k2,망간",https://www.phytonutri.kr/goods/goods_view.php?goodsNo=1000000297,4.9,4844,0,0,{'1': ['만족도']},[],[]
96581,91,5,smart_store,스마트스토어,아기 잘 먹이고 있어요~~,2026-05-11T09:56:45+09:00,2026-05-11,네이버 스마트스토어 구****,5,True,1,1,https://assets6.cre.ma/p/phytonutri-kr/reviews/00/00/09/65/81/image1/3d96b9e3e8848cb5.webp,1000000297,"그로우뉴 아이 유기농칼슘&마그네슘 비타민D,k2,망간",https://www.phytonutri.kr/goods/goods_view.php?goodsNo=1000000297,4.9,4844,0,0,{'1': ['만족도']},[],[]
96582,91,5,smart_store,스마트스토어,"그릭요거트에 섞어 먹이니  잘 먹어요
꾸준히 먹여보려구요",2026-05-11T09:29:34+09:00,2026-05-11,네이버 스마트스토어 구****,5,True,1,1,https://assets6.cre.ma/p/phytonutri-kr/reviews/00/00/09/65/82/image1/3357885f1216f9bd.webp,1000000297,"그로우뉴 아이 유기농칼슘&마그네슘 비타민D,k2,망간",https://www.phytonutri.kr/goods/goods_view.php?goodsNo=1000000297,4.9,4844,0,0,{'1': ['만족도']},[],[]
96583,91,5,smart_store,스마트스토어,가루로 실온 보관해서 편하게 잘 먹이고 있습니다.,2026-05-11T09:20:37+09:00,2026-05-11,네이버 스마트스토어 구****,5,False,0,0,,1000000363,데이프로바 for baby 아기 쌩쌩유산균,https://www.phytonutri.kr/goods/goods_view.php?goodsNo=1000000363,4.9,363,0,0,"{'1': ['만족도', '편의성']}",[],[]
96584,91,5,smart_store,스마트스토어,아기가 잘먹어요 피부도 촉촉해지는것같고,2026-05-11T09:16:01+09:00,2026-05-11,네이버 스마트스토어 구****,5,False,0,0,,1000000281,지니어스뉴 드롭스&톡캡스,https://www.phytonutri.kr/goods/goods_view.php?goodsNo=1000000281,4.9,14386,0,0,"{'1': ['만족도', '효과']}",[],[]
96585,91,4,smart_store,스마트스토어,재주문이긴 합니다만 꾸준히 못먹였어요..,2026-05-11T08:58:26+09:00,2026-05-11,네이버 스마트스토어 구****,5,True,1,1,https://assets6.cre.ma/p/phytonutri-kr/reviews/00/00/09/65/85/image1/849a6c24ac47bdaa.webp,1000000281,지니어스뉴 드롭스&톡캡스,https://www.phytonutri.kr/goods/goods_view.php?goodsNo=1000000281,4.9,14386,0,0,{'1': ['만족도']},[],[]
96586,91,5,smart_store,스마트스토어,아주 잘먹구있습니다 돌아긴데 거부감이 없어요,2026-05-11T08:14:28+09:00,2026-05-11,네이버 스마트스토어 구****,5,True,1,1,https://assets6.cre.ma/p/phytonutri-kr/reviews/00/00/09/65/86/image1/b6a44a01fce85682.webp,1000000281,지니어스뉴 드롭스&톡캡스,https://www.phytonutri.kr/goods/goods_view.php?goodsNo=1000000281,4.9,14386,0,0,"{'1': ['만족도', '맛']}",[],[]
96587,91,5,smart_store,스마트스토어,"돌 전부터 복용해 1년째 먹이는중이에요
저희 아이는 이것만 단독으로 먹이면 먹지않아 주로 푸레에 타서 먹이고있어요",2026-05-11T06:20:13+09:00,2026-05-11,네이버 스마트스토어 구****,5,True,1,1,https://assets6.cre.ma/p/phytonutri-kr/reviews/00/00/09/65/87/image1/dd511e8c42b4eed5.webp,1000000297,"그로우뉴 아이 유기농칼슘&마그네슘 비타민D,k2,망간",https://www.phytonutri.kr/goods/goods_view.php?goodsNo=1000000297,4.9,4844,0,0,{'1': ['만족도']},[],[]
96588,91,5,smart_store,스마트스토어,배송포장 만족하고 효○는 이제부터~,2026-05-11T05:27:55+09:00,2026-05-11,네이버 스마트스토어 구****,5,False,0,0,,1000000403,뉴스데일리베스트 X 파이토뉴트리 맨드로포즈+,https://www.phytonutri.kr/goods/goods_view.php?goodsNo=1000000403,4.7,193,0,0,"{'1': ['만족도', '배송', '포장'], '0': ['효과']}",[],[]
96589,91,5,smart_store,스마트스토어,항상 먹이는 재품이라 믿고 먹여요,2026-05-11T01:12:13+09:00,2026-05-11,네이버 스마트스토어 구****,5,True,1,1,https://assets6.cre.ma/p/phytonutri-kr/reviews/00/00/09/65/89/image1/004ddd82b6a51431.webp,1000000281,지니어스뉴 드롭스&톡캡스,https://www.phytonutri.kr/goods/goods_view.php?goodsNo=1000000281,4.9,14386,0,0,{'1': ['만족도']},[],[]
96590,91,5,smart_store,스마트스토어,잘 먹고 잇어요 ㅎㅎ,2026-05-11T00:42:49+09:00,2026-05-11,네이버 스마트스토어 구****,5,True,1,1,https://assets6.cre.ma/p/phytonutri-kr/reviews/00/00/09/65/90/image1/c3cf77dc5c483015.webp,1000000325,투데이디3 for baby,https://www.phytonutri.kr/goods/goods_view.php?goodsNo=1000000325,4.9,3634,0,0,{'1': ['만족도']},[],[]
96591,91,5,smart_store,스마트스토어,두번째 구매에요!!! 아주 좋아요,2026-05-11T00:00:10+09:00,2026-05-11,네이버 스마트스토어 구****,5,True,1,1,https://assets6.cre.ma/p/phytonutri-kr/reviews/00/00/09/65/91/image1/fedf3982bd2dbf13.webp,1000000281,지니어스뉴 드롭스&톡캡스,https://www.phytonutri.kr/goods/goods_view.php?goodsNo=1000000281,4.9,14386,0,0,{'2': ['만족도']},[],[]
96592,91,4,smart_store,스마트스토어,아기가 잘 먹어서 꾸준히 먹이고있는제품입니다 휴대하기 편해요,2026-05-10T23:09:00+09:00,2026-05-10,네이버 스마트스토어 구****,5,True,1,1,https://assets6.cre.ma/p/phytonutri-kr/reviews/00/00/09/65/92/image1/1901a4c651db157d.webp,1000000297,"그로우뉴 아이 유기농칼슘&마그네슘 비타민D,k2,망간",https://www.phytonutri.kr/goods/goods_view.php?goodsNo=1000000297,4.9,4844,0,0,"{'1': ['만족도', '편의성']}",[],[]
96593,91,5,smart_store,스마트스토어,꾸준히먹이는 제품입니다! 아기가 그냥줘도 잘 받아먹고 타줘도 잘먹어요,2026-05-10T23:08:27+09:00,2026-05-10,네이버 스마트스토어 구****,5,True,1,1,https://assets6.cre.ma/p/phytonutri-kr/reviews/00/00/09/65/93/image1/c2ea176f65754bbf.webp,1000000326,지니어스뉴 + 투데이디3 세트,https://www.phytonutri.kr/goods/goods_view.php?goodsNo=1000000326,4.8,245,0,0,{'1': ['만족도']},[],[]
96594,91,4,smart_store,스마트스토어,비릿한감은 좀있어요. 아기를 위해먹이려구요,2026-05-10T22:56:21+09:00,2026-05-10,네이버 스마트스토어 구****,5,True,1,1,https://assets6.cre.ma/p/phytonutri-kr/reviews/00/00/09/65/94/image1/603218411c9dfc7b.webp,1000000281,지니어스뉴 드롭스&톡캡스,https://www.phytonutri.kr/goods/goods_view.php?goodsNo=1000000281,4.9,14386,0,0,"{'0': ['만족도', '맛']}",[],[]
96595,91,5,smart_store,스마트스토어,☆☆☆☆☆☆☆☆☆☆☆,2026-05-10T22:54:30+09:00,2026-05-10,네이버 스마트스토어 구****,5,False,0,0,,1000000298,지니어스뉴 + 그로우뉴 세트,https://www.phytonutri.kr/goods/goods_view.php?goodsNo=1000000298,4.9,1413,0,0,{'0': ['만족도']},[],[]
96596,91,5,smart_store,스마트스토어,"애기들 유산균으로 최곱니다
안심캡슐을따기만하면되고
매우안전해서 안심이됩니다!!",2026-05-10T22:47:57+09:00,2026-05-10,네이버 스마트스토어 구****,5,True,1,1,https://assets6.cre.ma/p/phytonutri-kr/reviews/00/00/09/65/96/image1/45973b6dce26349b.webp,1000000325,투데이디3 for baby,https://www.phytonutri.kr/goods/goods_view.php?goodsNo=1000000325,4.9,3634,0,0,"{'2': ['만족도'], '1': ['포장', '성분']}",[],[]
96597,91,5,smart_store,스마트스토어,잘받았어요~~꾸준히먹어볼께용!!,2026-05-10T22:19:52+09:00,2026-05-10,네이버 스마트스토어 구****,5,False,0,0,,1000000281,지니어스뉴 드롭스&톡캡스,https://www.phytonutri.kr/goods/goods_view.php?goodsNo=1000000281,4.9,14386,0,0,{'0': ['만족도']},[],[]
96598,91,5,smart_store,스마트스토어,항상 잘 먹이고 있어요 간편해서 너무 좋네요,2026-05-10T22:19:33+09:00,2026-05-10,네이버 스마트스토어 구****,5,False,0,0,,1000000325,투데이디3 for baby,https://www.phytonutri.kr/goods/goods_view.php?goodsNo=1000000325,4.9,3634,0,0,"{'1': ['만족도'], '2': ['편의성']}",[],[]
96599,91,5,smart_store,스마트스토어,너무 만족합니다 좋습니다,2026-05-10T21:33:51+09:00,2026-05-10,네이버 스마트스토어 구****,5,False,0,0,,1000000403,뉴스데일리베스트 X 파이토뉴트리 맨드로포즈+,https://www.phytonutri.kr/goods/goods_view.php?goodsNo=1000000403,4.7,193,0,0,{'2': ['만족도']},[],[]
96600,91,5,smart_store,스마트스토어,솔직히 냄새는 좀 비리긴한데 밥에 섞어주면 잘 먹어요,2026-05-10T21:23:26+09:00,2026-05-10,네이버 스마트스토어 구****,5,True,1,1,https://assets6.cre.ma/p/phytonutri-kr/reviews/00/00/09/66/00/image1/574f6406a523848e.webp,1000000281,지니어스뉴 드롭스&톡캡스,https://www.phytonutri.kr/goods/goods_view.php?goodsNo=1000000281,4.9,14386,0,0,"{'1': ['만족도'], '-1': ['냄새']}",[],[]
96601,92,5,smart_store,스마트스토어,저는 캡술형태가 편해서 사용하는데 편리해서 만족해요 추천합니다,2026-05-10T21:19:55+09:00,2026-05-10,네이버 스마트스토어 구****,5,True,1,1,https://assets6.cre.ma/p/phytonutri-kr/reviews/00/00/09/66/01/image1/c89d140b37672cdf.webp,1000000281,지니어스뉴 드롭스&톡캡스,https://www.phytonutri.kr/goods/goods_view.php?goodsNo=1000000281,4.9,14386,0,0,"{'1': ['만족도', '편의성']}",[],[]
96602,92,5,smart_store,스마트스토어,아기 챙겨주려고 샀는데 식후에 스포이드로 먹여도 잘먹어요ㅎㅎ,2026-05-10T21:16:36+09:00,2026-05-10,네이버 스마트스토어 구****,5,True,1,1,https://assets6.cre.ma/p/phytonutri-kr/reviews/00/00/09/66/02/image1/cef76ba5483bf750.webp,1000000281,지니어스뉴 드롭스&톡캡스,https://www.phytonutri.kr/goods/goods_view.php?goodsNo=1000000281,4.9,14386,0,0,{'1': ['만족도']},[],[]
96603,92,5,smart_store,스마트스토어,"2,4살 아이들 매일 챙겨주고 있어요",2026-05-10T21:03:38+09:00,2026-05-10,네이버 스마트스토어 구****,5,True,1,1,https://assets6.cre.ma/p/phytonutri-kr/reviews/00/00/09/66/03/image1/be171ba749d1c198.webp,1000000297,"그로우뉴 아이 유기농칼슘&마그네슘 비타민D,k2,망간",https://www.phytonutri.kr/goods/goods_view.php?goodsNo=1000000297,4.9,4844,0,0,{'1': ['만족도']},[],[]
96604,92,5,smart_store,스마트스토어,늘 잘 먹고 있습니다.,2026-05-10T20:58:59+09:00,2026-05-10,네이버 스마트스토어 구****,5,True,1,1,https://assets6.cre.ma/p/phytonutri-kr/reviews/00/00/09/66/04/image1/86aa93193d337e95.webp,1000000281,지니어스뉴 드롭스&톡캡스,https://www.phytonutri.kr/goods/goods_view.php?goodsNo=1000000281,4.9,14386,0,0,{'1': ['만족도']},[],[]
96605,92,5,smart_store,스마트스토어,아이 영양분때문에 먹이고잇는데 먹고 잘자는것같아 만족해요,2026-05-10T20:56:12+09:00,2026-05-10,네이버 스마트스토어 구****,5,True,1,1,https://assets6.cre.ma/p/phytonutri-kr/reviews/00/00/09/66/05/image1/7f2495410431d962.webp,1000000297,"그로우뉴 아이 유기농칼슘&마그네슘 비타민D,k2,망간",https://www.phytonutri.kr/goods/goods_view.php?goodsNo=1000000297,4.9,4844,0,0,"{'1': ['만족도', '효과']}",[],[]
96606,92,5,smart_store,스마트스토어,꾸준히 먹여볼까 합니다!,2026-05-10T20:29:27+09:00,2026-05-10,네이버 스마트스토어 구****,5,True,1,1,https://assets6.cre.ma/p/phytonutri-kr/reviews/00/00/09/66/06/image1/76e435895b117237.webp,1000000281,지니어스뉴 드롭스&톡캡스,https://www.phytonutri.kr/goods/goods_view.php?goodsNo=1000000281,4.9,14386,0,0,{'0': ['만족도']},[],[]
96607,92,5,smart_store,스마트스토어,칼슘 먹여볼려고 구매했는데 꾸준히 먹여야겠어요,2026-05-10T20:28:05+09:00,2026-05-10,네이버 스마트스토어 구****,5,True,1,1,https://assets6.cre.ma/p/phytonutri-kr/reviews/00/00/09/66/07/image1/b1417c86b5aab26e.webp,1000000297,"그로우뉴 아이 유기농칼슘&마그네슘 비타민D,k2,망간",https://www.phytonutri.kr/goods/goods_view.php?goodsNo=1000000297,4.9,4844,0,0,{'0': ['만족도']},[],[]
96608,92,4,smart_store,스마트스토어,원료나 가격은 좋은데 함량이 조금 아쉬워서 하루에 두세알씩 먹고 있어요~,2026-05-10T19:00:30+09:00,2026-05-10,네이버 스마트스토어 구****,5,True,1,1,https://assets6.cre.ma/p/phytonutri-kr/reviews/00/00/09/66/08/image1/746f827f85924eba.webp,1000000398,KD 파마 듀얼 초임계 rTG 오메가3,https://www.phytonutri.kr/goods/goods_view.php?goodsNo=1000000398,4.9,121,0,0,"{'0': ['만족도'], '1': ['가격', '품질'], '-1': ['성분']}",[],[]
96609,92,5,smart_store,스마트스토어,"가격이 좀 올랐지만
대체제가 없어서 그냥 구매합니다",2026-05-10T18:51:31+09:00,2026-05-10,네이버 스마트스토어 구****,5,True,1,1,https://assets6.cre.ma/p/phytonutri-kr/reviews/00/00/09/66/09/image1/f6204409fae720f2.webp,1000000297,"그로우뉴 아이 유기농칼슘&마그네슘 비타민D,k2,망간",https://www.phytonutri.kr/goods/goods_view.php?goodsNo=1000000297,4.9,4844,0,0,"{'0': ['만족도'], '-1': ['가격']}",[],[]
96610,92,5,smart_store,스마트스토어,먹이기 편리한 제품으로 추천합니다,2026-05-10T18:38:08+09:00,2026-05-10,네이버 스마트스토어 구****,5,False,0,0,,1000000325,투데이디3 for baby,https://www.phytonutri.kr/goods/goods_view.php?goodsNo=1000000325,4.9,3634,0,0,"{'1': ['만족도', '편의성']}",[],[]
96611,92,5,smart_store,스마트스토어,"칼슘 보충을 위해서 구입했는데
아기가 좋아하고 잘 먹어요!",2026-05-10T18:16:00+09:00,2026-05-10,네이버 스마트스토어 구****,5,True,1,1,https://assets6.cre.ma/p/phytonutri-kr/reviews/00/00/09/66/11/image1/5067d5ee483dc040.webp,1000000297,"그로우뉴 아이 유기농칼슘&마그네슘 비타민D,k2,망간",https://www.phytonutri.kr/goods/goods_view.php?goodsNo=1000000297,4.9,4844,0,0,{'1': ['만족도']},[],[]
96612,92,5,smart_store,스마트스토어,아이먹이려고 샀는데물에 타서먹이니 잘먹네요!!,2026-05-10T17:39:52+09:00,2026-05-10,네이버 스마트스토어 구****,5,False,0,0,,1000000297,"그로우뉴 아이 유기농칼슘&마그네슘 비타민D,k2,망간",https://www.phytonutri.kr/goods/goods_view.php?goodsNo=1000000297,4.9,4844,0,0,{'1': ['만족도']},[],[]
96613,92,5,smart_store,스마트스토어,배송이 빠르고 먹기 편리해요.,2026-05-10T17:31:19+09:00,2026-05-10,네이버 스마트스토어 구****,5,True,1,1,https://assets6.cre.ma/p/phytonutri-kr/reviews/00/00/09/66/13/image1/51966b8ca341c25f.webp,1000000281,지니어스뉴 드롭스&톡캡스,https://www.phytonutri.kr/goods/goods_view.php?goodsNo=1000000281,4.9,14386,0,0,"{'1': ['만족도', '배송', '편의성']}",[],[]
96614,92,5,smart_store,스마트스토어,배송이 빠르고 먹기 편리해요,2026-05-10T17:30:31+09:00,2026-05-10,네이버 스마트스토어 구****,5,True,1,1,https://assets6.cre.ma/p/phytonutri-kr/reviews/00/00/09/66/14/image1/7afc146cbd4b6dfa.webp,1000000281,지니어스뉴 드롭스&톡캡스,https://www.phytonutri.kr/goods/goods_view.php?goodsNo=1000000281,4.9,14386,0,0,"{'1': ['만족도', '배송', '편의성']}",[],[]
96615,92,5,smart_store,스마트스토어,"애기한테 바로 입으로 먹이고 있어요.
액체상태라 잘 삐져나오는데 싹싹 긁어 다시 넣어주면 쩝쩝하고 먹어용.",2026-05-10T17:12:30+09:00,2026-05-10,네이버 스마트스토어 구****,5,True,1,1,https://assets6.cre.ma/p/phytonutri-kr/reviews/00/00/09/66/15/image1/9b35a63c05943745.webp,1000000325,투데이디3 for baby,https://www.phytonutri.kr/goods/goods_view.php?goodsNo=1000000325,4.9,3634,0,0,{'1': ['만족도']},[],[]
96616,92,4,smart_store,스마트스토어,아가들이 계속 이제품만 먹고있어요,2026-05-10T16:50:08+09:00,2026-05-10,네이버 스마트스토어 구****,5,True,1,1,https://assets6.cre.ma/p/phytonutri-kr/reviews/00/00/09/66/16/image1/4f0e2cf4fe4c485a.webp,1000000326,지니어스뉴 + 투데이디3 세트,https://www.phytonutri.kr/goods/goods_view.php?goodsNo=1000000326,4.8,245,0,0,{'1': ['만족도']},[],[]
96617,92,5,smart_store,스마트스토어,ㅣ겨울동안 잘먹이고 재구매입니다 ㅎㅎ!,2026-05-10T15:35:27+09:00,2026-05-10,네이버 스마트스토어 구****,5,True,1,1,https://assets6.cre.ma/p/phytonutri-kr/reviews/00/00/09/66/17/image1/f776fe973adc9a1a.webp,1000000342,이트뮨 아이 배도라지즙&엘더베리사과주스,https://www.phytonutri.kr/goods/goods_view.php?goodsNo=1000000342,4.9,609,0,0,{'2': ['만족도']},[],[]
96618,92,5,smart_store,스마트스토어,재구매입니다! 너무좋아요!,2026-05-10T15:30:41+09:00,2026-05-10,네이버 스마트스토어 구****,5,True,1,1,https://assets6.cre.ma/p/phytonutri-kr/reviews/00/00/09/66/18/image1/e0f5861b6a91e004.webp,1000000281,지니어스뉴 드롭스&톡캡스,https://www.phytonutri.kr/goods/goods_view.php?goodsNo=1000000281,4.9,14386,0,0,{'2': ['만족도']},[],[]
96619,92,5,smart_store,스마트스토어,아주 좋아요 많이 파세요,2026-05-10T14:14:05+09:00,2026-05-10,네이버 스마트스토어 구****,5,True,1,1,https://assets6.cre.ma/p/phytonutri-kr/reviews/00/00/09/66/19/image1/78e2cc1786ede9b9.webp,1000000297,"그로우뉴 아이 유기농칼슘&마그네슘 비타민D,k2,망간",https://www.phytonutri.kr/goods/goods_view.php?goodsNo=1000000297,4.9,4844,0,0,{'2': ['만족도']},[],[]
96620,92,5,smart_store,스마트스토어,아주 추첮합니다 만ㅅ이파게요,2026-05-10T14:13:10+09:00,2026-05-10,네이버 스마트스토어 구****,5,True,1,1,https://assets6.cre.ma/p/phytonutri-kr/reviews/00/00/09/66/20/image1/eed20652fe8eeeab.webp,1000000297,"그로우뉴 아이 유기농칼슘&마그네슘 비타민D,k2,망간",https://www.phytonutri.kr/goods/goods_view.php?goodsNo=1000000297,4.9,4844,0,0,{'-2': ['만족도']},[],[]
96621,93,5,smart_store,스마트스토어,좋아유 믿고 먹여요,2026-05-10T14:05:21+09:00,2026-05-10,네이버 스마트스토어 구****,5,True,1,1,https://assets6.cre.ma/p/phytonutri-kr/reviews/00/00/09/66/21/image1/40699f34a4c6198b.webp,1000000297,"그로우뉴 아이 유기농칼슘&마그네슘 비타민D,k2,망간",https://www.phytonutri.kr/goods/goods_view.php?goodsNo=1000000297,4.9,4844,0,0,{'1': ['만족도']},[],[]
96622,93,5,smart_store,스마트스토어,아주 믿고 먹이는 아기 영양제,2026-05-10T14:05:01+09:00,2026-05-10,네이버 스마트스토어 구****,5,True,1,1,https://assets6.cre.ma/p/phytonutri-kr/reviews/00/00/09/66/22/image1/8e686cb8ae723735.webp,1000000281,지니어스뉴 드롭스&톡캡스,https://www.phytonutri.kr/goods/goods_view.php?goodsNo=1000000281,4.9,14386,0,0,{'1': ['만족도']},[],[]
96623,93,5,smart_store,스마트스토어,"캡슐이먹이기편할거같아요
근데너무비쌈ㅠ",2026-05-10T12:42:06+09:00,2026-05-10,네이버 스마트스토어 구****,5,True,1,1,https://assets6.cre.ma/p/phytonutri-kr/reviews/00/00/09/66/23/image1/cea69b5854192989.webp,1000000281,지니어스뉴 드롭스&톡캡스,https://www.phytonutri.kr/goods/goods_view.php?goodsNo=1000000281,4.9,14386,0,0,"{'0': ['만족도'], '-2': ['가격'], '1': ['편의성']}",[],[]
96624,93,5,smart_store,스마트스토어,좋아요~!~!~!~,2026-05-10T11:40:16+09:00,2026-05-10,네이버 스마트스토어 구****,5,True,1,1,https://assets6.cre.ma/p/phytonutri-kr/reviews/00/00/09/66/24/image1/47d08554ef7d7bad.webp,1000000281,지니어스뉴 드롭스&톡캡스,https://www.phytonutri.kr/goods/goods_view.php?goodsNo=1000000281,4.9,14386,0,0,{'1': ['만족도']},[],[]
96625,93,4,smart_store,스마트스토어,"먹기 너무 편하고 좋아요. 냉장관리 위생 신경 덜쓰니 훨씬 편합니다.

하지만 분유에 녹이면 분유가 잘 안나와요 ㅠ 입자때문에 막히는건지..",2026-05-10T11:38:11+09:00,2026-05-10,네이버 스마트스토어 구****,5,True,1,1,https://assets6.cre.ma/p/phytonutri-kr/reviews/00/00/09/66/25/image1/1ef35f0975d844c2.webp,1000000375,데이프로바 + 투데이디3 세트,https://www.phytonutri.kr/goods/goods_view.php?goodsNo=1000000375,4.9,139,0,0,"{'1': ['만족도', '편의성']}",[],[]
96626,93,5,smart_store,스마트스토어,감사합니다.감사합니다.,2026-05-10T11:13:31+09:00,2026-05-10,네이버 스마트스토어 구****,5,False,0,0,,1000000343,리버티엑스,https://www.phytonutri.kr/goods/goods_view.php?goodsNo=1000000343,4.7,268,0,0,{'0': ['만족도']},[],[]
96627,93,5,smart_store,스마트스토어,항상 먹이고 있든제품이에요,2026-05-10T11:10:44+09:00,2026-05-10,네이버 스마트스토어 구****,5,False,0,0,,1000000281,지니어스뉴 드롭스&톡캡스,https://www.phytonutri.kr/goods/goods_view.php?goodsNo=1000000281,4.9,14386,0,0,{'1': ['만족도']},[],[]
96628,93,5,smart_store,스마트스토어,"매번 생선 먹이기 어려워서 샀어요
밥에 비벼주면 되고 보관도 용이해서 좋아요",2026-05-10T11:09:58+09:00,2026-05-10,네이버 스마트스토어 구****,5,True,1,1,https://assets6.cre.ma/p/phytonutri-kr/reviews/00/00/09/66/28/image1/d4d5f45d7bfbe8fc.webp,1000000281,지니어스뉴 드롭스&톡캡스,https://www.phytonutri.kr/goods/goods_view.php?goodsNo=1000000281,4.9,14386,0,0,"{'1': ['만족도', '편의성']}",[],[]
96629,93,5,smart_store,스마트스토어,"6개월때부터 쭉 먹이고 있는 우리아이 영양제 ✨
아이도 잘 먹고 믿고 먹이고 있습니다!",2026-05-10T10:44:19+09:00,2026-05-10,네이버 스마트스토어 구****,5,True,1,1,https://assets6.cre.ma/p/phytonutri-kr/reviews/00/00/09/66/29/image1/13b1f3843028f0b6.webp,1000000298,지니어스뉴 + 그로우뉴 세트,https://www.phytonutri.kr/goods/goods_view.php?goodsNo=1000000298,4.9,1413,0,0,{'1': ['만족도']},[],[]
96630,93,5,smart_store,스마트스토어,두뇌발달에 필수하다하여 먹이는데 먹이기편리해요,2026-05-10T10:10:02+09:00,2026-05-10,네이버 스마트스토어 구****,5,False,0,0,,1000000281,지니어스뉴 드롭스&톡캡스,https://www.phytonutri.kr/goods/goods_view.php?goodsNo=1000000281,4.9,14386,0,0,"{'1': ['만족도', '효과', '편의성']}",[],[]
96631,93,5,smart_store,스마트스토어,처음 접해본 뒤로 몇 개월째 먹고 있어요 처음 구매했을 땐 캡이 잘 안따져서 가위로 잘라서 썼고 안에 내용물도 잘 안짜져서 불편했지만 계속 먹였거든요 새로 구매한건 뭐가 바뀌었는지 캡슐도 잘 따지고 안에 내용물도 깔끔하게 잘 나와서 너무 만족스러워요,2026-05-10T10:04:44+09:00,2026-05-10,네이버 스마트스토어 구****,5,True,1,1,https://assets6.cre.ma/p/phytonutri-kr/reviews/00/00/09/66/31/image1/bc33f3e5c1266f63.webp,1000000325,투데이디3 for baby,https://www.phytonutri.kr/goods/goods_view.php?goodsNo=1000000325,4.9,3634,0,0,"{'2': ['만족도', '포장']}",[],[]
96632,93,5,smart_store,스마트스토어,우리아기가 잘 먹어줍니다,2026-05-10T09:50:01+09:00,2026-05-10,네이버 스마트스토어 구****,5,True,1,1,https://assets6.cre.ma/p/phytonutri-kr/reviews/00/00/09/66/32/image1/cc68dd1cd15a13da.webp,1000000281,지니어스뉴 드롭스&톡캡스,https://www.phytonutri.kr/goods/goods_view.php?goodsNo=1000000281,4.9,14386,0,0,{'1': ['만족도']},[],[]
96633,93,2,smart_store,스마트스토어,"두방울이아니라, 스포이드 2회양제공...
모유수유하면 먹이는게 쉽지않네여,
심지어 죽이유식도 아니라서 더더욱....
병원에서 따로 안먹여도 된다고해서 재구매는 돌 지난 이후에나 생각해볼꺼같아요",2026-05-10T09:13:05+09:00,2026-05-10,네이버 스마트스토어 구****,5,True,1,1,https://assets6.cre.ma/p/phytonutri-kr/reviews/00/00/09/66/33/image1/5b5216b281f79c2c.webp,1000000281,지니어스뉴 드롭스&톡캡스,https://www.phytonutri.kr/goods/goods_view.php?goodsNo=1000000281,4.9,14386,0,0,"{'-1': ['만족도', '편의성']}",[],[]
96634,93,5,smart_store,스마트스토어,애기 비타민으로 요거트에 태워서 먹고 있습니다 ㅎㅎㅎ 요번에도 또 주문해야겠어요!,2026-05-10T06:52:01+09:00,2026-05-10,네이버 스마트스토어 구****,5,True,1,1,https://assets6.cre.ma/p/phytonutri-kr/reviews/00/00/09/66/34/image1/ce0828756c52c3e2.webp,1000000281,지니어스뉴 드롭스&톡캡스,https://www.phytonutri.kr/goods/goods_view.php?goodsNo=1000000281,4.9,14386,0,0,{'1': ['만족도']},[],[]
96635,93,5,smart_store,스마트스토어,애기 비타민 고민하다가 찾아서 먹이고 있는데 잘 먹기도 하고 꾸준하게 잘 먹여보겠습니다 ㅎㅎ,2026-05-10T06:50:57+09:00,2026-05-10,네이버 스마트스토어 구****,5,True,1,1,https://assets6.cre.ma/p/phytonutri-kr/reviews/00/00/09/66/35/image1/ac88d4259750f515.webp,1000000297,"그로우뉴 아이 유기농칼슘&마그네슘 비타민D,k2,망간",https://www.phytonutri.kr/goods/goods_view.php?goodsNo=1000000297,4.9,4844,0,0,{'1': ['만족도']},[],[]
96636,93,5,smart_store,스마트스토어,아이가 잘 먹어요.,2026-05-10T02:52:37+09:00,2026-05-10,네이버 스마트스토어 구****,5,True,1,1,https://assets6.cre.ma/p/phytonutri-kr/reviews/00/00/09/66/36/image1/9f301964f1025150.webp,1000000281,지니어스뉴 드롭스&톡캡스,https://www.phytonutri.kr/goods/goods_view.php?goodsNo=1000000281,4.9,14386,0,0,{'1': ['만족도']},[],[]
96637,93,5,smart_store,스마트스토어,아이가 잘 먹어요.,2026-05-10T02:51:29+09:00,2026-05-10,네이버 스마트스토어 구****,5,True,1,1,https://assets6.cre.ma/p/phytonutri-kr/reviews/00/00/09/66/37/image1/1a54ba7c3e802bd4.webp,1000000297,"그로우뉴 아이 유기농칼슘&마그네슘 비타민D,k2,망간",https://www.phytonutri.kr/goods/goods_view.php?goodsNo=1000000297,4.9,4844,0,0,{'1': ['만족도']},[],[]
96638,93,5,smart_store,스마트스토어,아이가 잘 먹어요.,2026-05-10T02:46:28+09:00,2026-05-10,네이버 스마트스토어 구****,5,True,1,1,https://assets6.cre.ma/p/phytonutri-kr/reviews/00/00/09/66/38/image1/911c31fbc44fd6eb.webp,1000000281,지니어스뉴 드롭스&톡캡스,https://www.phytonutri.kr/goods/goods_view.php?goodsNo=1000000281,4.9,14386,0,0,{'1': ['만족도']},[],[]
96639,93,5,smart_store,스마트스토어,16개월 아이가 먹고 있는데 잘먹어서 좋아요,2026-05-10T01:55:46+09:00,2026-05-10,네이버 스마트스토어 구****,5,True,1,1,https://assets6.cre.ma/p/phytonutri-kr/reviews/00/00/09/66/39/image1/eaeaa74063c88c16.webp,1000000298,지니어스뉴 + 그로우뉴 세트,https://www.phytonutri.kr/goods/goods_view.php?goodsNo=1000000298,4.9,1413,0,0,{'1': ['만족도']},[],[]
96640,93,5,smart_store,스마트스토어,안먹는 아기라 맛잇는 영양제들도 다 거부하는 아기에요. 이거는 요거트에 섞어주면 그나마 잘 먹어요,2026-05-09T23:29:31+09:00,2026-05-09,네이버 스마트스토어 구****,5,True,1,1,https://assets6.cre.ma/p/phytonutri-kr/reviews/00/00/09/66/40/image1/c9669ef08ace53c9.webp,1000000297,"그로우뉴 아이 유기농칼슘&마그네슘 비타민D,k2,망간",https://www.phytonutri.kr/goods/goods_view.php?goodsNo=1000000297,4.9,4844,0,0,{'0': ['만족도']},[],[]
96641,94,5,smart_store,스마트스토어,"매번 2달치씩 주문해서 격달로 삽니당~ 애가 워낙 잘 먹기도 하고 바꿀 이유가 없어서 ㅎㅎ 저는 국산이 좋은데 자꾸 외국 거 먹이자고 하는데 꿋꿋하게 여기걸로 먹인 지 1년도 넘었어요! 이거 먹고 더 건강해지길 바라며! 
이트뮨 배도라지주스도 넘 좋아해서 내놓으라고 박스 뒤져서 꺼내와요 ㅋㅋㅋ 다른 좋은 제품도 많이 만들어주세용",2026-05-09T23:26:03+09:00,2026-05-09,네이버 스마트스토어 구****,5,True,1,1,https://assets6.cre.ma/p/phytonutri-kr/reviews/00/00/09/66/41/image1/719fef7424c8380e.webp,1000000298,지니어스뉴 + 그로우뉴 세트,https://www.phytonutri.kr/goods/goods_view.php?goodsNo=1000000298,4.9,1413,0,0,"{'2': ['만족도'], '1': ['효과', '성분']}",[],[]
96642,94,5,smart_store,스마트스토어,오일밤으로 되어있으니 먹이기도 편하고 유기농이라는게 무엇보다 맘에드네요~,2026-05-09T23:08:49+09:00,2026-05-09,네이버 스마트스토어 구****,5,True,1,1,https://assets6.cre.ma/p/phytonutri-kr/reviews/00/00/09/66/42/image1/bfe7c2132a399ca8.webp,1000000325,투데이디3 for baby,https://www.phytonutri.kr/goods/goods_view.php?goodsNo=1000000325,4.9,3634,0,0,"{'1': ['만족도', '제품상태', '편의성']}",[],[]
96643,94,5,smart_store,스마트스토어,"꾸준히 복용중이며, 만족합니다.",2026-05-09T23:03:41+09:00,2026-05-09,네이버 스마트스토어 구****,5,True,1,1,https://assets6.cre.ma/p/phytonutri-kr/reviews/00/00/09/66/43/image1/dceb4bac9797c83e.webp,1000000281,지니어스뉴 드롭스&톡캡스,https://www.phytonutri.kr/goods/goods_view.php?goodsNo=1000000281,4.9,14386,0,0,{'1': ['만족도']},[],[]
96644,94,5,smart_store,스마트스토어,"4살, 돌 전 아기 먹이고 있어요. 둘 다 거부감 없이 잘 먹여서 재구매 했습니다~
둘 다 어디에 타주지 않고 직접 쭉 빨아먹게 하는데 잘 먹어요.
처음엔 분유에 타주려고 했는데 해보니까 분유를 다 안 먹을 때가 많아서 제대로 섭취했는지 안 했는지 찝찝하더라고요ㅠ 그래서 그냥 입에 짜주기 시작했는데 쪽쪽 잘 먹습니다.
이번에 호두 들어가는 걸로 성분 바꼈던데 그냥 이걸로 알레르기 테스트도 했어요. 별 문제 없어서 다행이에요.
첫째가 먹어보더니 저번이랑 맛이 다르다고 해서 신기했어요! 맛이 확 바뀌었나봐요.

정말 애정하는 제품이지만 한 가지 아쉬운 건 캡슐끼리 찐득찐득 달라 붙어서 나중엔 한 덩어리가 되더라고요ㅠ 리뉴얼 후엔 좀 나은 것 같긴 한데 이전엔 터진 것도 하나 있어서 아쉬웠어요.

그래도 구연산,향료 없는 건강 제품을 아이들에게 먹일 수 있어서 다행입니다!",2026-05-09T22:44:28+09:00,2026-05-09,네이버 스마트스토어 구****,5,True,1,1,https://assets6.cre.ma/p/phytonutri-kr/reviews/00/00/09/66/44/image1/84af10096b661146.webp,1000000325,투데이디3 for baby,https://www.phytonutri.kr/goods/goods_view.php?goodsNo=1000000325,4.9,3634,0,0,"{'1': ['만족도', '성분'], '-1': ['포장'], '0': ['맛']}",[],[]
96645,94,5,smart_store,스마트스토어,"돌아가 먹여주려고 급하게 구매했네요^^
일단 맘마밀 유아식에 같이넣어서 먹여줬는데  너무잘먹네요~~^^",2026-05-09T22:39:08+09:00,2026-05-09,네이버 스마트스토어 구****,5,True,1,1,https://assets6.cre.ma/p/phytonutri-kr/reviews/00/00/09/66/45/image1/58df063b5d3d59ed.webp,1000000281,지니어스뉴 드롭스&톡캡스,https://www.phytonutri.kr/goods/goods_view.php?goodsNo=1000000281,4.9,14386,0,0,{'1': ['만족도']},[],[]
96646,94,5,smart_store,스마트스토어,아기가 잘먹어서 좋아요,2026-05-09T21:58:29+09:00,2026-05-09,네이버 스마트스토어 구****,5,False,0,0,,1000000297,"그로우뉴 아이 유기농칼슘&마그네슘 비타민D,k2,망간",https://www.phytonutri.kr/goods/goods_view.php?goodsNo=1000000297,4.9,4844,0,0,"{'1': ['만족도', '맛']}",[],[]
96647,94,5,smart_store,스마트스토어,밥을 더 잘 먹는것 같아요!,2026-05-09T20:48:02+09:00,2026-05-09,네이버 스마트스토어 구****,5,True,1,1,https://assets6.cre.ma/p/phytonutri-kr/reviews/00/00/09/66/47/image1/f9557ab0a6602955.webp,1000000281,지니어스뉴 드롭스&톡캡스,https://www.phytonutri.kr/goods/goods_view.php?goodsNo=1000000281,4.9,14386,0,0,"{'1': ['만족도', '효과']}",[],[]
96648,94,5,smart_store,스마트스토어,아기가 잘 먹고 뭔가 잘 성장하는거 같아요! 먹이기도 넘 편하고 좋음,2026-05-09T20:38:02+09:00,2026-05-09,네이버 스마트스토어 구****,5,True,1,1,https://assets6.cre.ma/p/phytonutri-kr/reviews/00/00/09/66/48/image1/32a277bc2ec32074.webp,1000000281,지니어스뉴 드롭스&톡캡스,https://www.phytonutri.kr/goods/goods_view.php?goodsNo=1000000281,4.9,14386,0,0,"{'1': ['만족도', '효과'], '2': ['편의성']}",[],[]
96649,94,5,smart_store,스마트스토어,13개월 아기 영양제로 먹이고 있어요 여러개 사면 싸서 육개월치 샀어요 ㅎㅎㅎ 아기에게 필요한 칼마디 이거 하나로 끝낼 수 있어서 좋습니다,2026-05-09T20:36:58+09:00,2026-05-09,네이버 스마트스토어 구****,5,True,1,1,https://assets6.cre.ma/p/phytonutri-kr/reviews/00/00/09/66/49/image1/f801312876591870.webp,1000000297,"그로우뉴 아이 유기농칼슘&마그네슘 비타민D,k2,망간",https://www.phytonutri.kr/goods/goods_view.php?goodsNo=1000000297,4.9,4844,0,0,"{'1': ['만족도', '가격', '성분']}",[],[]
96650,94,5,smart_store,스마트스토어,포장이 꼼꼼하고 애기때문에 사봤어요,2026-05-09T19:10:50+09:00,2026-05-09,네이버 스마트스토어 구****,5,True,1,1,https://assets6.cre.ma/p/phytonutri-kr/reviews/00/00/09/66/50/image1/c05566a9826d8ab9.webp,1000000281,지니어스뉴 드롭스&톡캡스,https://www.phytonutri.kr/goods/goods_view.php?goodsNo=1000000281,4.9,14386,0,0,"{'0': ['만족도'], '1': ['포장']}",[],[]
96651,94,5,smart_store,스마트스토어,좋아요~~~~~~~~=,2026-05-09T17:57:17+09:00,2026-05-09,네이버 스마트스토어 구****,5,False,0,0,,1000000379,지니어스뉴 키즈 국내 유일 스퀴즈 짜먹는 어린이 오메가3 DHA ALA 콜린 올로메가,https://www.phytonutri.kr/goods/goods_view.php?goodsNo=1000000379,4.6,127,0,0,{'1': ['만족도']},[],[]
96652,94,5,smart_store,스마트스토어,매번 우유에 타서 잘 먹고 잇어요,2026-05-09T17:30:16+09:00,2026-05-09,네이버 스마트스토어 구****,5,False,0,0,,1000000297,"그로우뉴 아이 유기농칼슘&마그네슘 비타민D,k2,망간",https://www.phytonutri.kr/goods/goods_view.php?goodsNo=1000000297,4.9,4844,0,0,{'1': ['만족도']},[],[]
96653,94,5,smart_store,스마트스토어,오메가3 찾던중 평이좋아 구매합니다 꾸준히 복용해볼께요,2026-05-09T17:20:05+09:00,2026-05-09,네이버 스마트스토어 구****,5,True,1,1,https://assets6.cre.ma/p/phytonutri-kr/reviews/00/00/09/66/53/image1/811befdfb30bb000.webp,1000000398,KD 파마 듀얼 초임계 rTG 오메가3,https://www.phytonutri.kr/goods/goods_view.php?goodsNo=1000000398,4.9,121,0,0,{'0': ['만족도']},[],[]
96654,94,5,smart_store,스마트스토어,아이가 잘먹고 좋아요,2026-05-09T17:05:23+09:00,2026-05-09,네이버 스마트스토어 구****,5,True,1,1,https://assets6.cre.ma/p/phytonutri-kr/reviews/00/00/09/66/54/image1/ad023854187ff24a.webp,1000000297,"그로우뉴 아이 유기농칼슘&마그네슘 비타민D,k2,망간",https://www.phytonutri.kr/goods/goods_view.php?goodsNo=1000000297,4.9,4844,0,0,{'1': ['만족도']},[],[]
96655,94,5,smart_store,스마트스토어,진짜좋아요 애기들 딱 영양제로 쓰기 좋습니다,2026-05-09T17:01:38+09:00,2026-05-09,네이버 스마트스토어 구****,5,True,1,1,https://assets6.cre.ma/p/phytonutri-kr/reviews/00/00/09/66/55/image1/272c5e579d98817a.webp,1000000281,지니어스뉴 드롭스&톡캡스,https://www.phytonutri.kr/goods/goods_view.php?goodsNo=1000000281,4.9,14386,0,0,{'2': ['만족도']},[],[]
96656,94,5,smart_store,스마트스토어,26개월에 첫 섭취를 시작해서 늦은감 있지만 꾸준히먹여보려합니다,2026-05-09T16:43:34+09:00,2026-05-09,네이버 스마트스토어 구****,5,True,1,1,https://assets6.cre.ma/p/phytonutri-kr/reviews/00/00/09/66/56/image1/3ec2704e2041fc01.webp,1000000281,지니어스뉴 드롭스&톡캡스,https://www.phytonutri.kr/goods/goods_view.php?goodsNo=1000000281,4.9,14386,0,0,{'0': ['만족도']},[],[]
96657,94,5,smart_store,스마트스토어,아기가 잘 안먹네요ㅠㅠ 제가 아플때 먹으려구요 하하...,2026-05-09T15:58:56+09:00,2026-05-09,네이버 스마트스토어 구****,5,True,1,1,https://assets6.cre.ma/p/phytonutri-kr/reviews/00/00/09/66/57/image1/c4c5e33b009eca12.webp,1000000342,이트뮨 아이 배도라지즙&엘더베리사과주스,https://www.phytonutri.kr/goods/goods_view.php?goodsNo=1000000342,4.9,609,0,0,{'-1': ['만족도']},[],[]
96658,94,5,smart_store,스마트스토어,아이를 생각해서 구매했어요,2026-05-09T15:40:37+09:00,2026-05-09,네이버 스마트스토어 구****,5,True,1,1,https://assets6.cre.ma/p/phytonutri-kr/reviews/00/00/09/66/58/image1/7534c32bb91387a9.webp,1000000281,지니어스뉴 드롭스&톡캡스,https://www.phytonutri.kr/goods/goods_view.php?goodsNo=1000000281,4.9,14386,0,0,{'0': ['만족도']},[],[]
96659,94,5,smart_store,스마트스토어,아기가 좋아해요! 😄😄,2026-05-09T14:40:13+09:00,2026-05-09,네이버 스마트스토어 구****,5,True,1,1,https://assets6.cre.ma/p/phytonutri-kr/reviews/00/00/09/66/59/image1/e2be614390a115df.webp,1000000342,이트뮨 아이 배도라지즙&엘더베리사과주스,https://www.phytonutri.kr/goods/goods_view.php?goodsNo=1000000342,4.9,609,0,0,{'1': ['만족도']},[],[]
96660,94,5,smart_store,스마트스토어,믿고 잘먹겟습니다!!^^,2026-05-09T14:37:14+09:00,2026-05-09,네이버 스마트스토어 구****,5,False,0,0,,1000000297,"그로우뉴 아이 유기농칼슘&마그네슘 비타민D,k2,망간",https://www.phytonutri.kr/goods/goods_view.php?goodsNo=1000000297,4.9,4844,0,0,{'1': ['만족도']},[],[]
96552,95,5,,자사몰(고도몰),"이제품은 우리아이가 7년째 인칼슘앱솔브를 먹고 있어요
성장에 좋다고 해서 믿고 꾸준히 먹고 있어요
키성장에도 도움이 되는 어골칼슘, 흡수가 잘되게 가공된 식품 콩이 주원료인 폴리감마글루탐산이 있어서 믿고 먹고있어요 
앞으로 꾸준히 좋은 원료로 영양제 만들어주시길 바래요~",2026-05-09T13:33:26+09:00,2026-05-09,정****,10,True,1,1,https://assets6.cre.ma/p/phytonutri-kr/reviews/00/00/09/65/52/image1/6826c1afa5901f66.webp,1000000020,인-칼슘 앱솔브+,https://www.phytonutri.kr/goods/goods_view.php?goodsNo=1000000020,4.7,968,0,0,"{'1': ['만족도', '성분']}","[{'name': '구매옵션', 'value': '인칼슘 앱솔브 3+1박스[총4개월분]'}]","[{'name': '성별', 'value': '남성'}, {'name': '연령대', 'value': '10대'}]"
96661,95,5,smart_store,스마트스토어,아기한테 좋다고 해서 먹여보려구요!!,2026-05-09T13:16:36+09:00,2026-05-09,네이버 스마트스토어 구****,5,True,1,1,https://assets6.cre.ma/p/phytonutri-kr/reviews/00/00/09/66/61/image1/75cb91aca670ad0c.webp,1000000281,지니어스뉴 드롭스&톡캡스,https://www.phytonutri.kr/goods/goods_view.php?goodsNo=1000000281,4.9,14386,0,0,{'0': ['만족도']},[],[]
96662,95,5,smart_store,스마트스토어,꾸준히 먹이고 있는 제품입니다,2026-05-09T13:07:58+09:00,2026-05-09,네이버 스마트스토어 구****,5,False,0,0,,1000000325,투데이디3 for baby,https://www.phytonutri.kr/goods/goods_view.php?goodsNo=1000000325,4.9,3634,0,0,{'1': ['만족도']},[],[]
96663,95,5,smart_store,스마트스토어,아이가  잘 먹어요^^,2026-05-09T13:03:02+09:00,2026-05-09,네이버 스마트스토어 구****,5,True,1,1,https://assets6.cre.ma/p/phytonutri-kr/reviews/00/00/09/66/63/image1/8af496578173beec.webp,1000000281,지니어스뉴 드롭스&톡캡스,https://www.phytonutri.kr/goods/goods_view.php?goodsNo=1000000281,4.9,14386,0,0,{'1': ['만족도']},[],[]
96664,95,5,smart_store,스마트스토어,항상 구매해서 먹이는 제품이예요,2026-05-09T12:55:03+09:00,2026-05-09,네이버 스마트스토어 구****,5,True,1,1,https://assets6.cre.ma/p/phytonutri-kr/reviews/00/00/09/66/64/image1/d862dc35eee7bd5a.webp,1000000281,지니어스뉴 드롭스&톡캡스,https://www.phytonutri.kr/goods/goods_view.php?goodsNo=1000000281,4.9,14386,0,0,{'2': ['만족도']},[],[]
96665,95,4,smart_store,스마트스토어,먹고 키가잘크면 좋겠네요,2026-05-09T12:48:17+09:00,2026-05-09,네이버 스마트스토어 구****,5,True,1,1,https://assets6.cre.ma/p/phytonutri-kr/reviews/00/00/09/66/65/image1/f351dcf21ca24455.webp,1000000297,"그로우뉴 아이 유기농칼슘&마그네슘 비타민D,k2,망간",https://www.phytonutri.kr/goods/goods_view.php?goodsNo=1000000297,4.9,4844,0,0,{'0': ['만족도']},[],[]
96666,95,5,smart_store,스마트스토어,좋아요 간편하게 애들먹일수있어서 좋아요!,2026-05-09T12:00:02+09:00,2026-05-09,네이버 스마트스토어 구****,5,False,0,0,,1000000379,지니어스뉴 키즈 국내 유일 스퀴즈 짜먹는 어린이 오메가3 DHA ALA 콜린 올로메가,https://www.phytonutri.kr/goods/goods_view.php?goodsNo=1000000379,4.6,127,0,0,"{'1': ['만족도', '편의성']}",[],[]
96667,95,5,smart_store,스마트스토어,딸래미 먹이는데 좋네요,2026-05-09T11:19:32+09:00,2026-05-09,네이버 스마트스토어 구****,5,False,0,0,,1000000363,데이프로바 for baby 아기 쌩쌩유산균,https://www.phytonutri.kr/goods/goods_view.php?goodsNo=1000000363,4.9,363,0,0,{'1': ['만족도']},[],[]
96668,95,5,smart_store,스마트스토어,가루라서 먹기 편했어요.,2026-05-09T11:00:07+09:00,2026-05-09,네이버 스마트스토어 구****,5,False,0,0,,1000000297,"그로우뉴 아이 유기농칼슘&마그네슘 비타민D,k2,망간",https://www.phytonutri.kr/goods/goods_view.php?goodsNo=1000000297,4.9,4844,0,0,"{'1': ['만족도', '편의성']}",[],[]
96669,95,5,smart_store,스마트스토어,신랑이 먹는 제품인데 좋다고 하네요,2026-05-09T10:32:56+09:00,2026-05-09,네이버 스마트스토어 구****,5,True,1,1,https://assets6.cre.ma/p/phytonutri-kr/reviews/00/00/09/66/69/image1/a767cc8b006b99cc.webp,1000000403,뉴스데일리베스트 X 파이토뉴트리 맨드로포즈+,https://www.phytonutri.kr/goods/goods_view.php?goodsNo=1000000403,4.7,193,0,0,{'1': ['만족도']},[],[]
96670,95,5,smart_store,스마트스토어,17개월 아이를 위해 준비ㅜ했어요,2026-05-09T09:47:03+09:00,2026-05-09,네이버 스마트스토어 구****,5,False,0,0,,1000000297,"그로우뉴 아이 유기농칼슘&마그네슘 비타민D,k2,망간",https://www.phytonutri.kr/goods/goods_view.php?goodsNo=1000000297,4.9,4844,0,0,{'0': ['만족도']},[],[]
96671,95,5,smart_store,스마트스토어,"7개월 아기 이유식에 섞여 먹이고 있는데 
거부감은 없는데 이유식 맛이 변하는게 좀 아쉬워요",2026-05-09T09:28:34+09:00,2026-05-09,네이버 스마트스토어 구****,5,True,1,1,https://assets6.cre.ma/p/phytonutri-kr/reviews/00/00/09/66/71/image1/1d34b75feec753f7.webp,1000000281,지니어스뉴 드롭스&톡캡스,https://www.phytonutri.kr/goods/goods_view.php?goodsNo=1000000281,4.9,14386,0,0,"{'-1': ['만족도', '맛']}",[],[]
96672,95,5,smart_store,스마트스토어,빠른배송 감사얍니다 굿굿,2026-05-09T09:14:36+09:00,2026-05-09,네이버 스마트스토어 구****,5,True,1,1,https://assets6.cre.ma/p/phytonutri-kr/reviews/00/00/09/66/72/image1/4e291d04715db2bf.webp,1000000325,투데이디3 for baby,https://www.phytonutri.kr/goods/goods_view.php?goodsNo=1000000325,4.9,3634,0,0,"{'1': ['만족도', '배송']}",[],[]
96673,95,5,smart_store,스마트스토어,잘먹고있어요. 아기가 대변 잘봐서 안심이되요!,2026-05-09T08:47:02+09:00,2026-05-09,네이버 스마트스토어 구****,5,True,1,1,https://assets6.cre.ma/p/phytonutri-kr/reviews/00/00/09/66/73/image1/72c391a67c4e4fb8.webp,1000000363,데이프로바 for baby 아기 쌩쌩유산균,https://www.phytonutri.kr/goods/goods_view.php?goodsNo=1000000363,4.9,363,0,0,"{'1': ['만족도', '효과']}",[],[]
96674,95,5,smart_store,스마트스토어,아기가 잘 먹고 있어요~,2026-05-09T08:42:42+09:00,2026-05-09,네이버 스마트스토어 구****,5,True,1,1,https://assets6.cre.ma/p/phytonutri-kr/reviews/00/00/09/66/74/image1/982f49ac12d52881.webp,1000000281,지니어스뉴 드롭스&톡캡스,https://www.phytonutri.kr/goods/goods_view.php?goodsNo=1000000281,4.9,14386,0,0,{'1': ['만족도']},[],[]
96675,95,5,smart_store,스마트스토어,아이가 잘먹어서 좋아요,2026-05-09T08:31:30+09:00,2026-05-09,네이버 스마트스토어 구****,5,False,0,0,,1000000281,지니어스뉴 드롭스&톡캡스,https://www.phytonutri.kr/goods/goods_view.php?goodsNo=1000000281,4.9,14386,0,0,{'1': ['만족도']},[],[]
96551,95,5,,자사몰(고도몰),"제픔이 바뀌어 걱정했는데
전보다 잠이 더 잘오네요
새 제품 감사합니다 ♡♡♡",2026-05-09T08:25:01+09:00,2026-05-09,서****,10,False,0,0,,1000000001,슬립밸런스,https://www.phytonutri.kr/goods/goods_view.php?goodsNo=1000000001,4.4,2176,0,0,"{'1': ['만족도', '효과']}","[{'name': '구매옵션', 'value': '슬립밸런스 1개월분'}]",[]
96676,95,5,smart_store,스마트스토어,빠른배송감사합니다!!,2026-05-09T08:10:12+09:00,2026-05-09,네이버 스마트스토어 구****,5,True,1,1,https://assets6.cre.ma/p/phytonutri-kr/reviews/00/00/09/66/76/image1/324904d2ef0f5739.webp,1000000281,지니어스뉴 드롭스&톡캡스,https://www.phytonutri.kr/goods/goods_view.php?goodsNo=1000000281,4.9,14386,0,0,"{'1': ['만족도', '배송']}",[],[]
96550,95,5,,자사몰(고도몰),먹기 편하고 오메가3가 꼭 필요한 영양제라서 꾸준히 먹으려고 합니다~ 배송이 빠르게 와서 좋아요,2026-05-09T08:06:52+09:00,2026-05-09,정****,10,False,0,0,,1000000398,KD 파마 듀얼 초임계 rTG 오메가3,https://www.phytonutri.kr/goods/goods_view.php?goodsNo=1000000398,4.9,121,0,0,"{'1': ['만족도', '배송', '성분', '편의성']}","[{'name': '구매옵션', 'value': 'KD파마 듀얼 오메가3 3개월분'}]",[]
96677,95,5,smart_store,스마트스토어,세번째 먹는데 맛도 있는지 애기가 잘먹어요!!!,2026-05-09T07:44:48+09:00,2026-05-09,네이버 스마트스토어 구****,5,True,1,1,https://assets6.cre.ma/p/phytonutri-kr/reviews/00/00/09/66/77/image1/df41790527fa0ab2.webp,1000000281,지니어스뉴 드롭스&톡캡스,https://www.phytonutri.kr/goods/goods_view.php?goodsNo=1000000281,4.9,14386,0,0,"{'1': ['만족도', '맛']}",[],[]
96678,96,5,smart_store,스마트스토어,좋아요 다음에 또 주문할게요.,2026-05-09T07:42:06+09:00,2026-05-09,네이버 스마트스토어 구****,5,False,0,0,,1000000398,KD 파마 듀얼 초임계 rTG 오메가3,https://www.phytonutri.kr/goods/goods_view.php?goodsNo=1000000398,4.9,121,0,0,{'1': ['만족도']},[],[]
96679,96,4,smart_store,스마트스토어,늘 먹이던 거라 재 구매 👍🏻,2026-05-09T07:40:50+09:00,2026-05-09,네이버 스마트스토어 구****,5,True,1,1,https://assets6.cre.ma/p/phytonutri-kr/reviews/00/00/09/66/79/image1/75cf181036ab8992.webp,1000000297,"그로우뉴 아이 유기농칼슘&마그네슘 비타민D,k2,망간",https://www.phytonutri.kr/goods/goods_view.php?goodsNo=1000000297,4.9,4844,0,0,{'2': ['만족도']},[],[]
96680,96,5,smart_store,스마트스토어,꾸준히 먹이고 있는데 좋아요,2026-05-09T07:11:12+09:00,2026-05-09,네이버 스마트스토어 구****,5,False,0,0,,1000000281,지니어스뉴 드롭스&톡캡스,https://www.phytonutri.kr/goods/goods_view.php?goodsNo=1000000281,4.9,14386,0,0,{'1': ['만족도']},[],[]
96681,96,5,smart_store,스마트스토어,개별포장이라 외출할떼 들고다니기도 편햇어요,2026-05-09T05:45:41+09:00,2026-05-09,네이버 스마트스토어 구****,5,True,1,1,https://assets6.cre.ma/p/phytonutri-kr/reviews/00/00/09/66/81/image1/c0022846053bffa1.webp,1000000325,투데이디3 for baby,https://www.phytonutri.kr/goods/goods_view.php?goodsNo=1000000325,4.9,3634,0,0,"{'1': ['만족도', '포장', '편의성']}",[],[]
96682,96,5,smart_store,스마트스토어,눈으로 보이는 효○는 알수없지만 꾸준히 먹여볼 생각입니다,2026-05-09T01:37:43+09:00,2026-05-09,네이버 스마트스토어 구****,5,True,1,1,https://assets6.cre.ma/p/phytonutri-kr/reviews/00/00/09/66/82/image1/e23317f9d36474f5.webp,1000000281,지니어스뉴 드롭스&톡캡스,https://www.phytonutri.kr/goods/goods_view.php?goodsNo=1000000281,4.9,14386,0,0,"{'0': ['만족도', '효과']}",[],[]
96683,96,5,smart_store,스마트스토어,"아기들에게 좋다니, 계속 시킬 예정입니다.
휴대하기도 좋고 변질 걱정도 없어 너무 좋아요.
주변 엄마들한테 엄청 입소문 내고 있어요~~",2026-05-09T01:27:33+09:00,2026-05-09,네이버 스마트스토어 구****,5,False,0,0,,1000000325,투데이디3 for baby,https://www.phytonutri.kr/goods/goods_view.php?goodsNo=1000000325,4.9,3634,0,0,"{'2': ['만족도'], '1': ['편의성']}",[],[]
96684,96,5,smart_store,스마트스토어,재구매 몇번짼지♡ 아이가 잘먹어요,2026-05-09T00:57:52+09:00,2026-05-09,네이버 스마트스토어 구****,5,True,1,1,https://assets6.cre.ma/p/phytonutri-kr/reviews/00/00/09/66/84/image1/174498c685d0e7b6.webp,1000000297,"그로우뉴 아이 유기농칼슘&마그네슘 비타민D,k2,망간",https://www.phytonutri.kr/goods/goods_view.php?goodsNo=1000000297,4.9,4844,0,0,{'2': ['만족도']},[],[]
96685,96,5,smart_store,스마트스토어,매번 잘먹이고 있어요 ♡,2026-05-09T00:56:20+09:00,2026-05-09,네이버 스마트스토어 구****,5,True,1,1,https://assets6.cre.ma/p/phytonutri-kr/reviews/00/00/09/66/85/image1/805f1de7e7974df8.webp,1000000297,"그로우뉴 아이 유기농칼슘&마그네슘 비타민D,k2,망간",https://www.phytonutri.kr/goods/goods_view.php?goodsNo=1000000297,4.9,4844,0,0,{'1': ['만족도']},[],[]
96686,96,4,smart_store,스마트스토어,염증완회에 도움되길!!!,2026-05-09T00:17:54+09:00,2026-05-09,네이버 스마트스토어 구****,5,True,1,1,https://assets6.cre.ma/p/phytonutri-kr/reviews/00/00/09/66/86/image1/d86aacb02802e0e9.webp,1000000398,KD 파마 듀얼 초임계 rTG 오메가3,https://www.phytonutri.kr/goods/goods_view.php?goodsNo=1000000398,4.9,121,0,0,{'0': ['만족도']},[],[]
96687,96,4,smart_store,스마트스토어,"비타민보충해주려고 구매했어요 하나구입해서 다먹고 재구매인데 분유쉐이커에 돌리고 손으로 좀 흔들어서 섞어서줘야해요 가루가 둥둥 떠다녀서 잘 안섞이더라구요 다행히 아이는 거부감없이
잘먹어요!",2026-05-09T00:08:23+09:00,2026-05-09,네이버 스마트스토어 구****,5,True,1,1,https://assets6.cre.ma/p/phytonutri-kr/reviews/00/00/09/66/87/image1/0f3411c272dc2a8e.webp,1000000297,"그로우뉴 아이 유기농칼슘&마그네슘 비타민D,k2,망간",https://www.phytonutri.kr/goods/goods_view.php?goodsNo=1000000297,4.9,4844,0,0,"{'1': ['만족도'], '0': ['품질']}",[],[]
96688,96,5,smart_store,스마트스토어,위생적으로 괜찮아요 사용 편리해요,2026-05-08T23:49:14+09:00,2026-05-08,네이버 스마트스토어 구****,5,True,1,1,https://assets6.cre.ma/p/phytonutri-kr/reviews/00/00/09/66/88/image1/77966953e43e623d.webp,1000000281,지니어스뉴 드롭스&톡캡스,https://www.phytonutri.kr/goods/goods_view.php?goodsNo=1000000281,4.9,14386,0,0,"{'1': ['만족도', '편의성']}",[],[]
96689,96,5,smart_store,스마트스토어,항상 잘 먹이고있어요~ 둘째도 14개월이라 이제는 톡캡스 말고 스포이드로 먹이고있고 첫째는 항상 넙죽넙죽 잘 받아먹어요 ㅎㅎ,2026-05-08T23:09:39+09:00,2026-05-08,네이버 스마트스토어 구****,5,True,1,1,https://assets6.cre.ma/p/phytonutri-kr/reviews/00/00/09/66/89/image1/6377d626f4901a7e.webp,1000000281,지니어스뉴 드롭스&톡캡스,https://www.phytonutri.kr/goods/goods_view.php?goodsNo=1000000281,4.9,14386,0,0,{'1': ['만족도']},[],[]
96690,96,5,smart_store,스마트스토어,아기가 생각보다 음식투정을 해서 이거라도 먹여야겟다고 생각해서 삿는데 생각보다 잘 먹어줘서 다행이네요,2026-05-08T22:29:21+09:00,2026-05-08,네이버 스마트스토어 구****,5,True,1,1,https://assets6.cre.ma/p/phytonutri-kr/reviews/00/00/09/66/90/image1/e5a8c0febf9d24ef.webp,1000000281,지니어스뉴 드롭스&톡캡스,https://www.phytonutri.kr/goods/goods_view.php?goodsNo=1000000281,4.9,14386,0,0,{'1': ['만족도']},[],[]
96691,96,5,smart_store,스마트스토어,약간 비리긴 한데 아기가 잘 먹긴 하네오,2026-05-08T22:28:32+09:00,2026-05-08,네이버 스마트스토어 구****,5,True,1,1,https://assets6.cre.ma/p/phytonutri-kr/reviews/00/00/09/66/91/image1/3d5b1836ac1bd0e7.webp,1000000281,지니어스뉴 드롭스&톡캡스,https://www.phytonutri.kr/goods/goods_view.php?goodsNo=1000000281,4.9,14386,0,0,"{'1': ['만족도'], '-1': ['맛']}",[],[]
96692,96,5,smart_store,스마트스토어,꾸준히 잘 먹이고 있습니다~ 아이도 특별한 거부감 없고 스포이드로 하여 아기 숟가락에 짜 넣어 손쉽게 덜수도 있구요,2026-05-08T21:30:59+09:00,2026-05-08,네이버 스마트스토어 구****,5,True,1,1,https://assets6.cre.ma/p/phytonutri-kr/reviews/00/00/09/66/92/image1/5fa4b606b4b7ae5e.webp,1000000281,지니어스뉴 드롭스&톡캡스,https://www.phytonutri.kr/goods/goods_view.php?goodsNo=1000000281,4.9,14386,0,0,"{'1': ['만족도', '편의성']}",[],[]
96693,96,5,smart_store,스마트스토어,아이에게 꾸준히 먹이게 되네요,2026-05-08T21:17:21+09:00,2026-05-08,네이버 스마트스토어 구****,5,True,1,1,https://assets6.cre.ma/p/phytonutri-kr/reviews/00/00/09/66/93/image1/cd0baa39746b5dda.webp,1000000281,지니어스뉴 드롭스&톡캡스,https://www.phytonutri.kr/goods/goods_view.php?goodsNo=1000000281,4.9,14386,0,0,{'1': ['만족도']},[],[]
96694,96,5,smart_store,스마트스토어,"요거트나 음료에 섞어서 주고 있습니다 :) 
한통 클리어",2026-05-08T20:55:35+09:00,2026-05-08,네이버 스마트스토어 구****,5,True,1,1,https://assets6.cre.ma/p/phytonutri-kr/reviews/00/00/09/66/94/image1/6504f1f288d118a8.webp,1000000281,지니어스뉴 드롭스&톡캡스,https://www.phytonutri.kr/goods/goods_view.php?goodsNo=1000000281,4.9,14386,0,0,{'1': ['만족도']},[],[]
96695,96,5,smart_store,스마트스토어,또 먹여요^^.....,2026-05-08T20:23:01+09:00,2026-05-08,네이버 스마트스토어 구****,5,True,1,1,https://assets6.cre.ma/p/phytonutri-kr/reviews/00/00/09/66/95/image1/93215da2633f46bc.webp,1000000281,지니어스뉴 드롭스&톡캡스,https://www.phytonutri.kr/goods/goods_view.php?goodsNo=1000000281,4.9,14386,0,0,{'1': ['만족도']},[],[]
96696,96,5,smart_store,스마트스토어,친구추천으로 구매했는데 아기가 잘먹었음 좋겠네요:) 첫구매 만족입니다,2026-05-08T20:19:37+09:00,2026-05-08,네이버 스마트스토어 구****,5,True,1,1,https://assets6.cre.ma/p/phytonutri-kr/reviews/00/00/09/66/96/image1/bb7848155d5a594c.webp,1000000281,지니어스뉴 드롭스&톡캡스,https://www.phytonutri.kr/goods/goods_view.php?goodsNo=1000000281,4.9,14386,0,0,{'1': ['만족도']},[],[]
96549,96,5,,자사몰(고도몰),먹고 건강해져야겠어요..요즘 부쩍 기억력도 저하되고..관리의 필요성을 느낍니다,2026-05-08T20:19:03+09:00,2026-05-08,saku******,5,True,1,1,https://assets6.cre.ma/p/phytonutri-kr/reviews/00/00/09/65/49/image1/190577c613e3c560.webp,1000000398,KD 파마 듀얼 초임계 rTG 오메가3,https://www.phytonutri.kr/goods/goods_view.php?goodsNo=1000000398,4.9,121,0,0,{'0': ['만족도']},[],[]
96697,97,5,smart_store,스마트스토어,"늘시켜먹는제품입니다.
아이에게 좋은 영향 미쳤음 합니다.",2026-05-08T19:25:50+09:00,2026-05-08,네이버 스마트스토어 구****,5,True,1,1,https://assets6.cre.ma/p/phytonutri-kr/reviews/00/00/09/66/97/image1/b0662fc21b5a053d.webp,1000000281,지니어스뉴 드롭스&톡캡스,https://www.phytonutri.kr/goods/goods_view.php?goodsNo=1000000281,4.9,14386,0,0,{'1': ['만족도']},[],[]
96698,97,5,smart_store,스마트스토어,아이가 잘 먹어요..,2026-05-08T18:20:56+09:00,2026-05-08,네이버 스마트스토어 구****,5,True,1,1,https://assets6.cre.ma/p/phytonutri-kr/reviews/00/00/09/66/98/image1/5435af1b69fd7a04.webp,1000000297,"그로우뉴 아이 유기농칼슘&마그네슘 비타민D,k2,망간",https://www.phytonutri.kr/goods/goods_view.php?goodsNo=1000000297,4.9,4844,0,0,{'1': ['만족도']},[],[]
96699,97,4,smart_store,스마트스토어,"아직 이르지만 30개월 밥 잘 안먹어서 한번 사봤어요~ 가루형태는 안먹어서요 ㅠㅠ
두꺼운 편이라 잘라서 주는데 단단해서 좀 먹이기 힘드네요^^;",2026-05-08T17:59:15+09:00,2026-05-08,네이버 스마트스토어 구****,5,True,1,1,https://assets6.cre.ma/p/phytonutri-kr/reviews/00/00/09/66/99/image1/da085aa0ec5945c4.webp,1000000397,"그로우뉴 ~키즈 유기농 칼슘&마그네슘 비타민D,k2 망간",https://www.phytonutri.kr/goods/goods_view.php?goodsNo=1000000397,4.9,63,0,0,"{'-1': ['만족도', '편의성']}",[],[]
96700,97,5,smart_store,스마트스토어,원래 톱캡스 먹였었는데 돌 지나면서 2개씩 급여하기 불편하더라고요! 그래서 드롭형으로 2펌프씩 주니까 편해요! 앞으로 드롭으로 구매할것 같아용,2026-05-08T17:48:04+09:00,2026-05-08,네이버 스마트스토어 구****,5,True,1,1,https://assets6.cre.ma/p/phytonutri-kr/reviews/00/00/09/67/00/image1/ee26dbb78236c57c.webp,1000000281,지니어스뉴 드롭스&톡캡스,https://www.phytonutri.kr/goods/goods_view.php?goodsNo=1000000281,4.9,14386,0,0,"{'1': ['만족도', '편의성']}",[],[]
96701,97,4,smart_store,스마트스토어,아이 두뇌 위해 구매합니다 유통기한이 짧아 아쉬워요 ㅠㅠ,2026-05-08T17:47:10+09:00,2026-05-08,네이버 스마트스토어 구****,5,True,1,1,https://assets6.cre.ma/p/phytonutri-kr/reviews/00/00/09/67/01/image1/bb305ccf3bd0eb87.webp,1000000281,지니어스뉴 드롭스&톡캡스,https://www.phytonutri.kr/goods/goods_view.php?goodsNo=1000000281,4.9,14386,0,0,"{'-1': ['만족도', '유통기한']}",[],[]
96548,97,5,,자사몰(고도몰),이번에 처음 구매해보는데 제품받고 생각보다 깔끔해서 놀랐네요 울남편이랑 먹어보고 또사러올게요,2026-05-08T17:42:47+09:00,2026-05-08,한****,10,False,0,0,,1000000398,KD 파마 듀얼 초임계 rTG 오메가3,https://www.phytonutri.kr/goods/goods_view.php?goodsNo=1000000398,4.9,121,0,0,"{'1': ['만족도', '제품상태']}",[],"[{'name': '성별', 'value': '여성'}, {'name': '연령대', 'value': '40대'}]"
96547,97,5,,자사몰(고도몰),하루에 알아서 찾아먹는 거 보고 놀랐어요ㅋㅋ 억지로 안 먹여도 된다는 게 이렇게 편한 건지 처음 알았습니다,2026-05-08T17:42:31+09:00,2026-05-08,한****,10,False,0,0,,1000000397,"그로우뉴 ~키즈 유기농 칼슘&마그네슘 비타민D,k2 망간",https://www.phytonutri.kr/goods/goods_view.php?goodsNo=1000000397,4.9,63,0,0,"{'1': ['만족도', '편의성']}",[],"[{'name': '아이 성별', 'value': '여자'}]"
96546,97,5,,자사몰(고도몰),요즘 밖에서 뛰어노는 시간도 적고 햇빛 보는 시간도 부족한 것 같아서 챙기기 시작했어요 다행히 거부감 없이 잘 먹네요,2026-05-08T17:30:27+09:00,2026-05-08,이****,10,False,0,0,,1000000397,"그로우뉴 ~키즈 유기농 칼슘&마그네슘 비타민D,k2 망간",https://www.phytonutri.kr/goods/goods_view.php?goodsNo=1000000397,4.9,63,0,0,"{'1': ['만족도', '맛']}",[],"[{'name': '몇 개월인가요?', 'value': '13~24개월'}]"
96545,97,4,,자사몰(고도몰),남편이랑 같이 먹으려고 샀는데 저는 특히 캡슐 크기가 부담스럽지 않아서 좋았어요!,2026-05-08T17:30:09+09:00,2026-05-08,이****,10,False,0,0,,1000000398,KD 파마 듀얼 초임계 rTG 오메가3,https://www.phytonutri.kr/goods/goods_view.php?goodsNo=1000000398,4.9,121,0,0,"{'1': ['만족도', '크기']}",[],"[{'name': '성별', 'value': '여성'}, {'name': '연령대', 'value': '30대'}]"
96544,97,5,,자사몰(고도몰),오메가3 유목민이었는데 드디어 정착할 듯해요 ㅎㅎ 레몬향 들어간 제품은 처음 먹어보는데 확실히 차이가 있네요,2026-05-08T17:29:35+09:00,2026-05-08,김****,10,False,0,0,,1000000398,KD 파마 듀얼 초임계 rTG 오메가3,https://www.phytonutri.kr/goods/goods_view.php?goodsNo=1000000398,4.9,121,0,0,"{'1': ['만족도', '냄새']}",[],"[{'name': '성별', 'value': '여성'}]"
96543,97,5,,자사몰(고도몰),유기농 원료 사용했다고 해서 선택했는데 패키지도 귀엽고 전체적으로 신경 많이 쓴 느낌이에요 😊,2026-05-08T17:29:19+09:00,2026-05-08,김****,10,False,0,0,,1000000397,"그로우뉴 ~키즈 유기농 칼슘&마그네슘 비타민D,k2 망간",https://www.phytonutri.kr/goods/goods_view.php?goodsNo=1000000397,4.9,63,0,0,"{'1': ['만족도', '포장', '제품상태']}",[],"[{'name': '아이 성별', 'value': '여자'}, {'name': '몇 개월인가요?', 'value': '25개월 이상'}]"
96542,97,5,,자사몰(고도몰),애가 편식 심해서 영양제도 웬만하면 안 먹는데 이건 간식처럼 먹어요;; 신기해서 재구매하려고요,2026-05-08T17:28:12+09:00,2026-05-08,이****,10,False,0,0,,1000000397,"그로우뉴 ~키즈 유기농 칼슘&마그네슘 비타민D,k2 망간",https://www.phytonutri.kr/goods/goods_view.php?goodsNo=1000000397,4.9,63,0,0,{'1': ['만족도']},[],[]
96541,97,5,,자사몰(고도몰),PTP 포장이라 하나씩 꺼내 먹기 편해서 회사에도 들고 다니는 중입니다 👍,2026-05-08T17:27:46+09:00,2026-05-08,이****,10,False,0,0,,1000000398,KD 파마 듀얼 초임계 rTG 오메가3,https://www.phytonutri.kr/goods/goods_view.php?goodsNo=1000000398,4.9,121,0,0,"{'1': ['만족도', '포장', '편의성']}",[],"[{'name': '성별', 'value': '남성'}, {'name': '연령대', 'value': '30대'}]"
96540,97,5,,자사몰(고도몰),배송 오자마자 바로 먹어봤는데 생각했던 것보다 훨씬 깔끔하네요. 예전에 먹던 건 먹고 나면 입안에 남는 느낌이 있었거든요,2026-05-08T17:26:47+09:00,2026-05-08,김****,10,False,0,0,,1000000398,KD 파마 듀얼 초임계 rTG 오메가3,https://www.phytonutri.kr/goods/goods_view.php?goodsNo=1000000398,4.9,121,0,0,"{'1': ['만족도', '제품상태', '식감']}",[],"[{'name': '성별', 'value': '남성'}, {'name': '연령대', 'value': '40대'}]"
96539,97,5,,자사몰(고도몰),분말 타입 먹일 때마다 물에 타야 해서 번거로웠는데 이건 그냥 꺼내주면 되니까 훨씬 편하네요 아이도 초코맛 난다고 좋아합니다,2026-05-08T17:26:26+09:00,2026-05-08,김****,10,False,0,0,,1000000397,"그로우뉴 ~키즈 유기농 칼슘&마그네슘 비타민D,k2 망간",https://www.phytonutri.kr/goods/goods_view.php?goodsNo=1000000397,4.9,63,0,0,"{'1': ['만족도', '맛', '편의성']}",[],"[{'name': '아이 성별', 'value': '남자'}]"
96702,97,5,smart_store,스마트스토어,여유를 두고 주문을 했는데도 늦어져서 먼저 오일타입으로 10일 보내주셔서 안끊키고 먹일수가있었어요...ᐟ 아기가 잘먹어서 미리 3개월분량 주문했습니다 ㅎㅎ,2026-05-08T17:17:33+09:00,2026-05-08,네이버 스마트스토어 구****,5,True,1,1,https://assets6.cre.ma/p/phytonutri-kr/reviews/00/00/09/67/02/image1/275cc4a69014ea04.webp,1000000325,투데이디3 for baby,https://www.phytonutri.kr/goods/goods_view.php?goodsNo=1000000325,4.9,3634,0,0,"{'1': ['만족도'], '0': ['배송']}",[],[]
96703,97,5,smart_store,스마트스토어,달달하지만 애기가 잘먹어요,2026-05-08T17:01:20+09:00,2026-05-08,네이버 스마트스토어 구****,5,False,0,0,,1000000391,이트뮨 엘더베리사과주스,https://www.phytonutri.kr/goods/goods_view.php?goodsNo=1000000391,5.0,20,0,0,"{'1': ['만족도', '맛']}",[],[]
96704,97,5,smart_store,스마트스토어,남편갱년기때문에 구매합니다 먹고 효○있으면 또 구매할께요,2026-05-08T15:55:25+09:00,2026-05-08,네이버 스마트스토어 구****,5,False,0,0,,1000000403,뉴스데일리베스트 X 파이토뉴트리 맨드로포즈+,https://www.phytonutri.kr/goods/goods_view.php?goodsNo=1000000403,4.7,193,0,0,{'0': ['만족도']},[],[]
96705,97,5,smart_store,스마트스토어,오메가와 함께 꾸준히 재구매합니다,2026-05-08T15:34:36+09:00,2026-05-08,네이버 스마트스토어 구****,5,True,1,1,https://assets6.cre.ma/p/phytonutri-kr/reviews/00/00/09/67/05/image1/6b711f4000182cb1.webp,1000000297,"그로우뉴 아이 유기농칼슘&마그네슘 비타민D,k2,망간",https://www.phytonutri.kr/goods/goods_view.php?goodsNo=1000000297,4.9,4844,0,0,{'2': ['만족도']},[],[]
96706,97,5,smart_store,스마트스토어,아이가 늘 먹고 있어서 주문했어요,2026-05-08T14:51:49+09:00,2026-05-08,네이버 스마트스토어 구****,5,True,1,1,https://assets6.cre.ma/p/phytonutri-kr/reviews/00/00/09/67/06/image1/0d74baa09612bfeb.webp,1000000281,지니어스뉴 드롭스&톡캡스,https://www.phytonutri.kr/goods/goods_view.php?goodsNo=1000000281,4.9,14386,0,0,{'1': ['만족도']},[],[]
96707,98,5,smart_store,스마트스토어,"항상 먹이는 거
덕분에 아기 건강 안심입니다",2026-05-08T14:34:08+09:00,2026-05-08,네이버 스마트스토어 구****,5,True,1,1,https://assets6.cre.ma/p/phytonutri-kr/reviews/00/00/09/67/07/image1/22b56f037b1c1295.webp,1000000325,투데이디3 for baby,https://www.phytonutri.kr/goods/goods_view.php?goodsNo=1000000325,4.9,3634,0,0,"{'1': ['만족도', '효과']}",[],[]
96708,98,5,smart_store,스마트스토어,항상 아이가 잘먹고있습니다,2026-05-08T14:28:05+09:00,2026-05-08,네이버 스마트스토어 구****,5,True,1,1,https://assets6.cre.ma/p/phytonutri-kr/reviews/00/00/09/67/08/image1/7bb814c0abae8a5e.webp,1000000281,지니어스뉴 드롭스&톡캡스,https://www.phytonutri.kr/goods/goods_view.php?goodsNo=1000000281,4.9,14386,0,0,{'1': ['만족도']},[],[]
96709,98,5,smart_store,스마트스토어,이유식 시작하면서 꾸준히 먹이고 있는데 아기가 거부없이 잘먹어요♡,2026-05-08T14:25:22+09:00,2026-05-08,네이버 스마트스토어 구****,5,True,1,1,https://assets6.cre.ma/p/phytonutri-kr/reviews/00/00/09/67/09/image1/b2bfa35ebf32b7d5.webp,1000000297,"그로우뉴 아이 유기농칼슘&마그네슘 비타민D,k2,망간",https://www.phytonutri.kr/goods/goods_view.php?goodsNo=1000000297,4.9,4844,0,0,"{'1': ['만족도', '효과']}",[],[]
96710,98,4,smart_store,스마트스토어,애기 성장에 도움이 되사 구매했어요,2026-05-08T13:23:58+09:00,2026-05-08,네이버 스마트스토어 구****,5,True,1,1,https://assets6.cre.ma/p/phytonutri-kr/reviews/00/00/09/67/10/image1/30790ff5fc830b50.webp,1000000297,"그로우뉴 아이 유기농칼슘&마그네슘 비타민D,k2,망간",https://www.phytonutri.kr/goods/goods_view.php?goodsNo=1000000297,4.9,4844,0,0,{'0': ['만족도']},[],[]
96711,98,5,smart_store,스마트스토어,"아기 먹고있는데 두뇌영양제로 재구매입니다👍 
저번에는 개별포장이었는데 이제는 한통에 들었네요. 간편하게 되어있어서 좋아요.☺️",2026-05-08T13:22:50+09:00,2026-05-08,네이버 스마트스토어 구****,5,True,1,1,https://assets6.cre.ma/p/phytonutri-kr/reviews/00/00/09/67/11/image1/58fadabc19fdb608.webp,1000000281,지니어스뉴 드롭스&톡캡스,https://www.phytonutri.kr/goods/goods_view.php?goodsNo=1000000281,4.9,14386,0,0,"{'2': ['만족도'], '0': ['포장'], '1': ['편의성']}",[],[]
96712,98,5,smart_store,스마트스토어,"아기때부터 먹였는데 편리한캡슐형
너무좋아요",2026-05-08T13:04:57+09:00,2026-05-08,네이버 스마트스토어 구****,5,True,1,1,https://assets6.cre.ma/p/phytonutri-kr/reviews/00/00/09/67/12/image1/a9d97df44b56f06d.webp,1000000281,지니어스뉴 드롭스&톡캡스,https://www.phytonutri.kr/goods/goods_view.php?goodsNo=1000000281,4.9,14386,0,0,"{'2': ['만족도'], '1': ['편의성']}",[],[]
96713,98,5,smart_store,스마트스토어,드롭형은 산패 걱정도 되고 먹이기도 여간 힘든게 아니었는데 이건 똑 따서 숟가락에 묻혀주면 아주 잘 먹어서 넘 편하고 좋아요~ 비타민디는 요걸로 정착하려구요!,2026-05-08T12:28:37+09:00,2026-05-08,네이버 스마트스토어 구****,5,True,1,1,https://assets6.cre.ma/p/phytonutri-kr/reviews/00/00/09/67/13/image1/25c2af2bf87b5a30.webp,1000000325,투데이디3 for baby,https://www.phytonutri.kr/goods/goods_view.php?goodsNo=1000000325,4.9,3634,0,0,"{'2': ['만족도', '편의성']}",[],[]
96714,98,5,smart_store,스마트스토어,돌 지난 아이의 필수영양제라길래 밥에 섞어서 주는데 잘 먹어요!,2026-05-08T12:03:06+09:00,2026-05-08,네이버 스마트스토어 구****,5,True,1,1,https://assets6.cre.ma/p/phytonutri-kr/reviews/00/00/09/67/14/image1/ed7edebc48864703.webp,1000000281,지니어스뉴 드롭스&톡캡스,https://www.phytonutri.kr/goods/goods_view.php?goodsNo=1000000281,4.9,14386,0,0,{'1': ['만족도']},[],[]
96715,98,5,smart_store,스마트스토어,아기한테 먹이는데 아주 잘먹이고 있습니다^^,2026-05-08T11:45:19+09:00,2026-05-08,네이버 스마트스토어 구****,5,True,1,1,https://assets6.cre.ma/p/phytonutri-kr/reviews/00/00/09/67/15/image1/b8428c114a3a9003.webp,1000000297,"그로우뉴 아이 유기농칼슘&마그네슘 비타민D,k2,망간",https://www.phytonutri.kr/goods/goods_view.php?goodsNo=1000000297,4.9,4844,0,0,{'1': ['만족도']},[],[]
96716,98,5,smart_store,스마트스토어,무조건 하루에 꼭 먹이는 영양제 예요 아주 좋아요,2026-05-08T11:14:15+09:00,2026-05-08,네이버 스마트스토어 구****,5,True,1,1,https://assets6.cre.ma/p/phytonutri-kr/reviews/00/00/09/67/16/image1/73861f87fe2b4934.webp,1000000281,지니어스뉴 드롭스&톡캡스,https://www.phytonutri.kr/goods/goods_view.php?goodsNo=1000000281,4.9,14386,0,0,{'2': ['만족도']},[],[]
96717,98,5,smart_store,스마트스토어,우유를 너무 안먹어서 칼슘보충용으로 사봣어오,2026-05-08T11:00:33+09:00,2026-05-08,네이버 스마트스토어 구****,5,True,1,1,https://assets6.cre.ma/p/phytonutri-kr/reviews/00/00/09/67/17/image1/66bcf8a71795aeeb.webp,1000000297,"그로우뉴 아이 유기농칼슘&마그네슘 비타민D,k2,망간",https://www.phytonutri.kr/goods/goods_view.php?goodsNo=1000000297,4.9,4844,0,0,{'0': ['만족도']},[],[]
96469,98,5,smart_store,스마트스토어,아기가 먹기 부담없이 좋습니다,2026-05-08T10:41:46+09:00,2026-05-08,네이버 스마트스토어 구****,5,True,1,1,https://assets6.cre.ma/p/phytonutri-kr/reviews/00/00/09/64/69/image1/04f9f27dc3d31b2a.webp,1000000281,지니어스뉴 드롭스&톡캡스,https://www.phytonutri.kr/goods/goods_view.php?goodsNo=1000000281,4.9,14386,0,0,"{'1': ['만족도', '크기']}",[],[]
96470,98,5,smart_store,스마트스토어,아직 먹여보진 못했는데 개별 포장이고 밤타입이라 아 흐르지 않아 좋아보여서 샀어요,2026-05-08T10:39:51+09:00,2026-05-08,네이버 스마트스토어 구****,5,True,1,1,https://assets6.cre.ma/p/phytonutri-kr/reviews/00/00/09/64/70/image1/f95244ffbe4604ec.webp,1000000325,투데이디3 for baby,https://www.phytonutri.kr/goods/goods_view.php?goodsNo=1000000325,4.9,3634,0,0,"{'1': ['만족도', '포장']}",[],[]
96471,98,5,smart_store,스마트스토어,아이들 저녁 우유에 타서 주는데 찬우유에도 잘녹고 애들이 잘먹어주네요,2026-05-08T10:26:44+09:00,2026-05-08,네이버 스마트스토어 구****,5,False,0,0,,1000000297,"그로우뉴 아이 유기농칼슘&마그네슘 비타민D,k2,망간",https://www.phytonutri.kr/goods/goods_view.php?goodsNo=1000000297,4.9,4844,0,0,"{'1': ['만족도', '품질']}",[],[]
96472,98,5,smart_store,스마트스토어,아기 잘먹이고있습니다 :),2026-05-08T09:48:03+09:00,2026-05-08,네이버 스마트스토어 구****,5,False,0,0,,1000000281,지니어스뉴 드롭스&톡캡스,https://www.phytonutri.kr/goods/goods_view.php?goodsNo=1000000281,4.9,14386,0,0,{'1': ['만족도']},[],[]
96473,98,5,smart_store,스마트스토어,유기농제품이라 손녀주려고 구입했는데 손녀가 잘 먹으면 다시 구입할 예정입니다,2026-05-08T09:04:07+09:00,2026-05-08,네이버 스마트스토어 구****,5,True,1,1,https://assets6.cre.ma/p/phytonutri-kr/reviews/00/00/09/64/73/image1/73c4e78830a37bc5.webp,1000000325,투데이디3 for baby,https://www.phytonutri.kr/goods/goods_view.php?goodsNo=1000000325,4.9,3634,0,0,"{'1': ['만족도', '제품상태']}",[],[]
96468,98,5,,자사몰(고도몰),건강해지려고 주문했습니다. 잘 먹고 있습니다.,2026-05-08T08:56:23+09:00,2026-05-08,오****,10,True,1,1,https://assets6.cre.ma/p/phytonutri-kr/reviews/00/00/09/64/68/image1/e680805e9eacb5bf.webp,1000000126,맨드로포즈+,https://www.phytonutri.kr/goods/goods_view.php?goodsNo=1000000126,4.7,160,0,0,{'1': ['만족도']},"[{'name': '이벤트 옵션', 'value': '맨드로포즈+ 5+2 [총7개월분][증정: 리버티엑스 10포]'}]","[{'name': '성별', 'value': '남성'}, {'name': '연령대', 'value': '40대'}]"
96467,98,5,,자사몰(고도몰),건강해지려고 주문했습니다. 잘 먹고 있습니다.,2026-05-08T08:56:05+09:00,2026-05-08,오****,10,True,1,1,https://assets6.cre.ma/p/phytonutri-kr/reviews/00/00/09/64/67/image1/aa6d5495d56787c4.webp,1000000398,KD 파마 듀얼 초임계 rTG 오메가3,https://www.phytonutri.kr/goods/goods_view.php?goodsNo=1000000398,4.9,121,0,0,{'1': ['만족도']},"[{'name': '구매옵션', 'value': 'KD파마 듀얼 오메가3 6개월분x2(총12개월분)'}]",[]
96474,98,3,smart_store,스마트스토어,냄새나고 맛이 안좋아요,2026-05-08T08:31:10+09:00,2026-05-08,네이버 스마트스토어 구****,5,True,1,1,https://assets6.cre.ma/p/phytonutri-kr/reviews/00/00/09/64/74/image1/5512c05210b776da.webp,1000000325,투데이디3 for baby,https://www.phytonutri.kr/goods/goods_view.php?goodsNo=1000000325,4.9,3634,0,0,"{'-1': ['만족도', '맛', '냄새']}",[],[]
96475,98,5,smart_store,스마트스토어,이유식먹이면서 유산균으론 부족한거같아서 알아보다 구입하게됬네요 아이들이 잘먹어요,2026-05-08T07:47:59+09:00,2026-05-08,네이버 스마트스토어 구****,5,True,1,1,https://assets6.cre.ma/p/phytonutri-kr/reviews/00/00/09/64/75/image1/b18de25fadad275a.webp,1000000297,"그로우뉴 아이 유기농칼슘&마그네슘 비타민D,k2,망간",https://www.phytonutri.kr/goods/goods_view.php?goodsNo=1000000297,4.9,4844,0,0,{'1': ['만족도']},[],[]
96476,99,5,smart_store,스마트스토어,지니어스 구매해서 잘먹고있어서 그로우뉴도 구매했습니다 칼슘 성장에 도움되었으 좋겠네오,2026-05-08T06:23:04+09:00,2026-05-08,네이버 스마트스토어 구****,5,True,1,1,https://assets6.cre.ma/p/phytonutri-kr/reviews/00/00/09/64/76/image1/575222474821e757.webp,1000000298,지니어스뉴 + 그로우뉴 세트,https://www.phytonutri.kr/goods/goods_view.php?goodsNo=1000000298,4.9,1413,0,0,{'0': ['만족도']},[],[]
96477,99,5,smart_store,스마트스토어,늘먹던제품입니다좋아여,2026-05-08T01:11:46+09:00,2026-05-08,네이버 스마트스토어 구****,5,False,0,0,,1000000297,"그로우뉴 아이 유기농칼슘&마그네슘 비타민D,k2,망간",https://www.phytonutri.kr/goods/goods_view.php?goodsNo=1000000297,4.9,4844,0,0,{'1': ['만족도']},[],[]
96478,99,5,smart_store,스마트스토어,2번째 구매입니다 아기 잘 먹이고 있어요 좋은거라하니 믿고 먹여요^^,2026-05-08T00:34:51+09:00,2026-05-08,네이버 스마트스토어 구****,5,True,1,1,https://assets6.cre.ma/p/phytonutri-kr/reviews/00/00/09/64/78/image1/d276eeb6b84a020c.webp,1000000297,"그로우뉴 아이 유기농칼슘&마그네슘 비타민D,k2,망간",https://www.phytonutri.kr/goods/goods_view.php?goodsNo=1000000297,4.9,4844,0,0,{'2': ['만족도']},[],[]
96479,99,5,smart_store,스마트스토어,향도 고소하고 오일 제형이라 목 넘김도 편한지 아이가 잘 먹어요.,2026-05-08T00:25:46+09:00,2026-05-08,네이버 스마트스토어 구****,5,False,0,0,,1000000281,지니어스뉴 드롭스&톡캡스,https://www.phytonutri.kr/goods/goods_view.php?goodsNo=1000000281,4.9,14386,0,0,"{'1': ['만족도', '품질', '냄새', '식감']}",[],[]
96480,99,5,smart_store,스마트스토어,단맛을 알게 되면서 우유 먹는 양이 줄었는데요. 이 칼슘제가 있으니 아이랑 우유 먹이기로 실랑이 하지 않아도 되고 하루 칼슘 섭취량도 손쉽게 채울 수 있어서 너무 좋아요.,2026-05-08T00:24:38+09:00,2026-05-08,네이버 스마트스토어 구****,5,True,1,1,https://assets6.cre.ma/p/phytonutri-kr/reviews/00/00/09/64/80/image1/9ea0301e1cadccfd.webp,1000000297,"그로우뉴 아이 유기농칼슘&마그네슘 비타민D,k2,망간",https://www.phytonutri.kr/goods/goods_view.php?goodsNo=1000000297,4.9,4844,0,0,"{'2': ['만족도'], '1': ['맛', '성분']}",[],[]
96481,99,5,smart_store,스마트스토어,아기 이유식이나 간식에 첨가해서 줘야겠어요,2026-05-08T00:00:46+09:00,2026-05-08,네이버 스마트스토어 구****,5,True,1,1,https://assets6.cre.ma/p/phytonutri-kr/reviews/00/00/09/64/81/image1/b550c35e2454e51b.webp,1000000281,지니어스뉴 드롭스&톡캡스,https://www.phytonutri.kr/goods/goods_view.php?goodsNo=1000000281,4.9,14386,0,0,{'0': ['만족도']},[],[]
96482,99,5,smart_store,스마트스토어,아기 건강을 위해 항상 챙겨주고 있어요,2026-05-07T22:40:59+09:00,2026-05-07,네이버 스마트스토어 구****,5,True,1,1,https://assets6.cre.ma/p/phytonutri-kr/reviews/00/00/09/64/82/image1/8c4304cbddb3aba1.webp,1000000281,지니어스뉴 드롭스&톡캡스,https://www.phytonutri.kr/goods/goods_view.php?goodsNo=1000000281,4.9,14386,0,0,{'1': ['만족도']},[],[]
96483,99,5,smart_store,스마트스토어,거의 다 먹어서 또 구매할예정이에오,2026-05-07T22:34:42+09:00,2026-05-07,네이버 스마트스토어 구****,5,True,1,1,https://assets6.cre.ma/p/phytonutri-kr/reviews/00/00/09/64/83/image1/700a364e82936864.webp,1000000281,지니어스뉴 드롭스&톡캡스,https://www.phytonutri.kr/goods/goods_view.php?goodsNo=1000000281,4.9,14386,0,0,{'1': ['만족도']},[],[]
96484,99,5,smart_store,스마트스토어,아기를 위해 매번 챙겨주고 있어요. 먹이기 편하고 가격도 합리적이에요,2026-05-07T22:24:57+09:00,2026-05-07,네이버 스마트스토어 구****,5,True,1,1,https://assets6.cre.ma/p/phytonutri-kr/reviews/00/00/09/64/84/image1/e63d04bb2897eea8.webp,1000000281,지니어스뉴 드롭스&톡캡스,https://www.phytonutri.kr/goods/goods_view.php?goodsNo=1000000281,4.9,14386,0,0,"{'1': ['만족도', '가격', '편의성']}",[],[]
96485,99,5,smart_store,스마트스토어,늘 주문하고 있습니다,2026-05-07T22:17:46+09:00,2026-05-07,네이버 스마트스토어 구****,5,True,1,1,https://assets6.cre.ma/p/phytonutri-kr/reviews/00/00/09/64/85/image1/c2c6917a9895b68b.webp,1000000363,데이프로바 for baby 아기 쌩쌩유산균,https://www.phytonutri.kr/goods/goods_view.php?goodsNo=1000000363,4.9,363,0,0,{'2': ['만족도']},[],[]
96486,99,5,smart_store,스마트스토어,산패를 신경쓰는것 같은 포장이여서 맘에듭니다,2026-05-07T22:16:47+09:00,2026-05-07,네이버 스마트스토어 구****,5,True,1,1,https://assets6.cre.ma/p/phytonutri-kr/reviews/00/00/09/64/86/image1/bbb0870bfee8aecf.webp,1000000281,지니어스뉴 드롭스&톡캡스,https://www.phytonutri.kr/goods/goods_view.php?goodsNo=1000000281,4.9,14386,0,0,"{'1': ['만족도', '포장']}",[],[]
96487,99,5,smart_store,스마트스토어,늘 주문하고 있습니다,2026-05-07T22:16:07+09:00,2026-05-07,네이버 스마트스토어 구****,5,True,1,1,https://assets6.cre.ma/p/phytonutri-kr/reviews/00/00/09/64/87/image1/f8c482710154ba4d.webp,1000000363,데이프로바 for baby 아기 쌩쌩유산균,https://www.phytonutri.kr/goods/goods_view.php?goodsNo=1000000363,4.9,363,0,0,{'2': ['만족도']},[],[]
96488,99,3,smart_store,스마트스토어,"받아서 미국으로 가져왔는데 두개가 샜네요
깨진것도 아닌데 아가 먹일건데 찜찜해서 두병은 폐기했어요 잘 보고 보내주셔야 할거 같아요",2026-05-07T21:52:51+09:00,2026-05-07,네이버 스마트스토어 구****,5,False,0,0,,1000000281,지니어스뉴 드롭스&톡캡스,https://www.phytonutri.kr/goods/goods_view.php?goodsNo=1000000281,4.9,14386,0,0,"{'-1': ['만족도', '포장']}",[],[]
96489,99,5,smart_store,스마트스토어,우리 아가 이거 먹고 똑똑이 되쓰요 ㅎ,2026-05-07T21:46:32+09:00,2026-05-07,네이버 스마트스토어 구****,5,True,1,1,https://assets6.cre.ma/p/phytonutri-kr/reviews/00/00/09/64/89/image1/074339a1e949f68d.webp,1000000281,지니어스뉴 드롭스&톡캡스,https://www.phytonutri.kr/goods/goods_view.php?goodsNo=1000000281,4.9,14386,0,0,"{'1': ['만족도', '효과']}",[],[]
96490,99,5,smart_store,스마트스토어,"우리 아가를 위해 주문합니다
영리한 우리 아기",2026-05-07T21:45:43+09:00,2026-05-07,네이버 스마트스토어 구****,5,True,1,1,https://assets6.cre.ma/p/phytonutri-kr/reviews/00/00/09/64/90/image1/19e4a2df4191a267.webp,1000000281,지니어스뉴 드롭스&톡캡스,https://www.phytonutri.kr/goods/goods_view.php?goodsNo=1000000281,4.9,14386,0,0,{'0': ['만족도']},[],[]
96491,99,5,smart_store,스마트스토어,퓨레나 우유에 섞어서 잘먹이고있어요,2026-05-07T21:43:09+09:00,2026-05-07,네이버 스마트스토어 구****,5,True,1,1,https://assets6.cre.ma/p/phytonutri-kr/reviews/00/00/09/64/91/image1/7fc8a0e4108e3768.webp,1000000297,"그로우뉴 아이 유기농칼슘&마그네슘 비타민D,k2,망간",https://www.phytonutri.kr/goods/goods_view.php?goodsNo=1000000297,4.9,4844,0,0,{'1': ['만족도']},[],[]
96492,99,5,smart_store,스마트스토어,잘먹어서 추가구매했는데 갑자기 안먹어요.....ㅜㅜ,2026-05-07T21:42:25+09:00,2026-05-07,네이버 스마트스토어 구****,5,True,1,1,https://assets6.cre.ma/p/phytonutri-kr/reviews/00/00/09/64/92/image1/5e330a20e927d835.webp,1000000281,지니어스뉴 드롭스&톡캡스,https://www.phytonutri.kr/goods/goods_view.php?goodsNo=1000000281,4.9,14386,0,0,{'-1': ['만족도']},[],[]
96493,99,5,smart_store,스마트스토어,"한번 사봤어요

영양제 챙겨주랴고요",2026-05-07T21:38:29+09:00,2026-05-07,네이버 스마트스토어 구****,5,True,1,1,https://assets6.cre.ma/p/phytonutri-kr/reviews/00/00/09/64/93/image1/6c85e690934c6197.webp,1000000281,지니어스뉴 드롭스&톡캡스,https://www.phytonutri.kr/goods/goods_view.php?goodsNo=1000000281,4.9,14386,0,0,{'0': ['만족도']},[],[]
96494,99,5,smart_store,스마트스토어,"아기 영양제중 필수인 비타민 D!!
찾고찾다가 혁명을 발견했어요 ㅎㅎㅎ
산패되지않고 위생적으로 하나씩 먹일수있어서
너무좋고 일단 애기가 너무너무잘먹어요!!
곧 또 재구매할게요♥︎",2026-05-07T21:15:39+09:00,2026-05-07,네이버 스마트스토어 구****,5,True,1,1,https://assets6.cre.ma/p/phytonutri-kr/reviews/00/00/09/64/94/image1/826f9ae77cd55854.webp,1000000325,투데이디3 for baby,https://www.phytonutri.kr/goods/goods_view.php?goodsNo=1000000325,4.9,3634,0,0,"{'2': ['만족도'], '1': ['제품상태', '포장', '성분']}",[],[]
96495,99,5,smart_store,스마트스토어,처음구매해봤는데 우유보단 이유식에 타주는게 좋아요,2026-05-07T21:02:31+09:00,2026-05-07,네이버 스마트스토어 구****,5,True,1,1,https://assets6.cre.ma/p/phytonutri-kr/reviews/00/00/09/64/95/image1/d2a96c5d7419b1c2.webp,1000000325,투데이디3 for baby,https://www.phytonutri.kr/goods/goods_view.php?goodsNo=1000000325,4.9,3634,0,0,{'1': ['만족도']},[],[]
96496,100,5,smart_store,스마트스토어,항상 잘 먹고 있어요~,2026-05-07T21:01:48+09:00,2026-05-07,네이버 스마트스토어 구****,5,True,1,1,https://assets6.cre.ma/p/phytonutri-kr/reviews/00/00/09/64/96/image1/a56219ed08a4eed4.webp,1000000297,"그로우뉴 아이 유기농칼슘&마그네슘 비타민D,k2,망간",https://www.phytonutri.kr/goods/goods_view.php?goodsNo=1000000297,4.9,4844,0,0,{'1': ['만족도']},[],[]
96497,100,5,smart_store,스마트스토어,아이가 그로우뉴 가루로 만든 제품은 어르고 달래야 먹었는데 이건 맛있다고 본인이 챙겨먹어서 좋아요. 성분도 좋고 맛있다고 하니 계속 사주려해요,2026-05-07T20:39:10+09:00,2026-05-07,네이버 스마트스토어 구****,5,True,1,1,https://assets6.cre.ma/p/phytonutri-kr/reviews/00/00/09/64/97/image1/729b951fe58bc3a8.webp,1000000397,"그로우뉴 ~키즈 유기농 칼슘&마그네슘 비타민D,k2 망간",https://www.phytonutri.kr/goods/goods_view.php?goodsNo=1000000397,4.9,63,0,0,"{'1': ['만족도', '맛', '성분']}",[],[]
96498,100,5,smart_store,스마트스토어,"오일밤 형태라 청결부분도 좋고 먹이기도 쉬워요!
유통기한도 넉넉합니다",2026-05-07T20:36:24+09:00,2026-05-07,네이버 스마트스토어 구****,5,True,1,1,https://assets6.cre.ma/p/phytonutri-kr/reviews/00/00/09/64/98/image1/8998c6c8ebead293.webp,1000000325,투데이디3 for baby,https://www.phytonutri.kr/goods/goods_view.php?goodsNo=1000000325,4.9,3634,0,0,"{'1': ['만족도', '품질', '유통기한', '편의성']}",[],[]
96499,100,5,smart_store,스마트스토어,"좋은 성분이라 꾸준히 먹이고 있어요. 돌 전부터 줘서 그런가 돌 이후에도 잘 먹어요 
세돌 조카한테 주니 바로 뱉네요 ㅋㅋㅋ",2026-05-07T20:26:37+09:00,2026-05-07,네이버 스마트스토어 구****,5,True,1,1,https://assets6.cre.ma/p/phytonutri-kr/reviews/00/00/09/64/99/image1/4f1a559fcc2ca42d.webp,1000000325,투데이디3 for baby,https://www.phytonutri.kr/goods/goods_view.php?goodsNo=1000000325,4.9,3634,0,0,"{'1': ['만족도', '성분']}",[],[]
96500,100,5,smart_store,스마트스토어,아이들이 한창 클때라 영양제 검색하다보니 괜찮은거같애서 먹이고 있어요~분유에 타서 먹이는중인데 잘먹네요^^,2026-05-07T20:17:15+09:00,2026-05-07,네이버 스마트스토어 구****,5,True,1,1,https://assets6.cre.ma/p/phytonutri-kr/reviews/00/00/09/65/00/image1/55293ae7d7e83dbe.webp,1000000297,"그로우뉴 아이 유기농칼슘&마그네슘 비타민D,k2,망간",https://www.phytonutri.kr/goods/goods_view.php?goodsNo=1000000297,4.9,4844,0,0,{'1': ['만족도']},[],[]
96501,100,5,smart_store,스마트스토어,아기 먹이기 너무 편해요! 계속 구매해서 먹일 거 같아용,2026-05-07T20:07:47+09:00,2026-05-07,네이버 스마트스토어 구****,5,True,1,1,https://assets6.cre.ma/p/phytonutri-kr/reviews/00/00/09/65/01/image1/1118d6840373582f.webp,1000000325,투데이디3 for baby,https://www.phytonutri.kr/goods/goods_view.php?goodsNo=1000000325,4.9,3634,0,0,"{'1': ['만족도'], '2': ['편의성']}",[],[]
96502,100,5,smart_store,스마트스토어,좋아요 ~~ 우유를 안 먹어서 먹이려구요,2026-05-07T19:08:24+09:00,2026-05-07,네이버 스마트스토어 구****,5,True,1,1,https://assets6.cre.ma/p/phytonutri-kr/reviews/00/00/09/65/02/image1/d5e2d9a5ee0bba20.webp,1000000297,"그로우뉴 아이 유기농칼슘&마그네슘 비타민D,k2,망간",https://www.phytonutri.kr/goods/goods_view.php?goodsNo=1000000297,4.9,4844,0,0,{'1': ['만족도']},[],[]
96503,100,5,smart_store,스마트스토어,매일 매일 우유에타서 먹이거잇아요 감사합니디,2026-05-07T18:56:27+09:00,2026-05-07,네이버 스마트스토어 구****,5,True,1,1,https://assets6.cre.ma/p/phytonutri-kr/reviews/00/00/09/65/03/image1/78662a897c33e883.webp,1000000297,"그로우뉴 아이 유기농칼슘&마그네슘 비타민D,k2,망간",https://www.phytonutri.kr/goods/goods_view.php?goodsNo=1000000297,4.9,4844,0,0,{'1': ['만족도']},[],[]
96504,100,5,smart_store,스마트스토어,키가 평균이하로 작았어서 걱정해서 처음 3개월 꾸준히 먹었더니 평균으로 크더라구여ㅠㅠ그래서 더 샀어요!!!,2026-05-07T18:39:09+09:00,2026-05-07,네이버 스마트스토어 구****,5,True,1,1,https://assets6.cre.ma/p/phytonutri-kr/reviews/00/00/09/65/04/image1/9afb3a893cfb838a.webp,1000000297,"그로우뉴 아이 유기농칼슘&마그네슘 비타민D,k2,망간",https://www.phytonutri.kr/goods/goods_view.php?goodsNo=1000000297,4.9,4844,0,0,"{'2': ['만족도'], '1': ['크기']}",[],[]
96505,100,5,smart_store,스마트스토어,"간수치가 많이 낮아졌는데
이걸로 효○본게 아닌가 싶어요 암튼 꾸준히 먹고 있습니다~~~",2026-05-07T18:29:55+09:00,2026-05-07,네이버 스마트스토어 구****,5,False,0,0,,1000000343,리버티엑스,https://www.phytonutri.kr/goods/goods_view.php?goodsNo=1000000343,4.7,268,0,0,"{'1': ['만족도', '효과']}",[],[]
96463,100,5,,자사몰(고도몰),뉴스데일리베스트에서 강추하니 믿고 먹어보겠습니다 좋으면 아내도 함께~,2026-05-07T18:11:01+09:00,2026-05-07,koch******,5,False,0,0,,1000000403,뉴스데일리베스트 X 파이토뉴트리 맨드로포즈+,https://www.phytonutri.kr/goods/goods_view.php?goodsNo=1000000403,4.7,193,0,0,{'1': ['만족도']},[],[]
96506,100,5,smart_store,스마트스토어,배송빠르고 좋아요 ~~!!,2026-05-07T17:56:58+09:00,2026-05-07,네이버 스마트스토어 구****,5,True,1,1,https://assets6.cre.ma/p/phytonutri-kr/reviews/00/00/09/65/06/image1/a91887ea63ddb666.webp,1000000281,지니어스뉴 드롭스&톡캡스,https://www.phytonutri.kr/goods/goods_view.php?goodsNo=1000000281,4.9,14386,0,0,"{'1': ['만족도', '배송']}",[],[]
96507,100,5,smart_store,스마트스토어,좋아요 잘먹어요 씽둥이들,2026-05-07T17:47:06+09:00,2026-05-07,네이버 스마트스토어 구****,5,True,1,1,https://assets6.cre.ma/p/phytonutri-kr/reviews/00/00/09/65/07/image1/b3bc69fc1fdbb100.webp,1000000325,투데이디3 for baby,https://www.phytonutri.kr/goods/goods_view.php?goodsNo=1000000325,4.9,3634,0,0,{'1': ['만족도']},[],[]
96508,100,5,smart_store,스마트스토어,계속 먹이는 상품이예요 ㅎㅎ 이번에도 구매 했는데 ㅋㅋ 할인행사좀 했으면 좋겠어오 ㅎㅎ ㅎ,2026-05-07T17:19:23+09:00,2026-05-07,네이버 스마트스토어 구****,5,True,1,1,https://assets6.cre.ma/p/phytonutri-kr/reviews/00/00/09/65/08/image1/b9374a79fca415a7.webp,1000000281,지니어스뉴 드롭스&톡캡스,https://www.phytonutri.kr/goods/goods_view.php?goodsNo=1000000281,4.9,14386,0,0,"{'1': ['만족도'], '-1': ['가격']}",[],[]
96509,100,5,smart_store,스마트스토어,포장 꼼꼼히 받았습니다~~ 잘 먹어줬음 하네요,2026-05-07T16:27:19+09:00,2026-05-07,네이버 스마트스토어 구****,5,True,1,1,https://assets6.cre.ma/p/phytonutri-kr/reviews/00/00/09/65/09/image1/4678ed4023bc2b51.webp,1000000298,지니어스뉴 + 그로우뉴 세트,https://www.phytonutri.kr/goods/goods_view.php?goodsNo=1000000298,4.9,1413,0,0,"{'1': ['만족도', '포장']}",[],[]
96510,100,4,smart_store,스마트스토어,여기꺼 성분 믿을만한거 같아 주문은 하는데 아가들 먹는것이 맛이 ㅜㅜ,2026-05-07T16:10:24+09:00,2026-05-07,네이버 스마트스토어 구****,5,True,1,1,https://assets6.cre.ma/p/phytonutri-kr/reviews/00/00/09/65/10/image1/2f60fbb299ec94dc.webp,1000000297,"그로우뉴 아이 유기농칼슘&마그네슘 비타민D,k2,망간",https://www.phytonutri.kr/goods/goods_view.php?goodsNo=1000000297,4.9,4844,0,0,"{'0': ['만족도'], '-1': ['맛'], '1': ['성분']}",[],[]
96464,100,5,,자사몰(고도몰),"7-8년 되었나요 곤약 제품으로 피부 영양제 먹었는데
저한테는 특별하게 느끼지 못해 끊었다가 다시 피부 영양제 챙기려고 돌아 왔어요
피부과가면 한방이면 되서 그것도 좋지만 기초 바닥이 좋지 않다면 아무리 위 건물이 좋아도 무너지게 되어있다 생각해서 일단 밑 바닥 공사부터 제대로 하고 나서 피부과 가자 마인드로 다시 섭취 시작하려구요
피부는 진짜 🤦 관리를 얼마나 하냐에 따라 빛을 발하는거 같네요
제발 이건 효○있기를...!!!! 4개월분 샀으니 재구매 할 의미를 맘껏 표출해주길!!!",2026-05-07T15:43:28+09:00,2026-05-07,장****,10,True,1,1,https://assets6.cre.ma/p/phytonutri-kr/reviews/00/00/09/64/64/image1/615c5ed2bf521033.webp,1000000022,히알라스킨,https://www.phytonutri.kr/goods/goods_view.php?goodsNo=1000000022,4.6,887,0,0,{'0': ['만족도']},"[{'name': '구매옵션', 'value': '히알라스킨 3+1개월분[총4개월분][증정:런앤드 랜덤+리듀스앤드 체험팩]'}]",[]
96511,100,5,smart_store,스마트스토어,"비타민은 태어나면서부터 쭉먹고있었는데 
오메가를 같이 먹이려고 이번에 같이 주문했어요! 
사실 영양제라는게 당장 눈에 딱 보이는건 아니지만,, 건강하고 똑똑하게 크길바라는 마음으로 먹이는거니까ㅎㅎ 받자마자 바로 이유식먹이면서 섞어줬는데 애기가 잘먹어줘요",2026-05-07T15:34:23+09:00,2026-05-07,네이버 스마트스토어 구****,5,True,1,1,https://assets6.cre.ma/p/phytonutri-kr/reviews/00/00/09/65/11/image1/ef14ca7e056a7a3e.webp,1000000326,지니어스뉴 + 투데이디3 세트,https://www.phytonutri.kr/goods/goods_view.php?goodsNo=1000000326,4.8,245,0,0,{'1': ['만족도']},[],[]
96512,100,5,smart_store,스마트스토어,산패위험땜에 이걸 로 먹이는데 아기가 진짜좋아해옄ㅋ,2026-05-07T15:13:34+09:00,2026-05-07,네이버 스마트스토어 구****,5,True,1,1,https://assets6.cre.ma/p/phytonutri-kr/reviews/00/00/09/65/12/image1/39f472676f716cb8.webp,1000000325,투데이디3 for baby,https://www.phytonutri.kr/goods/goods_view.php?goodsNo=1000000325,4.9,3634,0,0,{'1': ['만족도']},[],[]
96513,100,5,smart_store,스마트스토어,아가 영양제로 구매했습니다. 구매과정에 잡음이 있었는데 대처도 넘 잘해주시고 그래서 구매할때부터 신뢰가 갔어요. 한달넘게 사용중인데 아이들 이유식에 넣어주니 (향은 조금 있는 편이나 들깨향) 어렵지않네요. 피펫도 병 갯수만큼 와서 매번 새 피펫으로 먹일 수 있어 위생적이고 영양제 자체에 좋은 성분이 많이 들어서 재구매 의사 있습니다.,2026-05-07T14:59:21+09:00,2026-05-07,네이버 스마트스토어 구****,5,True,1,1,https://assets6.cre.ma/p/phytonutri-kr/reviews/00/00/09/65/13/image1/159b17af6666d7eb.webp,1000000326,지니어스뉴 + 투데이디3 세트,https://www.phytonutri.kr/goods/goods_view.php?goodsNo=1000000326,4.8,245,0,0,"{'1': ['만족도', '품질', '성분', '포장'], '0': ['냄새']}",[],[]
96514,101,5,smart_store,스마트스토어,늘 잘쓰는 제품이라 재구매해요,2026-05-07T14:49:51+09:00,2026-05-07,네이버 스마트스토어 구****,5,True,1,1,https://assets6.cre.ma/p/phytonutri-kr/reviews/00/00/09/65/14/image1/21d8cf42096c13be.webp,1000000363,데이프로바 for baby 아기 쌩쌩유산균,https://www.phytonutri.kr/goods/goods_view.php?goodsNo=1000000363,4.9,363,0,0,{'2': ['만족도']},[],[]
96515,101,5,smart_store,스마트스토어,5통먹은거같아요 또구매할래용,2026-05-07T14:22:47+09:00,2026-05-07,네이버 스마트스토어 구****,5,True,1,1,https://assets6.cre.ma/p/phytonutri-kr/reviews/00/00/09/65/15/image1/e06db762e6cc7fbb.webp,1000000297,"그로우뉴 아이 유기농칼슘&마그네슘 비타민D,k2,망간",https://www.phytonutri.kr/goods/goods_view.php?goodsNo=1000000297,4.9,4844,0,0,{'2': ['만족도']},[],[]
96516,101,5,smart_store,스마트스토어,"몇통째인지
모르겠네요 효○
좋아요!!",2026-05-07T14:18:02+09:00,2026-05-07,네이버 스마트스토어 구****,5,True,1,1,https://assets6.cre.ma/p/phytonutri-kr/reviews/00/00/09/65/16/image1/8f091fd4a8f07a19.webp,1000000297,"그로우뉴 아이 유기농칼슘&마그네슘 비타민D,k2,망간",https://www.phytonutri.kr/goods/goods_view.php?goodsNo=1000000297,4.9,4844,0,0,"{'1': ['만족도', '효과']}",[],[]
96517,101,5,smart_store,스마트스토어,좋어요 아이키가 좀큰거같아요 ㅎㅎ,2026-05-07T14:16:00+09:00,2026-05-07,네이버 스마트스토어 구****,5,True,1,1,https://assets6.cre.ma/p/phytonutri-kr/reviews/00/00/09/65/17/image1/be6f3dcbb338e4f9.webp,1000000297,"그로우뉴 아이 유기농칼슘&마그네슘 비타민D,k2,망간",https://www.phytonutri.kr/goods/goods_view.php?goodsNo=1000000297,4.9,4844,0,0,"{'1': ['만족도'], '0': ['크기']}",[],[]
96518,101,5,smart_store,스마트스토어,돌전 이유식 시작부터 먹던 유산균인데 아직 응가도 잘 보고 유산균이 맞는거 같아 안바꾸고 꾸준히 먹이고 있러요! 첫 이유식때 엄청 끙끙대고 응가를 힘들게 봤는데 여기 유산균 최고 ㅎ,2026-05-07T14:14:07+09:00,2026-05-07,네이버 스마트스토어 구****,5,True,1,1,https://assets6.cre.ma/p/phytonutri-kr/reviews/00/00/09/65/18/image1/6e23fdb58bb614d8.webp,1000000363,데이프로바 for baby 아기 쌩쌩유산균,https://www.phytonutri.kr/goods/goods_view.php?goodsNo=1000000363,4.9,363,0,0,"{'2': ['만족도', '효과']}",[],[]
96519,101,5,smart_store,스마트스토어,문의했는데 12개월부터는 스포이드를 추천해주시더라고요! 톡캡슐을 이미 주문햤지만 또 주문했어요! 더 더워지기 전에 주문해서 냉장고에 쟁여두었죠! 궁금함 사항에 답변주셔서 감사합니다!,2026-05-07T14:12:25+09:00,2026-05-07,네이버 스마트스토어 구****,5,False,0,0,,1000000281,지니어스뉴 드롭스&톡캡스,https://www.phytonutri.kr/goods/goods_view.php?goodsNo=1000000281,4.9,14386,0,0,{'1': ['만족도']},[],[]
96520,101,5,smart_store,스마트스토어,영양제가 떨어져서 재주문했어요! 가격은 비싸지만 아이 성장을 위해🥰 떨이지면 또 구매하러 올게요!! 칼슘 덕분인지 저희아이는 평균 개월 수보다 커요!,2026-05-07T14:10:57+09:00,2026-05-07,네이버 스마트스토어 구****,5,True,1,1,https://assets6.cre.ma/p/phytonutri-kr/reviews/00/00/09/65/20/image1/7d02b163bd43885e.webp,1000000298,지니어스뉴 + 그로우뉴 세트,https://www.phytonutri.kr/goods/goods_view.php?goodsNo=1000000298,4.9,1413,0,0,"{'1': ['만족도', '효과'], '-1': ['가격']}",[],[]
96521,101,5,smart_store,스마트스토어,돌이후에 비타민D를 먹여야 하는지 모르고 있다가 여기서 먹이고 있는 다른 영양제가 떨어져서 같이 주문했어요! 가격은 비싸지만 아이 성장을 위해🥰 떨이지면 또 구먀하러 올게요!!,2026-05-07T14:09:23+09:00,2026-05-07,네이버 스마트스토어 구****,5,True,1,1,https://assets6.cre.ma/p/phytonutri-kr/reviews/00/00/09/65/21/image1/3c6fcba6d7026dbc.webp,1000000325,투데이디3 for baby,https://www.phytonutri.kr/goods/goods_view.php?goodsNo=1000000325,4.9,3634,0,0,"{'1': ['만족도'], '-1': ['가격']}",[],[]
96522,101,5,smart_store,스마트스토어,아기 이유식때부터 지금 30개월될때까지 꾸준히 먹이고 있어요~ 이제품 말고 다른 dha는 안먹네요 ㅎㅎ,2026-05-07T13:58:40+09:00,2026-05-07,네이버 스마트스토어 구****,5,True,1,1,https://assets6.cre.ma/p/phytonutri-kr/reviews/00/00/09/65/22/image1/2fa90d0605bebb34.webp,1000000281,지니어스뉴 드롭스&톡캡스,https://www.phytonutri.kr/goods/goods_view.php?goodsNo=1000000281,4.9,14386,0,0,{'2': ['만족도']},[],[]
96523,101,5,smart_store,스마트스토어,"빠른
배송 감사합니다 또 이용할게요^^",2026-05-07T13:58:22+09:00,2026-05-07,네이버 스마트스토어 구****,5,True,1,1,https://assets6.cre.ma/p/phytonutri-kr/reviews/00/00/09/65/23/image1/d26242ff9c122928.webp,1000000281,지니어스뉴 드롭스&톡캡스,https://www.phytonutri.kr/goods/goods_view.php?goodsNo=1000000281,4.9,14386,0,0,"{'1': ['만족도', '배송']}",[],[]
96524,101,5,smart_store,스마트스토어,다른 성분없이 유산균만 들어있는 제품을 찾고 있었는데 잘 찾은 것 같아요,2026-05-07T13:44:23+09:00,2026-05-07,네이버 스마트스토어 구****,5,True,1,1,https://assets6.cre.ma/p/phytonutri-kr/reviews/00/00/09/65/24/image1/9777f467683fda1a.webp,1000000363,데이프로바 for baby 아기 쌩쌩유산균,https://www.phytonutri.kr/goods/goods_view.php?goodsNo=1000000363,4.9,363,0,0,"{'1': ['만족도', '성분']}",[],[]
96525,101,5,smart_store,스마트스토어,효○가 있기를 바라며 꾸준히 먹이고 있습니다,2026-05-07T13:42:48+09:00,2026-05-07,네이버 스마트스토어 구****,5,True,1,1,https://assets6.cre.ma/p/phytonutri-kr/reviews/00/00/09/65/25/image1/e2c3d7bf8dc8e86e.webp,1000000281,지니어스뉴 드롭스&톡캡스,https://www.phytonutri.kr/goods/goods_view.php?goodsNo=1000000281,4.9,14386,0,0,{'0': ['만족도']},[],[]
96526,101,4,smart_store,스마트스토어,잘먹구잇슴미당~~!,2026-05-07T13:16:59+09:00,2026-05-07,네이버 스마트스토어 구****,5,True,1,1,https://assets6.cre.ma/p/phytonutri-kr/reviews/00/00/09/65/26/image1/b0dd7504a2bf359f.webp,1000000281,지니어스뉴 드롭스&톡캡스,https://www.phytonutri.kr/goods/goods_view.php?goodsNo=1000000281,4.9,14386,0,0,{'1': ['만족도']},[],[]
96527,101,5,smart_store,스마트스토어,꾸준히 주문해서 먹이고 있어요,2026-05-07T12:57:43+09:00,2026-05-07,네이버 스마트스토어 구****,5,True,1,1,https://assets6.cre.ma/p/phytonutri-kr/reviews/00/00/09/65/27/image1/8f622ad946447fb0.webp,1000000281,지니어스뉴 드롭스&톡캡스,https://www.phytonutri.kr/goods/goods_view.php?goodsNo=1000000281,4.9,14386,0,0,{'2': ['만족도']},[],[]
96528,101,5,smart_store,스마트스토어,매번 구매해서 아기가 잘 먹고있어요,2026-05-07T12:33:41+09:00,2026-05-07,네이버 스마트스토어 구****,5,True,1,1,https://assets6.cre.ma/p/phytonutri-kr/reviews/00/00/09/65/28/image1/c2575ab5aceec6b7.webp,1000000325,투데이디3 for baby,https://www.phytonutri.kr/goods/goods_view.php?goodsNo=1000000325,4.9,3634,0,0,"{'2': ['만족도'], '1': ['맛']}",[],[]
96529,101,4,smart_store,스마트스토어,"좋아요~ 
밥에 넣어 줘도 잘 먹어요 포장도 꼼꼼히 되어 있어서 좋고 유통기한도 기네요",2026-05-07T12:33:01+09:00,2026-05-07,네이버 스마트스토어 구****,5,True,1,1,https://assets6.cre.ma/p/phytonutri-kr/reviews/00/00/09/65/29/image1/99a7ceae7e2c590a.webp,1000000281,지니어스뉴 드롭스&톡캡스,https://www.phytonutri.kr/goods/goods_view.php?goodsNo=1000000281,4.9,14386,0,0,"{'1': ['만족도', '포장', '유통기한']}",[],[]
96530,101,5,smart_store,스마트스토어,아기가 먹고 건강해지면 좋겠어요,2026-05-07T12:32:29+09:00,2026-05-07,네이버 스마트스토어 구****,5,True,1,1,https://assets6.cre.ma/p/phytonutri-kr/reviews/00/00/09/65/30/image1/e1046ae2ca577a06.webp,1000000297,"그로우뉴 아이 유기농칼슘&마그네슘 비타민D,k2,망간",https://www.phytonutri.kr/goods/goods_view.php?goodsNo=1000000297,4.9,4844,0,0,{'0': ['만족도']},[],[]
96531,101,5,smart_store,스마트스토어,먹기에도 부담없고 편리한 액체로 되어있어서 휴대용으로도 너무 좋습니다,2026-05-07T12:28:33+09:00,2026-05-07,네이버 스마트스토어 구****,5,False,0,0,,1000000281,지니어스뉴 드롭스&톡캡스,https://www.phytonutri.kr/goods/goods_view.php?goodsNo=1000000281,4.9,14386,0,0,"{'1': ['만족도'], '2': ['편의성']}",[],[]
96532,101,5,smart_store,스마트스토어,잘먹어서 1년째 재주문하고있어요,2026-05-07T12:02:11+09:00,2026-05-07,네이버 스마트스토어 구****,5,True,1,1,https://assets6.cre.ma/p/phytonutri-kr/reviews/00/00/09/65/32/image1/147025b5d6b9f4f7.webp,1000000325,투데이디3 for baby,https://www.phytonutri.kr/goods/goods_view.php?goodsNo=1000000325,4.9,3634,0,0,{'2': ['만족도']},[],[]
96533,101,5,smart_store,스마트스토어,가루타입 스푼으로 조금씩 먹이는데. 잘 먹어요~,2026-05-07T12:00:47+09:00,2026-05-07,네이버 스마트스토어 구****,5,True,1,1,https://assets6.cre.ma/p/phytonutri-kr/reviews/00/00/09/65/33/image1/9b7607022287620c.webp,1000000298,지니어스뉴 + 그로우뉴 세트,https://www.phytonutri.kr/goods/goods_view.php?goodsNo=1000000298,4.9,1413,0,0,{'1': ['만족도']},[],[]
96534,102,5,smart_store,스마트스토어,아이가 잘먹어요. 캡슐형태라 먹이기도 편해요,2026-05-07T11:57:10+09:00,2026-05-07,네이버 스마트스토어 구****,5,True,1,1,https://assets6.cre.ma/p/phytonutri-kr/reviews/00/00/09/65/34/image1/4825475cff8737fe.webp,1000000325,투데이디3 for baby,https://www.phytonutri.kr/goods/goods_view.php?goodsNo=1000000325,4.9,3634,0,0,"{'1': ['만족도', '편의성']}",[],[]
96535,102,5,smart_store,스마트스토어,아이에게 주려고 샀는데 거부감 없이 아주 잘먹어요!,2026-05-07T11:50:49+09:00,2026-05-07,네이버 스마트스토어 구****,5,False,0,0,,1000000281,지니어스뉴 드롭스&톡캡스,https://www.phytonutri.kr/goods/goods_view.php?goodsNo=1000000281,4.9,14386,0,0,{'1': ['만족도']},[],[]
96536,102,5,smart_store,스마트스토어,"좋다고 해서 꾸준히
먹이고는 있어요",2026-05-07T11:45:12+09:00,2026-05-07,네이버 스마트스토어 구****,5,False,0,0,,1000000281,지니어스뉴 드롭스&톡캡스,https://www.phytonutri.kr/goods/goods_view.php?goodsNo=1000000281,4.9,14386,0,0,{'1': ['만족도']},[],[]
96537,102,5,smart_store,스마트스토어,"꾸준히 먹이고 있는제품이예요
먹이기 편하고 애기도 잘먹어요",2026-05-07T11:42:30+09:00,2026-05-07,네이버 스마트스토어 구****,5,True,1,1,https://assets6.cre.ma/p/phytonutri-kr/reviews/00/00/09/65/37/image1/0f6c1b70e8a00a36.webp,1000000281,지니어스뉴 드롭스&톡캡스,https://www.phytonutri.kr/goods/goods_view.php?goodsNo=1000000281,4.9,14386,0,0,"{'1': ['만족도', '편의성']}",[],[]
96465,102,5,,자사몰(고도몰),좋라요 잘먹여봐야겟어요,2026-05-07T11:35:01+09:00,2026-05-07,moni******,5,False,0,0,,1000000298,지니어스뉴 + 그로우뉴 세트,https://www.phytonutri.kr/goods/goods_view.php?goodsNo=1000000298,4.9,1413,0,0,{'1': ['만족도']},[],[]
96389,102,5,smart_store,스마트스토어,n번째 구매중입니다. 오일타입이 먹이기 더 편한 것 같아요.,2026-05-07T10:57:56+09:00,2026-05-07,네이버 스마트스토어 구****,5,True,1,1,https://assets6.cre.ma/p/phytonutri-kr/reviews/00/00/09/63/89/image1/f86419c37ed8d0e5.webp,1000000325,투데이디3 for baby,https://www.phytonutri.kr/goods/goods_view.php?goodsNo=1000000325,4.9,3634,0,0,"{'2': ['만족도'], '1': ['편의성']}",[],[]
96390,102,5,smart_store,스마트스토어,"아이어릴때부터 꾸준히 먹이고 있어도 도움이 되길
바랍니다",2026-05-07T09:59:17+09:00,2026-05-07,네이버 스마트스토어 구****,5,True,1,1,https://assets6.cre.ma/p/phytonutri-kr/reviews/00/00/09/63/90/image1/38bc69acae529721.webp,1000000297,"그로우뉴 아이 유기농칼슘&마그네슘 비타민D,k2,망간",https://www.phytonutri.kr/goods/goods_view.php?goodsNo=1000000297,4.9,4844,0,0,{'0': ['만족도']},[],[]
96391,102,5,smart_store,스마트스토어,먹이기편하고 좋네여,2026-05-07T09:56:21+09:00,2026-05-07,네이버 스마트스토어 구****,5,False,0,0,,1000000325,투데이디3 for baby,https://www.phytonutri.kr/goods/goods_view.php?goodsNo=1000000325,4.9,3634,0,0,"{'1': ['만족도', '편의성']}",[],[]
96392,102,5,smart_store,스마트스토어,"아기를 위해서 먹이고 있어요 
좋은제품 좋어요 잘먹어요 !",2026-05-07T09:55:54+09:00,2026-05-07,네이버 스마트스토어 구****,5,True,1,1,https://assets6.cre.ma/p/phytonutri-kr/reviews/00/00/09/63/92/image1/d2d0932aaaf147c1.webp,1000000281,지니어스뉴 드롭스&톡캡스,https://www.phytonutri.kr/goods/goods_view.php?goodsNo=1000000281,4.9,14386,0,0,{'1': ['만족도']},[],[]
96393,102,5,smart_store,스마트스토어,20개월인데 뼈성장에 좋다고해서 우유와함께 늘 먹이는중이에요 좋은것같아요,2026-05-07T09:51:36+09:00,2026-05-07,네이버 스마트스토어 구****,5,True,1,1,https://assets6.cre.ma/p/phytonutri-kr/reviews/00/00/09/63/93/image1/93b234f0e509eb73.webp,1000000297,"그로우뉴 아이 유기농칼슘&마그네슘 비타민D,k2,망간",https://www.phytonutri.kr/goods/goods_view.php?goodsNo=1000000297,4.9,4844,0,0,{'1': ['만족도']},[],[]
96394,102,4,smart_store,스마트스토어,아기가 좋아해요 스포이드라 주기에는 좋지만 입에 닿을까봐 조마조마해지네오,2026-05-07T09:50:40+09:00,2026-05-07,네이버 스마트스토어 구****,5,True,1,1,https://assets6.cre.ma/p/phytonutri-kr/reviews/00/00/09/63/94/image1/81a16cb0933ee0c1.webp,1000000281,지니어스뉴 드롭스&톡캡스,https://www.phytonutri.kr/goods/goods_view.php?goodsNo=1000000281,4.9,14386,0,0,"{'0': ['만족도', '포장']}",[],[]
96395,102,5,smart_store,스마트스토어,우유에 타먹이는중인데 아이가 잘먹어요 식탁에 올려놓고 우유 줄때마다 잊지않고 먹이는중이에요,2026-05-07T09:50:24+09:00,2026-05-07,네이버 스마트스토어 구****,5,True,1,1,https://assets6.cre.ma/p/phytonutri-kr/reviews/00/00/09/63/95/image1/a99cb7a3986b2f88.webp,1000000297,"그로우뉴 아이 유기농칼슘&마그네슘 비타민D,k2,망간",https://www.phytonutri.kr/goods/goods_view.php?goodsNo=1000000297,4.9,4844,0,0,{'1': ['만족도']},[],[]
96396,102,5,smart_store,스마트스토어,꾸준히먹이고있는데 애기들도 잘먹고 좋아해서 만족합니다 가격만좀비쌀뿐이지 만족해요!!!,2026-05-07T09:45:07+09:00,2026-05-07,네이버 스마트스토어 구****,5,True,1,1,https://assets6.cre.ma/p/phytonutri-kr/reviews/00/00/09/63/96/image1/c58364734f097a0e.webp,1000000281,지니어스뉴 드롭스&톡캡스,https://www.phytonutri.kr/goods/goods_view.php?goodsNo=1000000281,4.9,14386,0,0,"{'1': ['만족도'], '-1': ['가격']}",[],[]
96397,102,5,smart_store,스마트스토어,"매일 우유에 타먹이고있어요
우리애기 키크는데 도움됐음 좋겠어요",2026-05-07T08:43:18+09:00,2026-05-07,네이버 스마트스토어 구****,5,True,1,1,https://assets6.cre.ma/p/phytonutri-kr/reviews/00/00/09/63/97/image1/95505cfcf88c64ef.webp,1000000297,"그로우뉴 아이 유기농칼슘&마그네슘 비타민D,k2,망간",https://www.phytonutri.kr/goods/goods_view.php?goodsNo=1000000297,4.9,4844,0,0,{'0': ['만족도']},[],[]
96398,102,5,smart_store,스마트스토어,아기도 잘 먹고 꾸준히 챙겨주고있어요,2026-05-07T08:19:12+09:00,2026-05-07,네이버 스마트스토어 구****,5,True,1,1,https://assets6.cre.ma/p/phytonutri-kr/reviews/00/00/09/63/98/image1/f1c1a2612c393b2c.webp,1000000298,지니어스뉴 + 그로우뉴 세트,https://www.phytonutri.kr/goods/goods_view.php?goodsNo=1000000298,4.9,1413,0,0,{'1': ['만족도']},[],[]
96399,102,4,smart_store,스마트스토어,아기가 먹기 힘들어해요 ㅠㅠ 이유식 먹을 때 줘야겠어요! 그래도 위생적이여서 계속 구매할것 같아오,2026-05-07T03:52:24+09:00,2026-05-07,네이버 스마트스토어 구****,5,True,1,1,https://assets6.cre.ma/p/phytonutri-kr/reviews/00/00/09/63/99/image1/d10bdaab245a93f4.webp,1000000325,투데이디3 for baby,https://www.phytonutri.kr/goods/goods_view.php?goodsNo=1000000325,4.9,3634,0,0,"{'0': ['만족도'], '1': ['포장'], '-1': ['편의성']}",[],[]
96400,102,5,smart_store,스마트스토어,항상 먹이는거에요 ㅎ,2026-05-07T02:31:39+09:00,2026-05-07,네이버 스마트스토어 구****,5,True,1,1,https://assets6.cre.ma/p/phytonutri-kr/reviews/00/00/09/64/00/image1/9ece15c2b76740c5.webp,1000000281,지니어스뉴 드롭스&톡캡스,https://www.phytonutri.kr/goods/goods_view.php?goodsNo=1000000281,4.9,14386,0,0,{'1': ['만족도']},[],[]
96401,102,5,smart_store,스마트스토어,만족합니다 잘쓰고있어요,2026-05-07T01:20:00+09:00,2026-05-07,네이버 스마트스토어 구****,5,False,0,0,,1000000325,투데이디3 for baby,https://www.phytonutri.kr/goods/goods_view.php?goodsNo=1000000325,4.9,3634,0,0,{'1': ['만족도']},[],[]
96402,102,5,smart_store,스마트스토어,분유 먹을때 타먹이기 좋아요!!,2026-05-07T00:56:33+09:00,2026-05-07,네이버 스마트스토어 구****,5,False,0,0,,1000000297,"그로우뉴 아이 유기농칼슘&마그네슘 비타민D,k2,망간",https://www.phytonutri.kr/goods/goods_view.php?goodsNo=1000000297,4.9,4844,0,0,{'1': ['만족도']},[],[]
96466,102,5,,자사몰(고도몰),목넘김도 편하고 개별포장이라 믿고 구매했어요.   감시힙니다.,2026-05-07T00:11:02+09:00,2026-05-07,002h******,5,False,0,0,,1000000398,KD 파마 듀얼 초임계 rTG 오메가3,https://www.phytonutri.kr/goods/goods_view.php?goodsNo=1000000398,4.9,121,0,0,"{'1': ['만족도', '포장', '식감']}",[],[]
96403,103,5,smart_store,스마트스토어,이유식에 들기름 처럼 뿌려서 먹였어요,2026-05-06T23:32:30+09:00,2026-05-06,네이버 스마트스토어 구****,5,False,0,0,,1000000298,지니어스뉴 + 그로우뉴 세트,https://www.phytonutri.kr/goods/goods_view.php?goodsNo=1000000298,4.9,1413,0,0,{'0': ['만족도']},[],[]
96404,103,5,smart_store,스마트스토어,아이 먹이고 잇어요 편리해요,2026-05-06T23:27:28+09:00,2026-05-06,네이버 스마트스토어 구****,5,True,1,1,https://assets6.cre.ma/p/phytonutri-kr/reviews/00/00/09/64/04/image1/4c686d54e722049c.webp,1000000325,투데이디3 for baby,https://www.phytonutri.kr/goods/goods_view.php?goodsNo=1000000325,4.9,3634,0,0,"{'1': ['만족도', '편의성']}",[],[]
96405,103,5,smart_store,스마트스토어,아기가 먹고 잇어요 편리해요,2026-05-06T23:26:31+09:00,2026-05-06,네이버 스마트스토어 구****,5,True,1,1,https://assets6.cre.ma/p/phytonutri-kr/reviews/00/00/09/64/05/image1/aa8a217ef66605f9.webp,1000000325,투데이디3 for baby,https://www.phytonutri.kr/goods/goods_view.php?goodsNo=1000000325,4.9,3634,0,0,"{'1': ['만족도', '편의성']}",[],[]
96406,103,5,smart_store,스마트스토어,아기 잘 먹이고 잇어요 편리하네요,2026-05-06T23:26:10+09:00,2026-05-06,네이버 스마트스토어 구****,5,True,1,1,https://assets6.cre.ma/p/phytonutri-kr/reviews/00/00/09/64/06/image1/ed9183e35809e246.webp,1000000297,"그로우뉴 아이 유기농칼슘&마그네슘 비타민D,k2,망간",https://www.phytonutri.kr/goods/goods_view.php?goodsNo=1000000297,4.9,4844,0,0,"{'1': ['만족도', '편의성']}",[],[]
96407,103,3,smart_store,스마트스토어,맛이 이상해서 애가 안먹음,2026-05-06T22:58:15+09:00,2026-05-06,네이버 스마트스토어 구****,5,False,0,0,,1000000379,지니어스뉴 키즈 국내 유일 스퀴즈 짜먹는 어린이 오메가3 DHA ALA 콜린 올로메가,https://www.phytonutri.kr/goods/goods_view.php?goodsNo=1000000379,4.6,127,0,0,"{'-1': ['만족도', '맛']}",[],[]
96408,103,3,smart_store,스마트스토어,맛이 이상해서 애가 안먹음,2026-05-06T22:58:04+09:00,2026-05-06,네이버 스마트스토어 구****,5,False,0,0,,1000000297,"그로우뉴 아이 유기농칼슘&마그네슘 비타민D,k2,망간",https://www.phytonutri.kr/goods/goods_view.php?goodsNo=1000000297,4.9,4844,0,0,"{'-1': ['만족도', '맛']}",[],[]
96409,103,5,smart_store,스마트스토어,아기가 먹던 영양제 이걸로 바꿨는데 먹이기 너무 좋네요~ 아주 만족해요🍅💛,2026-05-06T22:40:32+09:00,2026-05-06,네이버 스마트스토어 구****,5,True,1,1,https://assets6.cre.ma/p/phytonutri-kr/reviews/00/00/09/64/09/image1/37807475720bd5de.webp,1000000325,투데이디3 for baby,https://www.phytonutri.kr/goods/goods_view.php?goodsNo=1000000325,4.9,3634,0,0,{'2': ['만족도']},[],[]
96410,103,5,smart_store,스마트스토어,"ㅇ
우유에 타주니 정말잘먹어요 계속살템입니다",2026-05-06T22:38:21+09:00,2026-05-06,네이버 스마트스토어 구****,5,False,0,0,,1000000281,지니어스뉴 드롭스&톡캡스,https://www.phytonutri.kr/goods/goods_view.php?goodsNo=1000000281,4.9,14386,0,0,{'1': ['만족도']},[],[]
96411,103,5,smart_store,스마트스토어,아이가 거부감없이 잘먹어요,2026-05-06T22:37:29+09:00,2026-05-06,네이버 스마트스토어 구****,5,False,0,0,,1000000397,"그로우뉴 ~키즈 유기농 칼슘&마그네슘 비타민D,k2 망간",https://www.phytonutri.kr/goods/goods_view.php?goodsNo=1000000397,4.9,63,0,0,"{'1': ['만족도', '맛']}",[],[]
96412,103,5,smart_store,스마트스토어,항상잘먹이고있습니다굳,2026-05-06T22:32:16+09:00,2026-05-06,네이버 스마트스토어 구****,5,True,1,1,https://assets6.cre.ma/p/phytonutri-kr/reviews/00/00/09/64/12/image1/4594e4f7ceb0fd8f.webp,1000000297,"그로우뉴 아이 유기농칼슘&마그네슘 비타민D,k2,망간",https://www.phytonutri.kr/goods/goods_view.php?goodsNo=1000000297,4.9,4844,0,0,{'1': ['만족도']},[],[]
96413,103,5,smart_store,스마트스토어,항상잘먹이고잇습니다 굿,2026-05-06T22:31:42+09:00,2026-05-06,네이버 스마트스토어 구****,5,True,1,1,https://assets6.cre.ma/p/phytonutri-kr/reviews/00/00/09/64/13/image1/a2d0280270b3d251.webp,1000000297,"그로우뉴 아이 유기농칼슘&마그네슘 비타민D,k2,망간",https://www.phytonutri.kr/goods/goods_view.php?goodsNo=1000000297,4.9,4844,0,0,{'1': ['만족도']},[],[]
96414,103,5,smart_store,스마트스토어,배송빠르고 깔끔해요 좋습니다,2026-05-06T22:31:37+09:00,2026-05-06,네이버 스마트스토어 구****,5,True,1,1,https://assets6.cre.ma/p/phytonutri-kr/reviews/00/00/09/64/14/image1/b294a38ec483d440.webp,1000000281,지니어스뉴 드롭스&톡캡스,https://www.phytonutri.kr/goods/goods_view.php?goodsNo=1000000281,4.9,14386,0,0,"{'1': ['만족도', '배송', '제품상태']}",[],[]
96415,103,5,smart_store,스마트스토어,매번 구매 아주좋아요 먹이기도 간편,2026-05-06T22:31:02+09:00,2026-05-06,네이버 스마트스토어 구****,5,True,1,1,https://assets6.cre.ma/p/phytonutri-kr/reviews/00/00/09/64/15/image1/681cd02e861a71a1.webp,1000000281,지니어스뉴 드롭스&톡캡스,https://www.phytonutri.kr/goods/goods_view.php?goodsNo=1000000281,4.9,14386,0,0,"{'2': ['만족도'], '1': ['편의성']}",[],[]
96416,103,5,smart_store,스마트스토어,"좀 늦은감 돌지나서 먹고있어요
꾸준히 먹이면 훗날효○있겠죠",2026-05-06T22:19:11+09:00,2026-05-06,네이버 스마트스토어 구****,5,True,1,1,https://assets6.cre.ma/p/phytonutri-kr/reviews/00/00/09/64/16/image1/e4934d9ca401807c.webp,1000000281,지니어스뉴 드롭스&톡캡스,https://www.phytonutri.kr/goods/goods_view.php?goodsNo=1000000281,4.9,14386,0,0,{'0': ['만족도']},[],[]
96417,103,5,smart_store,스마트스토어,"챙겨먹은지 오래되었어요 아기도 거부감없이
잘 먹습니다",2026-05-06T22:15:25+09:00,2026-05-06,네이버 스마트스토어 구****,5,True,1,1,https://assets6.cre.ma/p/phytonutri-kr/reviews/00/00/09/64/17/image1/7b63711685bc7a89.webp,1000000297,"그로우뉴 아이 유기농칼슘&마그네슘 비타민D,k2,망간",https://www.phytonutri.kr/goods/goods_view.php?goodsNo=1000000297,4.9,4844,0,0,{'1': ['만족도']},[],[]
96418,103,5,smart_store,스마트스토어,상품 잘 받았습니다~,2026-05-06T22:10:04+09:00,2026-05-06,네이버 스마트스토어 구****,5,True,1,1,https://assets6.cre.ma/p/phytonutri-kr/reviews/00/00/09/64/18/image1/3a916081cb37062f.webp,1000000281,지니어스뉴 드롭스&톡캡스,https://www.phytonutri.kr/goods/goods_view.php?goodsNo=1000000281,4.9,14386,0,0,{'0': ['만족도']},[],[]
96419,103,5,smart_store,스마트스토어,맛이 이상하다그래서 걱정했는데 잘먹어요 이유식숟가락에 묻혀서 밥이랑 같이먹이고있어요 기름지긴 엄청 기름지네요 다른데안묻게 조심해서먹여요,2026-05-06T21:54:38+09:00,2026-05-06,네이버 스마트스토어 구****,5,True,1,1,https://assets6.cre.ma/p/phytonutri-kr/reviews/00/00/09/64/19/image1/fa1e14e84d0297ce.webp,1000000325,투데이디3 for baby,https://www.phytonutri.kr/goods/goods_view.php?goodsNo=1000000325,4.9,3634,0,0,"{'1': ['만족도'], '-1': ['품질'], '0': ['맛']}",[],[]
96420,103,5,smart_store,스마트스토어,"지인분들 추천으로
두번째 구매하여 먹고있어요^^",2026-05-06T21:44:11+09:00,2026-05-06,네이버 스마트스토어 구****,5,True,1,1,https://assets6.cre.ma/p/phytonutri-kr/reviews/00/00/09/64/20/image1/c7c17eb828f6ed73.webp,1000000281,지니어스뉴 드롭스&톡캡스,https://www.phytonutri.kr/goods/goods_view.php?goodsNo=1000000281,4.9,14386,0,0,{'2': ['만족도']},[],[]
96421,103,5,smart_store,스마트스토어,분유에 부족한 성분 보충하려고 구매했어어요,2026-05-06T21:35:37+09:00,2026-05-06,네이버 스마트스토어 구****,5,True,1,1,https://assets6.cre.ma/p/phytonutri-kr/reviews/00/00/09/64/21/image1/147111e9276927f6.webp,1000000281,지니어스뉴 드롭스&톡캡스,https://www.phytonutri.kr/goods/goods_view.php?goodsNo=1000000281,4.9,14386,0,0,"{'0': ['만족도', '성분']}",[],[]
96422,103,5,smart_store,스마트스토어,"아기 영양제 고민하다가 선택했는데
만족합니다",2026-05-06T21:34:27+09:00,2026-05-06,네이버 스마트스토어 구****,5,True,1,1,https://assets6.cre.ma/p/phytonutri-kr/reviews/00/00/09/64/22/image1/317ff8f559f556ec.webp,1000000298,지니어스뉴 + 그로우뉴 세트,https://www.phytonutri.kr/goods/goods_view.php?goodsNo=1000000298,4.9,1413,0,0,{'1': ['만족도']},[],[]
96423,104,5,smart_store,스마트스토어,아기가 잘먹어요 !!,2026-05-06T21:13:56+09:00,2026-05-06,네이버 스마트스토어 구****,5,False,0,0,,1000000281,지니어스뉴 드롭스&톡캡스,https://www.phytonutri.kr/goods/goods_view.php?goodsNo=1000000281,4.9,14386,0,0,{'1': ['만족도']},[],[]
96424,104,5,smart_store,스마트스토어,아기가 이유식에 섞어주니 잘 먹어요,2026-05-06T20:51:39+09:00,2026-05-06,네이버 스마트스토어 구****,5,True,1,1,https://assets6.cre.ma/p/phytonutri-kr/reviews/00/00/09/64/24/image1/923054e358c8f024.webp,1000000281,지니어스뉴 드롭스&톡캡스,https://www.phytonutri.kr/goods/goods_view.php?goodsNo=1000000281,4.9,14386,0,0,{'1': ['만족도']},[],[]
96425,104,5,smart_store,스마트스토어,"11개월 아기 영양제로 구입했습니다.
포장 깔끔하고 빠르네요",2026-05-06T20:14:12+09:00,2026-05-06,네이버 스마트스토어 구****,5,True,1,1,https://assets6.cre.ma/p/phytonutri-kr/reviews/00/00/09/64/25/image1/c67a713bfc4b964c.webp,1000000297,"그로우뉴 아이 유기농칼슘&마그네슘 비타민D,k2,망간",https://www.phytonutri.kr/goods/goods_view.php?goodsNo=1000000297,4.9,4844,0,0,"{'1': ['만족도', '배송', '포장']}",[],[]
96426,104,5,smart_store,스마트스토어,꾸준하게 넘 잘 먹이고 있어요~~~~,2026-05-06T19:59:27+09:00,2026-05-06,네이버 스마트스토어 구****,5,True,1,1,https://assets6.cre.ma/p/phytonutri-kr/reviews/00/00/09/64/26/image1/a7596b11a8f70e45.webp,1000000325,투데이디3 for baby,https://www.phytonutri.kr/goods/goods_view.php?goodsNo=1000000325,4.9,3634,0,0,{'2': ['만족도']},[],[]
96427,104,5,smart_store,스마트스토어,꾸준히  먹는중입니다  1년넘었어요,2026-05-06T18:52:36+09:00,2026-05-06,네이버 스마트스토어 구****,5,True,1,1,https://assets6.cre.ma/p/phytonutri-kr/reviews/00/00/09/64/27/image1/1738cb0cb914640f.webp,1000000297,"그로우뉴 아이 유기농칼슘&마그네슘 비타민D,k2,망간",https://www.phytonutri.kr/goods/goods_view.php?goodsNo=1000000297,4.9,4844,0,0,{'2': ['만족도']},[],[]
96428,104,5,smart_store,스마트스토어,좋아요~~~~~~~~~~~~~~~1)~~~~~~~~~~,2026-05-06T18:52:26+09:00,2026-05-06,네이버 스마트스토어 구****,5,False,0,0,,1000000281,지니어스뉴 드롭스&톡캡스,https://www.phytonutri.kr/goods/goods_view.php?goodsNo=1000000281,4.9,14386,0,0,{'1': ['만족도']},[],[]
96429,104,5,smart_store,스마트스토어,"아이가 
잘먹어요 ㅎㅎ",2026-05-06T18:51:55+09:00,2026-05-06,네이버 스마트스토어 구****,5,True,1,1,https://assets6.cre.ma/p/phytonutri-kr/reviews/00/00/09/64/29/image1/deb2e5ce32842674.webp,1000000379,지니어스뉴 키즈 국내 유일 스퀴즈 짜먹는 어린이 오메가3 DHA ALA 콜린 올로메가,https://www.phytonutri.kr/goods/goods_view.php?goodsNo=1000000379,4.6,127,0,0,{'1': ['만족도']},[],[]
96430,104,5,smart_store,스마트스토어,개별포장이라 위생도 좋고 먹이기 편해요,2026-05-06T18:27:16+09:00,2026-05-06,네이버 스마트스토어 구****,5,True,1,1,https://assets6.cre.ma/p/phytonutri-kr/reviews/00/00/09/64/30/image1/a8d76c7144376107.webp,1000000297,"그로우뉴 아이 유기농칼슘&마그네슘 비타민D,k2,망간",https://www.phytonutri.kr/goods/goods_view.php?goodsNo=1000000297,4.9,4844,0,0,"{'1': ['만족도', '포장', '편의성']}",[],[]
96431,104,5,smart_store,스마트스토어,잘 사용하고 있습니다,2026-05-06T18:16:59+09:00,2026-05-06,네이버 스마트스토어 구****,5,True,1,1,https://assets6.cre.ma/p/phytonutri-kr/reviews/00/00/09/64/31/image1/5ae29382c7d4437d.webp,1000000281,지니어스뉴 드롭스&톡캡스,https://www.phytonutri.kr/goods/goods_view.php?goodsNo=1000000281,4.9,14386,0,0,{'1': ['만족도']},[],[]
96432,104,5,smart_store,스마트스토어,아기가 잘먹어서 재주문했어요,2026-05-06T18:11:33+09:00,2026-05-06,네이버 스마트스토어 구****,5,True,1,1,https://assets6.cre.ma/p/phytonutri-kr/reviews/00/00/09/64/32/image1/77581ccc90526204.webp,1000000325,투데이디3 for baby,https://www.phytonutri.kr/goods/goods_view.php?goodsNo=1000000325,4.9,3634,0,0,{'2': ['만족도']},[],[]
96433,104,5,smart_store,스마트스토어,아기가 잘먹네요!!,2026-05-06T18:11:08+09:00,2026-05-06,네이버 스마트스토어 구****,5,True,1,1,https://assets6.cre.ma/p/phytonutri-kr/reviews/00/00/09/64/33/image1/3eac114bbcd402d3.webp,1000000325,투데이디3 for baby,https://www.phytonutri.kr/goods/goods_view.php?goodsNo=1000000325,4.9,3634,0,0,{'1': ['만족도']},[],[]
96434,104,5,smart_store,스마트스토어,우리 아가를 위해서 타 브랜드보다는 비싼 편이지만 이걸로 정착했어요 하나씩 소분되어있어서 안심하고 먹입니다 입에 톡 짜주거나 이유식 먹일 때 스푼에 짜서 입에 넣어주니 잘먹어요,2026-05-06T17:57:46+09:00,2026-05-06,네이버 스마트스토어 구****,5,True,1,1,https://assets6.cre.ma/p/phytonutri-kr/reviews/00/00/09/64/34/image1/a9b3ef078d24320d.webp,1000000325,투데이디3 for baby,https://www.phytonutri.kr/goods/goods_view.php?goodsNo=1000000325,4.9,3634,0,0,"{'1': ['만족도', '포장'], '-1': ['가격']}",[],[]
96435,104,5,smart_store,스마트스토어,지금 몇번째 주문입니다 요번에는 한번에 많이주문했구요~~  우선 아기가 거부감없이 잘먹으니 너무 편합니다~~ 재구매 의사 있습니다,2026-05-06T17:56:00+09:00,2026-05-06,네이버 스마트스토어 구****,5,True,1,1,https://assets6.cre.ma/p/phytonutri-kr/reviews/00/00/09/64/35/image1/68de23c9092435a2.webp,1000000297,"그로우뉴 아이 유기농칼슘&마그네슘 비타민D,k2,망간",https://www.phytonutri.kr/goods/goods_view.php?goodsNo=1000000297,4.9,4844,0,0,"{'2': ['만족도', '편의성']}",[],[]
96436,104,3,smart_store,스마트스토어,"분유를 먹일때 넣어 줄수 있는 점, 위생적이라고 생각 되어 구매 하였으나 오일의 특성을 미처 생각하지 못했습니다..;; 분유랑 잘 섞이지 못하고 꼭지에 굳어 버리기도 하고 젖병 씻을때 오일때문에 더 꼼꼼히 씻어야 합니다ㅠ 나중에 이유식 시작하면 그때 재구매 할 의사가 있고 지금 신생아 시기에는 불편한게 좀 있네요ㅠㅠ",2026-05-06T17:05:24+09:00,2026-05-06,네이버 스마트스토어 구****,5,True,1,1,https://assets6.cre.ma/p/phytonutri-kr/reviews/00/00/09/64/36/image1/1d41d35f2a37b682.webp,1000000325,투데이디3 for baby,https://www.phytonutri.kr/goods/goods_view.php?goodsNo=1000000325,4.9,3634,0,0,"{'-1': ['만족도', '편의성']}",[],[]
96437,104,5,smart_store,스마트스토어,주변 추천으로 구매했어요  기호성 맞으면 또 구매할게요!,2026-05-06T16:50:02+09:00,2026-05-06,네이버 스마트스토어 구****,5,True,1,1,https://assets6.cre.ma/p/phytonutri-kr/reviews/00/00/09/64/37/image1/ffb2feb3ba2d59a3.webp,1000000297,"그로우뉴 아이 유기농칼슘&마그네슘 비타민D,k2,망간",https://www.phytonutri.kr/goods/goods_view.php?goodsNo=1000000297,4.9,4844,0,0,{'1': ['만족도']},[],[]
96438,104,5,smart_store,스마트스토어,아기 면역력도 키워줄겸 열심히 먹이고 있어요~!,2026-05-06T16:22:47+09:00,2026-05-06,네이버 스마트스토어 구****,5,True,1,1,https://assets6.cre.ma/p/phytonutri-kr/reviews/00/00/09/64/38/image1/750ff90ee0934b8b.webp,1000000298,지니어스뉴 + 그로우뉴 세트,https://www.phytonutri.kr/goods/goods_view.php?goodsNo=1000000298,4.9,1413,0,0,{'0': ['만족도']},[],[]
96439,104,5,smart_store,스마트스토어,좋습니다! 배솔도 빠르고 성분도 좋고,2026-05-06T16:21:14+09:00,2026-05-06,네이버 스마트스토어 구****,5,False,0,0,,1000000281,지니어스뉴 드롭스&톡캡스,https://www.phytonutri.kr/goods/goods_view.php?goodsNo=1000000281,4.9,14386,0,0,"{'1': ['만족도', '배송', '성분']}",[],[]
96440,104,5,smart_store,스마트스토어,"냉장고에 넣어두면 든든해요
밖에 나가서 과당주스 대신 이거 먹여요
감기에 효○있는지는 모르겠지만
남편이랑 아기 다 잘 먹네요~",2026-05-06T16:16:18+09:00,2026-05-06,네이버 스마트스토어 구****,5,True,1,1,https://assets6.cre.ma/p/phytonutri-kr/reviews/00/00/09/64/40/image1/cdcbc952d16e90dc.webp,1000000342,이트뮨 아이 배도라지즙&엘더베리사과주스,https://www.phytonutri.kr/goods/goods_view.php?goodsNo=1000000342,4.9,609,0,0,"{'1': ['만족도'], '0': ['효과']}",[],[]
96441,104,3,smart_store,스마트스토어,잘먹고있어요~~~~,2026-05-06T16:15:42+09:00,2026-05-06,네이버 스마트스토어 구****,5,True,1,1,https://assets6.cre.ma/p/phytonutri-kr/reviews/00/00/09/64/41/image1/6a3804717058e5ba.webp,1000000281,지니어스뉴 드롭스&톡캡스,https://www.phytonutri.kr/goods/goods_view.php?goodsNo=1000000281,4.9,14386,0,0,{'1': ['만족도']},[],[]
96442,104,3,smart_store,스마트스토어,잘먹고있어요~~~~,2026-05-06T16:06:44+09:00,2026-05-06,네이버 스마트스토어 구****,5,True,1,1,https://assets6.cre.ma/p/phytonutri-kr/reviews/00/00/09/64/42/image1/cc6a83576cce0564.webp,1000000281,지니어스뉴 드롭스&톡캡스,https://www.phytonutri.kr/goods/goods_view.php?goodsNo=1000000281,4.9,14386,0,0,{'1': ['만족도']},[],[]
96443,105,3,smart_store,스마트스토어,"음식에 섞어줘도 약간 비릿한 냄새가 나니 종종 뱉아낼때가 있으며 거의 다 먹어갈때는 스포이드로 흡입이 되지
않아 얼만큼인지 모르지만 그냥 대충 부어먹인답니다!
차라리 캡슐이 더 나을것 같아요ㅜ",2026-05-06T15:55:04+09:00,2026-05-06,네이버 스마트스토어 구****,5,True,1,1,https://assets6.cre.ma/p/phytonutri-kr/reviews/00/00/09/64/43/image1/bac409afc3fd7a87.webp,1000000281,지니어스뉴 드롭스&톡캡스,https://www.phytonutri.kr/goods/goods_view.php?goodsNo=1000000281,4.9,14386,0,0,"{'-1': ['만족도', '냄새']}",[],[]
96444,105,5,smart_store,스마트스토어,아이가 너무나도 잘먹습니다,2026-05-06T15:04:17+09:00,2026-05-06,네이버 스마트스토어 구****,5,True,1,1,https://assets6.cre.ma/p/phytonutri-kr/reviews/00/00/09/64/44/image1/7f49403148c6aa33.webp,1000000281,지니어스뉴 드롭스&톡캡스,https://www.phytonutri.kr/goods/goods_view.php?goodsNo=1000000281,4.9,14386,0,0,{'1': ['만족도']},[],[]
96445,105,5,smart_store,스마트스토어,애기 잘먹이고있어요!:),2026-05-06T15:00:35+09:00,2026-05-06,네이버 스마트스토어 구****,5,False,0,0,,1000000281,지니어스뉴 드롭스&톡캡스,https://www.phytonutri.kr/goods/goods_view.php?goodsNo=1000000281,4.9,14386,0,0,{'1': ['만족도']},[],[]
96446,105,5,smart_store,스마트스토어,유아식하면서 영양 걱정되어 꾸준히 먹이고 잇어오,2026-05-06T14:37:28+09:00,2026-05-06,네이버 스마트스토어 구****,5,True,1,1,https://assets6.cre.ma/p/phytonutri-kr/reviews/00/00/09/64/46/image1/5480344860acb09d.webp,1000000297,"그로우뉴 아이 유기농칼슘&마그네슘 비타민D,k2,망간",https://www.phytonutri.kr/goods/goods_view.php?goodsNo=1000000297,4.9,4844,0,0,"{'0': ['만족도', '효과']}",[],[]
96447,105,5,smart_store,스마트스토어,일단 아이가 먹기 거북해하지 않고 잘먹어요!,2026-05-06T14:34:02+09:00,2026-05-06,네이버 스마트스토어 구****,5,False,0,0,,1000000297,"그로우뉴 아이 유기농칼슘&마그네슘 비타민D,k2,망간",https://www.phytonutri.kr/goods/goods_view.php?goodsNo=1000000297,4.9,4844,0,0,"{'1': ['만족도', '식감']}",[],[]
96448,105,4,smart_store,스마트스토어,가루 입자가 고와서 잘 섞이는 장점과 곱기에 빠르게 잘 섞어주지 않으면 입자끼리 뭉치는 단점이 동시에 공존하나 그럭저럭 잘 먹이고 있습니다. ^^,2026-05-06T14:12:56+09:00,2026-05-06,네이버 스마트스토어 구****,5,True,1,1,https://assets6.cre.ma/p/phytonutri-kr/reviews/00/00/09/64/48/image1/7c8a5ec52d6c5cc6.webp,1000000297,"그로우뉴 아이 유기농칼슘&마그네슘 비타민D,k2,망간",https://www.phytonutri.kr/goods/goods_view.php?goodsNo=1000000297,4.9,4844,0,0,"{'1': ['만족도'], '0': ['품질']}",[],[]
96449,105,5,smart_store,스마트스토어,두번째로 재구매했어요 꾸준히 먹일려구요,2026-05-06T13:54:11+09:00,2026-05-06,네이버 스마트스토어 구****,5,True,1,1,https://assets6.cre.ma/p/phytonutri-kr/reviews/00/00/09/64/49/image1/a37815d6c3fc9d87.webp,1000000281,지니어스뉴 드롭스&톡캡스,https://www.phytonutri.kr/goods/goods_view.php?goodsNo=1000000281,4.9,14386,0,0,{'2': ['만족도']},[],[]
96450,105,5,smart_store,스마트스토어,걷기 시작하면서 뼈 건강을 위해 주문했어요~ 이유식 위에 뿌려주니 너무 간편하네요~,2026-05-06T13:22:44+09:00,2026-05-06,네이버 스마트스토어 구****,5,True,1,1,https://assets6.cre.ma/p/phytonutri-kr/reviews/00/00/09/64/50/image1/92d2a86fc6accc62.webp,1000000297,"그로우뉴 아이 유기농칼슘&마그네슘 비타민D,k2,망간",https://www.phytonutri.kr/goods/goods_view.php?goodsNo=1000000297,4.9,4844,0,0,"{'1': ['만족도'], '2': ['편의성']}",[],[]
96451,105,5,smart_store,스마트스토어,아이가 잘 먹어요 재구매해서 꾸준히 먹이고 있어요,2026-05-06T12:31:16+09:00,2026-05-06,네이버 스마트스토어 구****,5,False,0,0,,1000000325,투데이디3 for baby,https://www.phytonutri.kr/goods/goods_view.php?goodsNo=1000000325,4.9,3634,0,0,{'2': ['만족도']},[],[]
96452,105,5,smart_store,스마트스토어,꾸준히 복용중입니다,2026-05-06T12:30:33+09:00,2026-05-06,네이버 스마트스토어 구****,5,False,0,0,,1000000325,투데이디3 for baby,https://www.phytonutri.kr/goods/goods_view.php?goodsNo=1000000325,4.9,3634,0,0,{'1': ['만족도']},[],[]
96453,105,5,smart_store,스마트스토어,배송이 빨라서 좋습니다~!,2026-05-06T12:29:25+09:00,2026-05-06,네이버 스마트스토어 구****,5,False,0,0,,1000000281,지니어스뉴 드롭스&톡캡스,https://www.phytonutri.kr/goods/goods_view.php?goodsNo=1000000281,4.9,14386,0,0,"{'1': ['만족도', '배송']}",[],[]
96454,105,5,smart_store,스마트스토어,아기가 넘 잘먹어요ㅎㅎ꾸준히먹이고있어요ㅎㅎ,2026-05-06T12:23:21+09:00,2026-05-06,네이버 스마트스토어 구****,5,True,1,1,https://assets6.cre.ma/p/phytonutri-kr/reviews/00/00/09/64/54/image1/862cdef04b9afb98.webp,1000000281,지니어스뉴 드롭스&톡캡스,https://www.phytonutri.kr/goods/goods_view.php?goodsNo=1000000281,4.9,14386,0,0,"{'1': ['만족도', '맛']}",[],[]
96455,105,5,smart_store,스마트스토어,아기가 넘 잘먹어요ㅎㅎ꾸준히먹이고있어요ㅎㅎ,2026-05-06T12:22:46+09:00,2026-05-06,네이버 스마트스토어 구****,5,True,1,1,https://assets6.cre.ma/p/phytonutri-kr/reviews/00/00/09/64/55/image1/b4d21e9b6cbf82ea.webp,1000000281,지니어스뉴 드롭스&톡캡스,https://www.phytonutri.kr/goods/goods_view.php?goodsNo=1000000281,4.9,14386,0,0,"{'1': ['만족도', '맛']}",[],[]
96456,105,5,smart_store,스마트스토어,산패걱정 없고 아이가 너무 잘먹습니다,2026-05-06T12:14:46+09:00,2026-05-06,네이버 스마트스토어 구****,5,True,1,1,https://assets6.cre.ma/p/phytonutri-kr/reviews/00/00/09/64/56/image1/07a1276061f5de88.webp,1000000325,투데이디3 for baby,https://www.phytonutri.kr/goods/goods_view.php?goodsNo=1000000325,4.9,3634,0,0,"{'1': ['만족도', '제품상태']}",[],[]
96457,105,5,smart_store,스마트스토어,아직 먹고있긴한데 갠찮은거같아요,2026-05-06T11:55:33+09:00,2026-05-06,네이버 스마트스토어 구****,5,True,1,1,https://assets6.cre.ma/p/phytonutri-kr/reviews/00/00/09/64/57/image1/2f71b3e5e1c4c554.webp,1000000281,지니어스뉴 드롭스&톡캡스,https://www.phytonutri.kr/goods/goods_view.php?goodsNo=1000000281,4.9,14386,0,0,{'1': ['만족도']},[],[]
96458,105,5,smart_store,스마트스토어,"맛은 없지만 그래도 보관방법이나 성분이 좋아서
계속 먹이려구요",2026-05-06T11:47:19+09:00,2026-05-06,네이버 스마트스토어 구****,5,True,1,1,https://assets6.cre.ma/p/phytonutri-kr/reviews/00/00/09/64/58/image1/1f9bbd5a4ed596c2.webp,1000000325,투데이디3 for baby,https://www.phytonutri.kr/goods/goods_view.php?goodsNo=1000000325,4.9,3634,0,0,"{'1': ['만족도', '성분'], '-1': ['맛']}",[],[]
96459,105,5,smart_store,스마트스토어,"항상  이런 간절기나  호흡기 약해질때쯤 
시켜 먹는  알로에입니다
애들 입맛에도 잘 맞게 만들어서
거부감이 없네여",2026-05-06T11:42:47+09:00,2026-05-06,네이버 스마트스토어 구****,5,True,1,1,https://assets6.cre.ma/p/phytonutri-kr/reviews/00/00/09/64/59/image1/13c4d9eb71a93abd.webp,1000000342,이트뮨 아이 배도라지즙&엘더베리사과주스,https://www.phytonutri.kr/goods/goods_view.php?goodsNo=1000000342,4.9,609,0,0,"{'1': ['만족도', '맛']}",[],[]
96460,105,5,smart_store,스마트스토어,"아기도 잘 먹고 스포이드로 주니까 편해요~
성분이 괜찮아서 먹이는데 가격대가 있긴합니다",2026-05-06T11:24:41+09:00,2026-05-06,네이버 스마트스토어 구****,5,True,1,1,https://assets6.cre.ma/p/phytonutri-kr/reviews/00/00/09/64/60/image1/919bfd616edefe06.webp,1000000281,지니어스뉴 드롭스&톡캡스,https://www.phytonutri.kr/goods/goods_view.php?goodsNo=1000000281,4.9,14386,0,0,"{'1': ['만족도', '성분', '편의성'], '-1': ['가격']}",[],[]
96461,105,5,smart_store,스마트스토어,두돌째꾸준히먹이고있어요주변에서벌써똑띠소리들어요,2026-05-06T11:05:22+09:00,2026-05-06,네이버 스마트스토어 구****,5,True,1,1,https://assets6.cre.ma/p/phytonutri-kr/reviews/00/00/09/64/61/image1/46d2c86da491a6c4.webp,1000000281,지니어스뉴 드롭스&톡캡스,https://www.phytonutri.kr/goods/goods_view.php?goodsNo=1000000281,4.9,14386,0,0,"{'1': ['만족도', '효과']}",[],[]
96388,105,5,,자사몰(고도몰),늘 먹고 있어요 효○가 좋아서 늘 주문해서 먹게 되네요~~^^ 고맙습니다 ~~~~~~~~~~,2026-05-06T10:35:04+09:00,2026-05-06,sjsj******,5,False,0,0,,1000000000,에피베리어 곤약세라미드 1.8,https://www.phytonutri.kr/goods/goods_view.php?goodsNo=1000000000,4.5,3056,0,0,"{'2': ['만족도'], '1': ['효과']}",[],[]
96462,106,5,smart_store,스마트스토어,아기 챙겨주기 너무편하고 아기도잘먹어요,2026-05-06T10:30:47+09:00,2026-05-06,네이버 스마트스토어 구****,5,True,1,1,https://assets6.cre.ma/p/phytonutri-kr/reviews/00/00/09/64/62/image1/85e7db86bd6760cc.webp,1000000281,지니어스뉴 드롭스&톡캡스,https://www.phytonutri.kr/goods/goods_view.php?goodsNo=1000000281,4.9,14386,0,0,"{'1': ['만족도', '편의성']}",[],[]
96228,106,5,smart_store,스마트스토어,너무 너무 좋아요!,2026-05-06T10:26:36+09:00,2026-05-06,네이버 스마트스토어 구****,5,True,1,1,https://assets6.cre.ma/p/phytonutri-kr/reviews/00/00/09/62/28/image1/d654a94bc166b820.webp,1000000281,지니어스뉴 드롭스&톡캡스,https://www.phytonutri.kr/goods/goods_view.php?goodsNo=1000000281,4.9,14386,0,0,{'2': ['만족도']},[],[]
96229,106,5,smart_store,스마트스토어,"아이가 잘 먹고있어요.
재구매 합니다.",2026-05-06T10:24:46+09:00,2026-05-06,네이버 스마트스토어 구****,5,True,1,1,https://assets6.cre.ma/p/phytonutri-kr/reviews/00/00/09/62/29/image1/9ae9419a18e5c478.webp,1000000297,"그로우뉴 아이 유기농칼슘&마그네슘 비타민D,k2,망간",https://www.phytonutri.kr/goods/goods_view.php?goodsNo=1000000297,4.9,4844,0,0,{'2': ['만족도']},[],[]
96230,106,5,smart_store,스마트스토어,"4개월아기 먹이려고 구매합니다.
먹인지 한달 안되어서 아직은 잘 모르겠지만 도움이 되지 않을까 싶어요.",2026-05-06T10:24:10+09:00,2026-05-06,네이버 스마트스토어 구****,5,True,1,1,https://assets6.cre.ma/p/phytonutri-kr/reviews/00/00/09/62/30/image1/8c16ee36638e619b.webp,1000000375,데이프로바 + 투데이디3 세트,https://www.phytonutri.kr/goods/goods_view.php?goodsNo=1000000375,4.9,139,0,0,{'0': ['만족도']},[],[]
96231,106,5,smart_store,스마트스토어,캡슐형태라 정량으로 주기도 편하고 위생적입니다. 무엇보다 아이가 잘 먹어주어서 좋아요.,2026-05-06T10:21:48+09:00,2026-05-06,네이버 스마트스토어 구****,5,True,1,1,https://assets6.cre.ma/p/phytonutri-kr/reviews/00/00/09/62/31/image1/2f7a0ecb109bc811.webp,1000000281,지니어스뉴 드롭스&톡캡스,https://www.phytonutri.kr/goods/goods_view.php?goodsNo=1000000281,4.9,14386,0,0,"{'1': ['만족도', '편의성']}",[],[]
96232,106,5,smart_store,스마트스토어,"애기 3개월쯤부터 7-8개월동안 꾸준히 먹였어요!
보관도 먹이는것도 편하고, 무엇보다 아기 변도 잘보고, 비타민 디 수치 검사했을때도 안정적이라 더 만족하면서 먹이고있어요!",2026-05-06T10:16:47+09:00,2026-05-06,네이버 스마트스토어 구****,5,True,1,1,https://assets6.cre.ma/p/phytonutri-kr/reviews/00/00/09/62/32/image1/48fbbc1f949edde6.webp,1000000375,데이프로바 + 투데이디3 세트,https://www.phytonutri.kr/goods/goods_view.php?goodsNo=1000000375,4.9,139,0,0,"{'2': ['만족도'], '1': ['효과', '성분', '편의성']}",[],[]
96233,106,5,smart_store,스마트스토어,음식에 넣어주면 너무잘먹어려,2026-05-06T09:14:37+09:00,2026-05-06,네이버 스마트스토어 구****,5,True,1,1,https://assets6.cre.ma/p/phytonutri-kr/reviews/00/00/09/62/33/image1/cabd83adac293d39.webp,1000000281,지니어스뉴 드롭스&톡캡스,https://www.phytonutri.kr/goods/goods_view.php?goodsNo=1000000281,4.9,14386,0,0,{'1': ['만족도']},[],[]
96234,106,5,smart_store,스마트스토어,배송빠르고아주좋아요,2026-05-06T08:59:01+09:00,2026-05-06,네이버 스마트스토어 구****,5,False,0,0,,1000000363,데이프로바 for baby 아기 쌩쌩유산균,https://www.phytonutri.kr/goods/goods_view.php?goodsNo=1000000363,4.9,363,0,0,"{'2': ['만족도'], '1': ['배송']}",[],[]
96235,106,5,smart_store,스마트스토어,이거 다 먹고 남은 드롭형 먹이는데 진짜 답답해 죽을거내요ㅎㅎ 다시 재구매 합니다^^,2026-05-06T08:37:38+09:00,2026-05-06,네이버 스마트스토어 구****,5,True,1,1,https://assets6.cre.ma/p/phytonutri-kr/reviews/00/00/09/62/35/image1/92f7edb651a9cfc2.webp,1000000325,투데이디3 for baby,https://www.phytonutri.kr/goods/goods_view.php?goodsNo=1000000325,4.9,3634,0,0,{'2': ['만족도']},[],[]
96236,106,5,smart_store,스마트스토어,늘 챙기거 있어요 먹기 간편하규 좋아요,2026-05-06T08:09:24+09:00,2026-05-06,네이버 스마트스토어 구****,5,True,1,1,https://assets6.cre.ma/p/phytonutri-kr/reviews/00/00/09/62/36/image1/40f5d64ce4d31fa1.webp,1000000281,지니어스뉴 드롭스&톡캡스,https://www.phytonutri.kr/goods/goods_view.php?goodsNo=1000000281,4.9,14386,0,0,"{'1': ['만족도', '편의성']}",[],[]
96237,106,5,smart_store,스마트스토어,하루 양을 한번만 먹일 수 있어서 편리하고 가지고 다니기도 좋아요! 아기도 캡슐을 바로 입에 짜서 넣어줬는데 맛도 안 이상한지 처음부터 바로 잘 먹어요,2026-05-06T08:04:46+09:00,2026-05-06,네이버 스마트스토어 구****,5,True,1,1,https://assets6.cre.ma/p/phytonutri-kr/reviews/00/00/09/62/37/image1/b60eb20511480957.webp,1000000281,지니어스뉴 드롭스&톡캡스,https://www.phytonutri.kr/goods/goods_view.php?goodsNo=1000000281,4.9,14386,0,0,"{'1': ['만족도', '맛', '편의성']}",[],[]
96238,106,5,smart_store,스마트스토어,"15갤 딸랑구 꾸준히 먹이구 있어요
뇌에 좋다해서 ㅎㅎ🧠💕",2026-05-06T07:18:50+09:00,2026-05-06,네이버 스마트스토어 구****,5,True,1,1,https://assets6.cre.ma/p/phytonutri-kr/reviews/00/00/09/62/38/image1/3f56e60637d44360.webp,1000000281,지니어스뉴 드롭스&톡캡스,https://www.phytonutri.kr/goods/goods_view.php?goodsNo=1000000281,4.9,14386,0,0,{'1': ['만족도']},[],[]
96239,106,5,smart_store,스마트스토어,우리아이필수 영양제,2026-05-06T05:15:29+09:00,2026-05-06,네이버 스마트스토어 구****,5,True,1,1,https://assets6.cre.ma/p/phytonutri-kr/reviews/00/00/09/62/39/image1/ca1e532d82913e3a.webp,1000000281,지니어스뉴 드롭스&톡캡스,https://www.phytonutri.kr/goods/goods_view.php?goodsNo=1000000281,4.9,14386,0,0,{'1': ['만족도']},[],[]
96240,106,5,smart_store,스마트스토어,잘 받앗슴니다 먹여보고 또 주문할께요,2026-05-06T02:34:56+09:00,2026-05-06,네이버 스마트스토어 구****,5,True,1,1,https://assets6.cre.ma/p/phytonutri-kr/reviews/00/00/09/62/40/image1/2b772a892808fddd.webp,1000000281,지니어스뉴 드롭스&톡캡스,https://www.phytonutri.kr/goods/goods_view.php?goodsNo=1000000281,4.9,14386,0,0,{'1': ['만족도']},[],[]
96241,106,5,smart_store,스마트스토어,"쌍둥이 아기들 돌부터 먹인 제품입니다.
오메가3관련 제품들은 항상 비린내때문에 문제였는데 이건 비린내도 없고 참기름처럼 고소한 향입니다.
아기들도 거부감 없이 잘 먹어서 좋아요. 스포이드도 따로 주셔서 먹이기 편합니다.",2026-05-06T00:44:23+09:00,2026-05-06,네이버 스마트스토어 구****,5,True,1,1,https://assets6.cre.ma/p/phytonutri-kr/reviews/00/00/09/62/41/image1/04c2d712c9c9b142.webp,1000000281,지니어스뉴 드롭스&톡캡스,https://www.phytonutri.kr/goods/goods_view.php?goodsNo=1000000281,4.9,14386,0,0,"{'1': ['만족도', '냄새', '편의성']}",[],[]
96242,106,5,smart_store,스마트스토어,한달치 재구매 했어요~,2026-05-06T00:04:24+09:00,2026-05-06,네이버 스마트스토어 구****,5,False,0,0,,1000000363,데이프로바 for baby 아기 쌩쌩유산균,https://www.phytonutri.kr/goods/goods_view.php?goodsNo=1000000363,4.9,363,0,0,{'2': ['만족도']},[],[]
96243,106,5,smart_store,스마트스토어,"꾸준히 잘 먹이고 있어요ㅎㅎ
사은품으로 받은 배도라지도 먹여보고
괜찮으면 다음에 같이 주문 해야겠어요😊",2026-05-05T23:42:51+09:00,2026-05-05,네이버 스마트스토어 구****,5,True,1,1,https://assets6.cre.ma/p/phytonutri-kr/reviews/00/00/09/62/43/image1/8c9d11350757794b.webp,1000000281,지니어스뉴 드롭스&톡캡스,https://www.phytonutri.kr/goods/goods_view.php?goodsNo=1000000281,4.9,14386,0,0,{'1': ['만족도']},[],[]
96244,106,5,smart_store,스마트스토어,아기 두뇌발달에 꼭 필요하다고해서 하루에 한번 잘 먹고 있어요~!,2026-05-05T23:40:15+09:00,2026-05-05,네이버 스마트스토어 구****,5,True,1,1,https://assets6.cre.ma/p/phytonutri-kr/reviews/00/00/09/62/44/image1/9be24843e5fd6c9a.webp,1000000281,지니어스뉴 드롭스&톡캡스,https://www.phytonutri.kr/goods/goods_view.php?goodsNo=1000000281,4.9,14386,0,0,{'1': ['만족도']},[],[]
96245,106,4,smart_store,스마트스토어,너무 비쌈 ㅠ 재구매상품,2026-05-05T23:38:53+09:00,2026-05-05,네이버 스마트스토어 구****,5,True,1,1,https://assets6.cre.ma/p/phytonutri-kr/reviews/00/00/09/62/45/image1/835a46a1a6712f45.webp,1000000325,투데이디3 for baby,https://www.phytonutri.kr/goods/goods_view.php?goodsNo=1000000325,4.9,3634,0,0,"{'1': ['만족도'], '-2': ['가격']}",[],[]
96246,106,4,smart_store,스마트스토어,재구매구매 ㅛㅏㅇ품 너무비쌈 ㅠㅠ,2026-05-05T23:38:27+09:00,2026-05-05,네이버 스마트스토어 구****,5,True,1,1,https://assets6.cre.ma/p/phytonutri-kr/reviews/00/00/09/62/46/image1/e27be7945b0bec92.webp,1000000325,투데이디3 for baby,https://www.phytonutri.kr/goods/goods_view.php?goodsNo=1000000325,4.9,3634,0,0,"{'0': ['만족도'], '-2': ['가격']}",[],[]
96247,107,5,smart_store,스마트스토어,지니어스뉴 먼저 먹이다가 비타민도 알게 되었는데 먹이기 편하고 아기가 거부감없이 잘 먹네요~,2026-05-05T23:38:18+09:00,2026-05-05,네이버 스마트스토어 구****,5,True,1,1,https://assets6.cre.ma/p/phytonutri-kr/reviews/00/00/09/62/47/image1/d4dce90f14ecb908.webp,1000000325,투데이디3 for baby,https://www.phytonutri.kr/goods/goods_view.php?goodsNo=1000000325,4.9,3634,0,0,"{'1': ['만족도', '편의성']}",[],[]
96248,107,4,smart_store,스마트스토어,재구매상품 재구매상품,2026-05-05T23:37:59+09:00,2026-05-05,네이버 스마트스토어 구****,5,True,1,1,https://assets6.cre.ma/p/phytonutri-kr/reviews/00/00/09/62/48/image1/25d39d3d9d55e412.webp,1000000325,투데이디3 for baby,https://www.phytonutri.kr/goods/goods_view.php?goodsNo=1000000325,4.9,3634,0,0,{'2': ['만족도']},[],[]
96249,107,5,smart_store,스마트스토어,항상 애용하는 제품입니다.,2026-05-05T23:35:22+09:00,2026-05-05,네이버 스마트스토어 구****,5,True,1,1,https://assets6.cre.ma/p/phytonutri-kr/reviews/00/00/09/62/49/image1/b77943d6d0246b5b.webp,1000000297,"그로우뉴 아이 유기농칼슘&마그네슘 비타민D,k2,망간",https://www.phytonutri.kr/goods/goods_view.php?goodsNo=1000000297,4.9,4844,0,0,{'2': ['만족도']},[],[]
96250,107,5,smart_store,스마트스토어,"소고기수세미미역컵라면줄노트색연필삼색볼펜영어공책치약사리면카레선크림사탕돈가스소스마요네즈안심,당근,짜장,스프,썬크림립,고무장갑중",2026-05-05T22:31:17+09:00,2026-05-05,네이버 스마트스토어 구****,5,False,0,0,,1000000379,지니어스뉴 키즈 국내 유일 스퀴즈 짜먹는 어린이 오메가3 DHA ALA 콜린 올로메가,https://www.phytonutri.kr/goods/goods_view.php?goodsNo=1000000379,4.6,127,0,0,{'0': ['만족도']},[],[]
96251,107,5,smart_store,스마트스토어,아기가 너무너무 좋아하고 발달에 정말 영향을 주는 것 같아요,2026-05-05T22:21:04+09:00,2026-05-05,네이버 스마트스토어 구****,5,False,0,0,,1000000298,지니어스뉴 + 그로우뉴 세트,https://www.phytonutri.kr/goods/goods_view.php?goodsNo=1000000298,4.9,1413,0,0,"{'2': ['만족도'], '1': ['효과']}",[],[]
96252,107,5,smart_store,스마트스토어,아이가 정말 좋아해요~~! 툭유 쓴맛도 없어서 더 좋아합키다!!,2026-05-05T22:14:04+09:00,2026-05-05,네이버 스마트스토어 구****,5,True,1,1,https://assets6.cre.ma/p/phytonutri-kr/reviews/00/00/09/62/52/image1/61a619fd6e5dab39.webp,1000000342,이트뮨 아이 배도라지즙&엘더베리사과주스,https://www.phytonutri.kr/goods/goods_view.php?goodsNo=1000000342,4.9,609,0,0,"{'1': ['만족도', '맛']}",[],[]
96253,107,5,smart_store,스마트스토어,맨날 드롭먹었다가 톡캡스로 한번 갈아타봤어요 ㅎㅎ 지금까지도 만족했어서 기대중이에옹,2026-05-05T22:10:58+09:00,2026-05-05,네이버 스마트스토어 구****,5,True,1,1,https://assets6.cre.ma/p/phytonutri-kr/reviews/00/00/09/62/53/image1/14838bced9309fcc.webp,1000000281,지니어스뉴 드롭스&톡캡스,https://www.phytonutri.kr/goods/goods_view.php?goodsNo=1000000281,4.9,14386,0,0,{'0': ['만족도']},[],[]
96254,107,5,smart_store,스마트스토어,아주 잘 먹고있어요. 이제 이유식에 타주고 있는데 비린맛 없는지 잘 먹습니다!,2026-05-05T21:40:02+09:00,2026-05-05,네이버 스마트스토어 구****,5,True,1,1,https://assets6.cre.ma/p/phytonutri-kr/reviews/00/00/09/62/54/image1/7d4b9f16f583d86f.webp,1000000281,지니어스뉴 드롭스&톡캡스,https://www.phytonutri.kr/goods/goods_view.php?goodsNo=1000000281,4.9,14386,0,0,"{'1': ['만족도', '맛']}",[],[]
96255,107,5,smart_store,스마트스토어,아이 비타민D필요해서 주문했는데 잘먹어요,2026-05-05T21:16:28+09:00,2026-05-05,네이버 스마트스토어 구****,5,True,1,1,https://assets6.cre.ma/p/phytonutri-kr/reviews/00/00/09/62/55/image1/c841847694362cc1.webp,1000000325,투데이디3 for baby,https://www.phytonutri.kr/goods/goods_view.php?goodsNo=1000000325,4.9,3634,0,0,{'1': ['만족도']},[],[]
96256,107,5,smart_store,스마트스토어,이유식에 타서 잘 먹고 있어요,2026-05-05T20:54:23+09:00,2026-05-05,네이버 스마트스토어 구****,5,True,1,1,https://assets6.cre.ma/p/phytonutri-kr/reviews/00/00/09/62/56/image1/658e09ca068dc437.webp,1000000297,"그로우뉴 아이 유기농칼슘&마그네슘 비타민D,k2,망간",https://www.phytonutri.kr/goods/goods_view.php?goodsNo=1000000297,4.9,4844,0,0,{'1': ['만족도']},[],[]
96257,107,5,smart_store,스마트스토어,아기가 잘먹어요~~,2026-05-05T20:44:06+09:00,2026-05-05,네이버 스마트스토어 구****,5,False,0,0,,1000000281,지니어스뉴 드롭스&톡캡스,https://www.phytonutri.kr/goods/goods_view.php?goodsNo=1000000281,4.9,14386,0,0,{'1': ['만족도']},[],[]
96258,107,4,smart_store,스마트스토어,타사꺼 먹이다 바꿔서 처음 먹을땐 거부반응있었으나 2스포이드라 적혀있지만 한스포이드해서 먹이고 있어요 잘먹으면 2스포이드로 바꿀예정입니다,2026-05-05T20:25:32+09:00,2026-05-05,네이버 스마트스토어 구****,5,False,0,0,,1000000281,지니어스뉴 드롭스&톡캡스,https://www.phytonutri.kr/goods/goods_view.php?goodsNo=1000000281,4.9,14386,0,0,{'0': ['만족도']},[],[]
96259,107,5,smart_store,스마트스토어,항상 구매해서 먹여요 좋아요,2026-05-05T20:21:52+09:00,2026-05-05,네이버 스마트스토어 구****,5,False,0,0,,1000000281,지니어스뉴 드롭스&톡캡스,https://www.phytonutri.kr/goods/goods_view.php?goodsNo=1000000281,4.9,14386,0,0,{'1': ['만족도']},[],[]
96260,107,5,smart_store,스마트스토어,이유식에 짜서 같이 먹이기 좋네요 ㅎㅎ,2026-05-05T20:13:09+09:00,2026-05-05,네이버 스마트스토어 구****,5,True,1,1,https://assets6.cre.ma/p/phytonutri-kr/reviews/00/00/09/62/60/image1/5cb01d18953360ad.webp,1000000325,투데이디3 for baby,https://www.phytonutri.kr/goods/goods_view.php?goodsNo=1000000325,4.9,3634,0,0,"{'1': ['만족도'], '0': ['맛']}",[],[]
96261,107,5,smart_store,스마트스토어,아들이 잘먹고있습니다 ㅎㅎ,2026-05-05T19:45:12+09:00,2026-05-05,네이버 스마트스토어 구****,5,True,1,1,https://assets6.cre.ma/p/phytonutri-kr/reviews/00/00/09/62/61/image1/e763db9cd8057d8f.webp,1000000379,지니어스뉴 키즈 국내 유일 스퀴즈 짜먹는 어린이 오메가3 DHA ALA 콜린 올로메가,https://www.phytonutri.kr/goods/goods_view.php?goodsNo=1000000379,4.6,127,0,0,{'1': ['만족도']},[],[]
96262,107,5,smart_store,스마트스토어,이번에는 그포이드로 사봣어요 매번먹이는 오메가,2026-05-05T19:44:49+09:00,2026-05-05,네이버 스마트스토어 구****,5,True,1,1,https://assets6.cre.ma/p/phytonutri-kr/reviews/00/00/09/62/62/image1/f73e48b402f54804.webp,1000000281,지니어스뉴 드롭스&톡캡스,https://www.phytonutri.kr/goods/goods_view.php?goodsNo=1000000281,4.9,14386,0,0,{'0': ['만족도']},[],[]
96263,107,5,smart_store,스마트스토어,잘받앗어요 먹여봐야알거같아요,2026-05-05T19:23:16+09:00,2026-05-05,네이버 스마트스토어 구****,5,True,1,1,https://assets6.cre.ma/p/phytonutri-kr/reviews/00/00/09/62/63/image1/fbe264b9c151e529.webp,1000000297,"그로우뉴 아이 유기농칼슘&마그네슘 비타민D,k2,망간",https://www.phytonutri.kr/goods/goods_view.php?goodsNo=1000000297,4.9,4844,0,0,{'0': ['만족도']},[],[]
96264,107,5,smart_store,스마트스토어,잘받앗습니다 우선 몇번 먹여봐야될거같네요,2026-05-05T19:22:51+09:00,2026-05-05,네이버 스마트스토어 구****,5,True,1,1,https://assets6.cre.ma/p/phytonutri-kr/reviews/00/00/09/62/64/image1/c2f76c5d8e47bbdd.webp,1000000281,지니어스뉴 드롭스&톡캡스,https://www.phytonutri.kr/goods/goods_view.php?goodsNo=1000000281,4.9,14386,0,0,{'0': ['만족도']},[],[]
96265,107,5,smart_store,스마트스토어,꾸준히 먹이고 있습니다😊,2026-05-05T19:07:42+09:00,2026-05-05,네이버 스마트스토어 구****,5,True,1,1,https://assets6.cre.ma/p/phytonutri-kr/reviews/00/00/09/62/65/image1/57538b5c809e30dd.webp,1000000281,지니어스뉴 드롭스&톡캡스,https://www.phytonutri.kr/goods/goods_view.php?goodsNo=1000000281,4.9,14386,0,0,{'1': ['만족도']},[],[]
96266,107,5,smart_store,스마트스토어,너무 편리해서 좋아요.,2026-05-05T18:52:44+09:00,2026-05-05,네이버 스마트스토어 구****,5,True,1,1,https://assets6.cre.ma/p/phytonutri-kr/reviews/00/00/09/62/66/image1/bd591b348d000bf9.webp,1000000325,투데이디3 for baby,https://www.phytonutri.kr/goods/goods_view.php?goodsNo=1000000325,4.9,3634,0,0,"{'1': ['만족도'], '2': ['편의성']}",[],[]
96267,108,5,smart_store,스마트스토어,좋아요 좋아요 좋아요,2026-05-05T18:39:27+09:00,2026-05-05,네이버 스마트스토어 구****,5,True,1,1,https://assets6.cre.ma/p/phytonutri-kr/reviews/00/00/09/62/67/image1/7614f87d3e15a47f.webp,1000000281,지니어스뉴 드롭스&톡캡스,https://www.phytonutri.kr/goods/goods_view.php?goodsNo=1000000281,4.9,14386,0,0,{'1': ['만족도']},[],[]
96227,108,5,,자사몰(고도몰),냄새 안나서 좋긴 해요,2026-05-05T18:34:04+09:00,2026-05-05,vov1******,5,False,0,0,,1000000398,KD 파마 듀얼 초임계 rTG 오메가3,https://www.phytonutri.kr/goods/goods_view.php?goodsNo=1000000398,4.9,121,0,0,"{'1': ['만족도', '냄새']}",[],[]
96268,108,5,smart_store,스마트스토어,"6개월부터 계속 주고 있어요.
요즘은 혼자서 잘 먹고 2개 먹을 때도 있어요.",2026-05-05T18:32:40+09:00,2026-05-05,네이버 스마트스토어 구****,5,True,1,1,https://assets6.cre.ma/p/phytonutri-kr/reviews/00/00/09/62/68/image1/b81921b6f2e78e39.webp,1000000326,지니어스뉴 + 투데이디3 세트,https://www.phytonutri.kr/goods/goods_view.php?goodsNo=1000000326,4.8,245,0,0,{'1': ['만족도']},[],[]
96269,108,5,smart_store,스마트스토어,먹이기 편해서 좋아요. 약에 넣어서 같이 주기도 하고 그냥 스포이드로 입에 떨어트려 주기도 하는데 잘 먹어요.,2026-05-05T16:53:32+09:00,2026-05-05,네이버 스마트스토어 구****,5,True,1,1,https://assets6.cre.ma/p/phytonutri-kr/reviews/00/00/09/62/69/image1/e9a285c37bb98626.webp,1000000281,지니어스뉴 드롭스&톡캡스,https://www.phytonutri.kr/goods/goods_view.php?goodsNo=1000000281,4.9,14386,0,0,"{'1': ['만족도', '편의성']}",[],[]
96270,108,5,smart_store,스마트스토어,항상잘먹여요 감사합니다,2026-05-05T16:49:15+09:00,2026-05-05,네이버 스마트스토어 구****,5,True,1,1,https://assets6.cre.ma/p/phytonutri-kr/reviews/00/00/09/62/70/image1/6ca263722b07ad93.webp,1000000281,지니어스뉴 드롭스&톡캡스,https://www.phytonutri.kr/goods/goods_view.php?goodsNo=1000000281,4.9,14386,0,0,{'1': ['만족도']},[],[]
96271,108,5,smart_store,스마트스토어,잘먹고 있어요 거부감이 없네요,2026-05-05T16:40:16+09:00,2026-05-05,네이버 스마트스토어 구****,5,True,1,1,https://assets6.cre.ma/p/phytonutri-kr/reviews/00/00/09/62/71/image1/6b7097b63c291966.webp,1000000281,지니어스뉴 드롭스&톡캡스,https://www.phytonutri.kr/goods/goods_view.php?goodsNo=1000000281,4.9,14386,0,0,"{'1': ['만족도', '맛']}",[],[]
96272,108,5,smart_store,스마트스토어,"항상 떨어지기
전에 구매해서 먹이고 있습니다",2026-05-05T16:26:59+09:00,2026-05-05,네이버 스마트스토어 구****,5,False,0,0,,1000000281,지니어스뉴 드롭스&톡캡스,https://www.phytonutri.kr/goods/goods_view.php?goodsNo=1000000281,4.9,14386,0,0,{'0': ['만족도']},[],[]
96273,108,5,smart_store,스마트스토어,아기가 아주 잘먹어서 계속 재구매 하고 있어요~^^,2026-05-05T16:12:04+09:00,2026-05-05,네이버 스마트스토어 구****,5,True,1,1,https://assets6.cre.ma/p/phytonutri-kr/reviews/00/00/09/62/73/image1/3e7d8d3662957d2d.webp,1000000325,투데이디3 for baby,https://www.phytonutri.kr/goods/goods_view.php?goodsNo=1000000325,4.9,3634,0,0,{'2': ['만족도']},[],[]
96274,108,5,smart_store,스마트스토어,먹이기 편해서 계속 구매하고 있습니다,2026-05-05T16:10:17+09:00,2026-05-05,네이버 스마트스토어 구****,5,True,1,1,https://assets6.cre.ma/p/phytonutri-kr/reviews/00/00/09/62/74/image1/fc617d3867bc0067.webp,1000000325,투데이디3 for baby,https://www.phytonutri.kr/goods/goods_view.php?goodsNo=1000000325,4.9,3634,0,0,"{'1': ['만족도', '편의성']}",[],[]
96275,108,5,smart_store,스마트스토어,매번 재주문해서 잘먹이고있어용^^,2026-05-05T15:32:27+09:00,2026-05-05,네이버 스마트스토어 구****,5,True,1,1,https://assets6.cre.ma/p/phytonutri-kr/reviews/00/00/09/62/75/image1/eb1fb86305af80df.webp,1000000325,투데이디3 for baby,https://www.phytonutri.kr/goods/goods_view.php?goodsNo=1000000325,4.9,3634,0,0,{'2': ['만족도']},[],[]
96276,108,5,smart_store,스마트스토어,아이 분유먹일때 꼭넣어서 먹고있어요,2026-05-05T15:09:53+09:00,2026-05-05,네이버 스마트스토어 구****,5,True,1,1,https://assets6.cre.ma/p/phytonutri-kr/reviews/00/00/09/62/76/image1/ed24bdb6d84e4a40.webp,1000000281,지니어스뉴 드롭스&톡캡스,https://www.phytonutri.kr/goods/goods_view.php?goodsNo=1000000281,4.9,14386,0,0,{'0': ['만족도']},[],[]
96277,108,5,smart_store,스마트스토어,먹던거 다 먹어서 또 시켰어요 영양제 신경써서 챙겨줄 수 있어서 좋은 것 같아요,2026-05-05T14:28:31+09:00,2026-05-05,네이버 스마트스토어 구****,5,True,1,1,https://assets6.cre.ma/p/phytonutri-kr/reviews/00/00/09/62/77/image1/826ea5a153b35223.webp,1000000281,지니어스뉴 드롭스&톡캡스,https://www.phytonutri.kr/goods/goods_view.php?goodsNo=1000000281,4.9,14386,0,0,{'2': ['만족도']},[],[]
96278,108,5,smart_store,스마트스토어,이유식에 짜서 같이 줘요 좋아요,2026-05-05T14:23:03+09:00,2026-05-05,네이버 스마트스토어 구****,5,True,1,1,https://assets6.cre.ma/p/phytonutri-kr/reviews/00/00/09/62/78/image1/e16d1f06006d92a1.webp,1000000325,투데이디3 for baby,https://www.phytonutri.kr/goods/goods_view.php?goodsNo=1000000325,4.9,3634,0,0,{'1': ['만족도']},[],[]
96279,108,5,smart_store,스마트스토어,오일타입으로 주문했는데 3개월 아기 잘 먹습니다. 다음에는 고체형으로 주문해보려고 합니다.,2026-05-05T13:53:12+09:00,2026-05-05,네이버 스마트스토어 구****,5,True,1,1,https://assets6.cre.ma/p/phytonutri-kr/reviews/00/00/09/62/79/image1/29c860783955030c.webp,1000000325,투데이디3 for baby,https://www.phytonutri.kr/goods/goods_view.php?goodsNo=1000000325,4.9,3634,0,0,{'1': ['만족도']},[],[]
96280,108,5,smart_store,스마트스토어,캡슐형태로 먹이다가 이번에 드롭으로 바꿧는데 드롭도 숫가락에 덜어서 먹이니깐 애기가 잘먹어요 캡슐형태는 한번 먹기에 양이 낳은지 켁켁 거렸는데 숫가락에 조금식 덜어 먹이니 켁켁 거림이 줄었어요,2026-05-05T13:40:44+09:00,2026-05-05,네이버 스마트스토어 구****,5,False,0,0,,1000000281,지니어스뉴 드롭스&톡캡스,https://www.phytonutri.kr/goods/goods_view.php?goodsNo=1000000281,4.9,14386,0,0,{'1': ['만족도']},[],[]
96281,108,5,smart_store,스마트스토어,항상 잘 시켜 먹고있습니다 캡슐 형태라서 산패 걱정이 좀 덜하구요 애기한테 입에 톡 떨어트려주니 잘 먹고 맛도 괜챃은가봐요 저는 애기 3개월부터 계속먹여 왔는데 현재 9개월이네요~~,2026-05-05T13:39:35+09:00,2026-05-05,네이버 스마트스토어 구****,5,False,0,0,,1000000325,투데이디3 for baby,https://www.phytonutri.kr/goods/goods_view.php?goodsNo=1000000325,4.9,3634,0,0,"{'1': ['만족도', '포장', '맛']}",[],[]
96282,108,5,smart_store,스마트스토어,머리가 똑똑해지게끔.먹여보려규요,2026-05-05T13:31:03+09:00,2026-05-05,네이버 스마트스토어 구****,5,True,1,1,https://assets6.cre.ma/p/phytonutri-kr/reviews/00/00/09/62/82/image1/7b5537a627f869d3.webp,1000000281,지니어스뉴 드롭스&톡캡스,https://www.phytonutri.kr/goods/goods_view.php?goodsNo=1000000281,4.9,14386,0,0,{'0': ['만족도']},[],[]
96283,108,5,smart_store,스마트스토어,"아기가 잘 먹고 근데 변이 묽어지는것 같아서 중단 했어요
일단 대용량 구매 해놔서 먹여 보려구요",2026-05-05T13:30:25+09:00,2026-05-05,네이버 스마트스토어 구****,5,True,1,1,https://assets6.cre.ma/p/phytonutri-kr/reviews/00/00/09/62/83/image1/33e31d86d145f98d.webp,1000000281,지니어스뉴 드롭스&톡캡스,https://www.phytonutri.kr/goods/goods_view.php?goodsNo=1000000281,4.9,14386,0,0,"{'0': ['만족도', '용량'], '-1': ['효과']}",[],[]
96284,108,5,smart_store,스마트스토어,먹기편하고 변질되지 않도록 개별포장되어있는게 가장 좋아요. 드롭형 쓸땐 잘 안나와서 힘들었는데 이젠 아기한테 꾸준히 잘 먹일수있을것같아요,2026-05-05T13:20:22+09:00,2026-05-05,네이버 스마트스토어 구****,5,False,0,0,,1000000325,투데이디3 for baby,https://www.phytonutri.kr/goods/goods_view.php?goodsNo=1000000325,4.9,3634,0,0,"{'1': ['만족도', '편의성'], '2': ['포장']}",[],[]
96285,108,5,smart_store,스마트스토어,드롭식이라서 먹이기 편합니다. 냄새도 안 나서 거부없이 잘 먹어요,2026-05-05T13:09:22+09:00,2026-05-05,네이버 스마트스토어 구****,5,True,1,1,https://assets6.cre.ma/p/phytonutri-kr/reviews/00/00/09/62/85/image1/86749bd1f4945706.webp,1000000281,지니어스뉴 드롭스&톡캡스,https://www.phytonutri.kr/goods/goods_view.php?goodsNo=1000000281,4.9,14386,0,0,"{'1': ['만족도', '냄새', '편의성']}",[],[]
96286,109,5,smart_store,스마트스토어,쟁겨놓고 먹입니다. 아이들이 좋아해요,2026-05-05T12:33:51+09:00,2026-05-05,네이버 스마트스토어 구****,5,True,1,1,https://assets6.cre.ma/p/phytonutri-kr/reviews/00/00/09/62/86/image1/981e4ad9ff709333.webp,1000000281,지니어스뉴 드롭스&톡캡스,https://www.phytonutri.kr/goods/goods_view.php?goodsNo=1000000281,4.9,14386,0,0,{'1': ['만족도']},[],[]
96287,109,2,smart_store,스마트스토어,"모유수유 중이고 아기가 쪽쪽이는 잘 안물어서 입안에 직접 밤을 넣어줘서 먹이는데,,
제가 맡아도 냄새가 좀 역해서 걱정했는데
역시나 아기가 인상쓰면서 혀로 밀어내거나 뱉어서 잘 못먹이고 있어요.. 저도 못먹을 것 같고..
보관이나 가지고 다니기 너무 좋지만 먹지를 못하니 아쉽습니다",2026-05-05T12:32:20+09:00,2026-05-05,네이버 스마트스토어 구****,5,True,1,1,https://assets6.cre.ma/p/phytonutri-kr/reviews/00/00/09/62/87/image1/1706bab1dd433e95.webp,1000000325,투데이디3 for baby,https://www.phytonutri.kr/goods/goods_view.php?goodsNo=1000000325,4.9,3634,0,0,"{'-1': ['만족도', '냄새'], '1': ['편의성']}",[],[]
96288,109,5,smart_store,스마트스토어,숙취가 훨씬 가벼워졌습니다.,2026-05-05T11:15:14+09:00,2026-05-05,네이버 스마트스토어 구****,5,False,0,0,,1000000343,리버티엑스,https://www.phytonutri.kr/goods/goods_view.php?goodsNo=1000000343,4.7,268,0,0,"{'1': ['만족도', '효과']}",[],[]
96289,109,5,smart_store,스마트스토어,"플라시보 인지 모르겠지만, 도움이 된거 같네요",2026-05-05T10:41:25+09:00,2026-05-05,네이버 스마트스토어 구****,5,False,0,0,,1000000403,뉴스데일리베스트 X 파이토뉴트리 맨드로포즈+,https://www.phytonutri.kr/goods/goods_view.php?goodsNo=1000000403,4.7,193,0,0,"{'1': ['만족도', '효과']}",[],[]
96290,109,5,smart_store,스마트스토어,아기가 잘 먹어요~~,2026-05-05T10:33:13+09:00,2026-05-05,네이버 스마트스토어 구****,5,True,1,1,https://assets6.cre.ma/p/phytonutri-kr/reviews/00/00/09/62/90/image1/1c294d0b564e3239.webp,1000000281,지니어스뉴 드롭스&톡캡스,https://www.phytonutri.kr/goods/goods_view.php?goodsNo=1000000281,4.9,14386,0,0,{'1': ['만족도']},[],[]
96291,109,5,smart_store,스마트스토어,너무 좋습니다 다음에 또 구매할게요,2026-05-05T10:30:18+09:00,2026-05-05,네이버 스마트스토어 구****,5,True,1,1,https://assets6.cre.ma/p/phytonutri-kr/reviews/00/00/09/62/91/image1/13a509bf4f5b3245.webp,1000000281,지니어스뉴 드롭스&톡캡스,https://www.phytonutri.kr/goods/goods_view.php?goodsNo=1000000281,4.9,14386,0,0,{'2': ['만족도']},[],[]
96292,109,5,smart_store,스마트스토어,좋습니다 감사함니다,2026-05-05T10:27:07+09:00,2026-05-05,네이버 스마트스토어 구****,5,True,1,1,https://assets6.cre.ma/p/phytonutri-kr/reviews/00/00/09/62/92/image1/490c89d6cd6dcf01.webp,1000000281,지니어스뉴 드롭스&톡캡스,https://www.phytonutri.kr/goods/goods_view.php?goodsNo=1000000281,4.9,14386,0,0,{'1': ['만족도']},[],[]
96293,109,5,smart_store,스마트스토어,갱년기를 지혜롭게 보낼 수 있도록 꾸준히 먹어보려합니다~,2026-05-05T10:11:25+09:00,2026-05-05,네이버 스마트스토어 구****,5,True,1,1,https://assets6.cre.ma/p/phytonutri-kr/reviews/00/00/09/62/93/image1/cc2791fd21205d81.webp,1000000403,뉴스데일리베스트 X 파이토뉴트리 맨드로포즈+,https://www.phytonutri.kr/goods/goods_view.php?goodsNo=1000000403,4.7,193,0,0,{'0': ['만족도']},[],[]
96294,109,5,smart_store,스마트스토어,아기 두뇌건강위해 계속 먹이네요,2026-05-05T08:35:56+09:00,2026-05-05,네이버 스마트스토어 구****,5,True,1,1,https://assets6.cre.ma/p/phytonutri-kr/reviews/00/00/09/62/94/image1/59ea9f2e22c47407.webp,1000000281,지니어스뉴 드롭스&톡캡스,https://www.phytonutri.kr/goods/goods_view.php?goodsNo=1000000281,4.9,14386,0,0,{'1': ['만족도']},[],[]
96295,109,5,smart_store,스마트스토어,항상 챙겨먹어요! 먹기도 편해요,2026-05-05T08:18:54+09:00,2026-05-05,네이버 스마트스토어 구****,5,True,1,1,https://assets6.cre.ma/p/phytonutri-kr/reviews/00/00/09/62/95/image1/f5e544404d54c986.webp,1000000281,지니어스뉴 드롭스&톡캡스,https://www.phytonutri.kr/goods/goods_view.php?goodsNo=1000000281,4.9,14386,0,0,"{'1': ['만족도', '편의성']}",[],[]
96296,109,5,smart_store,스마트스토어,두번째 주문했습니다 배송도빠르고 좋아요,2026-05-05T01:35:19+09:00,2026-05-05,네이버 스마트스토어 구****,5,True,1,1,https://assets6.cre.ma/p/phytonutri-kr/reviews/00/00/09/62/96/image1/aa5a32493e5233be.webp,1000000297,"그로우뉴 아이 유기농칼슘&마그네슘 비타민D,k2,망간",https://www.phytonutri.kr/goods/goods_view.php?goodsNo=1000000297,4.9,4844,0,0,"{'2': ['만족도'], '1': ['배송']}",[],[]
96297,109,5,smart_store,스마트스토어,"똥도 잘싸고 좋아요
원래 잘싸는 아이이긴한데 6개월되면서 영양제를 싹 바꾸면서 구매해봤어요!
이유식도 먹고 입자감도 올리고 분유도 2단계 업 했지만 똥 하루에 2번은 싸고 그래요!!",2026-05-04T23:40:44+09:00,2026-05-04,네이버 스마트스토어 구****,5,True,1,1,https://assets6.cre.ma/p/phytonutri-kr/reviews/00/00/09/62/97/image1/2d68fda8a19f2eb5.webp,1000000363,데이프로바 for baby 아기 쌩쌩유산균,https://www.phytonutri.kr/goods/goods_view.php?goodsNo=1000000363,4.9,363,0,0,"{'1': ['만족도', '효과']}",[],[]
96298,109,5,smart_store,스마트스토어,아가들이 아주 잘 먹고 있어요~^^,2026-05-04T22:58:54+09:00,2026-05-04,네이버 스마트스토어 구****,5,True,1,1,https://assets6.cre.ma/p/phytonutri-kr/reviews/00/00/09/62/98/image1/17774b9461951b2e.webp,1000000281,지니어스뉴 드롭스&톡캡스,https://www.phytonutri.kr/goods/goods_view.php?goodsNo=1000000281,4.9,14386,0,0,{'1': ['만족도']},[],[]
96299,109,5,smart_store,스마트스토어,먹이기 편리하고 아기도 젤리로 알고 잘 먹어요 ㅎ,2026-05-04T21:31:34+09:00,2026-05-04,네이버 스마트스토어 구****,5,True,1,1,https://assets6.cre.ma/p/phytonutri-kr/reviews/00/00/09/62/99/image1/e26745eeb7ac6385.webp,1000000281,지니어스뉴 드롭스&톡캡스,https://www.phytonutri.kr/goods/goods_view.php?goodsNo=1000000281,4.9,14386,0,0,"{'1': ['만족도', '편의성']}",[],[]
96300,109,5,smart_store,스마트스토어,먹이기 편하고 애도 잘 먹어요,2026-05-04T21:25:01+09:00,2026-05-04,네이버 스마트스토어 구****,5,True,1,1,https://assets6.cre.ma/p/phytonutri-kr/reviews/00/00/09/63/00/image1/1dc9cb5f8aeb7673.webp,1000000325,투데이디3 for baby,https://www.phytonutri.kr/goods/goods_view.php?goodsNo=1000000325,4.9,3634,0,0,"{'1': ['만족도', '편의성']}",[],[]
96301,109,4,smart_store,스마트스토어,도움이 된다고 믿고 먹이고 있어요,2026-05-04T21:19:20+09:00,2026-05-04,네이버 스마트스토어 구****,5,True,1,1,https://assets6.cre.ma/p/phytonutri-kr/reviews/00/00/09/63/01/image1/9d2ec13635041b92.webp,1000000281,지니어스뉴 드롭스&톡캡스,https://www.phytonutri.kr/goods/goods_view.php?goodsNo=1000000281,4.9,14386,0,0,{'0': ['만족도']},[],[]
96302,109,5,smart_store,스마트스토어,만족합니다 번창하세요,2026-05-04T20:40:40+09:00,2026-05-04,네이버 스마트스토어 구****,5,False,0,0,,1000000325,투데이디3 for baby,https://www.phytonutri.kr/goods/goods_view.php?goodsNo=1000000325,4.9,3634,0,0,{'1': ['만족도']},[],[]
96303,109,5,smart_store,스마트스토어,항상 구매합니당 !!,2026-05-04T20:37:54+09:00,2026-05-04,네이버 스마트스토어 구****,5,True,1,1,https://assets6.cre.ma/p/phytonutri-kr/reviews/00/00/09/63/03/image1/456a7882825abeac.webp,1000000281,지니어스뉴 드롭스&톡캡스,https://www.phytonutri.kr/goods/goods_view.php?goodsNo=1000000281,4.9,14386,0,0,{'2': ['만족도']},[],[]
96304,109,5,smart_store,스마트스토어,아기가 거부감 없이 잘 먹어요,2026-05-04T19:42:17+09:00,2026-05-04,네이버 스마트스토어 구****,5,True,1,1,https://assets6.cre.ma/p/phytonutri-kr/reviews/00/00/09/63/04/image1/d681fac7d6d12dd9.webp,1000000325,투데이디3 for baby,https://www.phytonutri.kr/goods/goods_view.php?goodsNo=1000000325,4.9,3634,0,0,"{'1': ['만족도', '맛']}",[],[]
96305,109,5,smart_store,스마트스토어,배송빠르고 매우좋아요~~~,2026-05-04T19:33:35+09:00,2026-05-04,네이버 스마트스토어 구****,5,False,0,0,,1000000281,지니어스뉴 드롭스&톡캡스,https://www.phytonutri.kr/goods/goods_view.php?goodsNo=1000000281,4.9,14386,0,0,"{'2': ['만족도'], '1': ['배송']}",[],[]
96306,110,5,smart_store,스마트스토어,아이가 거부감없이 잘 먹어요,2026-05-04T19:30:24+09:00,2026-05-04,네이버 스마트스토어 구****,5,True,1,1,https://assets6.cre.ma/p/phytonutri-kr/reviews/00/00/09/63/06/image1/599326b6bbb4ce8c.webp,1000000281,지니어스뉴 드롭스&톡캡스,https://www.phytonutri.kr/goods/goods_view.php?goodsNo=1000000281,4.9,14386,0,0,"{'1': ['만족도', '맛']}",[],[]
96307,110,5,smart_store,스마트스토어,너무 맛있게 잘 먹어요 최고,2026-05-04T19:15:40+09:00,2026-05-04,네이버 스마트스토어 구****,5,False,0,0,,1000000342,이트뮨 아이 배도라지즙&엘더베리사과주스,https://www.phytonutri.kr/goods/goods_view.php?goodsNo=1000000342,4.9,609,0,0,"{'2': ['만족도', '맛']}",[],[]
96308,110,5,smart_store,스마트스토어,아가가 어려서 그런지 겔타입은 여러번 나눠서 짜줘야해요. 입에 짜주면 혀 움직임에 따라 반은 밖으로 나와서 연습이 필요할 것 같아요. 만족합니다!,2026-05-04T19:04:55+09:00,2026-05-04,네이버 스마트스토어 구****,5,True,1,1,https://assets6.cre.ma/p/phytonutri-kr/reviews/00/00/09/63/08/image1/8716394818c6fa49.webp,1000000325,투데이디3 for baby,https://www.phytonutri.kr/goods/goods_view.php?goodsNo=1000000325,4.9,3634,0,0,{'1': ['만족도']},[],[]
96309,110,5,smart_store,스마트스토어,"아기가 너무 잘 먹어서 처음부터 먹이고 있어요
위생적으로 관리할 수 있어 좋고, 단맛나는 젤리 같은 형태가 아니라 좋아요",2026-05-04T17:35:16+09:00,2026-05-04,네이버 스마트스토어 구****,5,False,0,0,,1000000281,지니어스뉴 드롭스&톡캡스,https://www.phytonutri.kr/goods/goods_view.php?goodsNo=1000000281,4.9,14386,0,0,"{'1': ['만족도', '제품상태', '맛']}",[],[]
96310,110,5,smart_store,스마트스토어,좋은 상품 삐른 배송에 감사드립니다.,2026-05-04T17:32:46+09:00,2026-05-04,네이버 스마트스토어 구****,5,False,0,0,,1000000363,데이프로바 for baby 아기 쌩쌩유산균,https://www.phytonutri.kr/goods/goods_view.php?goodsNo=1000000363,4.9,363,0,0,"{'1': ['만족도', '배송']}",[],[]
96311,110,5,smart_store,스마트스토어,"가루로 따로 먹기엔 양이 무지 많아서 밥에 뿌려주는데 너무나 좋아합니다
영양 챙겨주기에 너무 좋은 약입니다",2026-05-04T17:32:26+09:00,2026-05-04,네이버 스마트스토어 구****,5,False,0,0,,1000000297,"그로우뉴 아이 유기농칼슘&마그네슘 비타민D,k2,망간",https://www.phytonutri.kr/goods/goods_view.php?goodsNo=1000000297,4.9,4844,0,0,"{'2': ['만족도', '용량', '성분']}",[],[]
96312,110,5,smart_store,스마트스토어,"저녁먹을 때마다 얹어서 먹여요
너무 잘먹고 좋아합니다",2026-05-04T17:31:45+09:00,2026-05-04,네이버 스마트스토어 구****,5,True,1,1,https://assets6.cre.ma/p/phytonutri-kr/reviews/00/00/09/63/12/image1/ed1bec0ea9162d29.webp,1000000297,"그로우뉴 아이 유기농칼슘&마그네슘 비타민D,k2,망간",https://www.phytonutri.kr/goods/goods_view.php?goodsNo=1000000297,4.9,4844,0,0,{'1': ['만족도']},[],[]
96313,110,5,smart_store,스마트스토어,오메가3는 비리다는 인식이있었는데 아기가 잘 먹습니다.,2026-05-04T17:30:01+09:00,2026-05-04,네이버 스마트스토어 구****,5,True,1,1,https://assets6.cre.ma/p/phytonutri-kr/reviews/00/00/09/63/13/image1/a2e910be64ede442.webp,1000000281,지니어스뉴 드롭스&톡캡스,https://www.phytonutri.kr/goods/goods_view.php?goodsNo=1000000281,4.9,14386,0,0,"{'1': ['만족도'], '0': ['제품상태']}",[],[]
96314,110,5,smart_store,스마트스토어,"늘 챙겨먹이는 영양제입니다
편식할 때 영양제로 보충해준다생각하니 끊을 수 없어요ㅜ",2026-05-04T17:25:58+09:00,2026-05-04,네이버 스마트스토어 구****,5,True,1,1,https://assets6.cre.ma/p/phytonutri-kr/reviews/00/00/09/63/14/image1/e465b9882712c11f.webp,1000000297,"그로우뉴 아이 유기농칼슘&마그네슘 비타민D,k2,망간",https://www.phytonutri.kr/goods/goods_view.php?goodsNo=1000000297,4.9,4844,0,0,{'1': ['만족도']},[],[]
96315,110,5,smart_store,스마트스토어,아기먹이려 삿어요 잘먹일게요,2026-05-04T16:00:48+09:00,2026-05-04,네이버 스마트스토어 구****,5,False,0,0,,1000000281,지니어스뉴 드롭스&톡캡스,https://www.phytonutri.kr/goods/goods_view.php?goodsNo=1000000281,4.9,14386,0,0,{'0': ['만족도']},[],[]
96316,110,5,smart_store,스마트스토어,배송 빠르고 좋아요~,2026-05-04T15:40:03+09:00,2026-05-04,네이버 스마트스토어 구****,5,False,0,0,,1000000281,지니어스뉴 드롭스&톡캡스,https://www.phytonutri.kr/goods/goods_view.php?goodsNo=1000000281,4.9,14386,0,0,"{'1': ['만족도', '배송']}",[],[]
96317,110,5,smart_store,스마트스토어,아이 아주 잘먹고 먹이기 편하고 좋아요,2026-05-04T14:56:41+09:00,2026-05-04,네이버 스마트스토어 구****,5,False,0,0,,1000000325,투데이디3 for baby,https://www.phytonutri.kr/goods/goods_view.php?goodsNo=1000000325,4.9,3634,0,0,"{'1': ['만족도', '편의성']}",[],[]
96318,110,5,smart_store,스마트스토어,좋은상품 빠른배송 굿,2026-05-04T14:33:21+09:00,2026-05-04,네이버 스마트스토어 구****,5,True,1,1,https://assets6.cre.ma/p/phytonutri-kr/reviews/00/00/09/63/18/image1/600292841f94e40d.webp,1000000297,"그로우뉴 아이 유기농칼슘&마그네슘 비타민D,k2,망간",https://www.phytonutri.kr/goods/goods_view.php?goodsNo=1000000297,4.9,4844,0,0,"{'1': ['만족도', '배송']}",[],[]
96319,110,5,smart_store,스마트스토어,잘 받았습니다. 감사합니다.,2026-05-04T14:09:45+09:00,2026-05-04,네이버 스마트스토어 구****,5,False,0,0,,1000000281,지니어스뉴 드롭스&톡캡스,https://www.phytonutri.kr/goods/goods_view.php?goodsNo=1000000281,4.9,14386,0,0,{'0': ['만족도']},[],[]
96320,110,5,smart_store,스마트스토어,잘 받았습니다 감사합니다,2026-05-04T13:24:00+09:00,2026-05-04,네이버 스마트스토어 구****,5,False,0,0,,1000000281,지니어스뉴 드롭스&톡캡스,https://www.phytonutri.kr/goods/goods_view.php?goodsNo=1000000281,4.9,14386,0,0,{'0': ['만족도']},[],[]
96321,110,5,smart_store,스마트스토어,아이가 잘먹어서 꾸준히 먹이고 있어요,2026-05-04T13:00:27+09:00,2026-05-04,네이버 스마트스토어 구****,5,True,1,1,https://assets6.cre.ma/p/phytonutri-kr/reviews/00/00/09/63/21/image1/4496a5ea1fadc34f.webp,1000000281,지니어스뉴 드롭스&톡캡스,https://www.phytonutri.kr/goods/goods_view.php?goodsNo=1000000281,4.9,14386,0,0,{'1': ['만족도']},[],[]
96322,110,5,smart_store,스마트스토어,아이가 잘먹어서 꾸즌히 먹여보려고해요,2026-05-04T12:59:47+09:00,2026-05-04,네이버 스마트스토어 구****,5,True,1,1,https://assets6.cre.ma/p/phytonutri-kr/reviews/00/00/09/63/22/image1/d1e05efea0170b6e.webp,1000000297,"그로우뉴 아이 유기농칼슘&마그네슘 비타민D,k2,망간",https://www.phytonutri.kr/goods/goods_view.php?goodsNo=1000000297,4.9,4844,0,0,{'1': ['만족도']},[],[]
96323,110,5,smart_store,스마트스토어,좋은제품 구매했어요,2026-05-04T12:56:25+09:00,2026-05-04,네이버 스마트스토어 구****,5,False,0,0,,1000000281,지니어스뉴 드롭스&톡캡스,https://www.phytonutri.kr/goods/goods_view.php?goodsNo=1000000281,4.9,14386,0,0,{'1': ['만족도']},[],[]
96324,110,5,smart_store,스마트스토어,아기가 잘 먹구 있습니다~~,2026-05-04T12:51:30+09:00,2026-05-04,네이버 스마트스토어 구****,5,True,1,1,https://assets6.cre.ma/p/phytonutri-kr/reviews/00/00/09/63/24/image1/1c0c2f553f53a9ab.webp,1000000281,지니어스뉴 드롭스&톡캡스,https://www.phytonutri.kr/goods/goods_view.php?goodsNo=1000000281,4.9,14386,0,0,{'1': ['만족도']},[],[]
96325,110,5,smart_store,스마트스토어,"저희 아기는 거부감없이 너무 잘 먹고 있어요
더 달라고 할 정도네요 ㅎㅎ",2026-05-04T12:50:11+09:00,2026-05-04,네이버 스마트스토어 구****,5,True,1,1,https://assets6.cre.ma/p/phytonutri-kr/reviews/00/00/09/63/25/image1/0ddbfd4af53ab2ad.webp,1000000281,지니어스뉴 드롭스&톡캡스,https://www.phytonutri.kr/goods/goods_view.php?goodsNo=1000000281,4.9,14386,0,0,"{'1': ['만족도', '맛']}",[],[]
96326,111,5,smart_store,스마트스토어,"앞에 먹던거 다 먹고 두달치 더 시켰어요
가격은 어떨지 몰라도 먹이기 편하고 100프로 유기농이래서 믿고 먹입니다",2026-05-04T10:45:27+09:00,2026-05-04,네이버 스마트스토어 구****,5,True,1,1,https://assets6.cre.ma/p/phytonutri-kr/reviews/00/00/09/63/26/image1/0e3c2a8e597bbb87.webp,1000000325,투데이디3 for baby,https://www.phytonutri.kr/goods/goods_view.php?goodsNo=1000000325,4.9,3634,0,0,"{'1': ['만족도', '성분', '편의성'], '0': ['가격']}",[],[]
96327,111,5,smart_store,스마트스토어,아기가 잘먹어서 좋아요,2026-05-04T10:10:24+09:00,2026-05-04,네이버 스마트스토어 구****,5,False,0,0,,1000000297,"그로우뉴 아이 유기농칼슘&마그네슘 비타민D,k2,망간",https://www.phytonutri.kr/goods/goods_view.php?goodsNo=1000000297,4.9,4844,0,0,"{'1': ['만족도', '맛']}",[],[]
96328,111,5,smart_store,스마트스토어,"한알씩 뜯어 분유에 타주고있어요
편하고 위생적인것 같아요!
재구매 할려구요",2026-05-04T09:31:54+09:00,2026-05-04,네이버 스마트스토어 구****,5,True,1,1,https://assets6.cre.ma/p/phytonutri-kr/reviews/00/00/09/63/28/image1/21f1a301d278b841.webp,1000000325,투데이디3 for baby,https://www.phytonutri.kr/goods/goods_view.php?goodsNo=1000000325,4.9,3634,0,0,"{'1': ['만족도', '편의성']}",[],[]
96329,111,5,smart_store,스마트스토어,잘먹이고있어요~~ !,2026-05-04T09:27:29+09:00,2026-05-04,네이버 스마트스토어 구****,5,True,1,1,https://assets6.cre.ma/p/phytonutri-kr/reviews/00/00/09/63/29/image1/5c94e3486c202d7f.webp,1000000298,지니어스뉴 + 그로우뉴 세트,https://www.phytonutri.kr/goods/goods_view.php?goodsNo=1000000298,4.9,1413,0,0,{'1': ['만족도']},[],[]
96330,111,5,smart_store,스마트스토어,아기가 어려서 퐁당퐁당해서 섭취하고 있어요,2026-05-04T09:18:50+09:00,2026-05-04,네이버 스마트스토어 구****,5,True,1,1,https://assets6.cre.ma/p/phytonutri-kr/reviews/00/00/09/63/30/image1/f5a11ffa8a1571e0.webp,1000000325,투데이디3 for baby,https://www.phytonutri.kr/goods/goods_view.php?goodsNo=1000000325,4.9,3634,0,0,{'0': ['만족도']},[],[]
96331,111,5,smart_store,스마트스토어,어이 6개월부터 쭈욱 먹이고 있는 제품이에요 한개한개 개별 포장이라 먹이기가 너무 쉬워서 좋아여,2026-05-04T09:07:21+09:00,2026-05-04,네이버 스마트스토어 구****,5,True,1,1,https://assets6.cre.ma/p/phytonutri-kr/reviews/00/00/09/63/31/image1/ee17bb24ba0a1340.webp,1000000281,지니어스뉴 드롭스&톡캡스,https://www.phytonutri.kr/goods/goods_view.php?goodsNo=1000000281,4.9,14386,0,0,"{'1': ['만족도'], '2': ['편의성']}",[],[]
96332,111,5,smart_store,스마트스토어,"꾸준히 아기 먹이는 제품이에요 ㅎㅎ
많이 사두는 게 가격면에서 이득이라 쟁여두고 먹입니당",2026-05-04T09:04:02+09:00,2026-05-04,네이버 스마트스토어 구****,5,True,1,1,https://assets6.cre.ma/p/phytonutri-kr/reviews/00/00/09/63/32/image1/02aed3b2f928a0f2.webp,1000000325,투데이디3 for baby,https://www.phytonutri.kr/goods/goods_view.php?goodsNo=1000000325,4.9,3634,0,0,"{'1': ['만족도', '가격']}",[],[]
96333,111,5,smart_store,스마트스토어,주기편하고아이가잘먹어요~,2026-05-04T08:46:33+09:00,2026-05-04,네이버 스마트스토어 구****,5,True,1,1,https://assets6.cre.ma/p/phytonutri-kr/reviews/00/00/09/63/33/image1/1f38516f72718003.webp,1000000281,지니어스뉴 드롭스&톡캡스,https://www.phytonutri.kr/goods/goods_view.php?goodsNo=1000000281,4.9,14386,0,0,"{'1': ['만족도', '편의성']}",[],[]
96334,111,5,smart_store,스마트스토어,돌 이후 부터 꾸준하게 먹이고 있습니다~. 거부감없이 잘 먹어줘서 좋아요.,2026-05-04T08:43:40+09:00,2026-05-04,네이버 스마트스토어 구****,5,False,0,0,,1000000281,지니어스뉴 드롭스&톡캡스,https://www.phytonutri.kr/goods/goods_view.php?goodsNo=1000000281,4.9,14386,0,0,{'1': ['만족도']},[],[]
96335,111,5,smart_store,스마트스토어,"꾸준히 주문중이여요ㅎㅎ
아이들 먹이는건 최고로🫶🏻",2026-05-04T04:28:23+09:00,2026-05-04,네이버 스마트스토어 구****,5,True,1,1,https://assets6.cre.ma/p/phytonutri-kr/reviews/00/00/09/63/35/image1/cb497efaafcaa93f.webp,1000000281,지니어스뉴 드롭스&톡캡스,https://www.phytonutri.kr/goods/goods_view.php?goodsNo=1000000281,4.9,14386,0,0,{'2': ['만족도']},[],[]
96226,111,5,,자사몰(고도몰),"캡술이 하나씩 들어있어 산패위험 없고
먹기도 휴대하기도 좋아뇨",2026-05-04T00:04:06+09:00,2026-05-04,sari******,5,False,0,0,,1000000398,KD 파마 듀얼 초임계 rTG 오메가3,https://www.phytonutri.kr/goods/goods_view.php?goodsNo=1000000398,4.9,121,0,0,"{'1': ['만족도', '포장', '편의성']}",[],[]
96336,111,5,smart_store,스마트스토어,"우리 아기 이유식 시작할때부터 지금 24개월까지
꾸준히 먹이고있어요😍",2026-05-03T23:39:43+09:00,2026-05-03,네이버 스마트스토어 구****,5,True,1,1,https://assets6.cre.ma/p/phytonutri-kr/reviews/00/00/09/63/36/image1/0244d6cf36d3296d.webp,1000000281,지니어스뉴 드롭스&톡캡스,https://www.phytonutri.kr/goods/goods_view.php?goodsNo=1000000281,4.9,14386,0,0,{'2': ['만족도']},[],[]
96337,111,5,smart_store,스마트스토어,18개월 아기한테 오메가3를 먹이고싶어서 샀어요. 먹어야하는 양이 좀 되서 간식에 섞어서 먹이면 잘 먹어요,2026-05-03T23:30:55+09:00,2026-05-03,네이버 스마트스토어 구****,5,True,1,1,https://assets6.cre.ma/p/phytonutri-kr/reviews/00/00/09/63/37/image1/796333cd0a9c7572.webp,1000000281,지니어스뉴 드롭스&톡캡스,https://www.phytonutri.kr/goods/goods_view.php?goodsNo=1000000281,4.9,14386,0,0,"{'1': ['만족도'], '0': ['용량']}",[],[]
96338,111,5,smart_store,스마트스토어,아이가 먹기에 편하게 되어있어 좋아요,2026-05-03T22:52:11+09:00,2026-05-03,네이버 스마트스토어 구****,5,True,1,1,https://assets6.cre.ma/p/phytonutri-kr/reviews/00/00/09/63/38/image1/853b655bf4f2781f.webp,1000000325,투데이디3 for baby,https://www.phytonutri.kr/goods/goods_view.php?goodsNo=1000000325,4.9,3634,0,0,"{'1': ['만족도', '편의성']}",[],[]
96339,111,4,smart_store,스마트스토어,오오오래 걸려서 받았네여! 가루 영양제 먹이다가 어딘가에 섞어주고 타먹고 하는게 애매해져서 그냥 한입에 털어주는 방식이 좋더라구여,2026-05-03T22:41:20+09:00,2026-05-03,네이버 스마트스토어 구****,5,True,1,1,https://assets6.cre.ma/p/phytonutri-kr/reviews/00/00/09/63/39/image1/e8e2085dc0ae5b96.webp,1000000325,투데이디3 for baby,https://www.phytonutri.kr/goods/goods_view.php?goodsNo=1000000325,4.9,3634,0,0,{'1': ['만족도']},[],[]
96340,111,5,smart_store,스마트스토어,아이가 거부감 없이 잘 먹어요~~,2026-05-03T21:35:27+09:00,2026-05-03,네이버 스마트스토어 구****,5,False,0,0,,1000000297,"그로우뉴 아이 유기농칼슘&마그네슘 비타민D,k2,망간",https://www.phytonutri.kr/goods/goods_view.php?goodsNo=1000000297,4.9,4844,0,0,"{'1': ['만족도', '맛']}",[],[]
96341,111,3,smart_store,스마트스토어,아이가 달걀 알러지가  있어서 못먹여서 아쉽네요,2026-05-03T21:35:09+09:00,2026-05-03,네이버 스마트스토어 구****,5,True,1,1,https://assets6.cre.ma/p/phytonutri-kr/reviews/00/00/09/63/41/image1/d08b997bc4533147.webp,1000000281,지니어스뉴 드롭스&톡캡스,https://www.phytonutri.kr/goods/goods_view.php?goodsNo=1000000281,4.9,14386,0,0,{'-1': ['만족도']},[],[]
96342,111,5,smart_store,스마트스토어,"캡슐로 먹이다가 드롭형으로 바꿨는데
불편하지않고 먹이기 좋더라구용
유통기한도 넉넉하고 만족입니다-!",2026-05-03T21:26:21+09:00,2026-05-03,네이버 스마트스토어 구****,5,True,1,1,https://assets6.cre.ma/p/phytonutri-kr/reviews/00/00/09/63/42/image1/0699aa0fc4cf242b.webp,1000000281,지니어스뉴 드롭스&톡캡스,https://www.phytonutri.kr/goods/goods_view.php?goodsNo=1000000281,4.9,14386,0,0,"{'1': ['만족도', '유통기한', '편의성']}",[],[]
96343,111,5,smart_store,스마트스토어,아이가 먹기에는 맛이 조금 없긴하지만 산패걱정하면 좋은거 같아서 먹여요,2026-05-03T21:13:26+09:00,2026-05-03,네이버 스마트스토어 구****,5,True,1,1,https://assets6.cre.ma/p/phytonutri-kr/reviews/00/00/09/63/43/image1/7b7934fe4f45fe07.webp,1000000325,투데이디3 for baby,https://www.phytonutri.kr/goods/goods_view.php?goodsNo=1000000325,4.9,3634,0,0,"{'0': ['만족도'], '-1': ['맛']}",[],[]
96344,111,5,smart_store,스마트스토어,코코아맛이라 애기가 엄청 좋아하내요ㅎㅎ,2026-05-03T21:10:19+09:00,2026-05-03,네이버 스마트스토어 구****,5,True,1,1,https://assets6.cre.ma/p/phytonutri-kr/reviews/00/00/09/63/44/image1/9bf8842ce050e43b.webp,1000000397,"그로우뉴 ~키즈 유기농 칼슘&마그네슘 비타민D,k2 망간",https://www.phytonutri.kr/goods/goods_view.php?goodsNo=1000000397,4.9,63,0,0,"{'1': ['만족도', '맛']}",[],[]
96345,112,5,smart_store,스마트스토어,늘 잘먹고 있어요!,2026-05-03T20:30:43+09:00,2026-05-03,네이버 스마트스토어 구****,5,True,1,1,https://assets6.cre.ma/p/phytonutri-kr/reviews/00/00/09/63/45/image1/401a98f6c8055d23.webp,1000000297,"그로우뉴 아이 유기농칼슘&마그네슘 비타민D,k2,망간",https://www.phytonutri.kr/goods/goods_view.php?goodsNo=1000000297,4.9,4844,0,0,{'1': ['만족도']},[],[]
96346,112,5,smart_store,스마트스토어,아기가 잘먹어서 구매해여,2026-05-03T20:17:15+09:00,2026-05-03,네이버 스마트스토어 구****,5,True,1,1,https://assets6.cre.ma/p/phytonutri-kr/reviews/00/00/09/63/46/image1/006d01a00bc8f75a.webp,1000000342,이트뮨 아이 배도라지즙&엘더베리사과주스,https://www.phytonutri.kr/goods/goods_view.php?goodsNo=1000000342,4.9,609,0,0,{'1': ['만족도']},[],[]
96347,112,5,smart_store,스마트스토어,유명해서 고민하다가 사봤어요! 혹시나 안먹을까봐 걱정했는데 우유나 요구르트에 타주니 들어간지도 모르고 잘먹네요ㅎㅎ 앞으로 꾸준히 구매할거같은 느낌이 들어요,2026-05-03T19:26:47+09:00,2026-05-03,네이버 스마트스토어 구****,5,True,1,1,https://assets6.cre.ma/p/phytonutri-kr/reviews/00/00/09/63/47/image1/bb375423656e209d.webp,1000000281,지니어스뉴 드롭스&톡캡스,https://www.phytonutri.kr/goods/goods_view.php?goodsNo=1000000281,4.9,14386,0,0,{'1': ['만족도']},[],[]
96348,112,5,smart_store,스마트스토어,재주문해서 잘 묵고 있습니다 요거트에 섞어서 주니 잘 묵네요,2026-05-03T19:17:00+09:00,2026-05-03,네이버 스마트스토어 구****,5,False,0,0,,1000000281,지니어스뉴 드롭스&톡캡스,https://www.phytonutri.kr/goods/goods_view.php?goodsNo=1000000281,4.9,14386,0,0,{'2': ['만족도']},[],[]
96349,112,5,smart_store,스마트스토어,"너무 잘먹이고 잇는
영양제 ㅠ 외출시에도 좋구
아기도 너무잘먹어요 비싸도 여기꺼만 먹이게 되네요",2026-05-03T17:57:09+09:00,2026-05-03,네이버 스마트스토어 구****,5,True,1,1,https://assets6.cre.ma/p/phytonutri-kr/reviews/00/00/09/63/49/image1/151214f8222ef897.webp,1000000326,지니어스뉴 + 투데이디3 세트,https://www.phytonutri.kr/goods/goods_view.php?goodsNo=1000000326,4.8,245,0,0,"{'2': ['만족도'], '-1': ['가격']}",[],[]
96350,112,5,smart_store,스마트스토어,아이가 거부감없이 잘먹어요.,2026-05-03T17:21:31+09:00,2026-05-03,네이버 스마트스토어 구****,5,True,1,1,https://assets6.cre.ma/p/phytonutri-kr/reviews/00/00/09/63/50/image1/d7081805dd3463ec.webp,1000000325,투데이디3 for baby,https://www.phytonutri.kr/goods/goods_view.php?goodsNo=1000000325,4.9,3634,0,0,{'1': ['만족도']},[],[]
96351,112,5,smart_store,스마트스토어,우유를안먹는거같아서 먹기시작햇는데 뭔가 잠도잘자는거같아서 계속먹이려구요~,2026-05-03T16:40:10+09:00,2026-05-03,네이버 스마트스토어 구****,5,False,0,0,,1000000297,"그로우뉴 아이 유기농칼슘&마그네슘 비타민D,k2,망간",https://www.phytonutri.kr/goods/goods_view.php?goodsNo=1000000297,4.9,4844,0,0,"{'1': ['만족도', '효과']}",[],[]
96352,112,5,smart_store,스마트스토어,우유를 안먹는아기라 주문했는데 밤에도 뭔가 잘자는거갘아요,2026-05-03T16:39:41+09:00,2026-05-03,네이버 스마트스토어 구****,5,False,0,0,,1000000297,"그로우뉴 아이 유기농칼슘&마그네슘 비타민D,k2,망간",https://www.phytonutri.kr/goods/goods_view.php?goodsNo=1000000297,4.9,4844,0,0,"{'1': ['만족도', '효과']}",[],[]
96353,112,5,smart_store,스마트스토어,아이가 너무 잘 먹어서 만족합니다!,2026-05-03T15:48:34+09:00,2026-05-03,네이버 스마트스토어 구****,5,True,1,1,https://assets6.cre.ma/p/phytonutri-kr/reviews/00/00/09/63/53/image1/47b38917beb10952.webp,1000000326,지니어스뉴 + 투데이디3 세트,https://www.phytonutri.kr/goods/goods_view.php?goodsNo=1000000326,4.8,245,0,0,{'1': ['만족도']},[],[]
96354,112,5,smart_store,스마트스토어,"먹인지 한달 뒤에 아이들이 각 2cm씩은 컸어요~! 성장기라 맞아떨어진 것일수도 있지만 어쨋든 꾸준히 먹이려고 합니다!
젤리형태로 빨아먹는것으로 나오면 좋을 것 같아요~",2026-05-03T13:51:49+09:00,2026-05-03,네이버 스마트스토어 구****,5,True,1,1,https://assets6.cre.ma/p/phytonutri-kr/reviews/00/00/09/63/54/image1/6d7c46bf5337418f.webp,1000000297,"그로우뉴 아이 유기농칼슘&마그네슘 비타민D,k2,망간",https://www.phytonutri.kr/goods/goods_view.php?goodsNo=1000000297,4.9,4844,0,0,"{'1': ['만족도', '효과']}",[],[]
96355,112,5,smart_store,스마트스토어,한달 먹이니까 좋아하는것 같아요,2026-05-03T13:08:23+09:00,2026-05-03,네이버 스마트스토어 구****,5,True,1,1,https://assets6.cre.ma/p/phytonutri-kr/reviews/00/00/09/63/55/image1/d02c0d992e3a1ee0.webp,1000000281,지니어스뉴 드롭스&톡캡스,https://www.phytonutri.kr/goods/goods_view.php?goodsNo=1000000281,4.9,14386,0,0,{'1': ['만족도']},[],[]
96356,112,5,smart_store,스마트스토어,먹이면 아주 좋아합니다,2026-05-03T12:59:11+09:00,2026-05-03,네이버 스마트스토어 구****,5,True,1,1,https://assets6.cre.ma/p/phytonutri-kr/reviews/00/00/09/63/56/image1/94493d52e5a688ab.webp,1000000281,지니어스뉴 드롭스&톡캡스,https://www.phytonutri.kr/goods/goods_view.php?goodsNo=1000000281,4.9,14386,0,0,{'2': ['만족도']},[],[]
96357,112,5,smart_store,스마트스토어,칼마디 먹고 잠도 잘 자고 키도 큰것같아요~,2026-05-03T12:41:12+09:00,2026-05-03,네이버 스마트스토어 구****,5,True,1,1,https://assets6.cre.ma/p/phytonutri-kr/reviews/00/00/09/63/57/image1/0b2f18f6ddd5864b.webp,1000000297,"그로우뉴 아이 유기농칼슘&마그네슘 비타민D,k2,망간",https://www.phytonutri.kr/goods/goods_view.php?goodsNo=1000000297,4.9,4844,0,0,"{'1': ['만족도', '효과']}",[],[]
96358,112,5,smart_store,스마트스토어,애기때부터 잘 먹이고 있어요 앞으로도 꾸준히 먹일 예정이고 뇌발달에 도움이 될길 바래봅니다,2026-05-03T11:37:36+09:00,2026-05-03,네이버 스마트스토어 구****,5,False,0,0,,1000000281,지니어스뉴 드롭스&톡캡스,https://www.phytonutri.kr/goods/goods_view.php?goodsNo=1000000281,4.9,14386,0,0,{'1': ['만족도']},[],[]
96359,112,5,smart_store,스마트스토어,아이 뇌발달에 도움이 되는거 같아요 항상 잘 먹고 있습니다 !! 앞으로도 꾼준히 먹일 예정이에요,2026-05-03T11:36:48+09:00,2026-05-03,네이버 스마트스토어 구****,5,False,0,0,,1000000281,지니어스뉴 드롭스&톡캡스,https://www.phytonutri.kr/goods/goods_view.php?goodsNo=1000000281,4.9,14386,0,0,"{'1': ['만족도', '효과']}",[],[]
96360,112,5,smart_store,스마트스토어,가격대가 좀 있긴하지만 믿고 구매합니다,2026-05-03T10:59:00+09:00,2026-05-03,네이버 스마트스토어 구****,5,True,1,1,https://assets6.cre.ma/p/phytonutri-kr/reviews/00/00/09/63/60/image1/d5f5345a28c1719f.webp,1000000343,리버티엑스,https://www.phytonutri.kr/goods/goods_view.php?goodsNo=1000000343,4.7,268,0,0,"{'0': ['만족도'], '-1': ['가격']}",[],[]
96361,112,5,smart_store,스마트스토어,부모님 선물로 드렸습니다,2026-05-03T10:58:31+09:00,2026-05-03,네이버 스마트스토어 구****,5,True,1,1,https://assets6.cre.ma/p/phytonutri-kr/reviews/00/00/09/63/61/image1/4aff0caba93dd001.webp,1000000343,리버티엑스,https://www.phytonutri.kr/goods/goods_view.php?goodsNo=1000000343,4.7,268,0,0,{'0': ['만족도']},[],[]
96362,112,4,smart_store,스마트스토어,"수면
피로회복 
운동후 먹으니 괜찮아  보임",2026-05-03T10:52:16+09:00,2026-05-03,네이버 스마트스토어 구****,5,False,0,0,,1000000403,뉴스데일리베스트 X 파이토뉴트리 맨드로포즈+,https://www.phytonutri.kr/goods/goods_view.php?goodsNo=1000000403,4.7,193,0,0,"{'1': ['만족도', '효과']}",[],[]
96363,112,5,smart_store,스마트스토어,별탈없어서 잘 먹이고 잇어요,2026-05-03T10:21:08+09:00,2026-05-03,네이버 스마트스토어 구****,5,False,0,0,,1000000297,"그로우뉴 아이 유기농칼슘&마그네슘 비타민D,k2,망간",https://www.phytonutri.kr/goods/goods_view.php?goodsNo=1000000297,4.9,4844,0,0,{'1': ['만족도']},[],[]
96364,112,5,smart_store,스마트스토어,오일타입으로 입에넣어맥이다가 가끔혀로밀어먹어서 이제10개월인 아기 밤타입으로시켯어요 잘받아먹어요,2026-05-03T10:16:12+09:00,2026-05-03,네이버 스마트스토어 구****,5,True,1,1,https://assets6.cre.ma/p/phytonutri-kr/reviews/00/00/09/63/64/image1/f9e4a8079ee6d144.webp,1000000325,투데이디3 for baby,https://www.phytonutri.kr/goods/goods_view.php?goodsNo=1000000325,4.9,3634,0,0,{'1': ['만족도']},[],[]
96365,113,5,smart_store,스마트스토어,좋아서 계속먹이고있어요,2026-05-03T09:52:32+09:00,2026-05-03,네이버 스마트스토어 구****,5,True,1,1,https://assets6.cre.ma/p/phytonutri-kr/reviews/00/00/09/63/65/image1/c27311a55476513f.webp,1000000325,투데이디3 for baby,https://www.phytonutri.kr/goods/goods_view.php?goodsNo=1000000325,4.9,3634,0,0,{'1': ['만족도']},[],[]
96366,113,5,smart_store,스마트스토어,피부에 뭐가 올라와서 더 못먹였지만 새로운경험이네요,2026-05-03T09:02:53+09:00,2026-05-03,네이버 스마트스토어 구****,5,False,0,0,,1000000325,투데이디3 for baby,https://www.phytonutri.kr/goods/goods_view.php?goodsNo=1000000325,4.9,3634,0,0,{'0': ['만족도']},[],[]
96367,113,5,smart_store,스마트스토어,우리아이 영양발달 필수아이템,2026-05-03T08:22:58+09:00,2026-05-03,네이버 스마트스토어 구****,5,True,1,1,https://assets6.cre.ma/p/phytonutri-kr/reviews/00/00/09/63/67/image1/506fa5b686f90ad4.webp,1000000298,지니어스뉴 + 그로우뉴 세트,https://www.phytonutri.kr/goods/goods_view.php?goodsNo=1000000298,4.9,1413,0,0,{'1': ['만족도']},[],[]
96368,113,5,smart_store,스마트스토어,우리 아이 영양발달 필수아이템,2026-05-03T08:22:12+09:00,2026-05-03,네이버 스마트스토어 구****,5,True,1,1,https://assets6.cre.ma/p/phytonutri-kr/reviews/00/00/09/63/68/image1/b3cc52d2a2e21044.webp,1000000298,지니어스뉴 + 그로우뉴 세트,https://www.phytonutri.kr/goods/goods_view.php?goodsNo=1000000298,4.9,1413,0,0,{'1': ['만족도']},[],[]
96369,113,5,smart_store,스마트스토어,매번사고있는제품이에용,2026-05-03T07:06:23+09:00,2026-05-03,네이버 스마트스토어 구****,5,False,0,0,,1000000281,지니어스뉴 드롭스&톡캡스,https://www.phytonutri.kr/goods/goods_view.php?goodsNo=1000000281,4.9,14386,0,0,{'2': ['만족도']},[],[]
96370,113,5,smart_store,스마트스토어,포장도 개별 포장이라 꼼꼼 하고 위생적입니다,2026-05-03T06:45:18+09:00,2026-05-03,네이버 스마트스토어 구****,5,False,0,0,,1000000325,투데이디3 for baby,https://www.phytonutri.kr/goods/goods_view.php?goodsNo=1000000325,4.9,3634,0,0,"{'1': ['만족도', '포장']}",[],[]
96371,113,5,smart_store,스마트스토어,포장이 상당히 만족스럽고 깔끔합니다. 아기도 잘 먹고 4번째 구매에요,2026-05-03T01:20:36+09:00,2026-05-03,네이버 스마트스토어 구****,5,True,1,1,https://assets6.cre.ma/p/phytonutri-kr/reviews/00/00/09/63/71/image1/01a78898c94f0a17.webp,1000000325,투데이디3 for baby,https://www.phytonutri.kr/goods/goods_view.php?goodsNo=1000000325,4.9,3634,0,0,"{'2': ['만족도', '포장'], '1': ['맛']}",[],[]
96372,113,5,smart_store,스마트스토어,기분탓이겠지만ㅋㅋ아기가 효○보는거 같아서 계속 먹일생각 입니다,2026-05-03T00:48:05+09:00,2026-05-03,네이버 스마트스토어 구****,5,False,0,0,,1000000281,지니어스뉴 드롭스&톡캡스,https://www.phytonutri.kr/goods/goods_view.php?goodsNo=1000000281,4.9,14386,0,0,"{'1': ['만족도', '효과']}",[],[]
96373,113,5,smart_store,스마트스토어,너무 만족합니다 다시 재구매 예정입니더,2026-05-02T23:50:56+09:00,2026-05-02,네이버 스마트스토어 구****,5,True,1,1,https://assets6.cre.ma/p/phytonutri-kr/reviews/00/00/09/63/73/image1/e5ffad548b0f379f.webp,1000000281,지니어스뉴 드롭스&톡캡스,https://www.phytonutri.kr/goods/goods_view.php?goodsNo=1000000281,4.9,14386,0,0,{'2': ['만족도']},[],[]
96374,113,5,smart_store,스마트스토어,항상 먹는 제품이에요  만족합니다,2026-05-02T23:48:24+09:00,2026-05-02,네이버 스마트스토어 구****,5,True,1,1,https://assets6.cre.ma/p/phytonutri-kr/reviews/00/00/09/63/74/image1/83ec938437fabdb7.webp,1000000281,지니어스뉴 드롭스&톡캡스,https://www.phytonutri.kr/goods/goods_view.php?goodsNo=1000000281,4.9,14386,0,0,{'1': ['만족도']},[],[]
96375,113,5,smart_store,스마트스토어,너무 잘 먹고있어요 고소해요,2026-05-02T23:46:21+09:00,2026-05-02,네이버 스마트스토어 구****,5,True,1,1,https://assets6.cre.ma/p/phytonutri-kr/reviews/00/00/09/63/75/image1/dfcf206548e85268.webp,1000000281,지니어스뉴 드롭스&톡캡스,https://www.phytonutri.kr/goods/goods_view.php?goodsNo=1000000281,4.9,14386,0,0,"{'1': ['만족도', '맛']}",[],[]
96376,113,5,smart_store,스마트스토어,아기가 잘 먹어요. 먹이기 편해요.,2026-05-02T23:33:11+09:00,2026-05-02,네이버 스마트스토어 구****,5,True,1,1,https://assets6.cre.ma/p/phytonutri-kr/reviews/00/00/09/63/76/image1/c79ad85904cda7d6.webp,1000000281,지니어스뉴 드롭스&톡캡스,https://www.phytonutri.kr/goods/goods_view.php?goodsNo=1000000281,4.9,14386,0,0,"{'1': ['만족도', '편의성']}",[],[]
96377,113,5,smart_store,스마트스토어,뇌 건강을 위해서 구매해봤어요 ㅋ,2026-05-02T23:00:59+09:00,2026-05-02,네이버 스마트스토어 구****,5,True,1,1,https://assets6.cre.ma/p/phytonutri-kr/reviews/00/00/09/63/77/image1/f7b17918bd7a3e4f.webp,1000000281,지니어스뉴 드롭스&톡캡스,https://www.phytonutri.kr/goods/goods_view.php?goodsNo=1000000281,4.9,14386,0,0,{'0': ['만족도']},[],[]
96378,113,5,smart_store,스마트스토어,"두뇌 발달에 좋다고 해서 구매합니다 
보관이 편리하고 한개씩 뜯어서 주니가 산패 걱정도 없어 좋아요 ~ 꾸준히 먹이려고 6개월분 구매했어요 ~ 냄새도 고소한 냄새가 나서 이유시에 섞아서 주니 아기도 거부감없이 잘먹네요",2026-05-02T22:20:10+09:00,2026-05-02,네이버 스마트스토어 구****,5,False,0,0,,1000000281,지니어스뉴 드롭스&톡캡스,https://www.phytonutri.kr/goods/goods_view.php?goodsNo=1000000281,4.9,14386,0,0,"{'1': ['만족도', '냄새', '편의성']}",[],[]
96379,113,5,smart_store,스마트스토어,늦게받았지만 만족스럽네요. 하나씩 먹이기 편리해서 좋네요~~,2026-05-02T22:15:44+09:00,2026-05-02,네이버 스마트스토어 구****,5,True,1,1,https://assets6.cre.ma/p/phytonutri-kr/reviews/00/00/09/63/79/image1/57d7b083cb6982f5.webp,1000000325,투데이디3 for baby,https://www.phytonutri.kr/goods/goods_view.php?goodsNo=1000000325,4.9,3634,0,0,"{'1': ['만족도', '편의성'], '0': ['배송']}",[],[]
96380,113,5,smart_store,스마트스토어,계속잘먹이고있어요좋아요,2026-05-02T21:50:23+09:00,2026-05-02,네이버 스마트스토어 구****,5,True,1,1,https://assets6.cre.ma/p/phytonutri-kr/reviews/00/00/09/63/80/image1/cdef7bcadc2f176c.webp,1000000297,"그로우뉴 아이 유기농칼슘&마그네슘 비타민D,k2,망간",https://www.phytonutri.kr/goods/goods_view.php?goodsNo=1000000297,4.9,4844,0,0,{'1': ['만족도']},[],[]
96381,113,5,smart_store,스마트스토어,먹이기 편하게 굿굿,2026-05-02T20:29:05+09:00,2026-05-02,네이버 스마트스토어 구****,5,True,1,1,https://assets6.cre.ma/p/phytonutri-kr/reviews/00/00/09/63/81/image1/17724a5c1f419943.webp,1000000281,지니어스뉴 드롭스&톡캡스,https://www.phytonutri.kr/goods/goods_view.php?goodsNo=1000000281,4.9,14386,0,0,"{'1': ['만족도', '편의성']}",[],[]
96382,113,5,smart_store,스마트스토어,아기에게 필수영양제로 꾸준히 잘 먹이고 있습니다,2026-05-02T20:13:54+09:00,2026-05-02,네이버 스마트스토어 구****,5,True,1,1,https://assets6.cre.ma/p/phytonutri-kr/reviews/00/00/09/63/82/image1/1ec45cc52270427d.webp,1000000281,지니어스뉴 드롭스&톡캡스,https://www.phytonutri.kr/goods/goods_view.php?goodsNo=1000000281,4.9,14386,0,0,{'1': ['만족도']},[],[]
96383,113,5,smart_store,스마트스토어,드롭형이라서 아기 수유시 타서 주기 편하고 좋아요 일단 성분이 모두 안심돠요^^,2026-05-02T19:42:40+09:00,2026-05-02,네이버 스마트스토어 구****,5,True,1,1,https://assets6.cre.ma/p/phytonutri-kr/reviews/00/00/09/63/83/image1/f311c30d92f74fc2.webp,1000000281,지니어스뉴 드롭스&톡캡스,https://www.phytonutri.kr/goods/goods_view.php?goodsNo=1000000281,4.9,14386,0,0,"{'1': ['만족도', '성분', '편의성']}",[],[]
96384,113,5,smart_store,스마트스토어,한달 먹고 크게 아기에게 달라진점은 모르갰으나 잘 먹어보고 성장에 도움이돤더면 꾸준히멍여볼겁니더^^,2026-05-02T19:42:01+09:00,2026-05-02,네이버 스마트스토어 구****,5,False,0,0,,1000000297,"그로우뉴 아이 유기농칼슘&마그네슘 비타민D,k2,망간",https://www.phytonutri.kr/goods/goods_view.php?goodsNo=1000000297,4.9,4844,0,0,{'0': ['만족도']},[],[]
96385,114,5,smart_store,스마트스토어,꾸준히 계속 잘 먹이고 있습니다,2026-05-02T19:08:00+09:00,2026-05-02,네이버 스마트스토어 구****,5,True,1,1,https://assets6.cre.ma/p/phytonutri-kr/reviews/00/00/09/63/85/image1/9c0c0a292fba2aae.webp,1000000281,지니어스뉴 드롭스&톡캡스,https://www.phytonutri.kr/goods/goods_view.php?goodsNo=1000000281,4.9,14386,0,0,{'1': ['만족도']},[],[]
96386,114,3,smart_store,스마트스토어,일단 배송ㅇ이 너무너무 느렸어요,2026-05-02T18:33:27+09:00,2026-05-02,네이버 스마트스토어 구****,5,True,1,1,https://assets6.cre.ma/p/phytonutri-kr/reviews/00/00/09/63/86/image1/d5153c499c823e34.webp,1000000325,투데이디3 for baby,https://www.phytonutri.kr/goods/goods_view.php?goodsNo=1000000325,4.9,3634,0,0,"{'-1': ['만족도'], '-2': ['배송']}",[],[]
96387,114,5,smart_store,스마트스토어,밥먹을때 세방울씩 넣어서 먹이고있어요~ 아이도 잘먹어요^^,2026-05-02T18:27:25+09:00,2026-05-02,네이버 스마트스토어 구****,5,False,0,0,,1000000281,지니어스뉴 드롭스&톡캡스,https://www.phytonutri.kr/goods/goods_view.php?goodsNo=1000000281,4.9,14386,0,0,{'1': ['만족도']},[],[]
96178,114,5,smart_store,스마트스토어,가성비굿굿정말좋아요,2026-05-02T16:33:11+09:00,2026-05-02,네이버 스마트스토어 구****,5,True,1,1,https://assets6.cre.ma/p/phytonutri-kr/reviews/00/00/09/61/78/image1/05d22bfe1c9e4510.webp,1000000281,지니어스뉴 드롭스&톡캡스,https://www.phytonutri.kr/goods/goods_view.php?goodsNo=1000000281,4.9,14386,0,0,"{'2': ['만족도', '가격']}",[],[]
96179,114,5,smart_store,스마트스토어,아이가 늘 잘먹고 있습니다 ㅎㅎ,2026-05-02T15:20:43+09:00,2026-05-02,네이버 스마트스토어 구****,5,True,1,1,https://assets6.cre.ma/p/phytonutri-kr/reviews/00/00/09/61/79/image1/c78d29da602ff003.webp,1000000297,"그로우뉴 아이 유기농칼슘&마그네슘 비타민D,k2,망간",https://www.phytonutri.kr/goods/goods_view.php?goodsNo=1000000297,4.9,4844,0,0,{'1': ['만족도']},[],[]
96180,114,5,smart_store,스마트스토어,"5살 2살 아이 꾸준히 먹이고 있습니다.
처음에는 아이들이 먹고 맛없어했는데 ㅎㅎ
먹이다보니 익숙해졌는지 달라고 통을 들고오네요~ 
꾸준히 먹이는게 좋다해서 남은거도 다 먹으면 재구매 할거에요!",2026-05-02T15:15:05+09:00,2026-05-02,네이버 스마트스토어 구****,5,True,1,1,https://assets6.cre.ma/p/phytonutri-kr/reviews/00/00/09/61/80/image1/c01b64cdb7713011.webp,1000000325,투데이디3 for baby,https://www.phytonutri.kr/goods/goods_view.php?goodsNo=1000000325,4.9,3634,0,0,"{'1': ['만족도'], '0': ['맛']}",[],[]
96181,114,5,smart_store,스마트스토어,아기 먹는거라 조금 비싸더라도 꾸준히 먹이고 있어요,2026-05-02T14:34:53+09:00,2026-05-02,네이버 스마트스토어 구****,5,True,1,1,https://assets6.cre.ma/p/phytonutri-kr/reviews/00/00/09/61/81/image1/8b101c743a7b1f7e.webp,1000000281,지니어스뉴 드롭스&톡캡스,https://www.phytonutri.kr/goods/goods_view.php?goodsNo=1000000281,4.9,14386,0,0,{'0': ['만족도']},[],[]
96182,114,5,smart_store,스마트스토어,"계속먹이고있어요
좋아요",2026-05-02T14:18:07+09:00,2026-05-02,네이버 스마트스토어 구****,5,True,1,1,https://assets6.cre.ma/p/phytonutri-kr/reviews/00/00/09/61/82/image1/1c6c533c40a8d2f9.webp,1000000281,지니어스뉴 드롭스&톡캡스,https://www.phytonutri.kr/goods/goods_view.php?goodsNo=1000000281,4.9,14386,0,0,{'1': ['만족도']},[],[]
96183,114,5,smart_store,스마트스토어,유명한것같아서 구매했어요,2026-05-02T14:14:57+09:00,2026-05-02,네이버 스마트스토어 구****,5,True,1,1,https://assets6.cre.ma/p/phytonutri-kr/reviews/00/00/09/61/83/image1/10b1c09f08096b1c.webp,1000000281,지니어스뉴 드롭스&톡캡스,https://www.phytonutri.kr/goods/goods_view.php?goodsNo=1000000281,4.9,14386,0,0,{'0': ['만족도']},[],[]
96184,114,5,smart_store,스마트스토어,항상 칼마디는 그로우뉴만 먹습니다. 애기도 잘 먹고 영양 보충도 잘 되눈것 같아요,2026-05-02T13:35:35+09:00,2026-05-02,네이버 스마트스토어 구****,5,True,1,1,https://assets6.cre.ma/p/phytonutri-kr/reviews/00/00/09/61/84/image1/40639b03407c7d21.webp,1000000297,"그로우뉴 아이 유기농칼슘&마그네슘 비타민D,k2,망간",https://www.phytonutri.kr/goods/goods_view.php?goodsNo=1000000297,4.9,4844,0,0,"{'1': ['만족도', '효과']}",[],[]
96185,114,5,smart_store,스마트스토어,우리 아이의 두뇌가 좋은 게 느껴져요.,2026-05-02T12:10:56+09:00,2026-05-02,네이버 스마트스토어 구****,5,True,1,1,https://assets6.cre.ma/p/phytonutri-kr/reviews/00/00/09/61/85/image1/6c1008fb9fa52cd1.webp,1000000281,지니어스뉴 드롭스&톡캡스,https://www.phytonutri.kr/goods/goods_view.php?goodsNo=1000000281,4.9,14386,0,0,"{'1': ['만족도', '효과']}",[],[]
96186,114,5,smart_store,스마트스토어,스포이드가 편한데 설명도 잘되어있고 아이가 잘먹어요 비릴까봐 걱정했는데 괜찮네요!,2026-05-02T11:57:54+09:00,2026-05-02,네이버 스마트스토어 구****,5,True,1,1,https://assets6.cre.ma/p/phytonutri-kr/reviews/00/00/09/61/86/image1/ee87581e35580427.webp,1000000281,지니어스뉴 드롭스&톡캡스,https://www.phytonutri.kr/goods/goods_view.php?goodsNo=1000000281,4.9,14386,0,0,"{'1': ['만족도', '포장', '편의성']}",[],[]
96187,114,5,smart_store,스마트스토어,감사합니다 좋습니다,2026-05-02T11:50:37+09:00,2026-05-02,네이버 스마트스토어 구****,5,True,1,1,https://assets6.cre.ma/p/phytonutri-kr/reviews/00/00/09/61/87/image1/1cc19715e3796468.webp,1000000281,지니어스뉴 드롭스&톡캡스,https://www.phytonutri.kr/goods/goods_view.php?goodsNo=1000000281,4.9,14386,0,0,{'1': ['만족도']},[],[]
96188,114,5,smart_store,스마트스토어,유통기한이 좀 길었으면 더 좋았을거같아요,2026-05-02T11:50:30+09:00,2026-05-02,네이버 스마트스토어 구****,5,True,1,1,https://assets6.cre.ma/p/phytonutri-kr/reviews/00/00/09/61/88/image1/e33d22044d1be412.webp,1000000281,지니어스뉴 드롭스&톡캡스,https://www.phytonutri.kr/goods/goods_view.php?goodsNo=1000000281,4.9,14386,0,0,"{'0': ['만족도'], '-1': ['유통기한']}",[],[]
96189,114,5,smart_store,스마트스토어,"젤리를 별로 안좋아해서 칼마디에 타서 먹이면 딱이었어요
단점은 너무너므 빨리 먹어요,,ㅠㅠㅠ",2026-05-02T11:45:52+09:00,2026-05-02,네이버 스마트스토어 구****,5,False,0,0,,1000000281,지니어스뉴 드롭스&톡캡스,https://www.phytonutri.kr/goods/goods_view.php?goodsNo=1000000281,4.9,14386,0,0,{'0': ['만족도']},[],[]
96190,114,5,smart_store,스마트스토어,"먹이기 좋아요! 
뇌발달에도 도움이 되면 좋겠네요:)",2026-05-02T11:35:12+09:00,2026-05-02,네이버 스마트스토어 구****,5,False,0,0,,1000000281,지니어스뉴 드롭스&톡캡스,https://www.phytonutri.kr/goods/goods_view.php?goodsNo=1000000281,4.9,14386,0,0,{'1': ['만족도']},[],[]
96191,114,5,smart_store,스마트스토어,첫째부터 둘째까지 리ㅣ것만 먹여요,2026-05-02T10:45:11+09:00,2026-05-02,네이버 스마트스토어 구****,5,True,1,1,https://assets6.cre.ma/p/phytonutri-kr/reviews/00/00/09/61/91/image1/8527d5e09026fe84.webp,1000000325,투데이디3 for baby,https://www.phytonutri.kr/goods/goods_view.php?goodsNo=1000000325,4.9,3634,0,0,{'1': ['만족도']},[],[]
96192,114,5,smart_store,스마트스토어,좋다고하여구매했어요~ 잘사용하겠습니다,2026-05-02T09:49:57+09:00,2026-05-02,네이버 스마트스토어 구****,5,True,1,1,https://assets6.cre.ma/p/phytonutri-kr/reviews/00/00/09/61/92/image1/9a03fed38eb96768.webp,1000000281,지니어스뉴 드롭스&톡캡스,https://www.phytonutri.kr/goods/goods_view.php?goodsNo=1000000281,4.9,14386,0,0,{'1': ['만족도']},[],[]
96193,114,5,smart_store,스마트스토어,먹던거라 떨어지지않게 주문해요,2026-05-02T09:36:52+09:00,2026-05-02,네이버 스마트스토어 구****,5,False,0,0,,1000000297,"그로우뉴 아이 유기농칼슘&마그네슘 비타민D,k2,망간",https://www.phytonutri.kr/goods/goods_view.php?goodsNo=1000000297,4.9,4844,0,0,{'1': ['만족도']},[],[]
96194,114,5,smart_store,스마트스토어,먹이기에도 간편하고 좋습니다,2026-05-02T09:35:43+09:00,2026-05-02,네이버 스마트스토어 구****,5,False,0,0,,1000000325,투데이디3 for baby,https://www.phytonutri.kr/goods/goods_view.php?goodsNo=1000000325,4.9,3634,0,0,"{'1': ['만족도', '편의성']}",[],[]
96195,115,5,smart_store,스마트스토어,아주 좋아요 잘먹고있어요,2026-05-02T09:24:33+09:00,2026-05-02,네이버 스마트스토어 구****,5,True,1,1,https://assets6.cre.ma/p/phytonutri-kr/reviews/00/00/09/61/95/image1/d16e290fc9a03666.webp,1000000281,지니어스뉴 드롭스&톡캡스,https://www.phytonutri.kr/goods/goods_view.php?goodsNo=1000000281,4.9,14386,0,0,{'2': ['만족도']},[],[]
96196,115,5,smart_store,스마트스토어,잘 먹이고있어요좋네요~~~~~=,2026-05-02T09:23:59+09:00,2026-05-02,네이버 스마트스토어 구****,5,True,1,1,https://assets6.cre.ma/p/phytonutri-kr/reviews/00/00/09/61/96/image1/4c641405be476505.webp,1000000281,지니어스뉴 드롭스&톡캡스,https://www.phytonutri.kr/goods/goods_view.php?goodsNo=1000000281,4.9,14386,0,0,{'1': ['만족도']},[],[]
96197,115,5,smart_store,스마트스토어,24개월 남아 6개월먹이고 추가구매했어요,2026-05-02T07:28:28+09:00,2026-05-02,네이버 스마트스토어 구****,5,True,1,1,https://assets6.cre.ma/p/phytonutri-kr/reviews/00/00/09/61/97/image1/f2c918ccba106a88.webp,1000000281,지니어스뉴 드롭스&톡캡스,https://www.phytonutri.kr/goods/goods_view.php?goodsNo=1000000281,4.9,14386,0,0,{'2': ['만족도']},[],[]
96198,115,5,smart_store,스마트스토어,여러개 주문해서 매일 먹여요,2026-05-02T06:52:16+09:00,2026-05-02,네이버 스마트스토어 구****,5,False,0,0,,1000000281,지니어스뉴 드롭스&톡캡스,https://www.phytonutri.kr/goods/goods_view.php?goodsNo=1000000281,4.9,14386,0,0,{'1': ['만족도']},[],[]
96199,115,5,smart_store,스마트스토어,"항상 주문해서 먹이고 있어요~
좋아요",2026-05-02T04:43:37+09:00,2026-05-02,네이버 스마트스토어 구****,5,True,1,1,https://assets6.cre.ma/p/phytonutri-kr/reviews/00/00/09/61/99/image1/130412f6c5e9ebc7.webp,1000000281,지니어스뉴 드롭스&톡캡스,https://www.phytonutri.kr/goods/goods_view.php?goodsNo=1000000281,4.9,14386,0,0,{'1': ['만족도']},[],[]
96200,115,5,smart_store,스마트스토어,"몇통째 구매해서 먹이고 있어요~
좋아요!",2026-05-02T04:42:39+09:00,2026-05-02,네이버 스마트스토어 구****,5,True,1,1,https://assets6.cre.ma/p/phytonutri-kr/reviews/00/00/09/62/00/image1/08ec820cfe5818b7.webp,1000000281,지니어스뉴 드롭스&톡캡스,https://www.phytonutri.kr/goods/goods_view.php?goodsNo=1000000281,4.9,14386,0,0,{'1': ['만족도']},[],[]
96201,115,5,smart_store,스마트스토어,아이에게 정말 좋아요~!,2026-05-02T02:54:32+09:00,2026-05-02,네이버 스마트스토어 구****,5,False,0,0,,1000000281,지니어스뉴 드롭스&톡캡스,https://www.phytonutri.kr/goods/goods_view.php?goodsNo=1000000281,4.9,14386,0,0,{'2': ['만족도']},[],[]
96202,115,5,smart_store,스마트스토어,아기가 튼튼해지는거같아서 좋아요,2026-05-02T00:06:08+09:00,2026-05-02,네이버 스마트스토어 구****,5,False,0,0,,1000000281,지니어스뉴 드롭스&톡캡스,https://www.phytonutri.kr/goods/goods_view.php?goodsNo=1000000281,4.9,14386,0,0,"{'1': ['만족도', '효과']}",[],[]
96203,115,5,smart_store,스마트스토어,아기가 이거 먹고 더 밥도 잘먹고 안아프고 잘 크는거같아요,2026-05-02T00:05:50+09:00,2026-05-02,네이버 스마트스토어 구****,5,False,0,0,,1000000281,지니어스뉴 드롭스&톡캡스,https://www.phytonutri.kr/goods/goods_view.php?goodsNo=1000000281,4.9,14386,0,0,"{'1': ['만족도', '효과']}",[],[]
96204,115,5,smart_store,스마트스토어,아이가 잘 먹어요~,2026-05-01T23:36:31+09:00,2026-05-01,네이버 스마트스토어 구****,5,True,1,1,https://assets6.cre.ma/p/phytonutri-kr/reviews/00/00/09/62/04/image1/0923181e3a6da1ac.webp,1000000325,투데이디3 for baby,https://www.phytonutri.kr/goods/goods_view.php?goodsNo=1000000325,4.9,3634,0,0,{'1': ['만족도']},[],[]
96205,115,5,smart_store,스마트스토어,4?5 번은 시켜 먹은거 같네요 편하게 잘 먹이고 있어요,2026-05-01T21:51:14+09:00,2026-05-01,네이버 스마트스토어 구****,5,True,1,1,https://assets6.cre.ma/p/phytonutri-kr/reviews/00/00/09/62/05/image1/bb5dacff3b4fb466.webp,1000000325,투데이디3 for baby,https://www.phytonutri.kr/goods/goods_view.php?goodsNo=1000000325,4.9,3634,0,0,"{'1': ['만족도', '편의성']}",[],[]
96206,115,5,smart_store,스마트스토어,아이가 잘 먹어서 계속 시켜 먹고있어요,2026-05-01T21:50:13+09:00,2026-05-01,네이버 스마트스토어 구****,5,True,1,1,https://assets6.cre.ma/p/phytonutri-kr/reviews/00/00/09/62/06/image1/4acfcfb00fa47d3f.webp,1000000325,투데이디3 for baby,https://www.phytonutri.kr/goods/goods_view.php?goodsNo=1000000325,4.9,3634,0,0,{'1': ['만족도']},[],[]
96207,115,5,smart_store,스마트스토어,너무좋아요 다음에 또 구입할게요,2026-05-01T20:14:29+09:00,2026-05-01,네이버 스마트스토어 구****,5,True,1,1,https://assets6.cre.ma/p/phytonutri-kr/reviews/00/00/09/62/07/image1/5f569853e776c96b.webp,1000000325,투데이디3 for baby,https://www.phytonutri.kr/goods/goods_view.php?goodsNo=1000000325,4.9,3634,0,0,{'2': ['만족도']},[],[]
96208,115,5,smart_store,스마트스토어,1년째 꾸준히 먹이고있습니다~,2026-05-01T20:06:34+09:00,2026-05-01,네이버 스마트스토어 구****,5,True,1,1,https://assets6.cre.ma/p/phytonutri-kr/reviews/00/00/09/62/08/image1/2ab323c325efdbb3.webp,1000000281,지니어스뉴 드롭스&톡캡스,https://www.phytonutri.kr/goods/goods_view.php?goodsNo=1000000281,4.9,14386,0,0,{'2': ['만족도']},[],[]
96175,115,5,,자사몰(고도몰),가격적인 메리트가 있습니다. 좋아요,2026-05-01T17:14:06+09:00,2026-05-01,nono******,5,False,0,0,,1000000401,옥토피아 X 파이토뉴트리 (PHYTONUTRI),https://www.phytonutri.kr/goods/goods_view.php?goodsNo=1000000401,5.0,7,0,0,"{'1': ['만족도', '가격']}",[],[]
96209,115,5,smart_store,스마트스토어,배송 빠르고 아주 좋아요,2026-05-01T17:04:31+09:00,2026-05-01,네이버 스마트스토어 구****,5,True,1,1,https://assets6.cre.ma/p/phytonutri-kr/reviews/00/00/09/62/09/image1/8e0d0552d36cfe7d.webp,1000000298,지니어스뉴 + 그로우뉴 세트,https://www.phytonutri.kr/goods/goods_view.php?goodsNo=1000000298,4.9,1413,0,0,"{'2': ['만족도', '배송']}",[],[]
96210,115,5,smart_store,스마트스토어,"맛이너무없음니다...애기가 안먹어요
무슨 기름..?석유..? 무튼 안좋은맛이에요 어른인제가먹어도 뱔로입니다",2026-05-01T16:57:42+09:00,2026-05-01,네이버 스마트스토어 구****,5,True,1,1,https://assets6.cre.ma/p/phytonutri-kr/reviews/00/00/09/62/10/image1/44d056f51eaee1cc.webp,1000000375,데이프로바 + 투데이디3 세트,https://www.phytonutri.kr/goods/goods_view.php?goodsNo=1000000375,4.9,139,0,0,"{'-1': ['만족도'], '-2': ['맛']}",[],[]
96211,115,5,smart_store,스마트스토어,매일 꾸준히 먹이고있습니다!!,2026-05-01T16:43:31+09:00,2026-05-01,네이버 스마트스토어 구****,5,True,1,1,https://assets6.cre.ma/p/phytonutri-kr/reviews/00/00/09/62/11/image1/81ecb9f07a46687b.webp,1000000297,"그로우뉴 아이 유기농칼슘&마그네슘 비타민D,k2,망간",https://www.phytonutri.kr/goods/goods_view.php?goodsNo=1000000297,4.9,4844,0,0,{'1': ['만족도']},[],[]
96212,115,5,smart_store,스마트스토어,먹이기 편리하거 다 좋은데 가격에 비해 용량이 넘 작아여 ㅜ 흑..,2026-05-01T16:43:11+09:00,2026-05-01,네이버 스마트스토어 구****,5,True,1,1,https://assets6.cre.ma/p/phytonutri-kr/reviews/00/00/09/62/12/image1/399b377d783fbde7.webp,1000000281,지니어스뉴 드롭스&톡캡스,https://www.phytonutri.kr/goods/goods_view.php?goodsNo=1000000281,4.9,14386,0,0,"{'0': ['만족도', '가격'], '-2': ['용량'], '1': ['편의성']}",[],[]
96213,115,5,smart_store,스마트스토어,매일 꾸준히 먹이고있습니다!!,2026-05-01T16:42:42+09:00,2026-05-01,네이버 스마트스토어 구****,5,True,1,1,https://assets6.cre.ma/p/phytonutri-kr/reviews/00/00/09/62/13/image1/7c2b3c127eeb589d.webp,1000000281,지니어스뉴 드롭스&톡캡스,https://www.phytonutri.kr/goods/goods_view.php?goodsNo=1000000281,4.9,14386,0,0,{'1': ['만족도']},[],[]
96214,116,5,smart_store,스마트스토어,꾸준히 잘 먹고 있습니다~,2026-05-01T16:15:14+09:00,2026-05-01,네이버 스마트스토어 구****,5,True,1,1,https://assets6.cre.ma/p/phytonutri-kr/reviews/00/00/09/62/14/image1/284b8a6c85bc0c23.webp,1000000298,지니어스뉴 + 그로우뉴 세트,https://www.phytonutri.kr/goods/goods_view.php?goodsNo=1000000298,4.9,1413,0,0,{'1': ['만족도']},[],[]
96215,116,5,smart_store,스마트스토어,아기가 밥을 잘안먹어서 꾸준히 먹이고있어요,2026-05-01T16:13:18+09:00,2026-05-01,네이버 스마트스토어 구****,5,False,0,0,,1000000298,지니어스뉴 + 그로우뉴 세트,https://www.phytonutri.kr/goods/goods_view.php?goodsNo=1000000298,4.9,1413,0,0,{'0': ['만족도']},[],[]
96216,116,5,smart_store,스마트스토어,꾸준히 복용하고 있습니다. 효○가 있는 것 같은데~ ㅎ 계속 먹어보려 합니다,2026-05-01T16:03:48+09:00,2026-05-01,네이버 스마트스토어 구****,5,True,1,1,https://assets6.cre.ma/p/phytonutri-kr/reviews/00/00/09/62/16/image1/fc46e95bbf557015.webp,1000000343,리버티엑스,https://www.phytonutri.kr/goods/goods_view.php?goodsNo=1000000343,4.7,268,0,0,"{'1': ['만족도', '효과']}",[],[]
96217,116,5,smart_store,스마트스토어,애기 요거트 먹이면서 한 포씩 섞어 먹이고 있어요. 항상 식탁위에!,2026-05-01T15:47:51+09:00,2026-05-01,네이버 스마트스토어 구****,5,True,1,1,https://assets6.cre.ma/p/phytonutri-kr/reviews/00/00/09/62/17/image1/a0c8cc4e07979765.webp,1000000297,"그로우뉴 아이 유기농칼슘&마그네슘 비타민D,k2,망간",https://www.phytonutri.kr/goods/goods_view.php?goodsNo=1000000297,4.9,4844,0,0,{'0': ['만족도']},[],[]
96218,116,5,smart_store,스마트스토어,아기 첫 오메가3 엄청 꼼꼼히 비교해보고 구매했어요! 잘 먹이겠습니다 아가도 거부감없이 먹고있어요 ㅋㅋ,2026-05-01T15:12:37+09:00,2026-05-01,네이버 스마트스토어 구****,5,True,1,1,https://assets6.cre.ma/p/phytonutri-kr/reviews/00/00/09/62/18/image1/f180a53c6a80ed6e.webp,1000000281,지니어스뉴 드롭스&톡캡스,https://www.phytonutri.kr/goods/goods_view.php?goodsNo=1000000281,4.9,14386,0,0,{'1': ['만족도']},[],[]
96219,116,5,smart_store,스마트스토어,"아이 이유식 시작할때부터 시작한 오메가3먹이고 비타민D가 생겨서 이미 먹고 있던 비타민D 그만 먹이고 이거 먹이는데 철분,칼슘 등등 영양제를 더 안먹여두 될 정도로 종합이라 만족하면서 먹였습니다 지금 31개월 다되가는데 덕분에 잘먹기도하지만, 지금 키가 상위 3%입니다ㅎㅎ",2026-05-01T15:09:04+09:00,2026-05-01,네이버 스마트스토어 구****,5,True,1,1,https://assets6.cre.ma/p/phytonutri-kr/reviews/00/00/09/62/19/image1/429d94db876bef5d.webp,1000000297,"그로우뉴 아이 유기농칼슘&마그네슘 비타민D,k2,망간",https://www.phytonutri.kr/goods/goods_view.php?goodsNo=1000000297,4.9,4844,0,0,"{'1': ['만족도', '성분']}",[],[]
96220,116,5,smart_store,스마트스토어,맛이 건강해지는 맛!!굿!!,2026-05-01T14:01:33+09:00,2026-05-01,네이버 스마트스토어 구****,5,True,1,1,https://assets6.cre.ma/p/phytonutri-kr/reviews/00/00/09/62/20/image1/81aa469b2848330d.webp,1000000281,지니어스뉴 드롭스&톡캡스,https://www.phytonutri.kr/goods/goods_view.php?goodsNo=1000000281,4.9,14386,0,0,"{'1': ['만족도', '맛']}",[],[]
96221,116,5,smart_store,스마트스토어,칼마디 먹이기도 편하고 영양제 먹고 잘 크고 있어요.,2026-05-01T13:54:30+09:00,2026-05-01,네이버 스마트스토어 구****,5,True,1,1,https://assets6.cre.ma/p/phytonutri-kr/reviews/00/00/09/62/21/image1/2bfe6bd70865b518.webp,1000000297,"그로우뉴 아이 유기농칼슘&마그네슘 비타민D,k2,망간",https://www.phytonutri.kr/goods/goods_view.php?goodsNo=1000000297,4.9,4844,0,0,"{'1': ['만족도', '효과', '편의성']}",[],[]
96222,116,5,smart_store,스마트스토어,항상 잘 먹이고 있습니다 감사합니다,2026-05-01T12:31:14+09:00,2026-05-01,네이버 스마트스토어 구****,5,True,1,1,https://assets6.cre.ma/p/phytonutri-kr/reviews/00/00/09/62/22/image1/ce75b17200e44acd.webp,1000000281,지니어스뉴 드롭스&톡캡스,https://www.phytonutri.kr/goods/goods_view.php?goodsNo=1000000281,4.9,14386,0,0,{'1': ['만족도']},[],[]
96223,116,5,smart_store,스마트스토어,이유식막고 변비 왔었는데 이거먹고 황금응가 하네요!,2026-05-01T12:10:43+09:00,2026-05-01,네이버 스마트스토어 구****,5,False,0,0,,1000000298,지니어스뉴 + 그로우뉴 세트,https://www.phytonutri.kr/goods/goods_view.php?goodsNo=1000000298,4.9,1413,0,0,"{'1': ['만족도', '효과']}",[],[]
96224,116,5,smart_store,스마트스토어,우리아기 잘먹어요♤,2026-05-01T11:47:31+09:00,2026-05-01,네이버 스마트스토어 구****,5,False,0,0,,1000000281,지니어스뉴 드롭스&톡캡스,https://www.phytonutri.kr/goods/goods_view.php?goodsNo=1000000281,4.9,14386,0,0,{'1': ['만족도']},[],[]
96225,116,5,smart_store,스마트스토어,너무 잘 먹고있습니다~,2026-05-01T11:33:59+09:00,2026-05-01,네이버 스마트스토어 구****,5,False,0,0,,1000000281,지니어스뉴 드롭스&톡캡스,https://www.phytonutri.kr/goods/goods_view.php?goodsNo=1000000281,4.9,14386,0,0,{'2': ['만족도']},[],[]
96124,116,5,smart_store,스마트스토어,"아기가 요즘 키가 좀 컸어요ㅎㅎ그로우뉴가 
성분이 좋아 효○가 있는건 아닐까 생각중이에요  당분간 계속먹일 계획이에요",2026-05-01T11:09:52+09:00,2026-05-01,네이버 스마트스토어 구****,5,True,1,1,https://assets6.cre.ma/p/phytonutri-kr/reviews/00/00/09/61/24/image1/a33ecf08bce4cbf4.webp,1000000297,"그로우뉴 아이 유기농칼슘&마그네슘 비타민D,k2,망간",https://www.phytonutri.kr/goods/goods_view.php?goodsNo=1000000297,4.9,4844,0,0,"{'1': ['만족도', '성분']}",[],[]
96125,116,5,smart_store,스마트스토어,"초딩3학년 
아이셔 젤리보다 안시데요
레몬젤리먹는 것같다네요
시다는 리뷰가많아 안먹으면 어쩌나했는데
본인이 찾아먹네요
알약은 부담스러워서 먹는게 오래걸리는데 액상으로 만나다니 쵝오입니다
재구매의사100%

좋은제품감사합니다",2026-05-01T11:09:17+09:00,2026-05-01,네이버 스마트스토어 구****,5,True,1,1,https://assets6.cre.ma/p/phytonutri-kr/reviews/00/00/09/61/25/image1/61bdf1528281b600.webp,1000000379,지니어스뉴 키즈 국내 유일 스퀴즈 짜먹는 어린이 오메가3 DHA ALA 콜린 올로메가,https://www.phytonutri.kr/goods/goods_view.php?goodsNo=1000000379,4.6,127,0,0,"{'2': ['만족도'], '0': ['맛']}",[],[]
96126,116,5,smart_store,스마트스토어,"아기가 잘먹습니다
밥이랑 같이 먹여주면 잘먹어요",2026-05-01T11:03:10+09:00,2026-05-01,네이버 스마트스토어 구****,5,True,1,1,https://assets6.cre.ma/p/phytonutri-kr/reviews/00/00/09/61/26/image1/6b835dbe0b37b7b7.webp,1000000281,지니어스뉴 드롭스&톡캡스,https://www.phytonutri.kr/goods/goods_view.php?goodsNo=1000000281,4.9,14386,0,0,{'1': ['만족도']},[],[]
96127,116,5,smart_store,스마트스토어,잘받았어요~~~~~~~~~~~~~~~~~~~~,2026-05-01T10:54:52+09:00,2026-05-01,네이버 스마트스토어 구****,5,False,0,0,,1000000281,지니어스뉴 드롭스&톡캡스,https://www.phytonutri.kr/goods/goods_view.php?goodsNo=1000000281,4.9,14386,0,0,{'0': ['만족도']},[],[]
96176,116,5,,자사몰(고도몰),"이제 곧 돌 인 아기 영양제 고르려구 여러군데 알아보는와중 지니어스뉴가 눈에 확 들어왓습니다 성분도그렇고 맛도 그렇고 아이가 잘 먹는다하여 구매해봣는데 이유식에 섞어먹이는데 진짜 거부감 없이 잘먹네요
근데 가격대가 조금 잇어서.. 그래도 저는 이것 계속먹일거가드아요ㅎ",2026-05-01T10:29:01+09:00,2026-05-01,zxcv******,5,False,0,0,,1000000298,지니어스뉴 + 그로우뉴 세트,https://www.phytonutri.kr/goods/goods_view.php?goodsNo=1000000298,4.9,1413,0,0,"{'1': ['만족도', '맛', '성분'], '-1': ['가격']}",[],[]
96128,116,5,smart_store,스마트스토어,먹이기  편해서  좋네요  감사합니다.,2026-05-01T10:23:53+09:00,2026-05-01,네이버 스마트스토어 구****,5,False,0,0,,1000000281,지니어스뉴 드롭스&톡캡스,https://www.phytonutri.kr/goods/goods_view.php?goodsNo=1000000281,4.9,14386,0,0,"{'1': ['만족도', '편의성']}",[],[]
96129,116,5,smart_store,스마트스토어,항상 먹이는 비타민 d,2026-05-01T10:20:23+09:00,2026-05-01,네이버 스마트스토어 구****,5,True,1,1,https://assets6.cre.ma/p/phytonutri-kr/reviews/00/00/09/61/29/image1/68b61df914ed3ba8.webp,1000000325,투데이디3 for baby,https://www.phytonutri.kr/goods/goods_view.php?goodsNo=1000000325,4.9,3634,0,0,{'0': ['만족도']},[],[]
96130,116,5,smart_store,스마트스토어,항상 챙겨먹이는 비타민입니다,2026-05-01T10:17:19+09:00,2026-05-01,네이버 스마트스토어 구****,5,True,1,1,https://assets6.cre.ma/p/phytonutri-kr/reviews/00/00/09/61/30/image1/4ce3a0673c147d1f.webp,1000000325,투데이디3 for baby,https://www.phytonutri.kr/goods/goods_view.php?goodsNo=1000000325,4.9,3634,0,0,{'1': ['만족도']},[],[]
96131,117,5,smart_store,스마트스토어,쭈욱 거부없에 잘먹구있습니다 좋아요,2026-05-01T10:12:04+09:00,2026-05-01,네이버 스마트스토어 구****,5,True,1,1,https://assets6.cre.ma/p/phytonutri-kr/reviews/00/00/09/61/31/image1/3642145120892648.webp,1000000298,지니어스뉴 + 그로우뉴 세트,https://www.phytonutri.kr/goods/goods_view.php?goodsNo=1000000298,4.9,1413,0,0,{'1': ['만족도']},[],[]
96132,117,5,smart_store,스마트스토어,너무좋아요 아이가 쭈욱 잘먹구있습니더,2026-05-01T10:10:31+09:00,2026-05-01,네이버 스마트스토어 구****,5,True,1,1,https://assets6.cre.ma/p/phytonutri-kr/reviews/00/00/09/61/32/image1/33af74b371501e74.webp,1000000298,지니어스뉴 + 그로우뉴 세트,https://www.phytonutri.kr/goods/goods_view.php?goodsNo=1000000298,4.9,1413,0,0,{'2': ['만족도']},[],[]
96133,117,5,smart_store,스마트스토어,15개월아기 잘먹고 잘컸으면 좋겠어요,2026-05-01T10:08:18+09:00,2026-05-01,네이버 스마트스토어 구****,5,True,1,1,https://assets6.cre.ma/p/phytonutri-kr/reviews/00/00/09/61/33/image1/012c674408fb8ad0.webp,1000000297,"그로우뉴 아이 유기농칼슘&마그네슘 비타민D,k2,망간",https://www.phytonutri.kr/goods/goods_view.php?goodsNo=1000000297,4.9,4844,0,0,{'0': ['만족도']},[],[]
96134,117,4,smart_store,스마트스토어,빠른배송 좋은제품 좋아요좋아요,2026-05-01T09:45:32+09:00,2026-05-01,네이버 스마트스토어 구****,5,True,1,1,https://assets6.cre.ma/p/phytonutri-kr/reviews/00/00/09/61/34/image1/f51a760017c23dae.webp,1000000281,지니어스뉴 드롭스&톡캡스,https://www.phytonutri.kr/goods/goods_view.php?goodsNo=1000000281,4.9,14386,0,0,"{'1': ['만족도', '배송']}",[],[]
96135,117,5,smart_store,스마트스토어,먹이기편리하고 좋아료 !!!!,2026-05-01T09:21:56+09:00,2026-05-01,네이버 스마트스토어 구****,5,True,1,1,https://assets6.cre.ma/p/phytonutri-kr/reviews/00/00/09/61/35/image1/41385450b9238bea.webp,1000000325,투데이디3 for baby,https://www.phytonutri.kr/goods/goods_view.php?goodsNo=1000000325,4.9,3634,0,0,"{'1': ['만족도', '편의성']}",[],[]
96177,117,5,,자사몰(고도몰),"좋아요 포장도 맛도 꾸준히
먹어볼게여",2026-05-01T08:32:02+09:00,2026-05-01,powe******,5,False,0,0,,1000000398,KD 파마 듀얼 초임계 rTG 오메가3,https://www.phytonutri.kr/goods/goods_view.php?goodsNo=1000000398,4.9,121,0,0,"{'1': ['만족도', '포장', '맛']}",[],[]
96136,117,5,smart_store,스마트스토어,아이가 잘 먹고 있어요,2026-05-01T08:28:16+09:00,2026-05-01,네이버 스마트스토어 구****,5,False,0,0,,1000000297,"그로우뉴 아이 유기농칼슘&마그네슘 비타민D,k2,망간",https://www.phytonutri.kr/goods/goods_view.php?goodsNo=1000000297,4.9,4844,0,0,{'1': ['만족도']},[],[]
96137,117,5,smart_store,스마트스토어,"아기먹이려고 샀어요
14개월아기 돌부터 먹고있고, 오일형태라
급여가 너무 편해용
작은 떡뻥에 짜서 줍니다 ! 
여행할때 챙겨가기도 너무 편해요 !",2026-05-01T07:52:16+09:00,2026-05-01,네이버 스마트스토어 구****,5,True,1,1,https://assets6.cre.ma/p/phytonutri-kr/reviews/00/00/09/61/37/image1/2711b36ea449606a.webp,1000000325,투데이디3 for baby,https://www.phytonutri.kr/goods/goods_view.php?goodsNo=1000000325,4.9,3634,0,0,"{'1': ['만족도'], '2': ['편의성']}",[],[]
96138,117,5,smart_store,스마트스토어,이가먹이고나서 애기가 잠 잘자요,2026-05-01T07:04:46+09:00,2026-05-01,네이버 스마트스토어 구****,5,True,1,1,https://assets6.cre.ma/p/phytonutri-kr/reviews/00/00/09/61/38/image1/5e0b3fd278384f24.webp,1000000281,지니어스뉴 드롭스&톡캡스,https://www.phytonutri.kr/goods/goods_view.php?goodsNo=1000000281,4.9,14386,0,0,"{'1': ['만족도', '효과']}",[],[]
96139,117,5,smart_store,스마트스토어,아기가 잘먹고 재재재주문해서 사용중이에요~,2026-05-01T06:08:30+09:00,2026-05-01,네이버 스마트스토어 구****,5,True,1,1,https://assets6.cre.ma/p/phytonutri-kr/reviews/00/00/09/61/39/image1/ed26cb924711f12a.webp,1000000281,지니어스뉴 드롭스&톡캡스,https://www.phytonutri.kr/goods/goods_view.php?goodsNo=1000000281,4.9,14386,0,0,{'2': ['만족도']},[],[]
96140,117,5,smart_store,스마트스토어,먹이기 편하고 잘먹어요~~,2026-05-01T06:06:51+09:00,2026-05-01,네이버 스마트스토어 구****,5,True,1,1,https://assets6.cre.ma/p/phytonutri-kr/reviews/00/00/09/61/40/image1/4df0d2f79342b7c0.webp,1000000281,지니어스뉴 드롭스&톡캡스,https://www.phytonutri.kr/goods/goods_view.php?goodsNo=1000000281,4.9,14386,0,0,"{'1': ['만족도', '편의성']}",[],[]
96141,117,5,smart_store,스마트스토어,쌍둥이라 금방금방 먹어서 한번 주문할 때 대량구매합니다ㅎㅎ 맛도 고소하고 이걸 먹어서인지 애들이 똘똘한 편인거 같아요 ㅎㅎ,2026-05-01T03:07:02+09:00,2026-05-01,네이버 스마트스토어 구****,5,True,1,1,https://assets6.cre.ma/p/phytonutri-kr/reviews/00/00/09/61/41/image1/5e8019293eadecbe.webp,1000000281,지니어스뉴 드롭스&톡캡스,https://www.phytonutri.kr/goods/goods_view.php?goodsNo=1000000281,4.9,14386,0,0,"{'1': ['만족도', '맛']}",[],[]
96142,117,5,smart_store,스마트스토어,아침마다 아기 챙겨주는데 넘 좋아요 생선 잘 못먹는데 이게 있어 다행이네요,2026-05-01T00:59:20+09:00,2026-05-01,네이버 스마트스토어 구****,5,True,1,1,https://assets6.cre.ma/p/phytonutri-kr/reviews/00/00/09/61/42/image1/69a421511d743989.webp,1000000281,지니어스뉴 드롭스&톡캡스,https://www.phytonutri.kr/goods/goods_view.php?goodsNo=1000000281,4.9,14386,0,0,{'2': ['만족도']},[],[]
96143,117,5,smart_store,스마트스토어,입에 쭉 짜주거나 분유에 짜서 넣어주기만 하면 끝이니 편하게 잘 먹이고 있습니다 :),2026-05-01T00:51:03+09:00,2026-05-01,네이버 스마트스토어 구****,5,True,1,1,https://assets6.cre.ma/p/phytonutri-kr/reviews/00/00/09/61/43/image1/6b86db201ab761e1.webp,1000000325,투데이디3 for baby,https://www.phytonutri.kr/goods/goods_view.php?goodsNo=1000000325,4.9,3634,0,0,"{'1': ['만족도', '편의성']}",[],[]
96144,117,5,smart_store,스마트스토어,너무~~좋아요~~~,2026-05-01T00:42:45+09:00,2026-05-01,네이버 스마트스토어 구****,5,True,1,1,https://assets6.cre.ma/p/phytonutri-kr/reviews/00/00/09/61/44/image1/d83429f4917375e6.webp,1000000281,지니어스뉴 드롭스&톡캡스,https://www.phytonutri.kr/goods/goods_view.php?goodsNo=1000000281,4.9,14386,0,0,{'2': ['만족도']},[],[]
96145,117,5,smart_store,스마트스토어,너무~~좋아요~~~,2026-05-01T00:42:06+09:00,2026-05-01,네이버 스마트스토어 구****,5,True,1,1,https://assets6.cre.ma/p/phytonutri-kr/reviews/00/00/09/61/45/image1/00e6f7c0eded7740.webp,1000000281,지니어스뉴 드롭스&톡캡스,https://www.phytonutri.kr/goods/goods_view.php?goodsNo=1000000281,4.9,14386,0,0,{'2': ['만족도']},[],[]
96146,117,5,smart_store,스마트스토어,너무~~좋아요~~~,2026-05-01T00:39:42+09:00,2026-05-01,네이버 스마트스토어 구****,5,True,1,1,https://assets6.cre.ma/p/phytonutri-kr/reviews/00/00/09/61/46/image1/6557d318e2069a64.webp,1000000281,지니어스뉴 드롭스&톡캡스,https://www.phytonutri.kr/goods/goods_view.php?goodsNo=1000000281,4.9,14386,0,0,{'2': ['만족도']},[],[]
96147,117,5,smart_store,스마트스토어,아기 첫 영양제로 이걸 선택했는데 밥먹을때 살짝 비벼줘봤는데 잘 먹더라구요. 맛이 괜찮은가봅니다. 계속 먹어보려구요.,2026-04-30T23:33:48+09:00,2026-04-30,네이버 스마트스토어 구****,5,True,1,1,https://assets6.cre.ma/p/phytonutri-kr/reviews/00/00/09/61/47/image1/4e17cdf69c6a0f1a.webp,1000000297,"그로우뉴 아이 유기농칼슘&마그네슘 비타민D,k2,망간",https://www.phytonutri.kr/goods/goods_view.php?goodsNo=1000000297,4.9,4844,0,0,"{'1': ['만족도', '맛']}",[],[]
96148,117,5,smart_store,스마트스토어,잘받았어요 감사해요,2026-04-30T23:32:07+09:00,2026-04-30,네이버 스마트스토어 구****,5,True,1,1,https://assets6.cre.ma/p/phytonutri-kr/reviews/00/00/09/61/48/image1/83bf22333ac770aa.webp,1000000325,투데이디3 for baby,https://www.phytonutri.kr/goods/goods_view.php?goodsNo=1000000325,4.9,3634,0,0,{'0': ['만족도']},[],[]
96149,117,5,smart_store,스마트스토어,아기가 좋아해서 매일 먹어요,2026-04-30T22:30:52+09:00,2026-04-30,네이버 스마트스토어 구****,5,True,1,1,https://assets6.cre.ma/p/phytonutri-kr/reviews/00/00/09/61/49/image1/1ffb7b941e211f59.webp,1000000281,지니어스뉴 드롭스&톡캡스,https://www.phytonutri.kr/goods/goods_view.php?goodsNo=1000000281,4.9,14386,0,0,{'1': ['만족도']},[],[]
96150,118,5,smart_store,스마트스토어,아기 비타민 디 꾸준히ㅜ먹이고 있어요,2026-04-30T22:30:13+09:00,2026-04-30,네이버 스마트스토어 구****,5,True,1,1,https://assets6.cre.ma/p/phytonutri-kr/reviews/00/00/09/61/50/image1/5be12b01a9fe81d8.webp,1000000375,데이프로바 + 투데이디3 세트,https://www.phytonutri.kr/goods/goods_view.php?goodsNo=1000000375,4.9,139,0,0,{'0': ['만족도']},[],[]
96151,118,5,smart_store,스마트스토어,"아기 분유 끊자마자 먹이던거에요 ~~

N번째 구매중 아가도 잘 먹고 

오래 오래 판매해주세요",2026-04-30T20:59:12+09:00,2026-04-30,네이버 스마트스토어 구****,5,False,0,0,,1000000281,지니어스뉴 드롭스&톡캡스,https://www.phytonutri.kr/goods/goods_view.php?goodsNo=1000000281,4.9,14386,0,0,{'2': ['만족도']},[],[]
96152,118,5,smart_store,스마트스토어,"16개월 아기에게 주려고 구매했어요! 
우유에 타서 주고 있는데 잘 먹네요~",2026-04-30T20:49:28+09:00,2026-04-30,네이버 스마트스토어 구****,5,True,1,1,https://assets6.cre.ma/p/phytonutri-kr/reviews/00/00/09/61/52/image1/12114b7bdf46762c.webp,1000000298,지니어스뉴 + 그로우뉴 세트,https://www.phytonutri.kr/goods/goods_view.php?goodsNo=1000000298,4.9,1413,0,0,{'1': ['만족도']},[],[]
96153,118,3,smart_store,스마트스토어,계속먹이던 거라 구매했어요,2026-04-30T19:01:44+09:00,2026-04-30,네이버 스마트스토어 구****,5,True,1,1,https://assets6.cre.ma/p/phytonutri-kr/reviews/00/00/09/61/53/image1/354f373135530564.webp,1000000363,데이프로바 for baby 아기 쌩쌩유산균,https://www.phytonutri.kr/goods/goods_view.php?goodsNo=1000000363,4.9,363,0,0,{'1': ['만족도']},[],[]
96123,118,5,,자사몰(고도몰),패키지가 깔끔해요! 사소한 부분이지만 신경 쓴 느낌입니다ㅎㅎ 꾸준히먹어볼게요,2026-04-30T18:24:14+09:00,2026-04-30,최****,10,False,0,0,,1000000398,KD 파마 듀얼 초임계 rTG 오메가3,https://www.phytonutri.kr/goods/goods_view.php?goodsNo=1000000398,4.9,121,0,0,"{'1': ['만족도', '포장']}",[],"[{'name': '성별', 'value': '여성'}, {'name': '연령대', 'value': '20대'}]"
96122,118,5,,자사몰(고도몰),꾸준히 먹을 생각으로 구매했는데 별다른 거부감 없이 잘 넘어가서 만족합니다.,2026-04-30T18:23:45+09:00,2026-04-30,김****,10,False,0,0,,1000000398,KD 파마 듀얼 초임계 rTG 오메가3,https://www.phytonutri.kr/goods/goods_view.php?goodsNo=1000000398,4.9,121,0,0,"{'1': ['만족도', '식감']}",[],"[{'name': '성별', 'value': '남성'}, {'name': '연령대', 'value': '30대'}]"
96121,118,5,,자사몰(고도몰),영양제 여러 개 먹기 싫어서 하나로 관리하려고 선택했는데 하루1번1알만 먹음돼서 편해요 알도 그렇게 크지않아요,2026-04-30T18:23:28+09:00,2026-04-30,조****,10,False,0,0,,1000000398,KD 파마 듀얼 초임계 rTG 오메가3,https://www.phytonutri.kr/goods/goods_view.php?goodsNo=1000000398,4.9,121,0,0,"{'1': ['만족도', '편의성'], '0': ['크기']}",[],"[{'name': '성별', 'value': '여성'}, {'name': '연령대', 'value': '40대'}]"
96120,118,5,,자사몰(고도몰),기름 성분이라 그런지 꺼려졌는데 이건 생각보다 가볍게 먹히는 느낌이라 계속 먹고 있습니다,2026-04-30T18:22:52+09:00,2026-04-30,이****,10,False,0,0,,1000000398,KD 파마 듀얼 초임계 rTG 오메가3,https://www.phytonutri.kr/goods/goods_view.php?goodsNo=1000000398,4.9,121,0,0,"{'1': ['만족도'], '0': ['성분']}",[],"[{'name': '연령대', 'value': '40대'}]"
96119,118,5,,자사몰(고도몰),"기존에 먹던 건 냉장 보관해야 해서 번거로웠어요, 여기오메가3는 산패걱정이 덜하다고 하여 구매해봅니다",2026-04-30T18:22:31+09:00,2026-04-30,윤****,10,False,0,0,,1000000398,KD 파마 듀얼 초임계 rTG 오메가3,https://www.phytonutri.kr/goods/goods_view.php?goodsNo=1000000398,4.9,121,0,0,{'0': ['만족도']},[],"[{'name': '연령대', 'value': '40대'}]"
96118,118,5,,자사몰(고도몰),여러 제품 비교하다가 공정 방식이 다르다고 해서 선택했는데 이런 부분까지 신경 쓴 제품은 처음이라 괜찮네요,2026-04-30T18:22:11+09:00,2026-04-30,민****,10,False,0,0,,1000000398,KD 파마 듀얼 초임계 rTG 오메가3,https://www.phytonutri.kr/goods/goods_view.php?goodsNo=1000000398,4.9,121,0,0,"{'1': ['만족도', '품질']}",[],"[{'name': '성별', 'value': '남성'}, {'name': '연령대', 'value': '30대'}]"
96117,118,5,,자사몰(고도몰),캡슐 표면이 매끄러워서 삼키기 편한 게 의외로 큰 장점이네요ㅎㅎ목넘김좋아요 ㅎㅎ,2026-04-30T18:21:42+09:00,2026-04-30,박****,10,False,0,0,,1000000398,KD 파마 듀얼 초임계 rTG 오메가3,https://www.phytonutri.kr/goods/goods_view.php?goodsNo=1000000398,4.9,121,0,0,"{'1': ['만족도', '품질', '크기']}",[],"[{'name': '성별', 'value': '여성'}]"
96116,118,5,,자사몰(고도몰),오메가3 특유의 무거운 느낌이 없어서 좋았어요. 먹고 나서도 부담이 덜합니다.,2026-04-30T18:21:02+09:00,2026-04-30,최****,10,False,0,0,,1000000398,KD 파마 듀얼 초임계 rTG 오메가3,https://www.phytonutri.kr/goods/goods_view.php?goodsNo=1000000398,4.9,121,0,0,"{'1': ['만족도', '식감']}",[],"[{'name': '성별', 'value': '여성'}, {'name': '연령대', 'value': '30대'}]"
96115,118,5,,자사몰(고도몰),회사에서 하루 종일 앉아 있다 보니 관리 좀 해보려고 챙기기 시작했어요. 캡슐이 미끄럽게 넘어가서 먹기 편해요,2026-04-30T18:20:41+09:00,2026-04-30,최****,10,False,0,0,,1000000398,KD 파마 듀얼 초임계 rTG 오메가3,https://www.phytonutri.kr/goods/goods_view.php?goodsNo=1000000398,4.9,121,0,0,"{'1': ['만족도', '편의성']}",[],"[{'name': '성별', 'value': '남성'}, {'name': '연령대', 'value': '40대'}]"
96114,118,5,,자사몰(고도몰),"좋은 가격에 괜찮은 제품인거같아 먹어보려고요,효○좋으면다시리뷰쓰러 오겠습니다,",2026-04-30T18:20:11+09:00,2026-04-30,윤****,10,False,0,0,,1000000398,KD 파마 듀얼 초임계 rTG 오메가3,https://www.phytonutri.kr/goods/goods_view.php?goodsNo=1000000398,4.9,121,0,0,"{'1': ['만족도', '가격']}",[],"[{'name': '성별', 'value': '남성'}]"
96154,118,5,smart_store,스마트스토어,"아이가 거부감없이 먹을수있고
우선 편리해서 좋아요
재구매 해서 먹이려구요",2026-04-30T18:02:08+09:00,2026-04-30,네이버 스마트스토어 구****,5,True,1,1,https://assets6.cre.ma/p/phytonutri-kr/reviews/00/00/09/61/54/image1/58a2aa3a178e8a87.webp,1000000281,지니어스뉴 드롭스&톡캡스,https://www.phytonutri.kr/goods/goods_view.php?goodsNo=1000000281,4.9,14386,0,0,"{'1': ['만족도', '편의성']}",[],[]
96155,118,5,smart_store,스마트스토어,칼슘 먹이려고 샀어요~~ 좋은 가격에 잘 구매했어요!,2026-04-30T18:01:03+09:00,2026-04-30,네이버 스마트스토어 구****,5,True,1,1,https://assets6.cre.ma/p/phytonutri-kr/reviews/00/00/09/61/55/image1/f7c752c87825ee2d.webp,1000000297,"그로우뉴 아이 유기농칼슘&마그네슘 비타민D,k2,망간",https://www.phytonutri.kr/goods/goods_view.php?goodsNo=1000000297,4.9,4844,0,0,"{'1': ['만족도', '가격']}",[],[]
96156,118,5,smart_store,스마트스토어,"효○는 잘 모르겠지만 좋다해서 먹이구 있어요 
그래도 아기가 잘먹어서 다행입니다 
비린맛은 크게 없는거 같아요",2026-04-30T17:47:57+09:00,2026-04-30,네이버 스마트스토어 구****,5,True,1,1,https://assets6.cre.ma/p/phytonutri-kr/reviews/00/00/09/61/56/image1/9a1a7d879aca91cb.webp,1000000281,지니어스뉴 드롭스&톡캡스,https://www.phytonutri.kr/goods/goods_view.php?goodsNo=1000000281,4.9,14386,0,0,"{'1': ['만족도'], '0': ['맛', '효과']}",[],[]
96157,118,5,smart_store,스마트스토어,1회씩 먹을 수 있게 되어잇어서 구매해봤습니다! 편리해요~,2026-04-30T17:15:38+09:00,2026-04-30,네이버 스마트스토어 구****,5,True,1,1,https://assets6.cre.ma/p/phytonutri-kr/reviews/00/00/09/61/57/image1/ecfef7debc09f9c0.webp,1000000325,투데이디3 for baby,https://www.phytonutri.kr/goods/goods_view.php?goodsNo=1000000325,4.9,3634,0,0,"{'1': ['만족도', '편의성']}",[],[]
96158,118,5,smart_store,스마트스토어,아이가 잘먹어서 한달분 다먹고 재구매해서 먹이고있는데 비타민디 챙기기에는 이만한게 없네요. 다 먹으면 또 구매하겠습니다,2026-04-30T17:12:20+09:00,2026-04-30,네이버 스마트스토어 구****,5,True,1,1,https://assets6.cre.ma/p/phytonutri-kr/reviews/00/00/09/61/58/image1/d7b9979ea4dfebd9.webp,1000000325,투데이디3 for baby,https://www.phytonutri.kr/goods/goods_view.php?goodsNo=1000000325,4.9,3634,0,0,"{'2': ['만족도'], '1': ['성분']}",[],[]
96159,118,5,smart_store,스마트스토어,아기가 유아식 시작하면서 건강을 위해 주문했는데 잘먹고 있어요 ㅎㅎㅎ유아식이나 우유에 섞어서 주고있습니다,2026-04-30T15:56:17+09:00,2026-04-30,네이버 스마트스토어 구****,5,True,1,1,https://assets6.cre.ma/p/phytonutri-kr/reviews/00/00/09/61/59/image1/6a8cc1964432baf9.webp,1000000297,"그로우뉴 아이 유기농칼슘&마그네슘 비타민D,k2,망간",https://www.phytonutri.kr/goods/goods_view.php?goodsNo=1000000297,4.9,4844,0,0,{'1': ['만족도']},[],[]
96160,119,5,smart_store,스마트스토어,"돌지나고 우유를 너무 안먹어서 지난달에 한달 처음으로 먹였네요
매일 아침 요거트에 타주는데 거부감 없이 잘 먹고있어요 키가 자라길 기대하며 두달치 재주문합니다",2026-04-30T14:10:34+09:00,2026-04-30,네이버 스마트스토어 구****,5,True,1,1,https://assets6.cre.ma/p/phytonutri-kr/reviews/00/00/09/61/60/image1/b28a2c819d54ba2d.webp,1000000297,"그로우뉴 아이 유기농칼슘&마그네슘 비타민D,k2,망간",https://www.phytonutri.kr/goods/goods_view.php?goodsNo=1000000297,4.9,4844,0,0,{'2': ['만족도']},[],[]
96161,119,5,smart_store,스마트스토어,먹기 편리해요 좋아요,2026-04-30T14:08:46+09:00,2026-04-30,네이버 스마트스토어 구****,5,True,1,1,https://assets6.cre.ma/p/phytonutri-kr/reviews/00/00/09/61/61/image1/4fd6e9d0047ce675.webp,1000000343,리버티엑스,https://www.phytonutri.kr/goods/goods_view.php?goodsNo=1000000343,4.7,268,0,0,"{'1': ['만족도', '편의성']}",[],[]
96162,119,5,smart_store,스마트스토어,아기가 거부감없이 잘먹고 앞으로도계속 먹일것갇아요 좋아요,2026-04-30T13:53:54+09:00,2026-04-30,네이버 스마트스토어 구****,5,True,1,1,https://assets6.cre.ma/p/phytonutri-kr/reviews/00/00/09/61/62/image1/8e8f323168f77404.webp,1000000281,지니어스뉴 드롭스&톡캡스,https://www.phytonutri.kr/goods/goods_view.php?goodsNo=1000000281,4.9,14386,0,0,"{'1': ['만족도', '맛']}",[],[]
96163,119,5,smart_store,스마트스토어,아기한테 필수인 영양제구요 22개월 아기가 밥먹을때 뿌려주면 잘먹어요 너무 좋아요,2026-04-30T13:50:01+09:00,2026-04-30,네이버 스마트스토어 구****,5,True,1,1,https://assets6.cre.ma/p/phytonutri-kr/reviews/00/00/09/61/63/image1/7d6713dee7b053f8.webp,1000000281,지니어스뉴 드롭스&톡캡스,https://www.phytonutri.kr/goods/goods_view.php?goodsNo=1000000281,4.9,14386,0,0,"{'2': ['만족도'], '1': ['성분']}",[],[]
96164,119,4,smart_store,스마트스토어,좋대서 먹이는데 비싸고 냄새,2026-04-30T13:34:54+09:00,2026-04-30,네이버 스마트스토어 구****,5,True,1,1,https://assets6.cre.ma/p/phytonutri-kr/reviews/00/00/09/61/64/image1/89e955352d3729b5.webp,1000000281,지니어스뉴 드롭스&톡캡스,https://www.phytonutri.kr/goods/goods_view.php?goodsNo=1000000281,4.9,14386,0,0,"{'-1': ['만족도', '가격', '냄새']}",[],[]
96165,119,5,smart_store,스마트스토어,늘 먹고있는 제품이고 아이가.거부감없이 좋아하면서 먹어서 꾸준히 먹일거ㆍ예요^^,2026-04-30T13:23:42+09:00,2026-04-30,네이버 스마트스토어 구****,5,True,1,1,https://assets6.cre.ma/p/phytonutri-kr/reviews/00/00/09/61/65/image1/25cb2c550a518003.webp,1000000281,지니어스뉴 드롭스&톡캡스,https://www.phytonutri.kr/goods/goods_view.php?goodsNo=1000000281,4.9,14386,0,0,{'1': ['만족도']},[],[]
96166,119,5,smart_store,스마트스토어,매번먹이고 있어요 좋습니다,2026-04-30T13:07:14+09:00,2026-04-30,네이버 스마트스토어 구****,5,False,0,0,,1000000281,지니어스뉴 드롭스&톡캡스,https://www.phytonutri.kr/goods/goods_view.php?goodsNo=1000000281,4.9,14386,0,0,{'1': ['만족도']},[],[]
96167,119,5,smart_store,스마트스토어,"애기들한테 거부감없이 잘 줄수있고 비타민처럼 편하게 줄수있어서 너무 좋아요 !!
무엇보다 애기들이 거부감이 상당할텐데 거부를 안하고 오히려 찾아요 더달라고ㅠㅠ 외출할때도 들고다니기 편하고 좋아요!!",2026-04-30T12:50:44+09:00,2026-04-30,네이버 스마트스토어 구****,5,True,1,1,https://assets6.cre.ma/p/phytonutri-kr/reviews/00/00/09/61/67/image1/c93ed3c26f0ad24c.webp,1000000325,투데이디3 for baby,https://www.phytonutri.kr/goods/goods_view.php?goodsNo=1000000325,4.9,3634,0,0,"{'2': ['만족도'], '1': ['편의성']}",[],[]
96168,119,5,smart_store,스마트스토어,알고 난 뒤로 쭉 먹이고 있어요,2026-04-30T12:42:33+09:00,2026-04-30,네이버 스마트스토어 구****,5,True,1,1,https://assets6.cre.ma/p/phytonutri-kr/reviews/00/00/09/61/68/image1/747111e184c1524c.webp,1000000297,"그로우뉴 아이 유기농칼슘&마그네슘 비타민D,k2,망간",https://www.phytonutri.kr/goods/goods_view.php?goodsNo=1000000297,4.9,4844,0,0,{'1': ['만족도']},[],[]
96169,119,4,smart_store,스마트스토어,비싸지만 제 입에 비려도 아기입에는 맞아서 항상구매요,2026-04-30T12:03:51+09:00,2026-04-30,네이버 스마트스토어 구****,5,True,1,1,https://assets6.cre.ma/p/phytonutri-kr/reviews/00/00/09/61/69/image1/50b7d3ed310e5bc4.webp,1000000281,지니어스뉴 드롭스&톡캡스,https://www.phytonutri.kr/goods/goods_view.php?goodsNo=1000000281,4.9,14386,0,0,"{'1': ['만족도'], '-1': ['가격'], '0': ['맛']}",[],[]
96170,119,4,smart_store,스마트스토어,생각보다 잘 안녹고 너무 기름져요 ㅠ 젖병 닦기가 어려운.. 그냥 방울방울 떨어트리는게 신생아때는 편한 것 같아요,2026-04-30T12:02:43+09:00,2026-04-30,네이버 스마트스토어 구****,5,False,0,0,,1000000325,투데이디3 for baby,https://www.phytonutri.kr/goods/goods_view.php?goodsNo=1000000325,4.9,3634,0,0,"{'-1': ['만족도', '품질'], '1': ['편의성']}",[],[]
96171,119,5,smart_store,스마트스토어,우유에 타먹으니까 쉽게 먹을수있어요,2026-04-30T12:00:36+09:00,2026-04-30,네이버 스마트스토어 구****,5,True,1,1,https://assets6.cre.ma/p/phytonutri-kr/reviews/00/00/09/61/71/image1/37918b1597d8361c.webp,1000000297,"그로우뉴 아이 유기농칼슘&마그네슘 비타민D,k2,망간",https://www.phytonutri.kr/goods/goods_view.php?goodsNo=1000000297,4.9,4844,0,0,"{'1': ['만족도', '편의성']}",[],[]
96172,119,4,smart_store,스마트스토어,소분되어있어서 너무 편하긴한데 향이 너무 쎈가봐요 그냥은 못먹더라구요 빵이나 우유에 넣어서 먹여야해요,2026-04-30T11:59:26+09:00,2026-04-30,네이버 스마트스토어 구****,5,True,1,1,https://assets6.cre.ma/p/phytonutri-kr/reviews/00/00/09/61/72/image1/954f927451df624c.webp,1000000325,투데이디3 for baby,https://www.phytonutri.kr/goods/goods_view.php?goodsNo=1000000325,4.9,3634,0,0,"{'0': ['만족도'], '1': ['포장', '편의성'], '-1': ['냄새']}",[],[]
96173,119,5,smart_store,스마트스토어,재구매 입니다. 배송도 빠르고 좋아요,2026-04-30T11:23:13+09:00,2026-04-30,네이버 스마트스토어 구****,5,True,1,1,https://assets6.cre.ma/p/phytonutri-kr/reviews/00/00/09/61/73/image1/e4a8fb31bee1a3cf.webp,1000000297,"그로우뉴 아이 유기농칼슘&마그네슘 비타민D,k2,망간",https://www.phytonutri.kr/goods/goods_view.php?goodsNo=1000000297,4.9,4844,0,0,"{'2': ['만족도'], '1': ['배송']}",[],[]
96174,119,5,smart_store,스마트스토어,아기가 잘먹어서 계속 구매중입니다. 좋은성분으로 계속 잘만들어주세요~,2026-04-30T11:20:35+09:00,2026-04-30,네이버 스마트스토어 구****,5,True,1,1,https://assets6.cre.ma/p/phytonutri-kr/reviews/00/00/09/61/74/image1/49a37f0325e6b4f8.webp,1000000325,투데이디3 for baby,https://www.phytonutri.kr/goods/goods_view.php?goodsNo=1000000325,4.9,3634,0,0,"{'1': ['만족도', '성분']}",[],[]
96064,119,5,smart_store,스마트스토어,만족합니다~~~~~~,2026-04-30T10:49:24+09:00,2026-04-30,네이버 스마트스토어 구****,5,False,0,0,,1000000281,지니어스뉴 드롭스&톡캡스,https://www.phytonutri.kr/goods/goods_view.php?goodsNo=1000000281,4.9,14386,0,0,{'1': ['만족도']},[],[]
96065,119,5,smart_store,스마트스토어,편리하고 좋아요. 먹이기 쉽고 아기도 잘먹어요.,2026-04-30T10:29:22+09:00,2026-04-30,네이버 스마트스토어 구****,5,True,1,1,https://assets6.cre.ma/p/phytonutri-kr/reviews/00/00/09/60/65/image1/43ac00af28753ff3.webp,1000000325,투데이디3 for baby,https://www.phytonutri.kr/goods/goods_view.php?goodsNo=1000000325,4.9,3634,0,0,"{'1': ['만족도', '편의성']}",[],[]
96066,119,5,smart_store,스마트스토어,먹기편리해서 좋고 하나하나 꺼내서 먹이기좋음. 재구매의사있음.,2026-04-30T10:28:27+09:00,2026-04-30,네이버 스마트스토어 구****,5,True,1,1,https://assets6.cre.ma/p/phytonutri-kr/reviews/00/00/09/60/66/image1/2a4a1f26e93b708b.webp,1000000281,지니어스뉴 드롭스&톡캡스,https://www.phytonutri.kr/goods/goods_view.php?goodsNo=1000000281,4.9,14386,0,0,"{'1': ['만족도', '편의성']}",[],[]
96067,119,5,smart_store,스마트스토어,배송도 빠르고 아주 좋아요~~,2026-04-30T10:27:29+09:00,2026-04-30,네이버 스마트스토어 구****,5,True,1,1,https://assets6.cre.ma/p/phytonutri-kr/reviews/00/00/09/60/67/image1/51819f157d6b6765.webp,1000000325,투데이디3 for baby,https://www.phytonutri.kr/goods/goods_view.php?goodsNo=1000000325,4.9,3634,0,0,"{'2': ['만족도'], '1': ['배송']}",[],[]
96068,119,5,smart_store,스마트스토어,이유식 먹으면서 기존 유산균 먹어도 아기가 변보기 힘들어해서 유산균 여기저기 찾아보면서 이번기회에 바꾸개됐어요!,2026-04-30T09:46:55+09:00,2026-04-30,네이버 스마트스토어 구****,5,True,1,1,https://assets6.cre.ma/p/phytonutri-kr/reviews/00/00/09/60/68/image1/49a9bed7ecebf6bf.webp,1000000375,데이프로바 + 투데이디3 세트,https://www.phytonutri.kr/goods/goods_view.php?goodsNo=1000000375,4.9,139,0,0,{'0': ['만족도']},[],[]
96069,120,4,smart_store,스마트스토어,"15개월 아기라 그냥이나 물에 타주면 안먹어서 밥에  섞어주고 있어요ㅠㅠ
근데 간혹 밥에 타면 맛이 이상한지 잘먹던 것도 안먹을때가 있어요
성분이 좋다니 믿고 먹여봅니다",2026-04-30T09:10:47+09:00,2026-04-30,네이버 스마트스토어 구****,5,True,1,1,https://assets6.cre.ma/p/phytonutri-kr/reviews/00/00/09/60/69/image1/bdd611ed62adf3c9.webp,1000000297,"그로우뉴 아이 유기농칼슘&마그네슘 비타민D,k2,망간",https://www.phytonutri.kr/goods/goods_view.php?goodsNo=1000000297,4.9,4844,0,0,"{'0': ['만족도'], '-1': ['맛'], '1': ['성분']}",[],[]
96062,120,5,,자사몰(고도몰),"kd파마 오메가3를 이 가격에 사는 건 있을수 없는 일이라

1년치 챙겨봅니다

요즘 오메가 메가도스 중이라 소진이 빨랐거든요

",2026-04-30T08:48:49+09:00,2026-04-30,도****,10,True,1,1,https://assets6.cre.ma/p/phytonutri-kr/reviews/00/00/09/60/62/image1/c5353310b33ced91.webp,1000000401,옥토피아 X 파이토뉴트리 (PHYTONUTRI),https://www.phytonutri.kr/goods/goods_view.php?goodsNo=1000000401,5.0,7,0,0,"{'1': ['만족도', '가격']}","[{'name': '구매옵션(구성)', 'value': '12박스 (12개월분)'}]","[{'name': '성별', 'value': '여성'}, {'name': '연령대', 'value': '40대'}]"
96070,120,5,smart_store,스마트스토어,아기 면역력과 두뇌 건강 위해서 주문해봤어요. 후기가 좋아 기대가 되는데 아기에게 잘 맞으면 좋겠어요.,2026-04-30T08:39:21+09:00,2026-04-30,네이버 스마트스토어 구****,5,True,1,1,https://assets6.cre.ma/p/phytonutri-kr/reviews/00/00/09/60/70/image1/1c8381c56076d451.webp,1000000281,지니어스뉴 드롭스&톡캡스,https://www.phytonutri.kr/goods/goods_view.php?goodsNo=1000000281,4.9,14386,0,0,{'0': ['만족도']},[],[]
96071,120,5,smart_store,스마트스토어,정말 좋은 제품입니다 감사합니다,2026-04-30T06:50:24+09:00,2026-04-30,네이버 스마트스토어 구****,5,False,0,0,,1000000325,투데이디3 for baby,https://www.phytonutri.kr/goods/goods_view.php?goodsNo=1000000325,4.9,3634,0,0,{'2': ['만족도']},[],[]
96061,120,5,,자사몰(고도몰),매일매일 우유 아니면 이유식에 섞여서 열심히 먹이고 있어요,2026-04-30T04:23:26+09:00,2026-04-30,남****,10,True,1,1,https://assets6.cre.ma/p/phytonutri-kr/reviews/00/00/09/60/61/image1/5c2bbd63cdf4a669.webp,1000000297,"그로우뉴 아이 유기농칼슘&마그네슘 비타민D,k2,망간",https://www.phytonutri.kr/goods/goods_view.php?goodsNo=1000000297,4.9,4844,0,0,{'0': ['만족도']},"[{'name': '구매옵션', 'value': '그로우뉴 5+2[총7개월분][증정:데이프로바 3포x2]'}]",[]
96072,120,5,smart_store,스마트스토어,아기먹이려고 샀어요. 오일이라해서 주르륵 흐를줄 알았는데 그건아니고 오일이 굳은 것 같은 느낌이에요. 밤타입이 따로 있어서 오일로 구매했는데 밤제형같네요. 그래도 아기가 잘 먹어서 다행입니다.,2026-04-30T01:53:58+09:00,2026-04-30,네이버 스마트스토어 구****,5,True,1,1,https://assets6.cre.ma/p/phytonutri-kr/reviews/00/00/09/60/72/image1/e5add9159bd24f89.webp,1000000325,투데이디3 for baby,https://www.phytonutri.kr/goods/goods_view.php?goodsNo=1000000325,4.9,3634,0,0,"{'0': ['만족도', '제품상태']}",[],[]
96073,120,5,smart_store,스마트스토어,스포이드에 정확한 섭취 표시가 있음 좋겠어요,2026-04-30T00:11:02+09:00,2026-04-30,네이버 스마트스토어 구****,5,True,1,1,https://assets6.cre.ma/p/phytonutri-kr/reviews/00/00/09/60/73/image1/6858f2b22411be63.webp,1000000281,지니어스뉴 드롭스&톡캡스,https://www.phytonutri.kr/goods/goods_view.php?goodsNo=1000000281,4.9,14386,0,0,"{'0': ['만족도', '포장']}",[],[]
96060,120,5,,자사몰(고도몰),저번에 구매하고 좋아서 부모님도 시켜드렸습니다 ! ㅎㅎ 부담없이 저렴한 가격에 좋은 오메가3 구입할수 있어서 좋네요~ 저는 하루 2알로 증량해서 먹을려구여 ! 오메가3는 필수 영양제라 해서 잘 챙겨먹겠습니다 ㅎㅎ,2026-04-29T23:54:26+09:00,2026-04-29,양****,10,True,1,1,https://assets6.cre.ma/p/phytonutri-kr/reviews/00/00/09/60/60/image1/820c961ff350bb87.webp,1000000398,KD 파마 듀얼 초임계 rTG 오메가3,https://www.phytonutri.kr/goods/goods_view.php?goodsNo=1000000398,4.9,121,0,0,"{'1': ['만족도', '가격', '성분']}","[{'name': '구매옵션', 'value': 'KD파마 듀얼 오메가3 6개월분x2(총12개월분)'}]","[{'name': '성별', 'value': '여성'}, {'name': '연령대', 'value': '30대'}]"
96074,120,5,smart_store,스마트스토어,몇년째 계속 시키는중,2026-04-29T23:42:25+09:00,2026-04-29,네이버 스마트스토어 구****,5,True,1,1,https://assets6.cre.ma/p/phytonutri-kr/reviews/00/00/09/60/74/image1/e320ac1455d22a5a.webp,1000000281,지니어스뉴 드롭스&톡캡스,https://www.phytonutri.kr/goods/goods_view.php?goodsNo=1000000281,4.9,14386,0,0,{'2': ['만족도']},[],[]
96075,120,5,smart_store,스마트스토어,좋다고하여 구매햇어요 잘ㅁㄱ여볼에요,2026-04-29T22:34:51+09:00,2026-04-29,네이버 스마트스토어 구****,5,True,1,1,https://assets6.cre.ma/p/phytonutri-kr/reviews/00/00/09/60/75/image1/53574eeb84b7e17e.webp,1000000297,"그로우뉴 아이 유기농칼슘&마그네슘 비타민D,k2,망간",https://www.phytonutri.kr/goods/goods_view.php?goodsNo=1000000297,4.9,4844,0,0,{'0': ['만족도']},[],[]
96076,120,2,smart_store,스마트스토어,"100일아기인데 태어나서부터 꾸준히 비타민d먹이고 있어요 
너무 오일리해요 분유에섞는데 분유병 엄청 신경써서 닦아야하고 아기도 느끼한지 제대로 안먹어요 
괜히산거 같아요",2026-04-29T22:33:24+09:00,2026-04-29,네이버 스마트스토어 구****,5,False,0,0,,1000000325,투데이디3 for baby,https://www.phytonutri.kr/goods/goods_view.php?goodsNo=1000000325,4.9,3634,0,0,"{'-1': ['만족도'], '-2': ['품질']}",[],[]
96077,120,5,smart_store,스마트스토어,"아이들이잘먹어요
다행이예요",2026-04-29T22:15:19+09:00,2026-04-29,네이버 스마트스토어 구****,5,False,0,0,,1000000379,지니어스뉴 키즈 국내 유일 스퀴즈 짜먹는 어린이 오메가3 DHA ALA 콜린 올로메가,https://www.phytonutri.kr/goods/goods_view.php?goodsNo=1000000379,4.6,127,0,0,{'1': ['만족도']},[],[]
96078,120,5,smart_store,스마트스토어,애기가 잘먹고 조아요!!,2026-04-29T22:05:20+09:00,2026-04-29,네이버 스마트스토어 구****,5,True,1,1,https://assets6.cre.ma/p/phytonutri-kr/reviews/00/00/09/60/78/image1/ac0062e3e9e54fc3.webp,1000000281,지니어스뉴 드롭스&톡캡스,https://www.phytonutri.kr/goods/goods_view.php?goodsNo=1000000281,4.9,14386,0,0,"{'1': ['만족도', '맛']}",[],[]
96079,120,5,smart_store,스마트스토어,"원했던 영양성분이 다 들어있어서 구매했어요
효○잇길 바라며 꾸준히 먹어볼께요",2026-04-29T21:52:05+09:00,2026-04-29,네이버 스마트스토어 구****,5,True,1,1,https://assets6.cre.ma/p/phytonutri-kr/reviews/00/00/09/60/79/image1/dca67a61020f62ce.webp,1000000297,"그로우뉴 아이 유기농칼슘&마그네슘 비타민D,k2,망간",https://www.phytonutri.kr/goods/goods_view.php?goodsNo=1000000297,4.9,4844,0,0,"{'1': ['만족도', '성분']}",[],[]
96080,120,5,smart_store,스마트스토어,먹기편리하고 거부감없어요!!,2026-04-29T21:44:58+09:00,2026-04-29,네이버 스마트스토어 구****,5,True,1,1,https://assets6.cre.ma/p/phytonutri-kr/reviews/00/00/09/60/80/image1/393af94072586fb4.webp,1000000281,지니어스뉴 드롭스&톡캡스,https://www.phytonutri.kr/goods/goods_view.php?goodsNo=1000000281,4.9,14386,0,0,"{'1': ['만족도', '맛', '편의성']}",[],[]
96081,120,5,smart_store,스마트스토어,아기가 잘받아먹어요~~지금 6개월넘게 섭취중인데 아직.........모르겠어요....그래도 계속 섭취중입니다!!,2026-04-29T21:10:13+09:00,2026-04-29,네이버 스마트스토어 구****,5,True,1,1,https://assets6.cre.ma/p/phytonutri-kr/reviews/00/00/09/60/81/image1/120fef09583b10a3.webp,1000000281,지니어스뉴 드롭스&톡캡스,https://www.phytonutri.kr/goods/goods_view.php?goodsNo=1000000281,4.9,14386,0,0,{'0': ['만족도']},[],[]
96082,120,5,smart_store,스마트스토어,"아기가 생선을 안 먹어서 먹이고 있어요
느끼해서 맛 없을것 같은데 아기가 너무 잘 먹어서 편하게 먹이고 있어요ㅎㅎ",2026-04-29T21:07:11+09:00,2026-04-29,네이버 스마트스토어 구****,5,True,1,1,https://assets6.cre.ma/p/phytonutri-kr/reviews/00/00/09/60/82/image1/e48ac7e6ce348e31.webp,1000000281,지니어스뉴 드롭스&톡캡스,https://www.phytonutri.kr/goods/goods_view.php?goodsNo=1000000281,4.9,14386,0,0,"{'1': ['만족도'], '0': ['맛']}",[],[]
96083,120,5,smart_store,스마트스토어,지인소개로 구매해 먹는중입니다 위생적이라  좋았어요,2026-04-29T21:02:47+09:00,2026-04-29,네이버 스마트스토어 구****,5,True,1,1,https://assets6.cre.ma/p/phytonutri-kr/reviews/00/00/09/60/83/image1/3287923b79cdee77.webp,1000000281,지니어스뉴 드롭스&톡캡스,https://www.phytonutri.kr/goods/goods_view.php?goodsNo=1000000281,4.9,14386,0,0,"{'1': ['만족도', '품질', '제품상태']}",[],[]
96084,120,5,smart_store,스마트스토어,아이가 잘먹어요 근데 물에 섞어서 주는데 녹일려면 한참 저어야해요.,2026-04-29T20:55:26+09:00,2026-04-29,네이버 스마트스토어 구****,5,True,1,1,https://assets6.cre.ma/p/phytonutri-kr/reviews/00/00/09/60/84/image1/1101aea0e87cf97f.webp,1000000297,"그로우뉴 아이 유기농칼슘&마그네슘 비타민D,k2,망간",https://www.phytonutri.kr/goods/goods_view.php?goodsNo=1000000297,4.9,4844,0,0,"{'0': ['만족도'], '-1': ['품질']}",[],[]
96085,120,2,smart_store,스마트스토어,저번에 먹고 괜찮은것같아서 6박스 시켰는데 6박스모두 찌그러져왔어요. 데이프로바도 1박스시켰는데 그것도 찌그러져왔어요. 안에 본품에 문제는 없으니 그냥 먹이긴하는데 택배박스열었는데 모두 밑부분이 다 찌그러져있어 기분은 별로 안좋네요. 더군다나 애기가 먹는거라 더욱요. 이런것도 신경써주셨음 좋겠습니다,2026-04-29T20:10:13+09:00,2026-04-29,네이버 스마트스토어 구****,5,True,1,1,https://assets6.cre.ma/p/phytonutri-kr/reviews/00/00/09/60/85/image1/169b0456308ce4b7.webp,1000000297,"그로우뉴 아이 유기농칼슘&마그네슘 비타민D,k2,망간",https://www.phytonutri.kr/goods/goods_view.php?goodsNo=1000000297,4.9,4844,0,0,"{'-1': ['만족도', '포장']}",[],[]
96086,121,4,smart_store,스마트스토어,"몇개월째 먹이고 있는데
믿고 가봅니다",2026-04-29T19:55:40+09:00,2026-04-29,네이버 스마트스토어 구****,5,True,1,1,https://assets6.cre.ma/p/phytonutri-kr/reviews/00/00/09/60/86/image1/70a25f3c2312705f.webp,1000000281,지니어스뉴 드롭스&톡캡스,https://www.phytonutri.kr/goods/goods_view.php?goodsNo=1000000281,4.9,14386,0,0,{'1': ['만족도']},[],[]
96087,121,5,smart_store,스마트스토어,매달 시켜먹어요 좋습니다,2026-04-29T19:22:27+09:00,2026-04-29,네이버 스마트스토어 구****,5,True,1,1,https://assets6.cre.ma/p/phytonutri-kr/reviews/00/00/09/60/87/image1/8e18151169c3547e.webp,1000000297,"그로우뉴 아이 유기농칼슘&마그네슘 비타민D,k2,망간",https://www.phytonutri.kr/goods/goods_view.php?goodsNo=1000000297,4.9,4844,0,0,{'1': ['만족도']},[],[]
96088,121,5,smart_store,스마트스토어,남편이 꾸준히 먹네용,2026-04-29T19:19:27+09:00,2026-04-29,네이버 스마트스토어 구****,5,True,1,1,https://assets6.cre.ma/p/phytonutri-kr/reviews/00/00/09/60/88/image1/4177e374bbb12fb0.webp,1000000403,뉴스데일리베스트 X 파이토뉴트리 맨드로포즈+,https://www.phytonutri.kr/goods/goods_view.php?goodsNo=1000000403,4.7,193,0,0,{'1': ['만족도']},[],[]
96089,121,5,smart_store,스마트스토어,저희 애기 없으면 안되는 필수 영양제입미다 :),2026-04-29T18:55:10+09:00,2026-04-29,네이버 스마트스토어 구****,5,True,1,1,https://assets6.cre.ma/p/phytonutri-kr/reviews/00/00/09/60/89/image1/f4918a26232482d7.webp,1000000298,지니어스뉴 + 그로우뉴 세트,https://www.phytonutri.kr/goods/goods_view.php?goodsNo=1000000298,4.9,1413,0,0,{'1': ['만족도']},[],[]
96090,121,5,smart_store,스마트스토어,스포이드 먹이기 편해요,2026-04-29T18:23:40+09:00,2026-04-29,네이버 스마트스토어 구****,5,False,0,0,,1000000281,지니어스뉴 드롭스&톡캡스,https://www.phytonutri.kr/goods/goods_view.php?goodsNo=1000000281,4.9,14386,0,0,"{'1': ['만족도', '편의성']}",[],[]
96091,121,5,smart_store,스마트스토어,먹이기가 아주 간편해서 좋아용,2026-04-29T17:49:06+09:00,2026-04-29,네이버 스마트스토어 구****,5,True,1,1,https://assets6.cre.ma/p/phytonutri-kr/reviews/00/00/09/60/91/image1/d957381f6d2522b5.webp,1000000326,지니어스뉴 + 투데이디3 세트,https://www.phytonutri.kr/goods/goods_view.php?goodsNo=1000000326,4.8,245,0,0,"{'1': ['만족도', '편의성']}",[],[]
96092,121,5,smart_store,스마트스토어,아주 조씸더 이거만묵씀니데이,2026-04-29T17:48:43+09:00,2026-04-29,네이버 스마트스토어 구****,5,True,1,1,https://assets6.cre.ma/p/phytonutri-kr/reviews/00/00/09/60/92/image1/276dae62acd3ec42.webp,1000000375,데이프로바 + 투데이디3 세트,https://www.phytonutri.kr/goods/goods_view.php?goodsNo=1000000375,4.9,139,0,0,{'2': ['만족도']},[],[]
96093,121,5,smart_store,스마트스토어,"매달 먹이구 있는데 
아기가 잔병없이 무럭무럭 자라고 잇어요 ㅎㅎ",2026-04-29T17:47:40+09:00,2026-04-29,네이버 스마트스토어 구****,5,True,1,1,https://assets6.cre.ma/p/phytonutri-kr/reviews/00/00/09/60/93/image1/a9ba93f44c66dd0d.webp,1000000325,투데이디3 for baby,https://www.phytonutri.kr/goods/goods_view.php?goodsNo=1000000325,4.9,3634,0,0,"{'1': ['만족도', '효과']}",[],[]
96094,121,5,smart_store,스마트스토어,아이가 거부감 없이 잘마셔서 좋아요. 기침날때 미지근하게 데워서 쥬기도 하고..무틍 두번째구매입니당,2026-04-29T17:20:33+09:00,2026-04-29,네이버 스마트스토어 구****,5,False,0,0,,1000000342,이트뮨 아이 배도라지즙&엘더베리사과주스,https://www.phytonutri.kr/goods/goods_view.php?goodsNo=1000000342,4.9,609,0,0,{'2': ['만족도']},[],[]
96095,121,5,smart_store,스마트스토어,아기 이유식 시작하며 구매했습니다,2026-04-29T17:19:37+09:00,2026-04-29,네이버 스마트스토어 구****,5,True,1,1,https://assets6.cre.ma/p/phytonutri-kr/reviews/00/00/09/60/95/image1/64192d832d7bf723.webp,1000000297,"그로우뉴 아이 유기농칼슘&마그네슘 비타민D,k2,망간",https://www.phytonutri.kr/goods/goods_view.php?goodsNo=1000000297,4.9,4844,0,0,{'0': ['만족도']},[],[]
96096,121,5,smart_store,스마트스토어,아기가 잘 받아먹는게 넘 좋고 관리하기도 편하고 산패걱정없어서 좋아요!!,2026-04-29T17:08:27+09:00,2026-04-29,네이버 스마트스토어 구****,5,False,0,0,,1000000325,투데이디3 for baby,https://www.phytonutri.kr/goods/goods_view.php?goodsNo=1000000325,4.9,3634,0,0,"{'1': ['만족도', '포장', '편의성']}",[],[]
96097,121,5,smart_store,스마트스토어,여기꺼로 비타민 종류별로 먹이는데 좋아용,2026-04-29T16:36:46+09:00,2026-04-29,네이버 스마트스토어 구****,5,False,0,0,,1000000297,"그로우뉴 아이 유기농칼슘&마그네슘 비타민D,k2,망간",https://www.phytonutri.kr/goods/goods_view.php?goodsNo=1000000297,4.9,4844,0,0,{'1': ['만족도']},[],[]
96098,121,5,smart_store,스마트스토어,아기가 이건 쭉쭉 잘 먹네요 ㅎㅎ 면역력증진에 도움이 되었으면 합니다,2026-04-29T16:20:25+09:00,2026-04-29,네이버 스마트스토어 구****,5,True,1,1,https://assets6.cre.ma/p/phytonutri-kr/reviews/00/00/09/60/98/image1/68bbcc6dd4ef4596.webp,1000000342,이트뮨 아이 배도라지즙&엘더베리사과주스,https://www.phytonutri.kr/goods/goods_view.php?goodsNo=1000000342,4.9,609,0,0,"{'1': ['만족도'], '0': ['효과']}",[],[]
96059,121,5,,자사몰(고도몰),온가족이 잘 먹고있어요 다시 주문하겠습니댜.,2026-04-29T16:01:09+09:00,2026-04-29,배****,10,True,1,1,https://assets6.cre.ma/p/phytonutri-kr/reviews/00/00/09/60/59/image1/217b0aec26307257.webp,1000000398,KD 파마 듀얼 초임계 rTG 오메가3,https://www.phytonutri.kr/goods/goods_view.php?goodsNo=1000000398,4.9,121,0,0,{'1': ['만족도']},"[{'name': '구매옵션', 'value': 'KD파마 듀얼 오메가3 6개월분'}]","[{'name': '성별', 'value': '남성'}, {'name': '연령대', 'value': '40대'}]"
96099,121,5,smart_store,스마트스토어,어린이집 오전 간식 나오는날은 우유를 못먹어서 500을 못채우겠더라구요 그래서 오후에 먹일때 타서 먹이니 딱 좋아요 전에는 어떻게든 먹일려고 했는데 그런 고민 안하고 칼마디 챙기니 좋아요!,2026-04-29T15:22:33+09:00,2026-04-29,네이버 스마트스토어 구****,5,False,0,0,,1000000297,"그로우뉴 아이 유기농칼슘&마그네슘 비타민D,k2,망간",https://www.phytonutri.kr/goods/goods_view.php?goodsNo=1000000297,4.9,4844,0,0,"{'1': ['만족도', '성분']}",[],[]
96100,121,5,smart_store,스마트스토어,항상 잘 먹고 있습니다. 감사합니다,2026-04-29T13:01:48+09:00,2026-04-29,네이버 스마트스토어 구****,5,True,1,1,https://assets6.cre.ma/p/phytonutri-kr/reviews/00/00/09/61/00/image1/5fba7d1c904818a9.webp,1000000281,지니어스뉴 드롭스&톡캡스,https://www.phytonutri.kr/goods/goods_view.php?goodsNo=1000000281,4.9,14386,0,0,{'1': ['만족도']},[],[]
96101,121,5,smart_store,스마트스토어,잘 먹을게요~~감사합니다~!!,2026-04-29T12:50:41+09:00,2026-04-29,네이버 스마트스토어 구****,5,True,1,1,https://assets6.cre.ma/p/phytonutri-kr/reviews/00/00/09/61/01/image1/4e454a50f68f46d2.webp,1000000343,리버티엑스,https://www.phytonutri.kr/goods/goods_view.php?goodsNo=1000000343,4.7,268,0,0,{'1': ['만족도']},[],[]
96102,121,5,smart_store,스마트스토어,좋아오! 아기 이유식에 섞여먹이는데 거부감 없이 잘먹어요 분유에dha가 적게들어잇어 알아보다 삿는데 좋습니다 계속구매할거에요,2026-04-29T12:45:42+09:00,2026-04-29,네이버 스마트스토어 구****,5,True,1,1,https://assets6.cre.ma/p/phytonutri-kr/reviews/00/00/09/61/02/image1/52336c22001b0477.webp,1000000281,지니어스뉴 드롭스&톡캡스,https://www.phytonutri.kr/goods/goods_view.php?goodsNo=1000000281,4.9,14386,0,0,"{'1': ['만족도', '성분']}",[],[]
96103,121,5,smart_store,스마트스토어,"두번째 구매에요 이번엔 작은통으로 배송되어왔네요 작아서 여행갈때 챙겨다니기 좋을것같아요 
캡슐도 설명안보고 벅벅 뜯다가 재구매하려고 보니 살살 돌리면 떼지더라구오???????",2026-04-29T12:44:10+09:00,2026-04-29,네이버 스마트스토어 구****,5,True,1,1,https://assets6.cre.ma/p/phytonutri-kr/reviews/00/00/09/61/03/image1/c1b45b49cacde12e.webp,1000000281,지니어스뉴 드롭스&톡캡스,https://www.phytonutri.kr/goods/goods_view.php?goodsNo=1000000281,4.9,14386,0,0,"{'1': ['만족도', '크기']}",[],[]
96104,121,5,smart_store,스마트스토어,"먹이기 편리하게 한포씩 포장되어 있어서 좋아요~
아기가 돌 지나면서 영양섭취에 걱정이 많았어요~
이유식, 유아식을 잘 먹는 아기가 아니거든요..
꾸준히 먹여보고 후기 남길게요~",2026-04-29T12:18:10+09:00,2026-04-29,네이버 스마트스토어 구****,5,True,1,1,https://assets6.cre.ma/p/phytonutri-kr/reviews/00/00/09/61/04/image1/40158121b3aa3b82.webp,1000000297,"그로우뉴 아이 유기농칼슘&마그네슘 비타민D,k2,망간",https://www.phytonutri.kr/goods/goods_view.php?goodsNo=1000000297,4.9,4844,0,0,"{'1': ['만족도', '포장']}",[],[]
96105,122,5,smart_store,스마트스토어,"이번에 포장 리뉴얼됐나봐요~
30캡슐 한번에 왔었는데 10캡슐 씩 나눠서 3통 왔네요~ㅎㅎ
국민템 믿고 먹는 영양제라 만족합니다~",2026-04-29T12:15:42+09:00,2026-04-29,네이버 스마트스토어 구****,5,True,1,1,https://assets6.cre.ma/p/phytonutri-kr/reviews/00/00/09/61/05/image1/9960b0d4bc5e34f1.webp,1000000281,지니어스뉴 드롭스&톡캡스,https://www.phytonutri.kr/goods/goods_view.php?goodsNo=1000000281,4.9,14386,0,0,"{'1': ['만족도'], '0': ['포장']}",[],[]
96106,122,5,smart_store,스마트스토어,"애기에게 꾸준히 먹이고 있는데
먹이기 편리하고 맛도 괜찮은지 아기도 잘 먹어요
감사합니다",2026-04-29T12:06:17+09:00,2026-04-29,네이버 스마트스토어 구****,5,False,0,0,,1000000281,지니어스뉴 드롭스&톡캡스,https://www.phytonutri.kr/goods/goods_view.php?goodsNo=1000000281,4.9,14386,0,0,"{'1': ['만족도', '맛', '편의성']}",[],[]
96107,122,5,smart_store,스마트스토어,문제없이 매일 하나만 꾸준히 먹을생각입니다 6개월치 다먹어보고 판단해야할것같습니다,2026-04-29T11:58:25+09:00,2026-04-29,네이버 스마트스토어 구****,5,True,1,1,https://assets6.cre.ma/p/phytonutri-kr/reviews/00/00/09/61/07/image1/dee612fed72a03b1.webp,1000000398,KD 파마 듀얼 초임계 rTG 오메가3,https://www.phytonutri.kr/goods/goods_view.php?goodsNo=1000000398,4.9,121,0,0,{'0': ['만족도']},[],[]
96108,122,5,smart_store,스마트스토어,두번째인거같네요. 들기름냄새도 나고 아기가 거부감은 없어요,2026-04-29T11:38:13+09:00,2026-04-29,네이버 스마트스토어 구****,5,True,1,1,https://assets6.cre.ma/p/phytonutri-kr/reviews/00/00/09/61/08/image1/6887dcfc446c7aa5.webp,1000000281,지니어스뉴 드롭스&톡캡스,https://www.phytonutri.kr/goods/goods_view.php?goodsNo=1000000281,4.9,14386,0,0,"{'1': ['만족도'], '0': ['냄새']}",[],[]
96109,122,5,smart_store,스마트스토어,하루2번 먹이고있어요. 효○는 모르겠지만 좋다고해서 먹입니다,2026-04-29T11:37:20+09:00,2026-04-29,네이버 스마트스토어 구****,5,True,1,1,https://assets6.cre.ma/p/phytonutri-kr/reviews/00/00/09/61/09/image1/344f9fc3c5b91cbf.webp,1000000281,지니어스뉴 드롭스&톡캡스,https://www.phytonutri.kr/goods/goods_view.php?goodsNo=1000000281,4.9,14386,0,0,"{'0': ['만족도', '효과']}",[],[]
96110,122,5,smart_store,스마트스토어,아직은 아기라 오일형태가 흡수가 잘될 것같아 꾸준히 먹여요. 스포이드 두번으로 하루 섭취량 해결해서 편리합니다.,2026-04-29T11:25:13+09:00,2026-04-29,네이버 스마트스토어 구****,5,True,1,1,https://assets6.cre.ma/p/phytonutri-kr/reviews/00/00/09/61/10/image1/55b79909bbaa8904.webp,1000000281,지니어스뉴 드롭스&톡캡스,https://www.phytonutri.kr/goods/goods_view.php?goodsNo=1000000281,4.9,14386,0,0,"{'1': ['만족도', '편의성']}",[],[]
96111,122,5,smart_store,스마트스토어,12개월아기에게 밥이랑섞어서 안먹여도 그냥도 잘먹네요,2026-04-29T11:24:09+09:00,2026-04-29,네이버 스마트스토어 구****,5,True,1,1,https://assets6.cre.ma/p/phytonutri-kr/reviews/00/00/09/61/11/image1/915f72eea7fac903.webp,1000000281,지니어스뉴 드롭스&톡캡스,https://www.phytonutri.kr/goods/goods_view.php?goodsNo=1000000281,4.9,14386,0,0,{'1': ['만족도']},[],[]
96112,122,5,smart_store,스마트스토어,밥에 섞어주니 잘먹어요 벌써 한통 더 구매했네요,2026-04-29T11:21:49+09:00,2026-04-29,네이버 스마트스토어 구****,5,True,1,1,https://assets6.cre.ma/p/phytonutri-kr/reviews/00/00/09/61/12/image1/1c514208201844be.webp,1000000297,"그로우뉴 아이 유기농칼슘&마그네슘 비타민D,k2,망간",https://www.phytonutri.kr/goods/goods_view.php?goodsNo=1000000297,4.9,4844,0,0,{'2': ['만족도']},[],[]
96113,122,5,smart_store,스마트스토어,아기 돌때부터 매일 하루에 1포씩 주고 있습니다. 아기 칼슘 보충에 이만한게 없네요~,2026-04-29T11:01:05+09:00,2026-04-29,네이버 스마트스토어 구****,5,True,1,1,https://assets6.cre.ma/p/phytonutri-kr/reviews/00/00/09/61/13/image1/246bf56baa26ec70.webp,1000000297,"그로우뉴 아이 유기농칼슘&마그네슘 비타민D,k2,망간",https://www.phytonutri.kr/goods/goods_view.php?goodsNo=1000000297,4.9,4844,0,0,"{'1': ['만족도', '성분']}",[],[]
95979,122,5,smart_store,스마트스토어,"생선류를 잘 먹지않는 아이라 걱정되어 구매했습니다!
스포이드식으로 편리하게 사용가능하고 밥먹을때 수저로 슬쩍 떠먹여주면 그냥 잘 먹네요!",2026-04-29T10:53:07+09:00,2026-04-29,네이버 스마트스토어 구****,5,True,1,1,https://assets6.cre.ma/p/phytonutri-kr/reviews/00/00/09/59/79/image1/11231f984d65abaa.webp,1000000281,지니어스뉴 드롭스&톡캡스,https://www.phytonutri.kr/goods/goods_view.php?goodsNo=1000000281,4.9,14386,0,0,"{'1': ['만족도', '편의성']}",[],[]
95980,122,5,smart_store,스마트스토어,무엇보다 아기가 잘먹고 휴대용으로도 들고다니기 너무 편해요!!,2026-04-29T10:52:41+09:00,2026-04-29,네이버 스마트스토어 구****,5,True,1,1,https://assets6.cre.ma/p/phytonutri-kr/reviews/00/00/09/59/80/image1/f2d4fff539273fd0.webp,1000000325,투데이디3 for baby,https://www.phytonutri.kr/goods/goods_view.php?goodsNo=1000000325,4.9,3634,0,0,"{'1': ['만족도'], '2': ['편의성']}",[],[]
95981,122,5,smart_store,스마트스토어,이유식을 먹기 시작하려는 아기인데 스푼이나 입에 바로 짜서 줘도 잘먹고 무엇보다 맛이 괜찮은지 오일만 보면 입을 벌리려고 해요^^ 강추입니당,2026-04-29T10:52:01+09:00,2026-04-29,네이버 스마트스토어 구****,5,True,1,1,https://assets6.cre.ma/p/phytonutri-kr/reviews/00/00/09/59/81/image1/e28f39aa3e6cb5f3.webp,1000000325,투데이디3 for baby,https://www.phytonutri.kr/goods/goods_view.php?goodsNo=1000000325,4.9,3634,0,0,"{'2': ['만족도'], '1': ['맛']}",[],[]
95982,122,5,smart_store,스마트스토어,"우리아기 태어나고 쭈욱 먹이는데
이거때문인지 작게 태어났지만 
키가 많이 자라주었어요~
다먹고 재구매를 안했었다가 
우리아이 성장 걱정되서 얼른 구매했습니다 
쭈욱 먹여보려구요 먹이기도 젤 편하네요~!",2026-04-29T10:09:11+09:00,2026-04-29,네이버 스마트스토어 구****,5,False,0,0,,1000000325,투데이디3 for baby,https://www.phytonutri.kr/goods/goods_view.php?goodsNo=1000000325,4.9,3634,0,0,"{'2': ['만족도'], '1': ['효과', '편의성']}",[],[]
95983,122,5,smart_store,스마트스토어,항상먹입니다 . 아기도 먹기 힘들어하지않네요,2026-04-29T10:02:58+09:00,2026-04-29,네이버 스마트스토어 구****,5,True,1,1,https://assets6.cre.ma/p/phytonutri-kr/reviews/00/00/09/59/83/image1/e350c19d686130bf.webp,1000000281,지니어스뉴 드롭스&톡캡스,https://www.phytonutri.kr/goods/goods_view.php?goodsNo=1000000281,4.9,14386,0,0,{'1': ['만족도']},[],[]
95984,122,5,smart_store,스마트스토어,항상 먹이는데 효○있을거라고 믿고 먹여요,2026-04-29T10:01:57+09:00,2026-04-29,네이버 스마트스토어 구****,5,True,1,1,https://assets6.cre.ma/p/phytonutri-kr/reviews/00/00/09/59/84/image1/1697af8a09e5f6fe.webp,1000000281,지니어스뉴 드롭스&톡캡스,https://www.phytonutri.kr/goods/goods_view.php?goodsNo=1000000281,4.9,14386,0,0,{'0': ['만족도']},[],[]
95985,122,5,smart_store,스마트스토어,"맛있게 잘먹네요
알아서 절 챙겨먹어요",2026-04-29T09:33:25+09:00,2026-04-29,네이버 스마트스토어 구****,5,True,1,1,https://assets6.cre.ma/p/phytonutri-kr/reviews/00/00/09/59/85/image1/31355f0cc3a9cf88.webp,1000000397,"그로우뉴 ~키즈 유기농 칼슘&마그네슘 비타민D,k2 망간",https://www.phytonutri.kr/goods/goods_view.php?goodsNo=1000000397,4.9,63,0,0,"{'1': ['만족도', '맛']}",[],[]
95986,122,5,smart_store,스마트스토어,먹이기편하고좋아요!!!!,2026-04-29T08:53:55+09:00,2026-04-29,네이버 스마트스토어 구****,5,True,1,1,https://assets6.cre.ma/p/phytonutri-kr/reviews/00/00/09/59/86/image1/c2ab5b4bb86d8068.webp,1000000325,투데이디3 for baby,https://www.phytonutri.kr/goods/goods_view.php?goodsNo=1000000325,4.9,3634,0,0,"{'1': ['만족도', '편의성']}",[],[]
95987,122,5,smart_store,스마트스토어,아기에게 먹이고있는제품이에요,2026-04-29T08:09:16+09:00,2026-04-29,네이버 스마트스토어 구****,5,False,0,0,,1000000281,지니어스뉴 드롭스&톡캡스,https://www.phytonutri.kr/goods/goods_view.php?goodsNo=1000000281,4.9,14386,0,0,{'0': ['만족도']},[],[]
95988,122,5,smart_store,스마트스토어,최고에요~~^^!!!,2026-04-29T07:49:23+09:00,2026-04-29,네이버 스마트스토어 구****,5,False,0,0,,1000000281,지니어스뉴 드롭스&톡캡스,https://www.phytonutri.kr/goods/goods_view.php?goodsNo=1000000281,4.9,14386,0,0,{'2': ['만족도']},[],[]
95989,122,5,smart_store,스마트스토어,배송 빠르고 좋아요,2026-04-29T07:41:05+09:00,2026-04-29,네이버 스마트스토어 구****,5,True,1,1,https://assets6.cre.ma/p/phytonutri-kr/reviews/00/00/09/59/89/image1/e8ba0c76f0471d32.webp,1000000325,투데이디3 for baby,https://www.phytonutri.kr/goods/goods_view.php?goodsNo=1000000325,4.9,3634,0,0,"{'1': ['만족도', '배송']}",[],[]
95990,123,5,smart_store,스마트스토어,또 구매햇어요 잘 먹일게토,2026-04-29T07:34:55+09:00,2026-04-29,네이버 스마트스토어 구****,5,True,1,1,https://assets6.cre.ma/p/phytonutri-kr/reviews/00/00/09/59/90/image1/da038a5c98d383f0.webp,1000000281,지니어스뉴 드롭스&톡캡스,https://www.phytonutri.kr/goods/goods_view.php?goodsNo=1000000281,4.9,14386,0,0,{'2': ['만족도']},[],[]
95991,123,5,smart_store,스마트스토어,"남편이 꾸준히 먹고있는 제품이에요.
나름 피로도가 줄고 전에 있던 짜증이 줄어드는거같다하는거보면 효○가 없진않은거같아요.ㅎ",2026-04-29T07:14:17+09:00,2026-04-29,네이버 스마트스토어 구****,5,False,0,0,,1000000403,뉴스데일리베스트 X 파이토뉴트리 맨드로포즈+,https://www.phytonutri.kr/goods/goods_view.php?goodsNo=1000000403,4.7,193,0,0,"{'1': ['만족도', '효과']}",[],[]
95992,123,5,smart_store,스마트스토어,"손주,순녀가 먹는겁니다
둘이잘먹으며 좋은것같아요
다먹고 또 구매할께요",2026-04-29T04:54:24+09:00,2026-04-29,네이버 스마트스토어 구****,5,True,1,1,https://assets6.cre.ma/p/phytonutri-kr/reviews/00/00/09/59/92/image1/206da26fc31684e1.webp,1000000325,투데이디3 for baby,https://www.phytonutri.kr/goods/goods_view.php?goodsNo=1000000325,4.9,3634,0,0,{'1': ['만족도']},[],[]
95993,123,5,smart_store,스마트스토어,꾸준히계속먹이고 있어요 효○가있는지없는지는 잘모르겠지만 안먹이면 안되는그런느낌ㅎㅎ,2026-04-29T02:40:53+09:00,2026-04-29,네이버 스마트스토어 구****,5,True,1,1,https://assets6.cre.ma/p/phytonutri-kr/reviews/00/00/09/59/93/image1/ee1e8367042c9937.webp,1000000297,"그로우뉴 아이 유기농칼슘&마그네슘 비타민D,k2,망간",https://www.phytonutri.kr/goods/goods_view.php?goodsNo=1000000297,4.9,4844,0,0,"{'0': ['만족도', '효과']}",[],[]
95994,123,4,smart_store,스마트스토어,"가루라서 다른거에 꼭 섞어서 먹어야해요..섞지않고 이것만 물에 먹이면 거부해요..ㅠㅠ
근데 액상타입으로 있으면좋겠어요..그게 휴대해서 빠르게 먹이기좋을거같아요...",2026-04-29T00:37:09+09:00,2026-04-29,네이버 스마트스토어 구****,5,True,1,1,https://assets6.cre.ma/p/phytonutri-kr/reviews/00/00/09/59/94/image1/c8546bca0ad41c21.webp,1000000297,"그로우뉴 아이 유기농칼슘&마그네슘 비타민D,k2,망간",https://www.phytonutri.kr/goods/goods_view.php?goodsNo=1000000297,4.9,4844,0,0,"{'0': ['만족도'], '-1': ['편의성']}",[],[]
95995,123,5,smart_store,스마트스토어,"늘 잘 먹고 있습니당 
주변에도 추천하고 있아요ㅎㅎ",2026-04-29T00:25:05+09:00,2026-04-29,네이버 스마트스토어 구****,5,True,1,1,https://assets6.cre.ma/p/phytonutri-kr/reviews/00/00/09/59/95/image1/78c938279bfdb80e.webp,1000000325,투데이디3 for baby,https://www.phytonutri.kr/goods/goods_view.php?goodsNo=1000000325,4.9,3634,0,0,{'1': ['만족도']},[],[]
95996,123,5,smart_store,스마트스토어,먹이는 분유에 좀 부족한 것 같아서 구매해봅니다. 스티커 챙겨주시는거 좋네요,2026-04-28T23:43:57+09:00,2026-04-28,네이버 스마트스토어 구****,5,True,1,1,https://assets6.cre.ma/p/phytonutri-kr/reviews/00/00/09/59/96/image1/754368bbfcc9b2c7.webp,1000000281,지니어스뉴 드롭스&톡캡스,https://www.phytonutri.kr/goods/goods_view.php?goodsNo=1000000281,4.9,14386,0,0,"{'0': ['만족도'], '1': ['제품구성']}",[],[]
95997,123,5,smart_store,스마트스토어,우리 아이가 먹는거다 보니 엄청 고민하고 검색한 결과! 이걸로 정착했어요,2026-04-28T23:38:55+09:00,2026-04-28,네이버 스마트스토어 구****,5,True,1,1,https://assets6.cre.ma/p/phytonutri-kr/reviews/00/00/09/59/97/image1/ac8a0c414f9cb37e.webp,1000000325,투데이디3 for baby,https://www.phytonutri.kr/goods/goods_view.php?goodsNo=1000000325,4.9,3634,0,0,{'1': ['만족도']},[],[]
95998,123,5,smart_store,스마트스토어,영양제에 타서 주고 있어요. 아기가 거부감없이 잘 먹네요. 애기한테 좋다고 해서 샀어요. 제발 효○가 있으면 좋겠어여. 잘 먹일게요,2026-04-28T23:34:06+09:00,2026-04-28,네이버 스마트스토어 구****,5,False,0,0,,1000000281,지니어스뉴 드롭스&톡캡스,https://www.phytonutri.kr/goods/goods_view.php?goodsNo=1000000281,4.9,14386,0,0,{'1': ['만족도']},[],[]
95999,123,5,smart_store,스마트스토어,항상 먹는 제품인데 비린냄새 전혀없고 포장도 꼼꼼하구요 무엇보다 아기가 잘먹어줘서 좋아요^-^,2026-04-28T23:31:53+09:00,2026-04-28,네이버 스마트스토어 구****,5,True,1,1,https://assets6.cre.ma/p/phytonutri-kr/reviews/00/00/09/59/99/image1/e3eb3a402d8325c7.webp,1000000281,지니어스뉴 드롭스&톡캡스,https://www.phytonutri.kr/goods/goods_view.php?goodsNo=1000000281,4.9,14386,0,0,"{'1': ['만족도', '포장', '냄새']}",[],[]
96000,123,5,smart_store,스마트스토어,아기가 고소한지 숟갈에 이것만 짜줘도 잘 먹어요!,2026-04-28T23:25:10+09:00,2026-04-28,네이버 스마트스토어 구****,5,True,1,1,https://assets6.cre.ma/p/phytonutri-kr/reviews/00/00/09/60/00/image1/fc1708b77686f338.webp,1000000281,지니어스뉴 드롭스&톡캡스,https://www.phytonutri.kr/goods/goods_view.php?goodsNo=1000000281,4.9,14386,0,0,"{'1': ['만족도', '맛']}",[],[]
96001,123,5,smart_store,스마트스토어,서용하기 편하고 입맛 까다로운 아이가 부담없이 잘 먹어요~ 처음 사서 먹인 이후 꾸준히 사서 잘 먹이고 있습니다,2026-04-28T23:19:10+09:00,2026-04-28,네이버 스마트스토어 구****,5,False,0,0,,1000000281,지니어스뉴 드롭스&톡캡스,https://www.phytonutri.kr/goods/goods_view.php?goodsNo=1000000281,4.9,14386,0,0,"{'1': ['만족도', '맛', '편의성']}",[],[]
96002,123,5,smart_store,스마트스토어,재구매입니다 짜기 쉽고 애기가 거부가 적어서 먹이기 편해요  만족해서  재구매ㅜ했습니다ㅎㅎㅎ 유통기한도 넉넉해요,2026-04-28T23:00:44+09:00,2026-04-28,네이버 스마트스토어 구****,5,True,1,1,https://assets6.cre.ma/p/phytonutri-kr/reviews/00/00/09/60/02/image1/155f359ba35fadaf.webp,1000000325,투데이디3 for baby,https://www.phytonutri.kr/goods/goods_view.php?goodsNo=1000000325,4.9,3634,0,0,"{'2': ['만족도'], '1': ['유통기한', '편의성']}",[],[]
96003,123,1,smart_store,스마트스토어,아이가 먹고 두드러기가 올라오네요. 안먹여요. 돈아깝네요,2026-04-28T22:48:41+09:00,2026-04-28,네이버 스마트스토어 구****,5,False,0,0,,1000000379,지니어스뉴 키즈 국내 유일 스퀴즈 짜먹는 어린이 오메가3 DHA ALA 콜린 올로메가,https://www.phytonutri.kr/goods/goods_view.php?goodsNo=1000000379,4.6,127,0,0,"{'-2': ['만족도', '효과']}",[],[]
96004,123,5,smart_store,스마트스토어,아이들이 잘먹고 냄새도 심하지 않아 좋았어요,2026-04-28T22:46:53+09:00,2026-04-28,네이버 스마트스토어 구****,5,False,0,0,,1000000281,지니어스뉴 드롭스&톡캡스,https://www.phytonutri.kr/goods/goods_view.php?goodsNo=1000000281,4.9,14386,0,0,"{'1': ['만족도', '냄새']}",[],[]
96005,123,4,smart_store,스마트스토어,포장도 꼼꼼하고 아이들이 잘먹어요 !!,2026-04-28T22:46:06+09:00,2026-04-28,네이버 스마트스토어 구****,5,False,0,0,,1000000281,지니어스뉴 드롭스&톡캡스,https://www.phytonutri.kr/goods/goods_view.php?goodsNo=1000000281,4.9,14386,0,0,"{'1': ['만족도', '포장', '맛']}",[],[]
96006,123,4,smart_store,스마트스토어,유산균이랑 비타민디는 꼭챙겨먹는디 드롭형은 떨어지는거 기다리는기 아기도 저도 힘들어서 오일밤 먹여보고 괜찮아지면 오일형도 사볼게요 ㅎㅎ아직 먹이기전이라 잘모르겠네요,2026-04-28T22:39:12+09:00,2026-04-28,네이버 스마트스토어 구****,5,True,1,1,https://assets6.cre.ma/p/phytonutri-kr/reviews/00/00/09/60/06/image1/957082de212d98c1.webp,1000000325,투데이디3 for baby,https://www.phytonutri.kr/goods/goods_view.php?goodsNo=1000000325,4.9,3634,0,0,{'0': ['만족도']},[],[]
96007,123,5,smart_store,스마트스토어,다음억 또 주문할께요~^^,2026-04-28T22:24:06+09:00,2026-04-28,네이버 스마트스토어 구****,5,True,1,1,https://assets6.cre.ma/p/phytonutri-kr/reviews/00/00/09/60/07/image1/d05f9b8c452e3f8a.webp,1000000281,지니어스뉴 드롭스&톡캡스,https://www.phytonutri.kr/goods/goods_view.php?goodsNo=1000000281,4.9,14386,0,0,{'1': ['만족도']},[],[]
96008,123,5,smart_store,스마트스토어,어렵게 받았는데 세번째주,2026-04-28T22:12:41+09:00,2026-04-28,네이버 스마트스토어 구****,5,True,1,1,https://assets6.cre.ma/p/phytonutri-kr/reviews/00/00/09/60/08/image1/ff93d3608d423852.webp,1000000325,투데이디3 for baby,https://www.phytonutri.kr/goods/goods_view.php?goodsNo=1000000325,4.9,3634,0,0,{'0': ['만족도']},[],[]
96009,123,5,smart_store,스마트스토어,아이가 너무좋아해요 스스로 챙겨먹을수있고 간편해요.,2026-04-28T22:07:42+09:00,2026-04-28,네이버 스마트스토어 구****,5,True,1,1,https://assets6.cre.ma/p/phytonutri-kr/reviews/00/00/09/60/09/image1/8be4aacac85fe190.webp,1000000325,투데이디3 for baby,https://www.phytonutri.kr/goods/goods_view.php?goodsNo=1000000325,4.9,3634,0,0,"{'1': ['만족도', '편의성']}",[],[]
96010,124,5,smart_store,스마트스토어,"열심히 먹었는데, 피로가 덜쌓이는것같아요.
괜찮은것 같아요.
추가로 구매 예정입니다",2026-04-28T22:07:38+09:00,2026-04-28,네이버 스마트스토어 구****,5,True,1,1,https://assets6.cre.ma/p/phytonutri-kr/reviews/00/00/09/60/10/image1/c64681e5a6ae7956.webp,1000000343,리버티엑스,https://www.phytonutri.kr/goods/goods_view.php?goodsNo=1000000343,4.7,268,0,0,"{'1': ['만족도', '효과']}",[],[]
96011,124,5,smart_store,스마트스토어,아이가좋아해요 먹기편리하고 간편해서좋아요,2026-04-28T22:05:59+09:00,2026-04-28,네이버 스마트스토어 구****,5,True,1,1,https://assets6.cre.ma/p/phytonutri-kr/reviews/00/00/09/60/11/image1/97ec7eb4ca0cbe78.webp,1000000325,투데이디3 for baby,https://www.phytonutri.kr/goods/goods_view.php?goodsNo=1000000325,4.9,3634,0,0,"{'1': ['만족도', '편의성']}",[],[]
96012,124,5,smart_store,스마트스토어,아기에게 편하게 잘 먹이고 있어요.,2026-04-28T21:35:26+09:00,2026-04-28,네이버 스마트스토어 구****,5,True,1,1,https://assets6.cre.ma/p/phytonutri-kr/reviews/00/00/09/60/12/image1/4ed41c409a4a39c2.webp,1000000281,지니어스뉴 드롭스&톡캡스,https://www.phytonutri.kr/goods/goods_view.php?goodsNo=1000000281,4.9,14386,0,0,{'1': ['만족도']},[],[]
96013,124,5,smart_store,스마트스토어,아기에게 편하게 잘 먹이고 있어요.,2026-04-28T21:34:17+09:00,2026-04-28,네이버 스마트스토어 구****,5,True,1,1,https://assets6.cre.ma/p/phytonutri-kr/reviews/00/00/09/60/13/image1/2409afb8e2f21625.webp,1000000281,지니어스뉴 드롭스&톡캡스,https://www.phytonutri.kr/goods/goods_view.php?goodsNo=1000000281,4.9,14386,0,0,{'1': ['만족도']},[],[]
96014,124,5,smart_store,스마트스토어,아기가 잘 먹어줘서 다행이에요 ㅎㅎ,2026-04-28T20:57:08+09:00,2026-04-28,네이버 스마트스토어 구****,5,True,1,1,https://assets6.cre.ma/p/phytonutri-kr/reviews/00/00/09/60/14/image1/4020be0f51fd3342.webp,1000000281,지니어스뉴 드롭스&톡캡스,https://www.phytonutri.kr/goods/goods_view.php?goodsNo=1000000281,4.9,14386,0,0,{'1': ['만족도']},[],[]
96015,124,5,smart_store,스마트스토어,6개우ㅏㄹ브터 계속 먹이고 있어요 좋아요,2026-04-28T20:42:31+09:00,2026-04-28,네이버 스마트스토어 구****,5,True,1,1,https://assets6.cre.ma/p/phytonutri-kr/reviews/00/00/09/60/15/image1/7ba8b52f9ce60f9b.webp,1000000281,지니어스뉴 드롭스&톡캡스,https://www.phytonutri.kr/goods/goods_view.php?goodsNo=1000000281,4.9,14386,0,0,{'1': ['만족도']},[],[]
96016,124,5,smart_store,스마트스토어,6개월브터 먹이고 있는데 좋아요,2026-04-28T20:41:30+09:00,2026-04-28,네이버 스마트스토어 구****,5,True,1,1,https://assets6.cre.ma/p/phytonutri-kr/reviews/00/00/09/60/16/image1/16f5904a58a014d8.webp,1000000281,지니어스뉴 드롭스&톡캡스,https://www.phytonutri.kr/goods/goods_view.php?goodsNo=1000000281,4.9,14386,0,0,{'1': ['만족도']},[],[]
96017,124,5,smart_store,스마트스토어,아이가 좋아해서 계속해서 복용중입니다,2026-04-28T20:37:41+09:00,2026-04-28,네이버 스마트스토어 구****,5,True,1,1,https://assets6.cre.ma/p/phytonutri-kr/reviews/00/00/09/60/17/image1/72ab96af6c41ee45.webp,1000000281,지니어스뉴 드롭스&톡캡스,https://www.phytonutri.kr/goods/goods_view.php?goodsNo=1000000281,4.9,14386,0,0,{'1': ['만족도']},[],[]
96018,124,5,smart_store,스마트스토어,늘 구입하는 제품입니다,2026-04-28T19:54:21+09:00,2026-04-28,네이버 스마트스토어 구****,5,True,1,1,https://assets6.cre.ma/p/phytonutri-kr/reviews/00/00/09/60/18/image1/4570a78d84fb4a21.webp,1000000281,지니어스뉴 드롭스&톡캡스,https://www.phytonutri.kr/goods/goods_view.php?goodsNo=1000000281,4.9,14386,0,0,{'2': ['만족도']},[],[]
96019,124,4,smart_store,스마트스토어,한달 먹여봤는데 아기가 거부감 없이 잘 먹어줘서 편하게 먹일수 있었어요 !!,2026-04-28T19:50:32+09:00,2026-04-28,네이버 스마트스토어 구****,5,True,1,1,https://assets6.cre.ma/p/phytonutri-kr/reviews/00/00/09/60/19/image1/d1107582755396b1.webp,1000000281,지니어스뉴 드롭스&톡캡스,https://www.phytonutri.kr/goods/goods_view.php?goodsNo=1000000281,4.9,14386,0,0,"{'1': ['만족도', '효과']}",[],[]
96020,124,5,smart_store,스마트스토어,늘 먹던거라 간편해서 계속재주문해요,2026-04-28T19:47:20+09:00,2026-04-28,네이버 스마트스토어 구****,5,False,0,0,,1000000325,투데이디3 for baby,https://www.phytonutri.kr/goods/goods_view.php?goodsNo=1000000325,4.9,3634,0,0,"{'2': ['만족도'], '1': ['편의성']}",[],[]
96021,124,4,smart_store,스마트스토어,똑똑해지고 있는건지 확인할 길은 없지만 성분믿고 먹여봅니다~,2026-04-28T19:27:27+09:00,2026-04-28,네이버 스마트스토어 구****,5,True,1,1,https://assets6.cre.ma/p/phytonutri-kr/reviews/00/00/09/60/21/image1/0e2d56e524f3fee0.webp,1000000281,지니어스뉴 드롭스&톡캡스,https://www.phytonutri.kr/goods/goods_view.php?goodsNo=1000000281,4.9,14386,0,0,"{'0': ['만족도', '성분']}",[],[]
96022,124,5,smart_store,스마트스토어,우유를 완전 거부하는 아기에요ㅠㅠ 소아과 상담하니 오메가3 보충해주라기에 샀어요 거부감없네요,2026-04-28T19:16:53+09:00,2026-04-28,네이버 스마트스토어 구****,5,True,1,1,https://assets6.cre.ma/p/phytonutri-kr/reviews/00/00/09/60/22/image1/dd6ecd379181be56.webp,1000000281,지니어스뉴 드롭스&톡캡스,https://www.phytonutri.kr/goods/goods_view.php?goodsNo=1000000281,4.9,14386,0,0,"{'1': ['만족도'], '0': ['성분']}",[],[]
96023,124,5,smart_store,스마트스토어,에구 오일 산다는걸 밤을 시켰네요ㅎ 둘다 크게 차이없는거같아서 그냥 맥여야할듯,2026-04-28T19:11:22+09:00,2026-04-28,네이버 스마트스토어 구****,5,True,1,1,https://assets6.cre.ma/p/phytonutri-kr/reviews/00/00/09/60/23/image1/29d80040798b790f.webp,1000000325,투데이디3 for baby,https://www.phytonutri.kr/goods/goods_view.php?goodsNo=1000000325,4.9,3634,0,0,{'0': ['만족도']},[],[]
96024,124,5,smart_store,스마트스토어,"첫구매  후에 애기 생각에
추가구매중입니다",2026-04-28T19:06:46+09:00,2026-04-28,네이버 스마트스토어 구****,5,True,1,1,https://assets6.cre.ma/p/phytonutri-kr/reviews/00/00/09/60/24/image1/745757883e0e02a7.webp,1000000297,"그로우뉴 아이 유기농칼슘&마그네슘 비타민D,k2,망간",https://www.phytonutri.kr/goods/goods_view.php?goodsNo=1000000297,4.9,4844,0,0,{'1': ['만족도']},[],[]
96025,124,5,smart_store,스마트스토어,7개월 아기 먹이려고 샀어요! 잘먹으니 좋네요👍🏻,2026-04-28T18:59:18+09:00,2026-04-28,네이버 스마트스토어 구****,5,True,1,1,https://assets6.cre.ma/p/phytonutri-kr/reviews/00/00/09/60/25/image1/84762df2f16a92b9.webp,1000000281,지니어스뉴 드롭스&톡캡스,https://www.phytonutri.kr/goods/goods_view.php?goodsNo=1000000281,4.9,14386,0,0,{'1': ['만족도']},[],[]
96026,124,5,smart_store,스마트스토어,배송 빠릅니다!! 잘 먹일게요!! 많이 많이 파세요,2026-04-28T18:53:18+09:00,2026-04-28,네이버 스마트스토어 구****,5,True,1,1,https://assets6.cre.ma/p/phytonutri-kr/reviews/00/00/09/60/26/image1/882078e4999170b3.webp,1000000325,투데이디3 for baby,https://www.phytonutri.kr/goods/goods_view.php?goodsNo=1000000325,4.9,3634,0,0,"{'1': ['만족도', '배송']}",[],[]
96027,124,5,smart_store,스마트스토어,"아이 영양제 일주일동안 서치했어요 
일단 분말형 액상형 젤리형 아이가 뭘 잘먹을지 몰라 고민하다 유산균도 분말이라 분말형으로 정하고 찾다가 성분좋아서 선택했어요! 후기에 잘안먹는다는 것도 봤는데 아침 오트밀에 섞어줘야겠다 했는제 가루로도 잘먹어요 사탕이라고 좋아해요 ㅎㅎ 잘 안먹을까봐 두달분만 구매 했는데 다 떨어지면 몇박스 더 사야겠어요 그때도 꼭 이벤트 해주세용☺️",2026-04-28T18:44:18+09:00,2026-04-28,네이버 스마트스토어 구****,5,True,1,1,https://assets6.cre.ma/p/phytonutri-kr/reviews/00/00/09/60/27/image1/04ffa3e5b4b4702a.webp,1000000297,"그로우뉴 아이 유기농칼슘&마그네슘 비타민D,k2,망간",https://www.phytonutri.kr/goods/goods_view.php?goodsNo=1000000297,4.9,4844,0,0,"{'1': ['만족도', '성분']}",[],[]
96028,124,4,smart_store,스마트스토어,"배송빠르고 제품상태좋아요
근데 30개들이 한통이되면좋겠어요",2026-04-28T18:29:11+09:00,2026-04-28,네이버 스마트스토어 구****,5,True,1,1,https://assets6.cre.ma/p/phytonutri-kr/reviews/00/00/09/60/28/image1/176531824713a032.webp,1000000281,지니어스뉴 드롭스&톡캡스,https://www.phytonutri.kr/goods/goods_view.php?goodsNo=1000000281,4.9,14386,0,0,"{'1': ['만족도', '배송', '제품상태'], '-1': ['용량']}",[],[]
96029,124,4,smart_store,스마트스토어,아기가 잘먹고 뱉지않아서 좋아요 꾸준히 시키고잇어요!! 배송만 빠르게 오면 좋을것같아요ㅠㅠ,2026-04-28T18:23:27+09:00,2026-04-28,네이버 스마트스토어 구****,5,False,0,0,,1000000325,투데이디3 for baby,https://www.phytonutri.kr/goods/goods_view.php?goodsNo=1000000325,4.9,3634,0,0,"{'1': ['만족도', '식감'], '-1': ['배송']}",[],[]
96030,125,5,smart_store,스마트스토어,늘 믿고 먹는 지니어스뉴 좋습니다,2026-04-28T18:03:20+09:00,2026-04-28,네이버 스마트스토어 구****,5,True,1,1,https://assets6.cre.ma/p/phytonutri-kr/reviews/00/00/09/60/30/image1/d9e7d9faa374e241.webp,1000000379,지니어스뉴 키즈 국내 유일 스퀴즈 짜먹는 어린이 오메가3 DHA ALA 콜린 올로메가,https://www.phytonutri.kr/goods/goods_view.php?goodsNo=1000000379,4.6,127,0,0,{'1': ['만족도']},[],[]
96031,125,5,smart_store,스마트스토어,포장도 좋고 얘기도 잘먹어서 좋아요,2026-04-28T17:22:18+09:00,2026-04-28,네이버 스마트스토어 구****,5,True,1,1,https://assets6.cre.ma/p/phytonutri-kr/reviews/00/00/09/60/31/image1/12241ca6c75ca360.webp,1000000325,투데이디3 for baby,https://www.phytonutri.kr/goods/goods_view.php?goodsNo=1000000325,4.9,3634,0,0,"{'1': ['만족도', '포장', '맛']}",[],[]
96032,125,5,smart_store,스마트스토어,떨어지지않게끔 구비해서 먹이고있습니다. 듀스류 안주는데 이거눈 아연함유돼있어서 챙겨먹여요.,2026-04-28T17:20:27+09:00,2026-04-28,네이버 스마트스토어 구****,5,True,1,1,https://assets6.cre.ma/p/phytonutri-kr/reviews/00/00/09/60/32/image1/cfe84fb426002bc2.webp,1000000342,이트뮨 아이 배도라지즙&엘더베리사과주스,https://www.phytonutri.kr/goods/goods_view.php?goodsNo=1000000342,4.9,609,0,0,"{'0': ['만족도', '성분']}",[],[]
96033,125,5,smart_store,스마트스토어,"그로우뉴 먹이고 있었는데 오메가3 중요성에 대해서 알아보면서 같이 주문하게 됐어요
한 이주일 먹이고 있는데 아직 큰 차이는 모르겠지만 평생먹는 영양제려니 생각하고 먹입니다ㅎㅎ
아직 말이 안트였는데 다른 리뷰들 보면서 저희 아기도 효○ 있었으몀 좋겠네요",2026-04-28T17:15:14+09:00,2026-04-28,네이버 스마트스토어 구****,5,True,1,1,https://assets6.cre.ma/p/phytonutri-kr/reviews/00/00/09/60/33/image1/d6d31e0f2c599b4f.webp,1000000298,지니어스뉴 + 그로우뉴 세트,https://www.phytonutri.kr/goods/goods_view.php?goodsNo=1000000298,4.9,1413,0,0,"{'0': ['만족도', '효과']}",[],[]
96034,125,5,smart_store,스마트스토어,조아요 조아요 조아요,2026-04-28T16:59:30+09:00,2026-04-28,네이버 스마트스토어 구****,5,False,0,0,,1000000297,"그로우뉴 아이 유기농칼슘&마그네슘 비타민D,k2,망간",https://www.phytonutri.kr/goods/goods_view.php?goodsNo=1000000297,4.9,4844,0,0,{'1': ['만족도']},[],[]
96035,125,5,smart_store,스마트스토어,정말 너무너무 좋네요,2026-04-28T16:59:24+09:00,2026-04-28,네이버 스마트스토어 구****,5,False,0,0,,1000000325,투데이디3 for baby,https://www.phytonutri.kr/goods/goods_view.php?goodsNo=1000000325,4.9,3634,0,0,{'2': ['만족도']},[],[]
96036,125,5,smart_store,스마트스토어,"아직 좋은점은 모르겠지만, 아이 잘 먹여볼게요",2026-04-28T16:47:57+09:00,2026-04-28,네이버 스마트스토어 구****,5,True,1,1,https://assets6.cre.ma/p/phytonutri-kr/reviews/00/00/09/60/36/image1/6640174b7ee27686.webp,1000000281,지니어스뉴 드롭스&톡캡스,https://www.phytonutri.kr/goods/goods_view.php?goodsNo=1000000281,4.9,14386,0,0,{'0': ['만족도']},[],[]
96037,125,5,smart_store,스마트스토어,"아이 영양제로 이것저것 따져보고 샀어요. 
아이가 맛에 좀 예민해서 안먹으면 어쩌지 걱정했는데  다행이 잘먹어요~",2026-04-28T16:47:08+09:00,2026-04-28,네이버 스마트스토어 구****,5,True,1,1,https://assets6.cre.ma/p/phytonutri-kr/reviews/00/00/09/60/37/image1/11960520b8df247a.webp,1000000379,지니어스뉴 키즈 국내 유일 스퀴즈 짜먹는 어린이 오메가3 DHA ALA 콜린 올로메가,https://www.phytonutri.kr/goods/goods_view.php?goodsNo=1000000379,4.6,127,0,0,"{'1': ['만족도', '맛']}",[],[]
96038,125,5,smart_store,스마트스토어,입고지연이래서 배송 늦을거라 생각햇는데 빨리 왔어요~ 밤타입이라 그냥 숟가락에 짜서 먹이는데 잘먹고 잠도 잘자요,2026-04-28T16:31:36+09:00,2026-04-28,네이버 스마트스토어 구****,5,True,1,1,https://assets6.cre.ma/p/phytonutri-kr/reviews/00/00/09/60/38/image1/f982d8e9d4bb74ad.webp,1000000325,투데이디3 for baby,https://www.phytonutri.kr/goods/goods_view.php?goodsNo=1000000325,4.9,3634,0,0,"{'1': ['만족도', '배송', '효과']}",[],[]
96039,125,5,smart_store,스마트스토어,"두뇌발달에 조금이지만 지속적으로 효○보고있어요
특히 아기가 어리면 어릴수록 두뇌에 좋습니다~!",2026-04-28T16:01:59+09:00,2026-04-28,네이버 스마트스토어 구****,5,True,1,1,https://assets6.cre.ma/p/phytonutri-kr/reviews/00/00/09/60/39/image1/c1adef217428d18b.webp,1000000298,지니어스뉴 + 그로우뉴 세트,https://www.phytonutri.kr/goods/goods_view.php?goodsNo=1000000298,4.9,1413,0,0,"{'1': ['만족도', '효과']}",[],[]
96040,125,5,smart_store,스마트스토어,아기유산균으로 유명해서 한번 구매해봤어요 변도 잘보고 좋아요,2026-04-28T15:47:02+09:00,2026-04-28,네이버 스마트스토어 구****,5,False,0,0,,1000000375,데이프로바 + 투데이디3 세트,https://www.phytonutri.kr/goods/goods_view.php?goodsNo=1000000375,4.9,139,0,0,"{'1': ['만족도', '효과']}",[],[]
96041,125,4,smart_store,스마트스토어,아기먹이려고 샀어요! 근데 애기가 먹기힘들어하긴해오.. 일단 오일리해서 먹고 입주변 닦을때 물티슈가 꼭 있어야되고 냄새도 좀 나요~,2026-04-28T15:34:08+09:00,2026-04-28,네이버 스마트스토어 구****,5,True,1,1,https://assets6.cre.ma/p/phytonutri-kr/reviews/00/00/09/60/41/image1/9efb25490f46d5b8.webp,1000000325,투데이디3 for baby,https://www.phytonutri.kr/goods/goods_view.php?goodsNo=1000000325,4.9,3634,0,0,"{'-1': ['만족도', '냄새', '식감']}",[],[]
96042,125,5,smart_store,스마트스토어,좋아요 믿고 먹이고 있어요,2026-04-28T15:26:20+09:00,2026-04-28,네이버 스마트스토어 구****,5,True,1,1,https://assets6.cre.ma/p/phytonutri-kr/reviews/00/00/09/60/42/image1/10a80a6b2d841777.webp,1000000281,지니어스뉴 드롭스&톡캡스,https://www.phytonutri.kr/goods/goods_view.php?goodsNo=1000000281,4.9,14386,0,0,{'1': ['만족도']},[],[]
96043,125,5,smart_store,스마트스토어,배송 잘 받았습니다. 제품 좋아요.,2026-04-28T15:16:24+09:00,2026-04-28,네이버 스마트스토어 구****,5,True,1,1,https://assets6.cre.ma/p/phytonutri-kr/reviews/00/00/09/60/43/image1/d2428b2a35d76457.webp,1000000281,지니어스뉴 드롭스&톡캡스,https://www.phytonutri.kr/goods/goods_view.php?goodsNo=1000000281,4.9,14386,0,0,{'1': ['만족도']},[],[]
96044,125,5,smart_store,스마트스토어,배송 지연으로 3주나 늦게 받았지만 응대나 빠른 회신 등이 좋았어요!!,2026-04-28T15:15:59+09:00,2026-04-28,네이버 스마트스토어 구****,5,False,0,0,,1000000325,투데이디3 for baby,https://www.phytonutri.kr/goods/goods_view.php?goodsNo=1000000325,4.9,3634,0,0,"{'1': ['만족도'], '0': ['배송']}",[],[]
96045,125,5,smart_store,스마트스토어,사용하기 편리해서 좋아요.,2026-04-28T15:13:41+09:00,2026-04-28,네이버 스마트스토어 구****,5,True,1,1,https://assets6.cre.ma/p/phytonutri-kr/reviews/00/00/09/60/45/image1/81bf55fc3f663a2f.webp,1000000325,투데이디3 for baby,https://www.phytonutri.kr/goods/goods_view.php?goodsNo=1000000325,4.9,3634,0,0,"{'1': ['만족도', '편의성']}",[],[]
96046,125,5,smart_store,스마트스토어,"오메가3. 좋다고 해서 먹이고 있어요, 아이가 거부감 없이 먹어줘서 재구매했어요ㅎ",2026-04-28T14:22:04+09:00,2026-04-28,네이버 스마트스토어 구****,5,True,1,1,https://assets6.cre.ma/p/phytonutri-kr/reviews/00/00/09/60/46/image1/9fd3cab5e5a8c565.webp,1000000281,지니어스뉴 드롭스&톡캡스,https://www.phytonutri.kr/goods/goods_view.php?goodsNo=1000000281,4.9,14386,0,0,{'2': ['만족도']},[],[]
96047,125,5,smart_store,스마트스토어,잘 먹이고 있어요~,2026-04-28T13:52:03+09:00,2026-04-28,네이버 스마트스토어 구****,5,True,1,1,https://assets6.cre.ma/p/phytonutri-kr/reviews/00/00/09/60/47/image1/b7c440eb8e95b247.webp,1000000281,지니어스뉴 드롭스&톡캡스,https://www.phytonutri.kr/goods/goods_view.php?goodsNo=1000000281,4.9,14386,0,0,{'1': ['만족도']},[],[]
95976,125,5,,자사몰(고도몰),"저렴한 가격에 좋은 오메가3 구매했습니다 ! 
확실히 어취도 없고 좋은 원료를 사용했다고 해서 믿음이 가요ㅎㅎ 부모님도 사드려야 겠어요 ~",2026-04-28T13:42:51+09:00,2026-04-28,양****,10,True,1,1,https://assets6.cre.ma/p/phytonutri-kr/reviews/00/00/09/59/76/image1/0a39fa5b62fbe954.webp,1000000398,KD 파마 듀얼 초임계 rTG 오메가3,https://www.phytonutri.kr/goods/goods_view.php?goodsNo=1000000398,4.9,121,0,0,"{'1': ['만족도', '가격', '품질', '냄새']}","[{'name': '구매옵션', 'value': 'KD파마 듀얼 오메가3 6개월분x2(총12개월분)'}]","[{'name': '성별', 'value': '여성'}, {'name': '연령대', 'value': '30대'}]"
95977,125,5,,자사몰(고도몰),"아직 남은영양제가 있어서 곧 섭취예정이에요.
기대됩니다!!",2026-04-28T13:23:02+09:00,2026-04-28,skca******,5,True,1,1,https://assets6.cre.ma/p/phytonutri-kr/reviews/00/00/09/59/77/image1/493d74735316cfef.webp,1000000401,옥토피아 X 파이토뉴트리 (PHYTONUTRI),https://www.phytonutri.kr/goods/goods_view.php?goodsNo=1000000401,5.0,7,0,0,{'0': ['만족도']},[],[]
96048,126,5,smart_store,스마트스토어,떨어지지않게 재구매하고잇어요!!,2026-04-28T13:07:16+09:00,2026-04-28,네이버 스마트스토어 구****,5,True,1,1,https://assets6.cre.ma/p/phytonutri-kr/reviews/00/00/09/60/48/image1/88ccc9c0ecb33946.webp,1000000281,지니어스뉴 드롭스&톡캡스,https://www.phytonutri.kr/goods/goods_view.php?goodsNo=1000000281,4.9,14386,0,0,{'2': ['만족도']},[],[]
96049,126,5,smart_store,스마트스토어,재구매만 여러번이네요~안심하고 먹일수있어서좋아요,2026-04-28T12:58:41+09:00,2026-04-28,네이버 스마트스토어 구****,5,False,0,0,,1000000281,지니어스뉴 드롭스&톡캡스,https://www.phytonutri.kr/goods/goods_view.php?goodsNo=1000000281,4.9,14386,0,0,{'2': ['만족도']},[],[]
96050,126,5,smart_store,스마트스토어,아기가 다행히 잘 먹어요,2026-04-28T12:58:00+09:00,2026-04-28,네이버 스마트스토어 구****,5,True,1,1,https://assets6.cre.ma/p/phytonutri-kr/reviews/00/00/09/60/50/image1/c6bb5c717d61cfd9.webp,1000000281,지니어스뉴 드롭스&톡캡스,https://www.phytonutri.kr/goods/goods_view.php?goodsNo=1000000281,4.9,14386,0,0,{'1': ['만족도']},[],[]
96051,126,5,smart_store,스마트스토어,좋아요좋아요좋아요좋아요,2026-04-28T12:35:47+09:00,2026-04-28,네이버 스마트스토어 구****,5,True,1,1,https://assets6.cre.ma/p/phytonutri-kr/reviews/00/00/09/60/51/image1/8ec399d9fbab22a2.webp,1000000342,이트뮨 아이 배도라지즙&엘더베리사과주스,https://www.phytonutri.kr/goods/goods_view.php?goodsNo=1000000342,4.9,609,0,0,{'1': ['만족도']},[],[]
96052,126,5,smart_store,스마트스토어,잘녹지않아서 침전물이생기는거빼면 괜찮아요,2026-04-28T12:29:38+09:00,2026-04-28,네이버 스마트스토어 구****,5,False,0,0,,1000000297,"그로우뉴 아이 유기농칼슘&마그네슘 비타민D,k2,망간",https://www.phytonutri.kr/goods/goods_view.php?goodsNo=1000000297,4.9,4844,0,0,"{'1': ['만족도'], '-1': ['품질']}",[],[]
96053,126,5,smart_store,스마트스토어,개별로 되어있어서 너무너무 편했고 외출시에도 빼먹지 않고 챙길수있을 것 같아요~ 아이 거부반응이 있을 까를 제일 염려했는데 분유에 타도 이유식에 섞여먹어도 거부반응 없없습니다,2026-04-28T12:17:09+09:00,2026-04-28,네이버 스마트스토어 구****,5,False,0,0,,1000000281,지니어스뉴 드롭스&톡캡스,https://www.phytonutri.kr/goods/goods_view.php?goodsNo=1000000281,4.9,14386,0,0,"{'1': ['만족도'], '2': ['편의성']}",[],[]
96054,126,5,smart_store,스마트스토어,"이유식 먹일때 섞어줬는데
깨끗이 잘 먹습니다
영양제가 아무리 좋아도
안먹어주면 안되잖아요 ㅎㅎ
이건 맛이 크게 이상하지않아서 잘 먹어요",2026-04-28T12:16:50+09:00,2026-04-28,네이버 스마트스토어 구****,5,True,1,1,https://assets6.cre.ma/p/phytonutri-kr/reviews/00/00/09/60/54/image1/c7b2c5dae964038b.webp,1000000281,지니어스뉴 드롭스&톡캡스,https://www.phytonutri.kr/goods/goods_view.php?goodsNo=1000000281,4.9,14386,0,0,"{'1': ['만족도'], '0': ['맛']}",[],[]
96055,126,5,smart_store,스마트스토어,스포이드를 아이 입에 닿지않게 넣어주는데 잘 먹고 재미있어해서 급여가 힘들지 않아요. 믿고 꾸준히 먹입니다 .,2026-04-28T11:56:30+09:00,2026-04-28,네이버 스마트스토어 구****,5,True,1,1,https://assets6.cre.ma/p/phytonutri-kr/reviews/00/00/09/60/55/image1/32dcb98a7029241c.webp,1000000281,지니어스뉴 드롭스&톡캡스,https://www.phytonutri.kr/goods/goods_view.php?goodsNo=1000000281,4.9,14386,0,0,{'1': ['만족도']},[],[]
95978,126,5,,자사몰(고도몰),부모님 선물드리니 좋아하시네요.,2026-04-28T11:54:07+09:00,2026-04-28,junh******,5,False,0,0,,1000000029,[단종] 조인트리션 릴리버,https://www.phytonutri.kr/goods/goods_view.php?goodsNo=1000000029,4.7,358,0,0,{'1': ['만족도']},[],[]
96056,126,5,smart_store,스마트스토어,아주만족을합니다아요이요,2026-04-28T11:21:43+09:00,2026-04-28,네이버 스마트스토어 구****,5,True,1,1,https://assets6.cre.ma/p/phytonutri-kr/reviews/00/00/09/60/56/image1/e323f2fba602dc9f.webp,1000000281,지니어스뉴 드롭스&톡캡스,https://www.phytonutri.kr/goods/goods_view.php?goodsNo=1000000281,4.9,14386,0,0,{'2': ['만족도']},[],[]
96057,126,5,smart_store,스마트스토어,아기 영양제에 조은거같아요,2026-04-28T10:34:53+09:00,2026-04-28,네이버 스마트스토어 구****,5,True,1,1,https://assets6.cre.ma/p/phytonutri-kr/reviews/00/00/09/60/57/image1/fa518b348101eaa8.webp,1000000281,지니어스뉴 드롭스&톡캡스,https://www.phytonutri.kr/goods/goods_view.php?goodsNo=1000000281,4.9,14386,0,0,{'1': ['만족도']},[],[]
96058,126,3,smart_store,스마트스토어,"아직 안먹여봤는데 기대됩니다
천재되는거 아니가",2026-04-28T10:11:02+09:00,2026-04-28,네이버 스마트스토어 구****,5,True,1,1,https://assets6.cre.ma/p/phytonutri-kr/reviews/00/00/09/60/58/image1/1cbe8fe378be8f8c.webp,1000000281,지니어스뉴 드롭스&톡캡스,https://www.phytonutri.kr/goods/goods_view.php?goodsNo=1000000281,4.9,14386,0,0,{'0': ['만족도']},[],[]
95915,126,5,smart_store,스마트스토어,이유식에 섞어서 먹였는데 평소처럼 잘 먹어서 만족합니다,2026-04-28T09:43:40+09:00,2026-04-28,네이버 스마트스토어 구****,5,False,0,0,,1000000297,"그로우뉴 아이 유기농칼슘&마그네슘 비타민D,k2,망간",https://www.phytonutri.kr/goods/goods_view.php?goodsNo=1000000297,4.9,4844,0,0,{'1': ['만족도']},[],[]
95916,126,5,smart_store,스마트스토어,아기한테 너무 잘맞아요,2026-04-28T09:41:01+09:00,2026-04-28,네이버 스마트스토어 구****,5,False,0,0,,1000000281,지니어스뉴 드롭스&톡캡스,https://www.phytonutri.kr/goods/goods_view.php?goodsNo=1000000281,4.9,14386,0,0,{'1': ['만족도']},[],[]
95917,126,5,smart_store,스마트스토어,너무너무좋아요♡♡♡,2026-04-28T09:40:43+09:00,2026-04-28,네이버 스마트스토어 구****,5,False,0,0,,1000000281,지니어스뉴 드롭스&톡캡스,https://www.phytonutri.kr/goods/goods_view.php?goodsNo=1000000281,4.9,14386,0,0,{'2': ['만족도']},[],[]
95918,126,5,smart_store,스마트스토어,너무 좋아요♡♡♡♡♡,2026-04-28T09:40:25+09:00,2026-04-28,네이버 스마트스토어 구****,5,False,0,0,,1000000281,지니어스뉴 드롭스&톡캡스,https://www.phytonutri.kr/goods/goods_view.php?goodsNo=1000000281,4.9,14386,0,0,{'2': ['만족도']},[],[]
95919,126,5,smart_store,스마트스토어,아기한테 너무 좋아요♡,2026-04-28T09:39:21+09:00,2026-04-28,네이버 스마트스토어 구****,5,False,0,0,,1000000281,지니어스뉴 드롭스&톡캡스,https://www.phytonutri.kr/goods/goods_view.php?goodsNo=1000000281,4.9,14386,0,0,{'2': ['만족도']},[],[]
95920,126,5,smart_store,스마트스토어,아이가 거부없이 잘 먹어요!,2026-04-28T09:21:22+09:00,2026-04-28,네이버 스마트스토어 구****,5,True,1,1,https://assets6.cre.ma/p/phytonutri-kr/reviews/00/00/09/59/20/image1/78d2b1e929eb1ac9.webp,1000000325,투데이디3 for baby,https://www.phytonutri.kr/goods/goods_view.php?goodsNo=1000000325,4.9,3634,0,0,{'1': ['만족도']},[],[]
95921,126,5,smart_store,스마트스토어,"모유수유하는 데도 먹이기 푠하네용
유산균도 같이 들어있었르면 더 좋겟어요",2026-04-28T09:08:27+09:00,2026-04-28,네이버 스마트스토어 구****,5,True,1,1,https://assets6.cre.ma/p/phytonutri-kr/reviews/00/00/09/59/21/image1/c6ca4a0a45d071df.webp,1000000325,투데이디3 for baby,https://www.phytonutri.kr/goods/goods_view.php?goodsNo=1000000325,4.9,3634,0,0,"{'1': ['만족도'], '-1': ['성분']}",[],[]
95913,126,5,,자사몰(고도몰),"나이가 있어 건조증도 생기고 노안이 올까봐 매일 챙겨먹고있어요.
아직은 또래보다 노안은 늦게 오는거 같아 꾸준히 몇년째 복용중이네요.
소분해서 가방에 꼭 넣어다녀요",2026-04-28T01:28:32+09:00,2026-04-28,심****,10,True,1,1,https://assets6.cre.ma/p/phytonutri-kr/reviews/00/00/09/59/13/image1/30fe9e5b00fdb41b.webp,1000000031,오큘라레이드+,https://www.phytonutri.kr/goods/goods_view.php?goodsNo=1000000031,4.7,638,0,0,{'1': ['만족도']},"[{'name': '구매옵션', 'value': '오큘라레이드 2개월분'}]","[{'name': '성별', 'value': '여성'}, {'name': '연령대', 'value': '40대'}]"
95922,127,5,smart_store,스마트스토어,아기가 잘 먹어요. 저도 먹어보니 괜찮아요. 드롭형은 쓰다보면 오일이 병에 새서 늘 찝찝했는데 늘 깔끔하게 먹을 수 있어 안심이 됩니다.,2026-04-27T23:58:12+09:00,2026-04-27,네이버 스마트스토어 구****,5,True,1,1,https://assets6.cre.ma/p/phytonutri-kr/reviews/00/00/09/59/22/image1/52e0db31e88deeb3.webp,1000000325,투데이디3 for baby,https://www.phytonutri.kr/goods/goods_view.php?goodsNo=1000000325,4.9,3634,0,0,"{'1': ['만족도', '포장']}",[],[]
95923,127,5,smart_store,스마트스토어,"먹이기 편해요~배송도 빠릅니다!
만족합니다~",2026-04-27T23:47:02+09:00,2026-04-27,네이버 스마트스토어 구****,5,True,1,1,https://assets6.cre.ma/p/phytonutri-kr/reviews/00/00/09/59/23/image1/c16131af9b2d70ce.webp,1000000281,지니어스뉴 드롭스&톡캡스,https://www.phytonutri.kr/goods/goods_view.php?goodsNo=1000000281,4.9,14386,0,0,"{'1': ['만족도', '배송', '편의성']}",[],[]
95924,127,5,smart_store,스마트스토어,면력이 걱정되서 먹이고있어요,2026-04-27T23:37:36+09:00,2026-04-27,네이버 스마트스토어 구****,5,False,0,0,,1000000391,이트뮨 엘더베리사과주스,https://www.phytonutri.kr/goods/goods_view.php?goodsNo=1000000391,5.0,20,0,0,{'0': ['만족도']},[],[]
95925,127,5,smart_store,스마트스토어,질먹고 있어요 맛도 있어서 잘 먹는거 같아요,2026-04-27T23:15:00+09:00,2026-04-27,네이버 스마트스토어 구****,5,True,1,1,https://assets6.cre.ma/p/phytonutri-kr/reviews/00/00/09/59/25/image1/e790a4790178e219.webp,1000000297,"그로우뉴 아이 유기농칼슘&마그네슘 비타민D,k2,망간",https://www.phytonutri.kr/goods/goods_view.php?goodsNo=1000000297,4.9,4844,0,0,"{'1': ['만족도', '맛']}",[],[]
95926,127,5,smart_store,스마트스토어,아이한테 먹이고 있어요,2026-04-27T23:10:32+09:00,2026-04-27,네이버 스마트스토어 구****,5,True,1,1,https://assets6.cre.ma/p/phytonutri-kr/reviews/00/00/09/59/26/image1/104ae22576965d71.webp,1000000325,투데이디3 for baby,https://www.phytonutri.kr/goods/goods_view.php?goodsNo=1000000325,4.9,3634,0,0,{'0': ['만족도']},[],[]
95927,127,5,smart_store,스마트스토어,효○가 좋으면 좋겠어요!!,2026-04-27T23:02:26+09:00,2026-04-27,네이버 스마트스토어 구****,5,True,1,1,https://assets6.cre.ma/p/phytonutri-kr/reviews/00/00/09/59/27/image1/4e4b390f748bd81b.webp,1000000281,지니어스뉴 드롭스&톡캡스,https://www.phytonutri.kr/goods/goods_view.php?goodsNo=1000000281,4.9,14386,0,0,{'0': ['만족도']},[],[]
95928,127,5,smart_store,스마트스토어,꾸준히먹이구잇어요 편리하기도해서 넘넘좋아요,2026-04-27T22:13:05+09:00,2026-04-27,네이버 스마트스토어 구****,5,True,1,1,https://assets6.cre.ma/p/phytonutri-kr/reviews/00/00/09/59/28/image1/bf9cb93014c0365b.webp,1000000281,지니어스뉴 드롭스&톡캡스,https://www.phytonutri.kr/goods/goods_view.php?goodsNo=1000000281,4.9,14386,0,0,"{'2': ['만족도'], '1': ['편의성']}",[],[]
95929,127,5,smart_store,스마트스토어,먹이기 아주 편합니다.,2026-04-27T22:02:20+09:00,2026-04-27,네이버 스마트스토어 구****,5,True,1,1,https://assets6.cre.ma/p/phytonutri-kr/reviews/00/00/09/59/29/image1/fa4981f63f573d90.webp,1000000281,지니어스뉴 드롭스&톡캡스,https://www.phytonutri.kr/goods/goods_view.php?goodsNo=1000000281,4.9,14386,0,0,"{'1': ['만족도', '편의성']}",[],[]
95930,127,5,smart_store,스마트스토어,아기가 먹고 변 상태가. 너무좋아요,2026-04-27T21:24:39+09:00,2026-04-27,네이버 스마트스토어 구****,5,True,1,1,https://assets6.cre.ma/p/phytonutri-kr/reviews/00/00/09/59/30/image1/ea3f826b16a3869c.webp,1000000281,지니어스뉴 드롭스&톡캡스,https://www.phytonutri.kr/goods/goods_view.php?goodsNo=1000000281,4.9,14386,0,0,"{'2': ['만족도', '효과']}",[],[]
95931,127,5,smart_store,스마트스토어,아기가 제품먹고 변 상태가. 너무좋아요,2026-04-27T21:23:00+09:00,2026-04-27,네이버 스마트스토어 구****,5,True,1,1,https://assets6.cre.ma/p/phytonutri-kr/reviews/00/00/09/59/31/image1/dd0d4dc08f43493a.webp,1000000281,지니어스뉴 드롭스&톡캡스,https://www.phytonutri.kr/goods/goods_view.php?goodsNo=1000000281,4.9,14386,0,0,"{'2': ['만족도', '효과']}",[],[]
95932,127,5,smart_store,스마트스토어,아이들의 건강의 도움이 되길빌어요^^,2026-04-27T21:22:05+09:00,2026-04-27,네이버 스마트스토어 구****,5,False,0,0,,1000000281,지니어스뉴 드롭스&톡캡스,https://www.phytonutri.kr/goods/goods_view.php?goodsNo=1000000281,4.9,14386,0,0,{'0': ['만족도']},[],[]
95933,127,5,smart_store,스마트스토어,개별포장이라 위생적이고 맛있는지 아이가 잘먹어요!!,2026-04-27T20:54:08+09:00,2026-04-27,네이버 스마트스토어 구****,5,True,1,1,https://assets6.cre.ma/p/phytonutri-kr/reviews/00/00/09/59/33/image1/a221988b6487419f.webp,1000000375,데이프로바 + 투데이디3 세트,https://www.phytonutri.kr/goods/goods_view.php?goodsNo=1000000375,4.9,139,0,0,"{'1': ['만족도', '포장', '맛']}",[],[]
95934,127,5,smart_store,스마트스토어,"아기도 잘 먹구 만족도 높아요 !
계속 재구매 의사 있습니다:)",2026-04-27T20:53:41+09:00,2026-04-27,네이버 스마트스토어 구****,5,True,1,1,https://assets6.cre.ma/p/phytonutri-kr/reviews/00/00/09/59/34/image1/44594f3224f89c67.webp,1000000325,투데이디3 for baby,https://www.phytonutri.kr/goods/goods_view.php?goodsNo=1000000325,4.9,3634,0,0,{'2': ['만족도']},[],[]
95935,127,5,smart_store,스마트스토어,아이가 잘 먹어요ㅠ정말,2026-04-27T20:32:49+09:00,2026-04-27,네이버 스마트스토어 구****,5,False,0,0,,1000000342,이트뮨 아이 배도라지즙&엘더베리사과주스,https://www.phytonutri.kr/goods/goods_view.php?goodsNo=1000000342,4.9,609,0,0,{'1': ['만족도']},[],[]
95936,127,5,smart_store,스마트스토어,너무 좋습니다 위생상  간편하게 먹일 수 있어 좋아요 특히  산패될 걱정없어서좋아요 그리고 유통기한도  길고  가격도  나쁘지 않아서  재구매 의사  표현합니다  혹시 어른도 먹어도 되는가요?,2026-04-27T20:02:36+09:00,2026-04-27,네이버 스마트스토어 구****,5,True,1,1,https://assets6.cre.ma/p/phytonutri-kr/reviews/00/00/09/59/36/image1/e7c8ddbffbcf042b.webp,1000000325,투데이디3 for baby,https://www.phytonutri.kr/goods/goods_view.php?goodsNo=1000000325,4.9,3634,0,0,"{'2': ['만족도'], '1': ['가격', '포장', '유통기한', '편의성']}",[],[]
95937,127,5,smart_store,스마트스토어,처음 주문해봣어요 !!,2026-04-27T20:00:08+09:00,2026-04-27,네이버 스마트스토어 구****,5,True,1,1,https://assets6.cre.ma/p/phytonutri-kr/reviews/00/00/09/59/37/image1/5d575871835962ad.webp,1000000281,지니어스뉴 드롭스&톡캡스,https://www.phytonutri.kr/goods/goods_view.php?goodsNo=1000000281,4.9,14386,0,0,{'0': ['만족도']},[],[]
95938,127,5,smart_store,스마트스토어,"오일이  호두 오일로 바꼇다고  알고 있었는데  색상이  조금  탁해지고  호두향이 나는 것  같아요 
오일밤으로  시켰는데  해바라기 오일?  보다  조금  무른 감이 있는 것  같아요 
혹시  오일을  바꾸신  이유가 있을까요!",2026-04-27T19:59:18+09:00,2026-04-27,네이버 스마트스토어 구****,5,True,1,1,https://assets6.cre.ma/p/phytonutri-kr/reviews/00/00/09/59/38/image1/ecf8b0fcf6a4ca0f.webp,1000000325,투데이디3 for baby,https://www.phytonutri.kr/goods/goods_view.php?goodsNo=1000000325,4.9,3634,0,0,"{'-1': ['만족도', '품질'], '0': ['냄새']}",[],[]
95939,127,5,smart_store,스마트스토어,간편하게 먹일수 있어서 좋아요 재구매 의사 있습니다,2026-04-27T19:55:21+09:00,2026-04-27,네이버 스마트스토어 구****,5,False,0,0,,1000000281,지니어스뉴 드롭스&톡캡스,https://www.phytonutri.kr/goods/goods_view.php?goodsNo=1000000281,4.9,14386,0,0,"{'1': ['만족도', '편의성']}",[],[]
95940,127,5,smart_store,스마트스토어,이유식에서는 잘안먹고 분유에 타주면 잘먹네요.,2026-04-27T19:51:44+09:00,2026-04-27,네이버 스마트스토어 구****,5,True,1,1,https://assets6.cre.ma/p/phytonutri-kr/reviews/00/00/09/59/40/image1/28315098b3a0b7d4.webp,1000000297,"그로우뉴 아이 유기농칼슘&마그네슘 비타민D,k2,망간",https://www.phytonutri.kr/goods/goods_view.php?goodsNo=1000000297,4.9,4844,0,0,{'0': ['만족도']},[],[]
95941,127,5,smart_store,스마트스토어,밥에 뿌려줘요 즇어용,2026-04-27T19:27:17+09:00,2026-04-27,네이버 스마트스토어 구****,5,True,1,1,https://assets6.cre.ma/p/phytonutri-kr/reviews/00/00/09/59/41/image1/e06c4a92266d1be4.webp,1000000281,지니어스뉴 드롭스&톡캡스,https://www.phytonutri.kr/goods/goods_view.php?goodsNo=1000000281,4.9,14386,0,0,{'1': ['만족도']},[],[]
95942,128,4,smart_store,스마트스토어,좋대서 먹이는데 비싸고 비린내,2026-04-27T19:25:02+09:00,2026-04-27,네이버 스마트스토어 구****,5,True,1,1,https://assets6.cre.ma/p/phytonutri-kr/reviews/00/00/09/59/42/image1/aad2b4c175e29e35.webp,1000000281,지니어스뉴 드롭스&톡캡스,https://www.phytonutri.kr/goods/goods_view.php?goodsNo=1000000281,4.9,14386,0,0,"{'-1': ['만족도', '가격', '냄새']}",[],[]
95943,128,5,smart_store,스마트스토어,국에 타서 먹이니 먹이기 좋고 참 편해요,2026-04-27T19:08:11+09:00,2026-04-27,네이버 스마트스토어 구****,5,True,1,1,https://assets6.cre.ma/p/phytonutri-kr/reviews/00/00/09/59/43/image1/0c8ac869a1920de2.webp,1000000281,지니어스뉴 드롭스&톡캡스,https://www.phytonutri.kr/goods/goods_view.php?goodsNo=1000000281,4.9,14386,0,0,"{'1': ['만족도', '편의성']}",[],[]
95944,128,5,smart_store,스마트스토어,아이 똥도 잘나오고 너무 좋아요!!,2026-04-27T18:42:21+09:00,2026-04-27,네이버 스마트스토어 구****,5,False,0,0,,1000000375,데이프로바 + 투데이디3 세트,https://www.phytonutri.kr/goods/goods_view.php?goodsNo=1000000375,4.9,139,0,0,"{'2': ['만족도', '효과']}",[],[]
95945,128,5,smart_store,스마트스토어,계속 구매하고있어요 효○는뭔지모르겠지만 오메가3가좋다니 그냥 비싸도 먹이는중입니딘,2026-04-27T18:23:09+09:00,2026-04-27,네이버 스마트스토어 구****,5,True,1,1,https://assets6.cre.ma/p/phytonutri-kr/reviews/00/00/09/59/45/image1/80cec3ce26e8a662.webp,1000000281,지니어스뉴 드롭스&톡캡스,https://www.phytonutri.kr/goods/goods_view.php?goodsNo=1000000281,4.9,14386,0,0,"{'0': ['만족도', '효과'], '-1': ['가격']}",[],[]
95946,128,5,smart_store,스마트스토어,꾸준히먹이고 있는 제품인데 아기도 잘먹어요,2026-04-27T17:56:49+09:00,2026-04-27,네이버 스마트스토어 구****,5,True,1,1,https://assets6.cre.ma/p/phytonutri-kr/reviews/00/00/09/59/46/image1/06acfc2754de5324.webp,1000000297,"그로우뉴 아이 유기농칼슘&마그네슘 비타민D,k2,망간",https://www.phytonutri.kr/goods/goods_view.php?goodsNo=1000000297,4.9,4844,0,0,{'1': ['만족도']},[],[]
95947,128,5,smart_store,스마트스토어,계속 챙겨먹고있어요,2026-04-27T17:50:13+09:00,2026-04-27,네이버 스마트스토어 구****,5,True,1,1,https://assets6.cre.ma/p/phytonutri-kr/reviews/00/00/09/59/47/image1/3c572527ed1cc0f7.webp,1000000403,뉴스데일리베스트 X 파이토뉴트리 맨드로포즈+,https://www.phytonutri.kr/goods/goods_view.php?goodsNo=1000000403,4.7,193,0,0,{'1': ['만족도']},[],[]
95948,128,5,smart_store,스마트스토어,성분 좋아서 구매해요,2026-04-27T17:50:07+09:00,2026-04-27,네이버 스마트스토어 구****,5,False,0,0,,1000000297,"그로우뉴 아이 유기농칼슘&마그네슘 비타민D,k2,망간",https://www.phytonutri.kr/goods/goods_view.php?goodsNo=1000000297,4.9,4844,0,0,"{'1': ['만족도', '성분']}",[],[]
95949,128,5,smart_store,스마트스토어,아기가 부담없이 잘먹어요.^^ 잘 구매한 것 같아요. 친절한 상담도 감사합니다!^^,2026-04-27T17:25:59+09:00,2026-04-27,네이버 스마트스토어 구****,5,True,1,1,https://assets6.cre.ma/p/phytonutri-kr/reviews/00/00/09/59/49/image1/26d4312b105ca591.webp,1000000281,지니어스뉴 드롭스&톡캡스,https://www.phytonutri.kr/goods/goods_view.php?goodsNo=1000000281,4.9,14386,0,0,"{'1': ['만족도', '식감']}",[],[]
95950,128,5,smart_store,스마트스토어,아주 좋은 상품인거 같아요,2026-04-27T17:20:36+09:00,2026-04-27,네이버 스마트스토어 구****,5,False,0,0,,1000000281,지니어스뉴 드롭스&톡캡스,https://www.phytonutri.kr/goods/goods_view.php?goodsNo=1000000281,4.9,14386,0,0,{'2': ['만족도']},[],[]
95951,128,5,smart_store,스마트스토어,"몇번째 구매인지 모르겠어요~! 애기 돌 되자마자 구매해서 이제 25개월입니다. 생선을 충분히 급여하지 못해서 대체품으로 영양제를 찾았고, 만족하는 제품을 만나 다른 제품 쳐다도 안보고 계속 구매해왔어요. 덕분에 애기 두뇌발달도 빠른것같고 정말 애가 똑똑해졌어요ㅠㅠ 두뇌발달 황금기에 이 제품을 만나고 하루 빨리 복용해서 다행이다 싶어요.
다른 영양제는 안먹여도 이 제품 안먹이면 마음이 불안할정도ㅋㅋ; 좋아요. 구매때마다 최대로 구매해서 쟁여놓고 먹입니다! 좀 지나면 둘째꺼도 구매 해야되서 부담이 되긴하겠어요ㅠㅠ가격만 조금 내렸으면 너무 좋겠네요",2026-04-27T17:04:10+09:00,2026-04-27,네이버 스마트스토어 구****,5,True,1,1,https://assets6.cre.ma/p/phytonutri-kr/reviews/00/00/09/59/51/image1/0cf3dc729aecb042.webp,1000000281,지니어스뉴 드롭스&톡캡스,https://www.phytonutri.kr/goods/goods_view.php?goodsNo=1000000281,4.9,14386,0,0,"{'2': ['만족도', '효과'], '-1': ['가격']}",[],[]
95952,128,2,smart_store,스마트스토어,맛이강한지 이유식에타주면 악먹고밷네여,2026-04-27T16:09:28+09:00,2026-04-27,네이버 스마트스토어 구****,5,False,0,0,,1000000297,"그로우뉴 아이 유기농칼슘&마그네슘 비타민D,k2,망간",https://www.phytonutri.kr/goods/goods_view.php?goodsNo=1000000297,4.9,4844,0,0,"{'-1': ['만족도', '맛']}",[],[]
95953,128,5,smart_store,스마트스토어,신생아 모유수유 중인데 비타민D 섭취해야한다고해서 구매했어요 !,2026-04-27T16:07:47+09:00,2026-04-27,네이버 스마트스토어 구****,5,True,1,1,https://assets6.cre.ma/p/phytonutri-kr/reviews/00/00/09/59/53/image1/1605eb3ac137041c.webp,1000000325,투데이디3 for baby,https://www.phytonutri.kr/goods/goods_view.php?goodsNo=1000000325,4.9,3634,0,0,{'0': ['만족도']},[],[]
95954,128,5,smart_store,스마트스토어,"열심히 먹이고 있습니다. 근데, 스포이드가 든 상자를 왕창 잃어버렸네요ㅠㅠ많이 쟁여놨는데ㅠ가벼워서 안 들었다 생각하고 누가 버렸나,, 다들 안 잃어버리게 조심하세요🥲",2026-04-27T15:26:28+09:00,2026-04-27,네이버 스마트스토어 구****,5,True,1,1,https://assets6.cre.ma/p/phytonutri-kr/reviews/00/00/09/59/54/image1/6a720a13c0c7d575.webp,1000000281,지니어스뉴 드롭스&톡캡스,https://www.phytonutri.kr/goods/goods_view.php?goodsNo=1000000281,4.9,14386,0,0,{'0': ['만족도']},[],[]
95955,128,5,smart_store,스마트스토어,"원료에다 면역 증진까지 된다고 하더라구요. 요즘 감기로 고생인데, 열심히 하루 하나씩 먹이려구요. 아이도 아주 맛있게 잘 먹습니다. 더 달라고 해요^^;",2026-04-27T15:24:16+09:00,2026-04-27,네이버 스마트스토어 구****,5,True,1,1,https://assets6.cre.ma/p/phytonutri-kr/reviews/00/00/09/59/55/image1/01dafd81f1ad8d1e.webp,1000000342,이트뮨 아이 배도라지즙&엘더베리사과주스,https://www.phytonutri.kr/goods/goods_view.php?goodsNo=1000000342,4.9,609,0,0,"{'1': ['만족도'], '2': ['맛'], '0': ['효과']}",[],[]
95956,128,5,smart_store,스마트스토어,배송도 빠르고 좋습니다~!!!,2026-04-27T14:27:30+09:00,2026-04-27,네이버 스마트스토어 구****,5,True,1,1,https://assets6.cre.ma/p/phytonutri-kr/reviews/00/00/09/59/56/image1/9f1e6ca9764c05e7.webp,1000000281,지니어스뉴 드롭스&톡캡스,https://www.phytonutri.kr/goods/goods_view.php?goodsNo=1000000281,4.9,14386,0,0,"{'1': ['만족도', '배송']}",[],[]
95957,128,5,smart_store,스마트스토어,잘 먹이고 있습니다:),2026-04-27T13:50:01+09:00,2026-04-27,네이버 스마트스토어 구****,5,True,1,1,https://assets6.cre.ma/p/phytonutri-kr/reviews/00/00/09/59/57/image1/7b802dbabc66db58.webp,1000000325,투데이디3 for baby,https://www.phytonutri.kr/goods/goods_view.php?goodsNo=1000000325,4.9,3634,0,0,{'1': ['만족도']},[],[]
95958,128,5,smart_store,스마트스토어,칼슘 보충하려고 샀어요,2026-04-27T13:27:09+09:00,2026-04-27,네이버 스마트스토어 구****,5,True,1,1,https://assets6.cre.ma/p/phytonutri-kr/reviews/00/00/09/59/58/image1/92ca8aa5f0c4ebb3.webp,1000000297,"그로우뉴 아이 유기농칼슘&마그네슘 비타민D,k2,망간",https://www.phytonutri.kr/goods/goods_view.php?goodsNo=1000000297,4.9,4844,0,0,{'0': ['만족도']},[],[]
95959,128,1,smart_store,스마트스토어,오일이라 애가 먹기를 거부해요 약간 느끼해서 그런지… 이걸 어찌 먹여야하나 고민중이에요. 매번 요거트를 먹일수는 없으니,2026-04-27T13:20:12+09:00,2026-04-27,네이버 스마트스토어 구****,5,False,0,0,,1000000325,투데이디3 for baby,https://www.phytonutri.kr/goods/goods_view.php?goodsNo=1000000325,4.9,3634,0,0,"{'-1': ['만족도', '맛']}",[],[]
95960,128,5,smart_store,스마트스토어,"다른 제품에 오메가3는 ㅜ 좀 역한 냄새가 많이 나서 
좋은기회로 변경해봤는데 아이가 이건 그래도 잘 먹어줘서 꾸준히 먹이고있어요~^^
이걸 먹고 드라마틱한 효○는 아직 모르겠지만 
또 반면에 안좋은건 없는것같아서 먹이고 있어요~^^",2026-04-27T13:14:32+09:00,2026-04-27,네이버 스마트스토어 구****,5,True,1,1,https://assets6.cre.ma/p/phytonutri-kr/reviews/00/00/09/59/60/image1/f0eedb74533c578f.webp,1000000281,지니어스뉴 드롭스&톡캡스,https://www.phytonutri.kr/goods/goods_view.php?goodsNo=1000000281,4.9,14386,0,0,"{'1': ['만족도'], '0': ['냄새', '효과']}",[],[]
95961,128,5,smart_store,스마트스토어,"돌지나고 늘 챙겨주는 제품이에요
얼집가서 점심 건너띄고 아침 저녁으로 챙겨주도 있어요",2026-04-27T12:37:14+09:00,2026-04-27,네이버 스마트스토어 구****,5,True,1,1,https://assets6.cre.ma/p/phytonutri-kr/reviews/00/00/09/59/61/image1/4349de1c7a352380.webp,1000000281,지니어스뉴 드롭스&톡캡스,https://www.phytonutri.kr/goods/goods_view.php?goodsNo=1000000281,4.9,14386,0,0,{'1': ['만족도']},[],[]
95962,129,5,smart_store,스마트스토어,집에서나 외출 시에나 편하게 챙겨 먹일 수 있어서 좋아요,2026-04-27T12:06:54+09:00,2026-04-27,네이버 스마트스토어 구****,5,True,1,1,https://assets6.cre.ma/p/phytonutri-kr/reviews/00/00/09/59/62/image1/9aff6a228a820384.webp,1000000325,투데이디3 for baby,https://www.phytonutri.kr/goods/goods_view.php?goodsNo=1000000325,4.9,3634,0,0,"{'1': ['만족도', '편의성']}",[],[]
95914,129,5,,자사몰(고도몰),"배송 엄청 빠르네요 
꾸준히 잘먹어보겠습니다",2026-04-27T11:54:05+09:00,2026-04-27,vpxl******,5,True,1,1,https://assets6.cre.ma/p/phytonutri-kr/reviews/00/00/09/59/14/image1/9d5c44f2ba5d1d6e.webp,1000000401,옥토피아 X 파이토뉴트리 (PHYTONUTRI),https://www.phytonutri.kr/goods/goods_view.php?goodsNo=1000000401,5.0,7,0,0,"{'1': ['만족도'], '2': ['배송']}",[],[]
95963,129,5,smart_store,스마트스토어,떨어지기전에항상재구매,2026-04-27T11:53:30+09:00,2026-04-27,네이버 스마트스토어 구****,5,False,0,0,,1000000298,지니어스뉴 + 그로우뉴 세트,https://www.phytonutri.kr/goods/goods_view.php?goodsNo=1000000298,4.9,1413,0,0,{'2': ['만족도']},[],[]
95964,129,5,smart_store,스마트스토어,떨어지기전에항상재구매,2026-04-27T11:53:09+09:00,2026-04-27,네이버 스마트스토어 구****,5,False,0,0,,1000000325,투데이디3 for baby,https://www.phytonutri.kr/goods/goods_view.php?goodsNo=1000000325,4.9,3634,0,0,{'2': ['만족도']},[],[]
95965,129,5,smart_store,스마트스토어,19개월아기 이걸로 정착했어요.,2026-04-27T11:46:06+09:00,2026-04-27,네이버 스마트스토어 구****,5,False,0,0,,1000000297,"그로우뉴 아이 유기농칼슘&마그네슘 비타민D,k2,망간",https://www.phytonutri.kr/goods/goods_view.php?goodsNo=1000000297,4.9,4844,0,0,{'1': ['만족도']},[],[]
95966,129,5,smart_store,스마트스토어,가격은 있지만 또 재주문해야해요,2026-04-27T11:31:42+09:00,2026-04-27,네이버 스마트스토어 구****,5,True,1,1,https://assets6.cre.ma/p/phytonutri-kr/reviews/00/00/09/59/66/image1/7e981d921d82eee2.webp,1000000298,지니어스뉴 + 그로우뉴 세트,https://www.phytonutri.kr/goods/goods_view.php?goodsNo=1000000298,4.9,1413,0,0,"{'1': ['만족도'], '0': ['가격']}",[],[]
95967,129,5,smart_store,스마트스토어,"산패될까봐 일부러 개별 포장으로 샀어요
가격이 좀 비싼 게 흠이지만요
아기한테 먹이기도 편리하고 재밌어하네요.",2026-04-27T11:21:40+09:00,2026-04-27,네이버 스마트스토어 구****,5,True,1,1,https://assets6.cre.ma/p/phytonutri-kr/reviews/00/00/09/59/67/image1/51c8fa2ed2d968e4.webp,1000000281,지니어스뉴 드롭스&톡캡스,https://www.phytonutri.kr/goods/goods_view.php?goodsNo=1000000281,4.9,14386,0,0,"{'0': ['만족도'], '-1': ['가격'], '1': ['포장', '편의성']}",[],[]
95968,129,5,smart_store,스마트스토어,"세 달째 꾸준히 먹이고 있어요
어른인 저한테는 비린내가 심한데
아기는 맛있게 잘 먹는 게 너무너무 신기하네요
두뇌 활동이 도움이 되면 좋겠어요",2026-04-27T11:21:01+09:00,2026-04-27,네이버 스마트스토어 구****,5,True,1,1,https://assets6.cre.ma/p/phytonutri-kr/reviews/00/00/09/59/68/image1/d1530a769e87e5a9.webp,1000000281,지니어스뉴 드롭스&톡캡스,https://www.phytonutri.kr/goods/goods_view.php?goodsNo=1000000281,4.9,14386,0,0,"{'1': ['만족도'], '-1': ['냄새']}",[],[]
95969,129,5,smart_store,스마트스토어,효○ 좋고 활력이 생기네요,2026-04-27T11:08:39+09:00,2026-04-27,네이버 스마트스토어 구****,5,False,0,0,,1000000403,뉴스데일리베스트 X 파이토뉴트리 맨드로포즈+,https://www.phytonutri.kr/goods/goods_view.php?goodsNo=1000000403,4.7,193,0,0,"{'1': ['만족도', '효과']}",[],[]
95970,129,5,smart_store,스마트스토어,아이가 잘 먹어서 좋아요~ 먹이기도 너무 편해요!!,2026-04-27T10:37:25+09:00,2026-04-27,네이버 스마트스토어 구****,5,True,1,1,https://assets6.cre.ma/p/phytonutri-kr/reviews/00/00/09/59/70/image1/7eecbb7a36065677.webp,1000000325,투데이디3 for baby,https://www.phytonutri.kr/goods/goods_view.php?goodsNo=1000000325,4.9,3634,0,0,"{'1': ['만족도', '편의성']}",[],[]
95971,129,5,smart_store,스마트스토어,먹여야 한다 그래서 먹이는데 효○는 모르겠어요,2026-04-27T10:31:45+09:00,2026-04-27,네이버 스마트스토어 구****,5,True,1,1,https://assets6.cre.ma/p/phytonutri-kr/reviews/00/00/09/59/71/image1/6cb1f3a5853e7142.webp,1000000281,지니어스뉴 드롭스&톡캡스,https://www.phytonutri.kr/goods/goods_view.php?goodsNo=1000000281,4.9,14386,0,0,"{'-1': ['만족도', '효과']}",[],[]
95972,129,5,smart_store,스마트스토어,원래 액상형만 먹이다가 바꿨는데 큰아기도 작은아기도 먹이기 편하고 개별포장이 맘에 듭니다,2026-04-27T10:31:33+09:00,2026-04-27,네이버 스마트스토어 구****,5,True,1,1,https://assets6.cre.ma/p/phytonutri-kr/reviews/00/00/09/59/72/image1/ab3d3c5d14fb8713.webp,1000000325,투데이디3 for baby,https://www.phytonutri.kr/goods/goods_view.php?goodsNo=1000000325,4.9,3634,0,0,"{'1': ['만족도', '포장', '편의성']}",[],[]
85101,129,5,smart_store,스마트스토어,"이번에는 너무 배송이 느렸어요..
미리 구매한건데도.. 2주넘게 걸린듯 싶네요
미리 연락은 와서 알고는있었어요
오랫동안 먹이던거라 다른건 안먹이고싶엇거든요..ㅜ
그래도 좋아요..아기가 너무 잘받아먹어요!",2026-04-27T09:55:10+09:00,2026-04-27,네이버 스마트스토어 구****,5,True,1,1,https://assets6.cre.ma/p/phytonutri-kr/reviews/00/00/08/51/01/image1/f64e82cb27b1adf4.webp,1000000402,🎁가정의 달 맞이 시크릿 링크🎁 오직 이 링크에서만 전제품 할인,https://www.phytonutri.kr/goods/goods_view.php?goodsNo=1000000402,4.9,22605,0,0,"{'1': ['만족도'], '-1': ['배송'], '2': ['맛']}",[],[]
73081,129,5,smart_store,스마트스토어,"이번에는 너무 배송이 느렸어요..
미리 구매한건데도.. 2주넘게 걸린듯 싶네요
미리 연락은 와서 알고는있었어요
오랫동안 먹이던거라 다른건 안먹이고싶엇거든요..ㅜ
그래도 좋아요..아기가 너무 잘받아먹어요!",2026-04-27T09:55:10+09:00,2026-04-27,네이버 스마트스토어 구****,5,True,1,1,https://assets6.cre.ma/p/phytonutri-kr/reviews/00/00/07/30/81/image1/a0d14a9d1723dce5.webp,1000000325,투데이디3 for baby,https://www.phytonutri.kr/goods/goods_view.php?goodsNo=1000000325,4.9,3634,0,0,"{'1': ['만족도'], '-1': ['배송'], '2': ['맛']}",[],[]
95887,129,5,smart_store,스마트스토어,매일 꾸준히 먹이고 있어요. 아주 굿이에요 굿굿굿👍👍👍,2026-04-27T09:43:40+09:00,2026-04-27,네이버 스마트스토어 구****,5,True,1,1,https://assets6.cre.ma/p/phytonutri-kr/reviews/00/00/09/58/87/image1/53e43204a0f0c733.webp,1000000402,🎁가정의 달 맞이 시크릿 링크🎁 오직 이 링크에서만 전제품 할인,https://www.phytonutri.kr/goods/goods_view.php?goodsNo=1000000402,4.9,22605,0,0,{'2': ['만족도']},[],[]
73082,129,5,smart_store,스마트스토어,매일 꾸준히 먹이고 있어요. 아주 굿이에요 굿굿굿👍👍👍,2026-04-27T09:43:40+09:00,2026-04-27,네이버 스마트스토어 구****,5,True,1,1,https://assets6.cre.ma/p/phytonutri-kr/reviews/00/00/07/30/82/image1/552ee53789df0fc8.webp,1000000281,지니어스뉴 드롭스&톡캡스,https://www.phytonutri.kr/goods/goods_view.php?goodsNo=1000000281,4.9,14386,0,0,{'2': ['만족도']},[],[]
78969,129,5,smart_store,스마트스토어,아기가 잘먹고 성분도 만족합니다!,2026-04-27T09:26:07+09:00,2026-04-27,네이버 스마트스토어 구****,5,False,0,0,,1000000402,🎁가정의 달 맞이 시크릿 링크🎁 오직 이 링크에서만 전제품 할인,https://www.phytonutri.kr/goods/goods_view.php?goodsNo=1000000402,4.9,22605,0,0,"{'1': ['만족도', '성분']}",[],[]
73083,129,5,smart_store,스마트스토어,아기가 잘먹고 성분도 만족합니다!,2026-04-27T09:26:07+09:00,2026-04-27,네이버 스마트스토어 구****,5,False,0,0,,1000000298,지니어스뉴 + 그로우뉴 세트,https://www.phytonutri.kr/goods/goods_view.php?goodsNo=1000000298,4.9,1413,0,0,"{'1': ['만족도', '성분']}",[],[]
95888,129,5,smart_store,스마트스토어,15개월된 아이에게 오메가3거필요하다고 해서 구매하였는데 아이도 거부감없이 잘먹어요.,2026-04-27T08:48:45+09:00,2026-04-27,네이버 스마트스토어 구****,5,False,0,0,,1000000402,🎁가정의 달 맞이 시크릿 링크🎁 오직 이 링크에서만 전제품 할인,https://www.phytonutri.kr/goods/goods_view.php?goodsNo=1000000402,4.9,22605,0,0,"{'1': ['만족도'], '0': ['성분']}",[],[]
73084,129,5,smart_store,스마트스토어,15개월된 아이에게 오메가3거필요하다고 해서 구매하였는데 아이도 거부감없이 잘먹어요.,2026-04-27T08:48:45+09:00,2026-04-27,네이버 스마트스토어 구****,5,False,0,0,,1000000281,지니어스뉴 드롭스&톡캡스,https://www.phytonutri.kr/goods/goods_view.php?goodsNo=1000000281,4.9,14386,0,0,"{'1': ['만족도'], '0': ['성분']}",[],[]
95889,130,5,smart_store,스마트스토어,매일 하나씩 먹이고 있습니다~ 먹이기 편하고 잘 먹어요,2026-04-27T08:31:30+09:00,2026-04-27,네이버 스마트스토어 구****,5,True,1,1,https://assets6.cre.ma/p/phytonutri-kr/reviews/00/00/09/58/89/image1/07afa02a14704b75.webp,1000000402,🎁가정의 달 맞이 시크릿 링크🎁 오직 이 링크에서만 전제품 할인,https://www.phytonutri.kr/goods/goods_view.php?goodsNo=1000000402,4.9,22605,0,0,"{'1': ['만족도', '편의성']}",[],[]
73085,130,5,smart_store,스마트스토어,매일 하나씩 먹이고 있습니다~ 먹이기 편하고 잘 먹어요,2026-04-27T08:31:30+09:00,2026-04-27,네이버 스마트스토어 구****,5,True,1,1,https://assets6.cre.ma/p/phytonutri-kr/reviews/00/00/07/30/85/image1/2b74d0d094797e00.webp,1000000281,지니어스뉴 드롭스&톡캡스,https://www.phytonutri.kr/goods/goods_view.php?goodsNo=1000000281,4.9,14386,0,0,"{'1': ['만족도', '편의성']}",[],[]
87802,130,5,smart_store,스마트스토어,배송이 빨라서 좋았습니다.,2026-04-27T08:14:58+09:00,2026-04-27,네이버 스마트스토어 구****,5,False,0,0,,1000000402,🎁가정의 달 맞이 시크릿 링크🎁 오직 이 링크에서만 전제품 할인,https://www.phytonutri.kr/goods/goods_view.php?goodsNo=1000000402,4.9,22605,0,0,"{'1': ['만족도', '배송']}",[],[]
73086,130,5,smart_store,스마트스토어,배송이 빨라서 좋았습니다.,2026-04-27T08:14:58+09:00,2026-04-27,네이버 스마트스토어 구****,5,False,0,0,,1000000297,"그로우뉴 아이 유기농칼슘&마그네슘 비타민D,k2,망간",https://www.phytonutri.kr/goods/goods_view.php?goodsNo=1000000297,4.9,4844,0,0,"{'1': ['만족도', '배송']}",[],[]
95890,130,5,smart_store,스마트스토어,매일 아침 아기 요거트에 타서 먹이고있어요~! 금방 없어져서 추가 구매하려구용 :),2026-04-27T07:33:41+09:00,2026-04-27,네이버 스마트스토어 구****,5,True,1,1,https://assets6.cre.ma/p/phytonutri-kr/reviews/00/00/09/58/90/image1/0717d881ff907ed0.webp,1000000402,🎁가정의 달 맞이 시크릿 링크🎁 오직 이 링크에서만 전제품 할인,https://www.phytonutri.kr/goods/goods_view.php?goodsNo=1000000402,4.9,22605,0,0,{'1': ['만족도']},[],[]
73087,130,5,smart_store,스마트스토어,매일 아침 아기 요거트에 타서 먹이고있어요~! 금방 없어져서 추가 구매하려구용 :),2026-04-27T07:33:41+09:00,2026-04-27,네이버 스마트스토어 구****,5,True,1,1,https://assets6.cre.ma/p/phytonutri-kr/reviews/00/00/07/30/87/image1/11cc97c0d049299c.webp,1000000281,지니어스뉴 드롭스&톡캡스,https://www.phytonutri.kr/goods/goods_view.php?goodsNo=1000000281,4.9,14386,0,0,{'1': ['만족도']},[],[]
95891,130,5,smart_store,스마트스토어,아기라 좀더 먹여야 알겠지만 먹이기 편리하고 좋아요 가격이 좀 센듯하지만요,2026-04-27T06:49:31+09:00,2026-04-27,네이버 스마트스토어 구****,5,False,0,0,,1000000402,🎁가정의 달 맞이 시크릿 링크🎁 오직 이 링크에서만 전제품 할인,https://www.phytonutri.kr/goods/goods_view.php?goodsNo=1000000402,4.9,22605,0,0,"{'1': ['만족도', '편의성'], '-1': ['가격']}",[],[]
73088,130,5,smart_store,스마트스토어,아기라 좀더 먹여야 알겠지만 먹이기 편리하고 좋아요 가격이 좀 센듯하지만요,2026-04-27T06:49:31+09:00,2026-04-27,네이버 스마트스토어 구****,5,False,0,0,,1000000281,지니어스뉴 드롭스&톡캡스,https://www.phytonutri.kr/goods/goods_view.php?goodsNo=1000000281,4.9,14386,0,0,"{'1': ['만족도', '편의성'], '-1': ['가격']}",[],[]
95892,130,5,smart_store,스마트스토어,아기 먹이기에 간편해서 좋아요,2026-04-27T06:47:59+09:00,2026-04-27,네이버 스마트스토어 구****,5,False,0,0,,1000000402,🎁가정의 달 맞이 시크릿 링크🎁 오직 이 링크에서만 전제품 할인,https://www.phytonutri.kr/goods/goods_view.php?goodsNo=1000000402,4.9,22605,0,0,"{'1': ['만족도', '편의성']}",[],[]
73089,130,5,smart_store,스마트스토어,아기 먹이기에 간편해서 좋아요,2026-04-27T06:47:59+09:00,2026-04-27,네이버 스마트스토어 구****,5,False,0,0,,1000000281,지니어스뉴 드롭스&톡캡스,https://www.phytonutri.kr/goods/goods_view.php?goodsNo=1000000281,4.9,14386,0,0,"{'1': ['만족도', '편의성']}",[],[]
85106,130,5,smart_store,스마트스토어,"늘 챙겨먹이고있어요
첫째에 이어서 둘째까지 투데이디로 비타민 보충중입니다",2026-04-27T04:29:46+09:00,2026-04-27,네이버 스마트스토어 구****,5,True,1,1,https://assets6.cre.ma/p/phytonutri-kr/reviews/00/00/08/51/06/image1/98e363005959e13b.webp,1000000402,🎁가정의 달 맞이 시크릿 링크🎁 오직 이 링크에서만 전제품 할인,https://www.phytonutri.kr/goods/goods_view.php?goodsNo=1000000402,4.9,22605,0,0,{'1': ['만족도']},[],[]
73090,130,5,smart_store,스마트스토어,"늘 챙겨먹이고있어요
첫째에 이어서 둘째까지 투데이디로 비타민 보충중입니다",2026-04-27T04:29:46+09:00,2026-04-27,네이버 스마트스토어 구****,5,True,1,1,https://assets6.cre.ma/p/phytonutri-kr/reviews/00/00/07/30/90/image1/9c574b0732225a98.webp,1000000325,투데이디3 for baby,https://www.phytonutri.kr/goods/goods_view.php?goodsNo=1000000325,4.9,3634,0,0,{'1': ['만족도']},[],[]
85109,130,5,smart_store,스마트스토어,하나씩 개별로 뜯을 수 있는게 너무 좋아요,2026-04-27T02:04:48+09:00,2026-04-27,네이버 스마트스토어 구****,5,True,1,1,https://assets6.cre.ma/p/phytonutri-kr/reviews/00/00/08/51/09/image1/9dcdeef7798b929a.webp,1000000402,🎁가정의 달 맞이 시크릿 링크🎁 오직 이 링크에서만 전제품 할인,https://www.phytonutri.kr/goods/goods_view.php?goodsNo=1000000402,4.9,22605,0,0,"{'1': ['만족도'], '2': ['포장']}",[],[]
73091,130,5,smart_store,스마트스토어,하나씩 개별로 뜯을 수 있는게 너무 좋아요,2026-04-27T02:04:48+09:00,2026-04-27,네이버 스마트스토어 구****,5,True,1,1,https://assets6.cre.ma/p/phytonutri-kr/reviews/00/00/07/30/91/image1/3769876bfa627e0a.webp,1000000325,투데이디3 for baby,https://www.phytonutri.kr/goods/goods_view.php?goodsNo=1000000325,4.9,3634,0,0,"{'1': ['만족도'], '2': ['포장']}",[],[]
95893,130,5,smart_store,스마트스토어,꾸준히 먹여보려고 구매했어요👍거부없이 잘먹네용,2026-04-27T01:48:37+09:00,2026-04-27,네이버 스마트스토어 구****,5,True,1,1,https://assets6.cre.ma/p/phytonutri-kr/reviews/00/00/09/58/93/image1/cf3396541609935a.webp,1000000402,🎁가정의 달 맞이 시크릿 링크🎁 오직 이 링크에서만 전제품 할인,https://www.phytonutri.kr/goods/goods_view.php?goodsNo=1000000402,4.9,22605,0,0,{'1': ['만족도']},[],[]
73092,130,5,smart_store,스마트스토어,꾸준히 먹여보려고 구매했어요👍거부없이 잘먹네용,2026-04-27T01:48:37+09:00,2026-04-27,네이버 스마트스토어 구****,5,True,1,1,https://assets6.cre.ma/p/phytonutri-kr/reviews/00/00/07/30/92/image1/f1e3aae37b2ffea5.webp,1000000281,지니어스뉴 드롭스&톡캡스,https://www.phytonutri.kr/goods/goods_view.php?goodsNo=1000000281,4.9,14386,0,0,{'1': ['만족도']},[],[]
87804,130,5,smart_store,스마트스토어,배송이 빨라서 조아요,2026-04-27T00:19:45+09:00,2026-04-27,네이버 스마트스토어 구****,5,False,0,0,,1000000402,🎁가정의 달 맞이 시크릿 링크🎁 오직 이 링크에서만 전제품 할인,https://www.phytonutri.kr/goods/goods_view.php?goodsNo=1000000402,4.9,22605,0,0,"{'1': ['만족도', '배송']}",[],[]
73093,130,5,smart_store,스마트스토어,배송이 빨라서 조아요,2026-04-27T00:19:45+09:00,2026-04-27,네이버 스마트스토어 구****,5,False,0,0,,1000000297,"그로우뉴 아이 유기농칼슘&마그네슘 비타민D,k2,망간",https://www.phytonutri.kr/goods/goods_view.php?goodsNo=1000000297,4.9,4844,0,0,"{'1': ['만족도', '배송']}",[],[]
95894,130,5,smart_store,스마트스토어,두달동안 꾸준히 먹이고 있어요 아이도 먹기 좋아하네요 재구매할것같아요,2026-04-26T23:45:58+09:00,2026-04-26,네이버 스마트스토어 구****,5,True,1,1,https://assets6.cre.ma/p/phytonutri-kr/reviews/00/00/09/58/94/image1/3abb5eaee45d6641.webp,1000000402,🎁가정의 달 맞이 시크릿 링크🎁 오직 이 링크에서만 전제품 할인,https://www.phytonutri.kr/goods/goods_view.php?goodsNo=1000000402,4.9,22605,0,0,{'1': ['만족도']},[],[]
73094,130,5,smart_store,스마트스토어,두달동안 꾸준히 먹이고 있어요 아이도 먹기 좋아하네요 재구매할것같아요,2026-04-26T23:45:58+09:00,2026-04-26,네이버 스마트스토어 구****,5,True,1,1,https://assets6.cre.ma/p/phytonutri-kr/reviews/00/00/07/30/94/image1/145e663fa55f1c2b.webp,1000000281,지니어스뉴 드롭스&톡캡스,https://www.phytonutri.kr/goods/goods_view.php?goodsNo=1000000281,4.9,14386,0,0,{'1': ['만족도']},[],[]
85111,131,5,smart_store,스마트스토어,"모유수유중이라 아기 비타민이 필수인데 개별포장이라 위생적이고 외박할때도 챙겨 다니기 편리해요!
전 맛없는데 아기는 잘 먹어요 ㅎㅎ",2026-04-26T23:26:24+09:00,2026-04-26,네이버 스마트스토어 구****,5,True,1,1,https://assets6.cre.ma/p/phytonutri-kr/reviews/00/00/08/51/11/image1/9a44103b91461302.webp,1000000402,🎁가정의 달 맞이 시크릿 링크🎁 오직 이 링크에서만 전제품 할인,https://www.phytonutri.kr/goods/goods_view.php?goodsNo=1000000402,4.9,22605,0,0,"{'1': ['만족도', '포장', '편의성'], '0': ['맛']}",[],[]
73095,131,5,smart_store,스마트스토어,"모유수유중이라 아기 비타민이 필수인데 개별포장이라 위생적이고 외박할때도 챙겨 다니기 편리해요!
전 맛없는데 아기는 잘 먹어요 ㅎㅎ",2026-04-26T23:26:24+09:00,2026-04-26,네이버 스마트스토어 구****,5,True,1,1,https://assets6.cre.ma/p/phytonutri-kr/reviews/00/00/07/30/95/image1/88a7a49066b9aa42.webp,1000000325,투데이디3 for baby,https://www.phytonutri.kr/goods/goods_view.php?goodsNo=1000000325,4.9,3634,0,0,"{'1': ['만족도', '포장', '편의성'], '0': ['맛']}",[],[]
75256,131,3,smart_store,스마트스토어,"우선 신생아 아기가 있어서… 먹였다가 피부 난리났습니다. 그래서 환불 요구를 하려고 했다가… 육아 하느라 날짜도 지나버렸고 해서 그냥 첫째 먹였는데 생각보다 화장실을 잘 갑니다. 혹시나 해서 저랑 남편도 먹는데 괜찮아서 계속 먹어보고 있어요~ 
별점 뺀 건 신생아 아기한테 안맞는 거요. 그 피부 되돌리는 데에 거의 한두달 걸렸습니다…. ㅡㅡ
한달 지나서 먹이래서 한달 반정도에 좀 먹였거든요. 확인 하고 드세요 소량으로요~",2026-04-26T23:02:08+09:00,2026-04-26,네이버 스마트스토어 구****,5,False,0,0,,1000000402,🎁가정의 달 맞이 시크릿 링크🎁 오직 이 링크에서만 전제품 할인,https://www.phytonutri.kr/goods/goods_view.php?goodsNo=1000000402,4.9,22605,0,0,"{'0': ['만족도', '효과']}",[],[]
73096,131,3,smart_store,스마트스토어,"우선 신생아 아기가 있어서… 먹였다가 피부 난리났습니다. 그래서 환불 요구를 하려고 했다가… 육아 하느라 날짜도 지나버렸고 해서 그냥 첫째 먹였는데 생각보다 화장실을 잘 갑니다. 혹시나 해서 저랑 남편도 먹는데 괜찮아서 계속 먹어보고 있어요~ 
별점 뺀 건 신생아 아기한테 안맞는 거요. 그 피부 되돌리는 데에 거의 한두달 걸렸습니다…. ㅡㅡ
한달 지나서 먹이래서 한달 반정도에 좀 먹였거든요. 확인 하고 드세요 소량으로요~",2026-04-26T23:02:08+09:00,2026-04-26,네이버 스마트스토어 구****,5,False,0,0,,1000000363,데이프로바 for baby 아기 쌩쌩유산균,https://www.phytonutri.kr/goods/goods_view.php?goodsNo=1000000363,4.9,363,0,0,"{'0': ['만족도', '효과']}",[],[]
95895,131,5,smart_store,스마트스토어,벌써 두번째 주문이네요  먹이기 매우 간단하고 아이도 잘 먹어요,2026-04-26T22:41:06+09:00,2026-04-26,네이버 스마트스토어 구****,5,True,1,1,https://assets6.cre.ma/p/phytonutri-kr/reviews/00/00/09/58/95/image1/199fa7565e462408.webp,1000000402,🎁가정의 달 맞이 시크릿 링크🎁 오직 이 링크에서만 전제품 할인,https://www.phytonutri.kr/goods/goods_view.php?goodsNo=1000000402,4.9,22605,0,0,"{'2': ['만족도'], '1': ['편의성']}",[],[]
73097,131,5,smart_store,스마트스토어,벌써 두번째 주문이네요  먹이기 매우 간단하고 아이도 잘 먹어요,2026-04-26T22:41:06+09:00,2026-04-26,네이버 스마트스토어 구****,5,True,1,1,https://assets6.cre.ma/p/phytonutri-kr/reviews/00/00/07/30/97/image1/7b0b9d3c3628b9ef.webp,1000000281,지니어스뉴 드롭스&톡캡스,https://www.phytonutri.kr/goods/goods_view.php?goodsNo=1000000281,4.9,14386,0,0,"{'2': ['만족도'], '1': ['편의성']}",[],[]
95896,131,5,smart_store,스마트스토어,이유식에 잘 먹이고 있어요,2026-04-26T22:11:16+09:00,2026-04-26,네이버 스마트스토어 구****,5,True,1,1,https://assets6.cre.ma/p/phytonutri-kr/reviews/00/00/09/58/96/image1/4820e864001fb7fb.webp,1000000402,🎁가정의 달 맞이 시크릿 링크🎁 오직 이 링크에서만 전제품 할인,https://www.phytonutri.kr/goods/goods_view.php?goodsNo=1000000402,4.9,22605,0,0,{'1': ['만족도']},[],[]
73098,131,5,smart_store,스마트스토어,이유식에 잘 먹이고 있어요,2026-04-26T22:11:16+09:00,2026-04-26,네이버 스마트스토어 구****,5,True,1,1,https://assets6.cre.ma/p/phytonutri-kr/reviews/00/00/07/30/98/image1/3ae4ce90b7c09a70.webp,1000000281,지니어스뉴 드롭스&톡캡스,https://www.phytonutri.kr/goods/goods_view.php?goodsNo=1000000281,4.9,14386,0,0,{'1': ['만족도']},[],[]
95897,131,5,smart_store,스마트스토어,오메가는 필수라 꼭 챙겨먹어요,2026-04-26T21:48:26+09:00,2026-04-26,네이버 스마트스토어 구****,5,True,1,1,https://assets6.cre.ma/p/phytonutri-kr/reviews/00/00/09/58/97/image1/bdb265448757f481.webp,1000000402,🎁가정의 달 맞이 시크릿 링크🎁 오직 이 링크에서만 전제품 할인,https://www.phytonutri.kr/goods/goods_view.php?goodsNo=1000000402,4.9,22605,0,0,{'1': ['만족도']},[],[]
73099,131,5,smart_store,스마트스토어,오메가는 필수라 꼭 챙겨먹어요,2026-04-26T21:48:26+09:00,2026-04-26,네이버 스마트스토어 구****,5,True,1,1,https://assets6.cre.ma/p/phytonutri-kr/reviews/00/00/07/30/99/image1/3e900b30637b1756.webp,1000000281,지니어스뉴 드롭스&톡캡스,https://www.phytonutri.kr/goods/goods_view.php?goodsNo=1000000281,4.9,14386,0,0,{'1': ['만족도']},[],[]
87805,131,5,smart_store,스마트스토어,아기 칼슘 챙기려고 재구매했어요 어디에 타줘도 잘먹네요,2026-04-26T21:46:00+09:00,2026-04-26,네이버 스마트스토어 구****,5,False,0,0,,1000000402,🎁가정의 달 맞이 시크릿 링크🎁 오직 이 링크에서만 전제품 할인,https://www.phytonutri.kr/goods/goods_view.php?goodsNo=1000000402,4.9,22605,0,0,"{'2': ['만족도'], '1': ['맛']}",[],[]
73100,131,5,smart_store,스마트스토어,아기 칼슘 챙기려고 재구매했어요 어디에 타줘도 잘먹네요,2026-04-26T21:46:00+09:00,2026-04-26,네이버 스마트스토어 구****,5,False,0,0,,1000000297,"그로우뉴 아이 유기농칼슘&마그네슘 비타민D,k2,망간",https://www.phytonutri.kr/goods/goods_view.php?goodsNo=1000000297,4.9,4844,0,0,"{'2': ['만족도'], '1': ['맛']}",[],[]
85115,131,5,smart_store,스마트스토어,배송이 너무오래걸리긴했지만 좋습니다;,2026-04-26T21:32:52+09:00,2026-04-26,네이버 스마트스토어 구****,5,True,1,1,https://assets6.cre.ma/p/phytonutri-kr/reviews/00/00/08/51/15/image1/019da92d5da89805.webp,1000000402,🎁가정의 달 맞이 시크릿 링크🎁 오직 이 링크에서만 전제품 할인,https://www.phytonutri.kr/goods/goods_view.php?goodsNo=1000000402,4.9,22605,0,0,"{'1': ['만족도'], '-2': ['배송']}",[],[]
73101,131,5,smart_store,스마트스토어,배송이 너무오래걸리긴했지만 좋습니다;,2026-04-26T21:32:52+09:00,2026-04-26,네이버 스마트스토어 구****,5,True,1,1,https://assets6.cre.ma/p/phytonutri-kr/reviews/00/00/07/31/01/image1/f413c0816c8512f3.webp,1000000325,투데이디3 for baby,https://www.phytonutri.kr/goods/goods_view.php?goodsNo=1000000325,4.9,3634,0,0,"{'1': ['만족도'], '-2': ['배송']}",[],[]
95898,131,5,smart_store,스마트스토어,아이에게 꾸준히 잘 먹이고 있어요,2026-04-26T21:28:29+09:00,2026-04-26,네이버 스마트스토어 구****,5,True,1,1,https://assets6.cre.ma/p/phytonutri-kr/reviews/00/00/09/58/98/image1/4a414409073940cf.webp,1000000402,🎁가정의 달 맞이 시크릿 링크🎁 오직 이 링크에서만 전제품 할인,https://www.phytonutri.kr/goods/goods_view.php?goodsNo=1000000402,4.9,22605,0,0,{'1': ['만족도']},[],[]
73102,131,5,smart_store,스마트스토어,아이에게 꾸준히 잘 먹이고 있어요,2026-04-26T21:28:29+09:00,2026-04-26,네이버 스마트스토어 구****,5,True,1,1,https://assets6.cre.ma/p/phytonutri-kr/reviews/00/00/07/31/02/image1/7da55ac9be47a27f.webp,1000000281,지니어스뉴 드롭스&톡캡스,https://www.phytonutri.kr/goods/goods_view.php?goodsNo=1000000281,4.9,14386,0,0,{'1': ['만족도']},[],[]
95899,131,5,smart_store,스마트스토어,11개월아기 10개월 부터 챙겨먹이고 있는데 고소해서 맛있는지 잘 먹습니다^^,2026-04-26T21:20:24+09:00,2026-04-26,네이버 스마트스토어 구****,5,True,1,1,https://assets6.cre.ma/p/phytonutri-kr/reviews/00/00/09/58/99/image1/bf8ebf51d9f4f481.webp,1000000402,🎁가정의 달 맞이 시크릿 링크🎁 오직 이 링크에서만 전제품 할인,https://www.phytonutri.kr/goods/goods_view.php?goodsNo=1000000402,4.9,22605,0,0,"{'1': ['만족도', '맛']}",[],[]
73103,131,5,smart_store,스마트스토어,11개월아기 10개월 부터 챙겨먹이고 있는데 고소해서 맛있는지 잘 먹습니다^^,2026-04-26T21:20:24+09:00,2026-04-26,네이버 스마트스토어 구****,5,True,1,1,https://assets6.cre.ma/p/phytonutri-kr/reviews/00/00/07/31/03/image1/fa1ba4c5fc0c5634.webp,1000000281,지니어스뉴 드롭스&톡캡스,https://www.phytonutri.kr/goods/goods_view.php?goodsNo=1000000281,4.9,14386,0,0,"{'1': ['만족도', '맛']}",[],[]
95900,131,5,smart_store,스마트스토어,"6개월부터 n번째 구매중
매일 꾸준히 잘먹이고 있어요
이유식에 떨어뜨려 먹이는데 잘먹습니다",2026-04-26T21:08:55+09:00,2026-04-26,네이버 스마트스토어 구****,5,False,0,0,,1000000402,🎁가정의 달 맞이 시크릿 링크🎁 오직 이 링크에서만 전제품 할인,https://www.phytonutri.kr/goods/goods_view.php?goodsNo=1000000402,4.9,22605,0,0,{'2': ['만족도']},[],[]
73104,131,5,smart_store,스마트스토어,"6개월부터 n번째 구매중
매일 꾸준히 잘먹이고 있어요
이유식에 떨어뜨려 먹이는데 잘먹습니다",2026-04-26T21:08:55+09:00,2026-04-26,네이버 스마트스토어 구****,5,False,0,0,,1000000281,지니어스뉴 드롭스&톡캡스,https://www.phytonutri.kr/goods/goods_view.php?goodsNo=1000000281,4.9,14386,0,0,{'2': ['만족도']},[],[]
85119,132,5,smart_store,스마트스토어,늘 쟁여두고 먹는 아기 영양제입니다!,2026-04-26T20:43:54+09:00,2026-04-26,네이버 스마트스토어 구****,5,True,1,1,https://assets6.cre.ma/p/phytonutri-kr/reviews/00/00/08/51/19/image1/2a4071f478ab4b3d.webp,1000000402,🎁가정의 달 맞이 시크릿 링크🎁 오직 이 링크에서만 전제품 할인,https://www.phytonutri.kr/goods/goods_view.php?goodsNo=1000000402,4.9,22605,0,0,{'1': ['만족도']},[],[]
73105,132,5,smart_store,스마트스토어,늘 쟁여두고 먹는 아기 영양제입니다!,2026-04-26T20:43:54+09:00,2026-04-26,네이버 스마트스토어 구****,5,True,1,1,https://assets6.cre.ma/p/phytonutri-kr/reviews/00/00/07/31/05/image1/c3e89105055b0d9c.webp,1000000325,투데이디3 for baby,https://www.phytonutri.kr/goods/goods_view.php?goodsNo=1000000325,4.9,3634,0,0,{'1': ['만족도']},[],[]
85121,132,5,smart_store,스마트스토어,늘 쟁여두고 아기 먹이는 영양제입니다!,2026-04-26T20:42:58+09:00,2026-04-26,네이버 스마트스토어 구****,5,True,1,1,https://assets6.cre.ma/p/phytonutri-kr/reviews/00/00/08/51/21/image1/a70269fdbb588337.webp,1000000402,🎁가정의 달 맞이 시크릿 링크🎁 오직 이 링크에서만 전제품 할인,https://www.phytonutri.kr/goods/goods_view.php?goodsNo=1000000402,4.9,22605,0,0,{'1': ['만족도']},[],[]
73106,132,5,smart_store,스마트스토어,늘 쟁여두고 아기 먹이는 영양제입니다!,2026-04-26T20:42:58+09:00,2026-04-26,네이버 스마트스토어 구****,5,True,1,1,https://assets6.cre.ma/p/phytonutri-kr/reviews/00/00/07/31/06/image1/2b87d3ad1a56a442.webp,1000000325,투데이디3 for baby,https://www.phytonutri.kr/goods/goods_view.php?goodsNo=1000000325,4.9,3634,0,0,{'1': ['만족도']},[],[]
75018,132,3,smart_store,스마트스토어,두번째 먹고 잇습니다.,2026-04-26T20:11:12+09:00,2026-04-26,네이버 스마트스토어 구****,5,True,1,1,https://assets6.cre.ma/p/phytonutri-kr/reviews/00/00/07/50/18/image1/2febee52b09364ef.webp,1000000402,🎁가정의 달 맞이 시크릿 링크🎁 오직 이 링크에서만 전제품 할인,https://www.phytonutri.kr/goods/goods_view.php?goodsNo=1000000402,4.9,22605,0,0,{'1': ['만족도']},[],[]
73107,132,3,smart_store,스마트스토어,두번째 먹고 잇습니다.,2026-04-26T20:11:12+09:00,2026-04-26,네이버 스마트스토어 구****,5,True,1,1,https://assets6.cre.ma/p/phytonutri-kr/reviews/00/00/07/31/07/image1/07f6bb05f8af1c2e.webp,1000000281,지니어스뉴 드롭스&톡캡스,https://www.phytonutri.kr/goods/goods_view.php?goodsNo=1000000281,4.9,14386,0,0,{'1': ['만족도']},[],[]
85124,132,5,smart_store,스마트스토어,아기가 잘먹오요 왠지 모르게찌만 이거 먹자하면 달랴와용 ㅋㅋㅋ,2026-04-26T20:05:28+09:00,2026-04-26,네이버 스마트스토어 구****,5,True,1,1,https://assets6.cre.ma/p/phytonutri-kr/reviews/00/00/08/51/24/image1/c27869a8178616f9.webp,1000000402,🎁가정의 달 맞이 시크릿 링크🎁 오직 이 링크에서만 전제품 할인,https://www.phytonutri.kr/goods/goods_view.php?goodsNo=1000000402,4.9,22605,0,0,"{'1': ['만족도', '효과']}",[],[]
73108,132,5,smart_store,스마트스토어,아기가 잘먹오요 왠지 모르게찌만 이거 먹자하면 달랴와용 ㅋㅋㅋ,2026-04-26T20:05:28+09:00,2026-04-26,네이버 스마트스토어 구****,5,True,1,1,https://assets6.cre.ma/p/phytonutri-kr/reviews/00/00/07/31/08/image1/ef1cc498a6e97f87.webp,1000000325,투데이디3 for baby,https://www.phytonutri.kr/goods/goods_view.php?goodsNo=1000000325,4.9,3634,0,0,"{'1': ['만족도', '효과']}",[],[]
95901,132,5,smart_store,스마트스토어,톡캡스로 시작했다가 열때 자꾸 손에 다 묻어서 드롭스로 바꿨더니 손에묻지도않고 좋네요ㅎㅎ,2026-04-26T19:54:02+09:00,2026-04-26,네이버 스마트스토어 구****,5,True,1,1,https://assets6.cre.ma/p/phytonutri-kr/reviews/00/00/09/59/01/image1/dfe99b5e8ceecca2.webp,1000000402,🎁가정의 달 맞이 시크릿 링크🎁 오직 이 링크에서만 전제품 할인,https://www.phytonutri.kr/goods/goods_view.php?goodsNo=1000000402,4.9,22605,0,0,"{'1': ['만족도', '편의성']}",[],[]
73109,132,5,smart_store,스마트스토어,톡캡스로 시작했다가 열때 자꾸 손에 다 묻어서 드롭스로 바꿨더니 손에묻지도않고 좋네요ㅎㅎ,2026-04-26T19:54:02+09:00,2026-04-26,네이버 스마트스토어 구****,5,True,1,1,https://assets6.cre.ma/p/phytonutri-kr/reviews/00/00/07/31/09/image1/c4f14c73bd15401a.webp,1000000281,지니어스뉴 드롭스&톡캡스,https://www.phytonutri.kr/goods/goods_view.php?goodsNo=1000000281,4.9,14386,0,0,"{'1': ['만족도', '편의성']}",[],[]
73110,132,5,smart_store,스마트스토어,잘먹고 있습니다~~효○는 아직~~잘 모르겠어요~^^;;,2026-04-26T19:45:29+09:00,2026-04-26,네이버 스마트스토어 구****,5,True,1,1,https://assets6.cre.ma/p/phytonutri-kr/reviews/00/00/07/31/10/image1/e52179a4effecb1f.webp,1000000343,리버티엑스,https://www.phytonutri.kr/goods/goods_view.php?goodsNo=1000000343,4.7,268,0,0,"{'0': ['만족도', '효과']}",[],[]
95902,132,5,smart_store,스마트스토어,아이 건강엔 딱이죠,2026-04-26T19:26:25+09:00,2026-04-26,네이버 스마트스토어 구****,5,True,1,1,https://assets6.cre.ma/p/phytonutri-kr/reviews/00/00/09/59/02/image1/cf2fb9171892c19f.webp,1000000402,🎁가정의 달 맞이 시크릿 링크🎁 오직 이 링크에서만 전제품 할인,https://www.phytonutri.kr/goods/goods_view.php?goodsNo=1000000402,4.9,22605,0,0,{'1': ['만족도']},[],[]
73111,132,5,smart_store,스마트스토어,아이 건강엔 딱이죠,2026-04-26T19:26:25+09:00,2026-04-26,네이버 스마트스토어 구****,5,True,1,1,https://assets6.cre.ma/p/phytonutri-kr/reviews/00/00/07/31/11/image1/ace1d47cca206f96.webp,1000000281,지니어스뉴 드롭스&톡캡스,https://www.phytonutri.kr/goods/goods_view.php?goodsNo=1000000281,4.9,14386,0,0,{'1': ['만족도']},[],[]
73512,132,5,smart_store,스마트스토어,"아이가 먹은걸 체크할수있는 스티커표도 있고
코코아맛이라 거부감 없이 잘먹네요^^",2026-04-26T19:10:25+09:00,2026-04-26,네이버 스마트스토어 구****,5,True,1,1,https://assets6.cre.ma/p/phytonutri-kr/reviews/00/00/07/35/12/image1/8867108386bd2db7.webp,1000000402,🎁가정의 달 맞이 시크릿 링크🎁 오직 이 링크에서만 전제품 할인,https://www.phytonutri.kr/goods/goods_view.php?goodsNo=1000000402,4.9,22605,0,0,"{'1': ['만족도', '맛', '편의성']}",[],[]
73112,132,5,smart_store,스마트스토어,"아이가 먹은걸 체크할수있는 스티커표도 있고
코코아맛이라 거부감 없이 잘먹네요^^",2026-04-26T19:10:25+09:00,2026-04-26,네이버 스마트스토어 구****,5,True,1,1,https://assets6.cre.ma/p/phytonutri-kr/reviews/00/00/07/31/12/image1/366c6577250e70f6.webp,1000000397,"그로우뉴 ~키즈 유기농 칼슘&마그네슘 비타민D,k2 망간",https://www.phytonutri.kr/goods/goods_view.php?goodsNo=1000000397,4.9,63,0,0,"{'1': ['만족도', '맛', '편의성']}",[],[]
95903,132,5,smart_store,스마트스토어,하나 사보고 너무 편하고 좋아서 세병 더 샀어요.,2026-04-26T18:12:28+09:00,2026-04-26,네이버 스마트스토어 구****,5,True,1,1,https://assets6.cre.ma/p/phytonutri-kr/reviews/00/00/09/59/03/image1/2ef5f5a34359f69c.webp,1000000402,🎁가정의 달 맞이 시크릿 링크🎁 오직 이 링크에서만 전제품 할인,https://www.phytonutri.kr/goods/goods_view.php?goodsNo=1000000402,4.9,22605,0,0,"{'2': ['만족도', '편의성']}",[],[]
73113,132,5,smart_store,스마트스토어,하나 사보고 너무 편하고 좋아서 세병 더 샀어요.,2026-04-26T18:12:28+09:00,2026-04-26,네이버 스마트스토어 구****,5,True,1,1,https://assets6.cre.ma/p/phytonutri-kr/reviews/00/00/07/31/13/image1/70f5a9430060a87f.webp,1000000281,지니어스뉴 드롭스&톡캡스,https://www.phytonutri.kr/goods/goods_view.php?goodsNo=1000000281,4.9,14386,0,0,"{'2': ['만족도', '편의성']}",[],[]
75024,132,3,smart_store,스마트스토어,유통기한 임박이라 진짜 조금이라도 늦기목이면 버려야해요 ㅠㅠ,2026-04-26T17:47:45+09:00,2026-04-26,네이버 스마트스토어 구****,5,True,1,1,https://assets6.cre.ma/p/phytonutri-kr/reviews/00/00/07/50/24/image1/e4243d18f4e161a2.webp,1000000402,🎁가정의 달 맞이 시크릿 링크🎁 오직 이 링크에서만 전제품 할인,https://www.phytonutri.kr/goods/goods_view.php?goodsNo=1000000402,4.9,22605,0,0,"{'-1': ['만족도', '유통기한']}",[],[]
73114,132,3,smart_store,스마트스토어,유통기한 임박이라 진짜 조금이라도 늦기목이면 버려야해요 ㅠㅠ,2026-04-26T17:47:45+09:00,2026-04-26,네이버 스마트스토어 구****,5,True,1,1,https://assets6.cre.ma/p/phytonutri-kr/reviews/00/00/07/31/14/image1/a0923fde75226891.webp,1000000281,지니어스뉴 드롭스&톡캡스,https://www.phytonutri.kr/goods/goods_view.php?goodsNo=1000000281,4.9,14386,0,0,"{'-1': ['만족도', '유통기한']}",[],[]
85127,132,5,smart_store,스마트스토어,분유 끊을 때가 되서 먹여봤는데 잘 먹네요,2026-04-26T17:23:06+09:00,2026-04-26,네이버 스마트스토어 구****,5,True,1,1,https://assets6.cre.ma/p/phytonutri-kr/reviews/00/00/08/51/27/image1/87f6ee9055a36071.webp,1000000402,🎁가정의 달 맞이 시크릿 링크🎁 오직 이 링크에서만 전제품 할인,https://www.phytonutri.kr/goods/goods_view.php?goodsNo=1000000402,4.9,22605,0,0,{'1': ['만족도']},[],[]
73115,133,5,smart_store,스마트스토어,분유 끊을 때가 되서 먹여봤는데 잘 먹네요,2026-04-26T17:23:06+09:00,2026-04-26,네이버 스마트스토어 구****,5,True,1,1,https://assets6.cre.ma/p/phytonutri-kr/reviews/00/00/07/31/15/image1/d8573d74a787464a.webp,1000000325,투데이디3 for baby,https://www.phytonutri.kr/goods/goods_view.php?goodsNo=1000000325,4.9,3634,0,0,{'1': ['만족도']},[],[]
95904,133,5,smart_store,스마트스토어,배송빠르고 품질 좋아요,2026-04-26T17:05:59+09:00,2026-04-26,네이버 스마트스토어 구****,5,False,0,0,,1000000402,🎁가정의 달 맞이 시크릿 링크🎁 오직 이 링크에서만 전제품 할인,https://www.phytonutri.kr/goods/goods_view.php?goodsNo=1000000402,4.9,22605,0,0,"{'1': ['만족도', '배송', '품질']}",[],[]
73116,133,5,smart_store,스마트스토어,배송빠르고 품질 좋아요,2026-04-26T17:05:59+09:00,2026-04-26,네이버 스마트스토어 구****,5,False,0,0,,1000000281,지니어스뉴 드롭스&톡캡스,https://www.phytonutri.kr/goods/goods_view.php?goodsNo=1000000281,4.9,14386,0,0,"{'1': ['만족도', '배송', '품질']}",[],[]
95905,133,5,smart_store,스마트스토어,배송빠르고 품질좋아요,2026-04-26T17:05:10+09:00,2026-04-26,네이버 스마트스토어 구****,5,False,0,0,,1000000402,🎁가정의 달 맞이 시크릿 링크🎁 오직 이 링크에서만 전제품 할인,https://www.phytonutri.kr/goods/goods_view.php?goodsNo=1000000402,4.9,22605,0,0,"{'1': ['만족도', '배송', '품질']}",[],[]
73117,133,5,smart_store,스마트스토어,배송빠르고 품질좋아요,2026-04-26T17:05:10+09:00,2026-04-26,네이버 스마트스토어 구****,5,False,0,0,,1000000281,지니어스뉴 드롭스&톡캡스,https://www.phytonutri.kr/goods/goods_view.php?goodsNo=1000000281,4.9,14386,0,0,"{'1': ['만족도', '배송', '품질']}",[],[]
87808,133,5,smart_store,스마트스토어,"n번째 구매예요~
17개월 남자아기 돌직후부터 꾸준히 먹이고 있어요",2026-04-26T16:39:02+09:00,2026-04-26,네이버 스마트스토어 구****,5,True,1,1,https://assets6.cre.ma/p/phytonutri-kr/reviews/00/00/08/78/08/image1/6eae8076f63081ef.webp,1000000402,🎁가정의 달 맞이 시크릿 링크🎁 오직 이 링크에서만 전제품 할인,https://www.phytonutri.kr/goods/goods_view.php?goodsNo=1000000402,4.9,22605,0,0,{'2': ['만족도']},[],[]
73118,133,5,smart_store,스마트스토어,"n번째 구매예요~
17개월 남자아기 돌직후부터 꾸준히 먹이고 있어요",2026-04-26T16:39:02+09:00,2026-04-26,네이버 스마트스토어 구****,5,True,1,1,https://assets6.cre.ma/p/phytonutri-kr/reviews/00/00/07/31/18/image1/05fbca2cd858ba44.webp,1000000297,"그로우뉴 아이 유기농칼슘&마그네슘 비타민D,k2,망간",https://www.phytonutri.kr/goods/goods_view.php?goodsNo=1000000297,4.9,4844,0,0,{'2': ['만족도']},[],[]
85132,133,5,smart_store,스마트스토어,개별 포장이 맘에 들어요,2026-04-26T16:10:05+09:00,2026-04-26,네이버 스마트스토어 구****,5,True,1,1,https://assets6.cre.ma/p/phytonutri-kr/reviews/00/00/08/51/32/image1/7ccb794cfa6aac97.webp,1000000402,🎁가정의 달 맞이 시크릿 링크🎁 오직 이 링크에서만 전제품 할인,https://www.phytonutri.kr/goods/goods_view.php?goodsNo=1000000402,4.9,22605,0,0,"{'1': ['만족도', '포장']}",[],[]
73119,133,5,smart_store,스마트스토어,개별 포장이 맘에 들어요,2026-04-26T16:10:05+09:00,2026-04-26,네이버 스마트스토어 구****,5,True,1,1,https://assets6.cre.ma/p/phytonutri-kr/reviews/00/00/07/31/19/image1/b07b6b0984e74dcf.webp,1000000325,투데이디3 for baby,https://www.phytonutri.kr/goods/goods_view.php?goodsNo=1000000325,4.9,3634,0,0,"{'1': ['만족도', '포장']}",[],[]
95906,133,5,smart_store,스마트스토어,뇌에 좋은 영향이 있으면 좋겠어요~~,2026-04-26T13:17:53+09:00,2026-04-26,네이버 스마트스토어 구****,5,False,0,0,,1000000402,🎁가정의 달 맞이 시크릿 링크🎁 오직 이 링크에서만 전제품 할인,https://www.phytonutri.kr/goods/goods_view.php?goodsNo=1000000402,4.9,22605,0,0,{'0': ['만족도']},[],[]
73120,133,5,smart_store,스마트스토어,뇌에 좋은 영향이 있으면 좋겠어요~~,2026-04-26T13:17:53+09:00,2026-04-26,네이버 스마트스토어 구****,5,False,0,0,,1000000281,지니어스뉴 드롭스&톡캡스,https://www.phytonutri.kr/goods/goods_view.php?goodsNo=1000000281,4.9,14386,0,0,{'0': ['만족도']},[],[]
85136,133,5,smart_store,스마트스토어,아이가 잘 먹어서 이번에 또 구매했어요! 배송이 늦었지만 만족합니다,2026-04-26T13:12:55+09:00,2026-04-26,네이버 스마트스토어 구****,5,True,1,1,https://assets6.cre.ma/p/phytonutri-kr/reviews/00/00/08/51/36/image1/5559a24c904090d9.webp,1000000402,🎁가정의 달 맞이 시크릿 링크🎁 오직 이 링크에서만 전제품 할인,https://www.phytonutri.kr/goods/goods_view.php?goodsNo=1000000402,4.9,22605,0,0,"{'1': ['만족도'], '-1': ['배송']}",[],[]
73121,133,5,smart_store,스마트스토어,아이가 잘 먹어서 이번에 또 구매했어요! 배송이 늦었지만 만족합니다,2026-04-26T13:12:55+09:00,2026-04-26,네이버 스마트스토어 구****,5,True,1,1,https://assets6.cre.ma/p/phytonutri-kr/reviews/00/00/07/31/21/image1/5da20f3004811259.webp,1000000325,투데이디3 for baby,https://www.phytonutri.kr/goods/goods_view.php?goodsNo=1000000325,4.9,3634,0,0,"{'1': ['만족도'], '-1': ['배송']}",[],[]
87812,133,5,smart_store,스마트스토어,아기한테 주는데 정말 좋아요.,2026-04-26T11:15:23+09:00,2026-04-26,네이버 스마트스토어 구****,5,False,0,0,,1000000402,🎁가정의 달 맞이 시크릿 링크🎁 오직 이 링크에서만 전제품 할인,https://www.phytonutri.kr/goods/goods_view.php?goodsNo=1000000402,4.9,22605,0,0,{'2': ['만족도']},[],[]
73122,133,5,smart_store,스마트스토어,아기한테 주는데 정말 좋아요.,2026-04-26T11:15:23+09:00,2026-04-26,네이버 스마트스토어 구****,5,False,0,0,,1000000297,"그로우뉴 아이 유기농칼슘&마그네슘 비타민D,k2,망간",https://www.phytonutri.kr/goods/goods_view.php?goodsNo=1000000297,4.9,4844,0,0,{'2': ['만족도']},[],[]
73123,133,5,smart_store,스마트스토어,배송이빠르고조아요.,2026-04-26T10:36:13+09:00,2026-04-26,네이버 스마트스토어 구****,5,False,0,0,,1000000375,데이프로바 + 투데이디3 세트,https://www.phytonutri.kr/goods/goods_view.php?goodsNo=1000000375,4.9,139,0,0,"{'1': ['만족도', '배송']}",[],[]
78971,133,5,smart_store,스마트스토어,넘 만족하면서 먹이고 있어욭!!,2026-04-26T10:25:29+09:00,2026-04-26,네이버 스마트스토어 구****,5,True,1,1,https://assets6.cre.ma/p/phytonutri-kr/reviews/00/00/07/89/71/image1/4b57744fdc1c1969.webp,1000000402,🎁가정의 달 맞이 시크릿 링크🎁 오직 이 링크에서만 전제품 할인,https://www.phytonutri.kr/goods/goods_view.php?goodsNo=1000000402,4.9,22605,0,0,{'2': ['만족도']},[],[]
73124,133,5,smart_store,스마트스토어,넘 만족하면서 먹이고 있어욭!!,2026-04-26T10:25:29+09:00,2026-04-26,네이버 스마트스토어 구****,5,True,1,1,https://assets6.cre.ma/p/phytonutri-kr/reviews/00/00/07/31/24/image1/1340d8071a58ed3c.webp,1000000298,지니어스뉴 + 그로우뉴 세트,https://www.phytonutri.kr/goods/goods_view.php?goodsNo=1000000298,4.9,1413,0,0,{'2': ['만족도']},[],[]
78977,133,5,smart_store,스마트스토어,꾸준히 먹이고 있어서 아이가 잘 먹어요,2026-04-26T10:04:01+09:00,2026-04-26,네이버 스마트스토어 구****,5,True,1,1,https://assets6.cre.ma/p/phytonutri-kr/reviews/00/00/07/89/77/image1/69a83e07e1ebb7ca.webp,1000000402,🎁가정의 달 맞이 시크릿 링크🎁 오직 이 링크에서만 전제품 할인,https://www.phytonutri.kr/goods/goods_view.php?goodsNo=1000000402,4.9,22605,0,0,{'1': ['만족도']},[],[]
73125,133,5,smart_store,스마트스토어,꾸준히 먹이고 있어서 아이가 잘 먹어요,2026-04-26T10:04:01+09:00,2026-04-26,네이버 스마트스토어 구****,5,True,1,1,https://assets6.cre.ma/p/phytonutri-kr/reviews/00/00/07/31/25/image1/32c43fb18b540e0b.webp,1000000298,지니어스뉴 + 그로우뉴 세트,https://www.phytonutri.kr/goods/goods_view.php?goodsNo=1000000298,4.9,1413,0,0,{'1': ['만족도']},[],[]
78983,134,5,smart_store,스마트스토어,꾸준히 먹이고 있습니다 우유나 요거트에 타줘요 잘먹어요,2026-04-26T10:03:39+09:00,2026-04-26,네이버 스마트스토어 구****,5,True,1,1,https://assets6.cre.ma/p/phytonutri-kr/reviews/00/00/07/89/83/image1/e1a6233b43b063a3.webp,1000000402,🎁가정의 달 맞이 시크릿 링크🎁 오직 이 링크에서만 전제품 할인,https://www.phytonutri.kr/goods/goods_view.php?goodsNo=1000000402,4.9,22605,0,0,{'1': ['만족도']},[],[]
73126,134,5,smart_store,스마트스토어,꾸준히 먹이고 있습니다 우유나 요거트에 타줘요 잘먹어요,2026-04-26T10:03:39+09:00,2026-04-26,네이버 스마트스토어 구****,5,True,1,1,https://assets6.cre.ma/p/phytonutri-kr/reviews/00/00/07/31/26/image1/358e551aa47e97b0.webp,1000000298,지니어스뉴 + 그로우뉴 세트,https://www.phytonutri.kr/goods/goods_view.php?goodsNo=1000000298,4.9,1413,0,0,{'1': ['만족도']},[],[]
85138,134,5,smart_store,스마트스토어,꾸준히 먹이고 있어요~ 애기가 잘먹어요!!! 많이 파세요~!ㅎㅎ,2026-04-26T09:50:58+09:00,2026-04-26,네이버 스마트스토어 구****,5,True,1,1,https://assets6.cre.ma/p/phytonutri-kr/reviews/00/00/08/51/38/image1/498ea94874c29f6a.webp,1000000402,🎁가정의 달 맞이 시크릿 링크🎁 오직 이 링크에서만 전제품 할인,https://www.phytonutri.kr/goods/goods_view.php?goodsNo=1000000402,4.9,22605,0,0,{'1': ['만족도']},[],[]
73127,134,5,smart_store,스마트스토어,꾸준히 먹이고 있어요~ 애기가 잘먹어요!!! 많이 파세요~!ㅎㅎ,2026-04-26T09:50:58+09:00,2026-04-26,네이버 스마트스토어 구****,5,True,1,1,https://assets6.cre.ma/p/phytonutri-kr/reviews/00/00/07/31/27/image1/c943f717b523f270.webp,1000000325,투데이디3 for baby,https://www.phytonutri.kr/goods/goods_view.php?goodsNo=1000000325,4.9,3634,0,0,{'1': ['만족도']},[],[]
95907,134,5,smart_store,스마트스토어,잘 받았습니다. 만족합니다.,2026-04-26T09:35:03+09:00,2026-04-26,네이버 스마트스토어 구****,5,True,1,1,https://assets6.cre.ma/p/phytonutri-kr/reviews/00/00/09/59/07/image1/631a0e27e63a7021.webp,1000000402,🎁가정의 달 맞이 시크릿 링크🎁 오직 이 링크에서만 전제품 할인,https://www.phytonutri.kr/goods/goods_view.php?goodsNo=1000000402,4.9,22605,0,0,{'1': ['만족도']},[],[]
73128,134,5,smart_store,스마트스토어,잘 받았습니다. 만족합니다.,2026-04-26T09:35:03+09:00,2026-04-26,네이버 스마트스토어 구****,5,True,1,1,https://assets6.cre.ma/p/phytonutri-kr/reviews/00/00/07/31/28/image1/58c807da60b2ae53.webp,1000000281,지니어스뉴 드롭스&톡캡스,https://www.phytonutri.kr/goods/goods_view.php?goodsNo=1000000281,4.9,14386,0,0,{'1': ['만족도']},[],[]
95908,134,5,smart_store,스마트스토어,성분이 좋은 것 같아서 믿고 먹여요~,2026-04-26T09:33:11+09:00,2026-04-26,네이버 스마트스토어 구****,5,True,1,1,https://assets6.cre.ma/p/phytonutri-kr/reviews/00/00/09/59/08/image1/4e22f8f76aa97064.webp,1000000402,🎁가정의 달 맞이 시크릿 링크🎁 오직 이 링크에서만 전제품 할인,https://www.phytonutri.kr/goods/goods_view.php?goodsNo=1000000402,4.9,22605,0,0,"{'1': ['만족도', '성분']}",[],[]
73129,134,5,smart_store,스마트스토어,성분이 좋은 것 같아서 믿고 먹여요~,2026-04-26T09:33:11+09:00,2026-04-26,네이버 스마트스토어 구****,5,True,1,1,https://assets6.cre.ma/p/phytonutri-kr/reviews/00/00/07/31/29/image1/6397e521f5907a7e.webp,1000000281,지니어스뉴 드롭스&톡캡스,https://www.phytonutri.kr/goods/goods_view.php?goodsNo=1000000281,4.9,14386,0,0,"{'1': ['만족도', '성분']}",[],[]
73518,134,5,smart_store,스마트스토어,아이들이 맛있게 먹어서 다행이에요,2026-04-26T09:26:36+09:00,2026-04-26,네이버 스마트스토어 구****,5,True,1,1,https://assets6.cre.ma/p/phytonutri-kr/reviews/00/00/07/35/18/image1/2f963d5d4296e75f.webp,1000000402,🎁가정의 달 맞이 시크릿 링크🎁 오직 이 링크에서만 전제품 할인,https://www.phytonutri.kr/goods/goods_view.php?goodsNo=1000000402,4.9,22605,0,0,"{'1': ['만족도', '맛']}",[],[]
73130,134,5,smart_store,스마트스토어,아이들이 맛있게 먹어서 다행이에요,2026-04-26T09:26:36+09:00,2026-04-26,네이버 스마트스토어 구****,5,True,1,1,https://assets6.cre.ma/p/phytonutri-kr/reviews/00/00/07/31/30/image1/340105edd073f2ab.webp,1000000397,"그로우뉴 ~키즈 유기농 칼슘&마그네슘 비타민D,k2 망간",https://www.phytonutri.kr/goods/goods_view.php?goodsNo=1000000397,4.9,63,0,0,"{'1': ['만족도', '맛']}",[],[]
95909,134,5,smart_store,스마트스토어,꾸준히 먹이고 있는 제품인데 좋아요,2026-04-26T09:00:42+09:00,2026-04-26,네이버 스마트스토어 구****,5,False,0,0,,1000000402,🎁가정의 달 맞이 시크릿 링크🎁 오직 이 링크에서만 전제품 할인,https://www.phytonutri.kr/goods/goods_view.php?goodsNo=1000000402,4.9,22605,0,0,{'1': ['만족도']},[],[]
73131,134,5,smart_store,스마트스토어,꾸준히 먹이고 있는 제품인데 좋아요,2026-04-26T09:00:42+09:00,2026-04-26,네이버 스마트스토어 구****,5,False,0,0,,1000000281,지니어스뉴 드롭스&톡캡스,https://www.phytonutri.kr/goods/goods_view.php?goodsNo=1000000281,4.9,14386,0,0,{'1': ['만족도']},[],[]
85141,134,5,smart_store,스마트스토어,"한개씩 꺼내서 먹이면 되니까 편해요, 개별포장이라 산폐걱정 없읍니다",2026-04-26T07:08:17+09:00,2026-04-26,네이버 스마트스토어 구****,5,True,1,1,https://assets6.cre.ma/p/phytonutri-kr/reviews/00/00/08/51/41/image1/8554bc52343c59e1.webp,1000000402,🎁가정의 달 맞이 시크릿 링크🎁 오직 이 링크에서만 전제품 할인,https://www.phytonutri.kr/goods/goods_view.php?goodsNo=1000000402,4.9,22605,0,0,"{'1': ['만족도', '포장', '편의성']}",[],[]
73132,134,5,smart_store,스마트스토어,"한개씩 꺼내서 먹이면 되니까 편해요, 개별포장이라 산폐걱정 없읍니다",2026-04-26T07:08:17+09:00,2026-04-26,네이버 스마트스토어 구****,5,True,1,1,https://assets6.cre.ma/p/phytonutri-kr/reviews/00/00/07/31/32/image1/24dd834251f3d870.webp,1000000325,투데이디3 for baby,https://www.phytonutri.kr/goods/goods_view.php?goodsNo=1000000325,4.9,3634,0,0,"{'1': ['만족도', '포장', '편의성']}",[],[]
85144,134,5,smart_store,스마트스토어,아이가 잠을 잘 자게 되었어요,2026-04-26T07:02:28+09:00,2026-04-26,네이버 스마트스토어 구****,5,True,1,1,https://assets6.cre.ma/p/phytonutri-kr/reviews/00/00/08/51/44/image1/a311cb58932f4546.webp,1000000402,🎁가정의 달 맞이 시크릿 링크🎁 오직 이 링크에서만 전제품 할인,https://www.phytonutri.kr/goods/goods_view.php?goodsNo=1000000402,4.9,22605,0,0,"{'1': ['만족도', '효과']}",[],[]
73133,134,5,smart_store,스마트스토어,아이가 잠을 잘 자게 되었어요,2026-04-26T07:02:28+09:00,2026-04-26,네이버 스마트스토어 구****,5,True,1,1,https://assets6.cre.ma/p/phytonutri-kr/reviews/00/00/07/31/33/image1/6be8a030bd764c20.webp,1000000325,투데이디3 for baby,https://www.phytonutri.kr/goods/goods_view.php?goodsNo=1000000325,4.9,3634,0,0,"{'1': ['만족도', '효과']}",[],[]
75030,134,3,smart_store,스마트스토어,건강하게잘크고잘먹겠습니다,2026-04-26T06:11:11+09:00,2026-04-26,네이버 스마트스토어 구****,5,True,1,1,https://assets6.cre.ma/p/phytonutri-kr/reviews/00/00/07/50/30/image1/7d3f5517df459019.webp,1000000402,🎁가정의 달 맞이 시크릿 링크🎁 오직 이 링크에서만 전제품 할인,https://www.phytonutri.kr/goods/goods_view.php?goodsNo=1000000402,4.9,22605,0,0,{'1': ['만족도']},[],[]
73134,134,3,smart_store,스마트스토어,건강하게잘크고잘먹겠습니다,2026-04-26T06:11:11+09:00,2026-04-26,네이버 스마트스토어 구****,5,True,1,1,https://assets6.cre.ma/p/phytonutri-kr/reviews/00/00/07/31/34/image1/19772c2eaeafe007.webp,1000000281,지니어스뉴 드롭스&톡캡스,https://www.phytonutri.kr/goods/goods_view.php?goodsNo=1000000281,4.9,14386,0,0,{'1': ['만족도']},[],[]
85147,134,5,smart_store,스마트스토어,이번에는.오래걸렸어요,2026-04-26T00:35:20+09:00,2026-04-26,네이버 스마트스토어 구****,5,True,1,1,https://assets6.cre.ma/p/phytonutri-kr/reviews/00/00/08/51/47/image1/45bafce86a26f5d2.webp,1000000402,🎁가정의 달 맞이 시크릿 링크🎁 오직 이 링크에서만 전제품 할인,https://www.phytonutri.kr/goods/goods_view.php?goodsNo=1000000402,4.9,22605,0,0,"{'-1': ['만족도', '배송']}",[],[]
73135,134,5,smart_store,스마트스토어,이번에는.오래걸렸어요,2026-04-26T00:35:20+09:00,2026-04-26,네이버 스마트스토어 구****,5,True,1,1,https://assets6.cre.ma/p/phytonutri-kr/reviews/00/00/07/31/35/image1/47a2bac6424552e9.webp,1000000325,투데이디3 for baby,https://www.phytonutri.kr/goods/goods_view.php?goodsNo=1000000325,4.9,3634,0,0,"{'-1': ['만족도', '배송']}",[],[]
73136,135,5,smart_store,스마트스토어,이거 떨어지면 난리 납니다. 미리 미리 쟁여둬야해요. 실온 보관하고 냉장보관 두가지로 두고 있다가 아기가 열 나는 날은 냉장 보관 한 것을 주고 있어요. 열 내리는데 조금 도움이 되더라구요.,2026-04-25T23:37:16+09:00,2026-04-25,네이버 스마트스토어 구****,5,False,0,0,,1000000342,이트뮨 아이 배도라지즙&엘더베리사과주스,https://www.phytonutri.kr/goods/goods_view.php?goodsNo=1000000342,4.9,609,0,0,"{'1': ['만족도', '효과']}",[],[]
73137,135,5,smart_store,스마트스토어,오메가3 구매하려고 찾고있었는데 싼 가격에 많이 살수잇어서 너무 맘에들어용 꾸준히 먹고있어요!,2026-04-25T23:05:24+09:00,2026-04-25,네이버 스마트스토어 구****,5,True,1,1,https://assets6.cre.ma/p/phytonutri-kr/reviews/00/00/07/31/37/image1/1e85975f01388945.webp,1000000398,KD 파마 듀얼 초임계 rTG 오메가3,https://www.phytonutri.kr/goods/goods_view.php?goodsNo=1000000398,4.9,121,0,0,"{'2': ['만족도'], '1': ['가격', '용량']}",[],[]
73138,135,5,smart_store,스마트스토어,맛 좋아요 아이가 잘 먹네요,2026-04-25T22:50:32+09:00,2026-04-25,네이버 스마트스토어 구****,5,True,1,1,https://assets6.cre.ma/p/phytonutri-kr/reviews/00/00/07/31/38/image1/d3c1f9cec1b50e7c.webp,1000000342,이트뮨 아이 배도라지즙&엘더베리사과주스,https://www.phytonutri.kr/goods/goods_view.php?goodsNo=1000000342,4.9,609,0,0,"{'1': ['만족도', '맛']}",[],[]
95910,135,5,smart_store,스마트스토어,한번에 짜먹을 수 있어서 좋아요,2026-04-25T22:41:37+09:00,2026-04-25,네이버 스마트스토어 구****,5,False,0,0,,1000000402,🎁가정의 달 맞이 시크릿 링크🎁 오직 이 링크에서만 전제품 할인,https://www.phytonutri.kr/goods/goods_view.php?goodsNo=1000000402,4.9,22605,0,0,"{'1': ['만족도', '편의성']}",[],[]
73139,135,5,smart_store,스마트스토어,한번에 짜먹을 수 있어서 좋아요,2026-04-25T22:41:37+09:00,2026-04-25,네이버 스마트스토어 구****,5,False,0,0,,1000000281,지니어스뉴 드롭스&톡캡스,https://www.phytonutri.kr/goods/goods_view.php?goodsNo=1000000281,4.9,14386,0,0,"{'1': ['만족도', '편의성']}",[],[]
85151,135,5,smart_store,스마트스토어,적응되고나니까 먹이기도 편하고 아기도 잘먹어서 재구매했어요!,2026-04-25T22:20:26+09:00,2026-04-25,네이버 스마트스토어 구****,5,True,1,1,https://assets6.cre.ma/p/phytonutri-kr/reviews/00/00/08/51/51/image1/a69559d891ec81ce.webp,1000000402,🎁가정의 달 맞이 시크릿 링크🎁 오직 이 링크에서만 전제품 할인,https://www.phytonutri.kr/goods/goods_view.php?goodsNo=1000000402,4.9,22605,0,0,"{'2': ['만족도'], '1': ['편의성']}",[],[]
73140,135,5,smart_store,스마트스토어,적응되고나니까 먹이기도 편하고 아기도 잘먹어서 재구매했어요!,2026-04-25T22:20:26+09:00,2026-04-25,네이버 스마트스토어 구****,5,True,1,1,https://assets6.cre.ma/p/phytonutri-kr/reviews/00/00/07/31/40/image1/92f05181a7423938.webp,1000000325,투데이디3 for baby,https://www.phytonutri.kr/goods/goods_view.php?goodsNo=1000000325,4.9,3634,0,0,"{'2': ['만족도'], '1': ['편의성']}",[],[]
87814,135,5,smart_store,스마트스토어,잘사용중입니다 만족합니다 ㅎㅎ,2026-04-25T21:59:00+09:00,2026-04-25,네이버 스마트스토어 구****,5,True,1,1,https://assets6.cre.ma/p/phytonutri-kr/reviews/00/00/08/78/14/image1/55cb5f1d79f6f282.webp,1000000402,🎁가정의 달 맞이 시크릿 링크🎁 오직 이 링크에서만 전제품 할인,https://www.phytonutri.kr/goods/goods_view.php?goodsNo=1000000402,4.9,22605,0,0,{'1': ['만족도']},[],[]
73141,135,5,smart_store,스마트스토어,잘사용중입니다 만족합니다 ㅎㅎ,2026-04-25T21:59:00+09:00,2026-04-25,네이버 스마트스토어 구****,5,True,1,1,https://assets6.cre.ma/p/phytonutri-kr/reviews/00/00/07/31/41/image1/2ced22eaff272a06.webp,1000000297,"그로우뉴 아이 유기농칼슘&마그네슘 비타민D,k2,망간",https://www.phytonutri.kr/goods/goods_view.php?goodsNo=1000000297,4.9,4844,0,0,{'1': ['만족도']},[],[]
85155,135,5,smart_store,스마트스토어,아이들도 먹는거 좋아해료,2026-04-25T21:56:50+09:00,2026-04-25,네이버 스마트스토어 구****,5,False,0,0,,1000000402,🎁가정의 달 맞이 시크릿 링크🎁 오직 이 링크에서만 전제품 할인,https://www.phytonutri.kr/goods/goods_view.php?goodsNo=1000000402,4.9,22605,0,0,{'1': ['만족도']},[],[]
73142,135,5,smart_store,스마트스토어,아이들도 먹는거 좋아해료,2026-04-25T21:56:50+09:00,2026-04-25,네이버 스마트스토어 구****,5,False,0,0,,1000000325,투데이디3 for baby,https://www.phytonutri.kr/goods/goods_view.php?goodsNo=1000000325,4.9,3634,0,0,{'1': ['만족도']},[],[]
85157,135,5,smart_store,스마트스토어,아이들도 아즈 쉽게 먹고 먹이기 쉬어여,2026-04-25T21:56:29+09:00,2026-04-25,네이버 스마트스토어 구****,5,False,0,0,,1000000402,🎁가정의 달 맞이 시크릿 링크🎁 오직 이 링크에서만 전제품 할인,https://www.phytonutri.kr/goods/goods_view.php?goodsNo=1000000402,4.9,22605,0,0,"{'1': ['만족도', '편의성']}",[],[]
73143,135,5,smart_store,스마트스토어,아이들도 아즈 쉽게 먹고 먹이기 쉬어여,2026-04-25T21:56:29+09:00,2026-04-25,네이버 스마트스토어 구****,5,False,0,0,,1000000325,투데이디3 for baby,https://www.phytonutri.kr/goods/goods_view.php?goodsNo=1000000325,4.9,3634,0,0,"{'1': ['만족도', '편의성']}",[],[]
95911,135,5,smart_store,스마트스토어,아기 곧 13개월이라 이제라도 챙겨 먹이려고 구매했어요!,2026-04-25T21:56:07+09:00,2026-04-25,네이버 스마트스토어 구****,5,True,1,1,https://assets6.cre.ma/p/phytonutri-kr/reviews/00/00/09/59/11/image1/2b3ef8722275fda2.webp,1000000402,🎁가정의 달 맞이 시크릿 링크🎁 오직 이 링크에서만 전제품 할인,https://www.phytonutri.kr/goods/goods_view.php?goodsNo=1000000402,4.9,22605,0,0,{'0': ['만족도']},[],[]
73144,135,5,smart_store,스마트스토어,아기 곧 13개월이라 이제라도 챙겨 먹이려고 구매했어요!,2026-04-25T21:56:07+09:00,2026-04-25,네이버 스마트스토어 구****,5,True,1,1,https://assets6.cre.ma/p/phytonutri-kr/reviews/00/00/07/31/44/image1/7d411d04a93ab30f.webp,1000000281,지니어스뉴 드롭스&톡캡스,https://www.phytonutri.kr/goods/goods_view.php?goodsNo=1000000281,4.9,14386,0,0,{'0': ['만족도']},[],[]
85158,135,4,smart_store,스마트스토어,아직 안먹여봤지만 아이가 잘 먹길 바랍니다,2026-04-25T21:48:17+09:00,2026-04-25,네이버 스마트스토어 구****,5,True,1,1,https://assets6.cre.ma/p/phytonutri-kr/reviews/00/00/08/51/58/image1/9876df6b3997ebad.webp,1000000402,🎁가정의 달 맞이 시크릿 링크🎁 오직 이 링크에서만 전제품 할인,https://www.phytonutri.kr/goods/goods_view.php?goodsNo=1000000402,4.9,22605,0,0,{'0': ['만족도']},[],[]
73145,135,4,smart_store,스마트스토어,아직 안먹여봤지만 아이가 잘 먹길 바랍니다,2026-04-25T21:48:17+09:00,2026-04-25,네이버 스마트스토어 구****,5,True,1,1,https://assets6.cre.ma/p/phytonutri-kr/reviews/00/00/07/31/45/image1/15c2353e9fbc1d7c.webp,1000000325,투데이디3 for baby,https://www.phytonutri.kr/goods/goods_view.php?goodsNo=1000000325,4.9,3634,0,0,{'0': ['만족도']},[],[]
73694,135,5,smart_store,스마트스토어,일단 열심히 먹이고있어요 효○가 있길바라,2026-04-25T21:19:16+09:00,2026-04-25,네이버 스마트스토어 구****,5,True,1,1,https://assets6.cre.ma/p/phytonutri-kr/reviews/00/00/07/36/94/image1/41249cfb03313ac5.webp,1000000402,🎁가정의 달 맞이 시크릿 링크🎁 오직 이 링크에서만 전제품 할인,https://www.phytonutri.kr/goods/goods_view.php?goodsNo=1000000402,4.9,22605,0,0,{'0': ['만족도']},[],[]
73146,135,5,smart_store,스마트스토어,일단 열심히 먹이고있어요 효○가 있길바라,2026-04-25T21:19:16+09:00,2026-04-25,네이버 스마트스토어 구****,5,True,1,1,https://assets6.cre.ma/p/phytonutri-kr/reviews/00/00/07/31/46/image1/9a094f4fd186a693.webp,1000000379,지니어스뉴 키즈 국내 유일 스퀴즈 짜먹는 어린이 오메가3 DHA ALA 콜린 올로메가,https://www.phytonutri.kr/goods/goods_view.php?goodsNo=1000000379,4.6,127,0,0,{'0': ['만족도']},[],[]
95870,135,5,smart_store,스마트스토어,지니어스뉴를 먹이고 저희 아이가 더 지니어스해진 느낌적인 느낌이랄까~~~,2026-04-25T20:34:31+09:00,2026-04-25,네이버 스마트스토어 구****,5,True,1,1,https://assets6.cre.ma/p/phytonutri-kr/reviews/00/00/09/58/70/image1/24958b51e7ce6c1a.webp,1000000402,🎁가정의 달 맞이 시크릿 링크🎁 오직 이 링크에서만 전제품 할인,https://www.phytonutri.kr/goods/goods_view.php?goodsNo=1000000402,4.9,22605,0,0,{'1': ['만족도']},[],[]
73047,136,5,smart_store,스마트스토어,지니어스뉴를 먹이고 저희 아이가 더 지니어스해진 느낌적인 느낌이랄까~~~,2026-04-25T20:34:31+09:00,2026-04-25,네이버 스마트스토어 구****,5,True,1,1,https://assets6.cre.ma/p/phytonutri-kr/reviews/00/00/07/30/47/image1/7679bc56f743e92b.webp,1000000281,지니어스뉴 드롭스&톡캡스,https://www.phytonutri.kr/goods/goods_view.php?goodsNo=1000000281,4.9,14386,0,0,{'1': ['만족도']},[],[]
73046,136,5,,자사몰(고도몰),"넘넘 좋았어요 상품이 바뀌어 걱정도 했는데
잠도 잘오네요 ㅎㅎㅎ",2026-04-25T19:57:54+09:00,2026-04-25,서****,10,False,0,0,,1000000001,슬립밸런스,https://www.phytonutri.kr/goods/goods_view.php?goodsNo=1000000001,4.4,2176,0,0,"{'2': ['만족도'], '1': ['효과']}","[{'name': '구매옵션', 'value': '슬립밸런스 1개월분'}]",[]
95871,136,5,smart_store,스마트스토어,좋아요~~~~~~~~,2026-04-25T19:40:39+09:00,2026-04-25,네이버 스마트스토어 구****,5,False,0,0,,1000000402,🎁가정의 달 맞이 시크릿 링크🎁 오직 이 링크에서만 전제품 할인,https://www.phytonutri.kr/goods/goods_view.php?goodsNo=1000000402,4.9,22605,0,0,{'1': ['만족도']},[],[]
73048,136,5,smart_store,스마트스토어,좋아요~~~~~~~~,2026-04-25T19:40:39+09:00,2026-04-25,네이버 스마트스토어 구****,5,False,0,0,,1000000281,지니어스뉴 드롭스&톡캡스,https://www.phytonutri.kr/goods/goods_view.php?goodsNo=1000000281,4.9,14386,0,0,{'1': ['만족도']},[],[]
95973,136,5,smart_store,스마트스토어,잘받았습니다.꾸준히 먹어볼 생각이에요,2026-04-25T19:36:29+09:00,2026-04-25,네이버 스마트스토어 구****,5,True,1,1,https://assets6.cre.ma/p/phytonutri-kr/reviews/00/00/09/59/73/image1/044de47c32778fd4.webp,1000000403,뉴스데일리베스트 X 파이토뉴트리 맨드로포즈+,https://www.phytonutri.kr/goods/goods_view.php?goodsNo=1000000403,4.7,193,0,0,{'0': ['만족도']},[],[]
73049,136,5,smart_store,스마트스토어,"피곤함이 덜한것 같고
술먹기전에 먹으면 다음날
숙취가 좀 덜해요",2026-04-25T19:19:00+09:00,2026-04-25,네이버 스마트스토어 구****,5,True,1,1,https://assets6.cre.ma/p/phytonutri-kr/reviews/00/00/07/30/49/image1/7464304bcff424d3.webp,1000000343,리버티엑스,https://www.phytonutri.kr/goods/goods_view.php?goodsNo=1000000343,4.7,268,0,0,"{'1': ['만족도', '효과']}",[],[]
95872,136,5,smart_store,스마트스토어,아기가 오메가를 거부감없이 잘먹어요,2026-04-25T18:51:35+09:00,2026-04-25,네이버 스마트스토어 구****,5,True,1,1,https://assets6.cre.ma/p/phytonutri-kr/reviews/00/00/09/58/72/image1/c29e82fb772342b7.webp,1000000402,🎁가정의 달 맞이 시크릿 링크🎁 오직 이 링크에서만 전제품 할인,https://www.phytonutri.kr/goods/goods_view.php?goodsNo=1000000402,4.9,22605,0,0,"{'1': ['만족도'], '0': ['성분']}",[],[]
73050,136,5,smart_store,스마트스토어,아기가 오메가를 거부감없이 잘먹어요,2026-04-25T18:51:35+09:00,2026-04-25,네이버 스마트스토어 구****,5,True,1,1,https://assets6.cre.ma/p/phytonutri-kr/reviews/00/00/07/30/50/image1/25a7db7fce254839.webp,1000000281,지니어스뉴 드롭스&톡캡스,https://www.phytonutri.kr/goods/goods_view.php?goodsNo=1000000281,4.9,14386,0,0,"{'1': ['만족도'], '0': ['성분']}",[],[]
95873,136,5,smart_store,스마트스토어,아기 오메가로 잘먹이고있어요,2026-04-25T18:51:07+09:00,2026-04-25,네이버 스마트스토어 구****,5,True,1,1,https://assets6.cre.ma/p/phytonutri-kr/reviews/00/00/09/58/73/image1/41b8c4f168b1943b.webp,1000000402,🎁가정의 달 맞이 시크릿 링크🎁 오직 이 링크에서만 전제품 할인,https://www.phytonutri.kr/goods/goods_view.php?goodsNo=1000000402,4.9,22605,0,0,{'1': ['만족도']},[],[]
73051,136,5,smart_store,스마트스토어,아기 오메가로 잘먹이고있어요,2026-04-25T18:51:07+09:00,2026-04-25,네이버 스마트스토어 구****,5,True,1,1,https://assets6.cre.ma/p/phytonutri-kr/reviews/00/00/07/30/51/image1/8099def975570b1c.webp,1000000281,지니어스뉴 드롭스&톡캡스,https://www.phytonutri.kr/goods/goods_view.php?goodsNo=1000000281,4.9,14386,0,0,{'1': ['만족도']},[],[]
73079,136,5,,자사몰(고도몰),"옥토피아 공구로 구매해본 rtg 오메가3 입니다
마침 먹던 오메가3가 다 먹어가 주문해야겠다싶었는데 좋은 기회에 좋은 가격으로 구입했습니다 
잘 먹어보겠습니다",2026-04-25T18:28:05+09:00,2026-04-25,y200******,5,True,2,2,https://assets6.cre.ma/p/phytonutri-kr/reviews/00/00/07/30/79/image1/47f5a8725fea49f9.webp|https://assets6.cre.ma/p/phytonutri-kr/reviews/00/00/07/30/79/image2/9e7bc56676747317.webp,1000000401,옥토피아 X 파이토뉴트리 (PHYTONUTRI),https://www.phytonutri.kr/goods/goods_view.php?goodsNo=1000000401,5.0,7,0,0,"{'1': ['만족도', '가격']}",[],[]
75252,136,5,smart_store,스마트스토어,배송 빠릅니다!! 아이 유산균으로 구입했습니다!!! 좋습니다!!,2026-04-25T18:19:37+09:00,2026-04-25,네이버 스마트스토어 구****,5,True,1,1,https://assets6.cre.ma/p/phytonutri-kr/reviews/00/00/07/52/52/image1/f92d4bfd59b0f9bd.webp,1000000402,🎁가정의 달 맞이 시크릿 링크🎁 오직 이 링크에서만 전제품 할인,https://www.phytonutri.kr/goods/goods_view.php?goodsNo=1000000402,4.9,22605,0,0,"{'1': ['만족도', '배송']}",[],[]
73052,136,5,smart_store,스마트스토어,배송 빠릅니다!! 아이 유산균으로 구입했습니다!!! 좋습니다!!,2026-04-25T18:19:37+09:00,2026-04-25,네이버 스마트스토어 구****,5,True,1,1,https://assets6.cre.ma/p/phytonutri-kr/reviews/00/00/07/30/52/image1/a346fc05982faba6.webp,1000000363,데이프로바 for baby 아기 쌩쌩유산균,https://www.phytonutri.kr/goods/goods_view.php?goodsNo=1000000363,4.9,363,0,0,"{'1': ['만족도', '배송']}",[],[]
95874,136,5,smart_store,스마트스토어,아기가 잘 먹고 있어요,2026-04-25T17:44:41+09:00,2026-04-25,네이버 스마트스토어 구****,5,False,0,0,,1000000402,🎁가정의 달 맞이 시크릿 링크🎁 오직 이 링크에서만 전제품 할인,https://www.phytonutri.kr/goods/goods_view.php?goodsNo=1000000402,4.9,22605,0,0,{'1': ['만족도']},[],[]
73053,136,5,smart_store,스마트스토어,아기가 잘 먹고 있어요,2026-04-25T17:44:41+09:00,2026-04-25,네이버 스마트스토어 구****,5,False,0,0,,1000000281,지니어스뉴 드롭스&톡캡스,https://www.phytonutri.kr/goods/goods_view.php?goodsNo=1000000281,4.9,14386,0,0,{'1': ['만족도']},[],[]
95875,136,5,smart_store,스마트스토어,너무 만족합니다!!!!,2026-04-25T17:27:56+09:00,2026-04-25,네이버 스마트스토어 구****,5,True,1,1,https://assets6.cre.ma/p/phytonutri-kr/reviews/00/00/09/58/75/image1/8501e9a37f8012b8.webp,1000000402,🎁가정의 달 맞이 시크릿 링크🎁 오직 이 링크에서만 전제품 할인,https://www.phytonutri.kr/goods/goods_view.php?goodsNo=1000000402,4.9,22605,0,0,{'2': ['만족도']},[],[]
73054,136,5,smart_store,스마트스토어,너무 만족합니다!!!!,2026-04-25T17:27:56+09:00,2026-04-25,네이버 스마트스토어 구****,5,True,1,1,https://assets6.cre.ma/p/phytonutri-kr/reviews/00/00/07/30/54/image1/6484b707b554841f.webp,1000000281,지니어스뉴 드롭스&톡캡스,https://www.phytonutri.kr/goods/goods_view.php?goodsNo=1000000281,4.9,14386,0,0,{'2': ['만족도']},[],[]
73080,136,5,,자사몰(고도몰),조아요 조아요 조아요 조아요,2026-04-25T16:54:01+09:00,2026-04-25,scen******,5,False,0,0,,1000000398,KD 파마 듀얼 초임계 rTG 오메가3,https://www.phytonutri.kr/goods/goods_view.php?goodsNo=1000000398,4.9,121,0,0,{'1': ['만족도']},[],[]
95974,136,5,smart_store,스마트스토어,항상애용합니다 많이파세요,2026-04-25T16:30:33+09:00,2026-04-25,네이버 스마트스토어 구****,5,True,1,1,https://assets6.cre.ma/p/phytonutri-kr/reviews/00/00/09/59/74/image1/eebfab170198e900.webp,1000000403,뉴스데일리베스트 X 파이토뉴트리 맨드로포즈+,https://www.phytonutri.kr/goods/goods_view.php?goodsNo=1000000403,4.7,193,0,0,{'2': ['만족도']},[],[]
85092,136,5,smart_store,스마트스토어,상품 잘 받았어요 포장도 꼼꼼하게 해서 왔어 지인 추천으로 구매한 상품이라 기대합니다 굿굿,2026-04-25T15:42:06+09:00,2026-04-25,네이버 스마트스토어 구****,5,False,0,0,,1000000402,🎁가정의 달 맞이 시크릿 링크🎁 오직 이 링크에서만 전제품 할인,https://www.phytonutri.kr/goods/goods_view.php?goodsNo=1000000402,4.9,22605,0,0,"{'1': ['만족도', '포장']}",[],[]
73055,137,5,smart_store,스마트스토어,상품 잘 받았어요 포장도 꼼꼼하게 해서 왔어 지인 추천으로 구매한 상품이라 기대합니다 굿굿,2026-04-25T15:42:06+09:00,2026-04-25,네이버 스마트스토어 구****,5,False,0,0,,1000000325,투데이디3 for baby,https://www.phytonutri.kr/goods/goods_view.php?goodsNo=1000000325,4.9,3634,0,0,"{'1': ['만족도', '포장']}",[],[]
85094,137,5,smart_store,스마트스토어,계속 입고지연이라 배송은 좀 걸렸지만 꾸준하게 잘 먹이고 있어요~,2026-04-25T15:41:20+09:00,2026-04-25,네이버 스마트스토어 구****,5,True,1,1,https://assets6.cre.ma/p/phytonutri-kr/reviews/00/00/08/50/94/image1/3c56022a27797349.webp,1000000402,🎁가정의 달 맞이 시크릿 링크🎁 오직 이 링크에서만 전제품 할인,https://www.phytonutri.kr/goods/goods_view.php?goodsNo=1000000402,4.9,22605,0,0,"{'0': ['만족도'], '-1': ['배송']}",[],[]
73056,137,5,smart_store,스마트스토어,계속 입고지연이라 배송은 좀 걸렸지만 꾸준하게 잘 먹이고 있어요~,2026-04-25T15:41:20+09:00,2026-04-25,네이버 스마트스토어 구****,5,True,1,1,https://assets6.cre.ma/p/phytonutri-kr/reviews/00/00/07/30/56/image1/34637ec33a6ef01d.webp,1000000325,투데이디3 for baby,https://www.phytonutri.kr/goods/goods_view.php?goodsNo=1000000325,4.9,3634,0,0,"{'0': ['만족도'], '-1': ['배송']}",[],[]
95876,137,5,smart_store,스마트스토어,2년째뀨준히 먹여요,2026-04-25T13:02:02+09:00,2026-04-25,네이버 스마트스토어 구****,5,False,0,0,,1000000402,🎁가정의 달 맞이 시크릿 링크🎁 오직 이 링크에서만 전제품 할인,https://www.phytonutri.kr/goods/goods_view.php?goodsNo=1000000402,4.9,22605,0,0,{'2': ['만족도']},[],[]
73057,137,5,smart_store,스마트스토어,2년째뀨준히 먹여요,2026-04-25T13:02:02+09:00,2026-04-25,네이버 스마트스토어 구****,5,False,0,0,,1000000281,지니어스뉴 드롭스&톡캡스,https://www.phytonutri.kr/goods/goods_view.php?goodsNo=1000000281,4.9,14386,0,0,{'2': ['만족도']},[],[]
95877,137,5,smart_store,스마트스토어,아기돌때부터 꾸준히 쭉먹이는중이예요!,2026-04-25T12:54:26+09:00,2026-04-25,네이버 스마트스토어 구****,5,True,1,1,https://assets6.cre.ma/p/phytonutri-kr/reviews/00/00/09/58/77/image1/2128e05739ebd18c.webp,1000000402,🎁가정의 달 맞이 시크릿 링크🎁 오직 이 링크에서만 전제품 할인,https://www.phytonutri.kr/goods/goods_view.php?goodsNo=1000000402,4.9,22605,0,0,{'1': ['만족도']},[],[]
73058,137,5,smart_store,스마트스토어,아기돌때부터 꾸준히 쭉먹이는중이예요!,2026-04-25T12:54:26+09:00,2026-04-25,네이버 스마트스토어 구****,5,True,1,1,https://assets6.cre.ma/p/phytonutri-kr/reviews/00/00/07/30/58/image1/a4862459c851a428.webp,1000000281,지니어스뉴 드롭스&톡캡스,https://www.phytonutri.kr/goods/goods_view.php?goodsNo=1000000281,4.9,14386,0,0,{'1': ['만족도']},[],[]
85097,137,5,smart_store,스마트스토어,아이가 필요한 영양분을 먹여서 좋네요!,2026-04-25T12:02:24+09:00,2026-04-25,네이버 스마트스토어 구****,5,True,1,1,https://assets6.cre.ma/p/phytonutri-kr/reviews/00/00/08/50/97/image1/e94355b778b09ba9.webp,1000000402,🎁가정의 달 맞이 시크릿 링크🎁 오직 이 링크에서만 전제품 할인,https://www.phytonutri.kr/goods/goods_view.php?goodsNo=1000000402,4.9,22605,0,0,"{'1': ['만족도', '성분']}",[],[]
73059,137,5,smart_store,스마트스토어,아이가 필요한 영양분을 먹여서 좋네요!,2026-04-25T12:02:24+09:00,2026-04-25,네이버 스마트스토어 구****,5,True,1,1,https://assets6.cre.ma/p/phytonutri-kr/reviews/00/00/07/30/59/image1/e981dc93f20059b3.webp,1000000325,투데이디3 for baby,https://www.phytonutri.kr/goods/goods_view.php?goodsNo=1000000325,4.9,3634,0,0,"{'1': ['만족도', '성분']}",[],[]
95878,137,5,smart_store,스마트스토어,재재재구마템 굿 아기가 잘먹어요,2026-04-25T11:28:17+09:00,2026-04-25,네이버 스마트스토어 구****,5,True,1,1,https://assets6.cre.ma/p/phytonutri-kr/reviews/00/00/09/58/78/image1/9ecf51d5ad94bbc3.webp,1000000402,🎁가정의 달 맞이 시크릿 링크🎁 오직 이 링크에서만 전제품 할인,https://www.phytonutri.kr/goods/goods_view.php?goodsNo=1000000402,4.9,22605,0,0,"{'1': ['만족도', '맛']}",[],[]
73060,137,5,smart_store,스마트스토어,재재재구마템 굿 아기가 잘먹어요,2026-04-25T11:28:17+09:00,2026-04-25,네이버 스마트스토어 구****,5,True,1,1,https://assets6.cre.ma/p/phytonutri-kr/reviews/00/00/07/30/60/image1/7cfc90616c18b4f8.webp,1000000281,지니어스뉴 드롭스&톡캡스,https://www.phytonutri.kr/goods/goods_view.php?goodsNo=1000000281,4.9,14386,0,0,"{'1': ['만족도', '맛']}",[],[]
87792,137,5,smart_store,스마트스토어,아이 한테 매일 먹이는데 거부감없이 잘 먹어요!,2026-04-25T11:10:06+09:00,2026-04-25,네이버 스마트스토어 구****,5,False,0,0,,1000000402,🎁가정의 달 맞이 시크릿 링크🎁 오직 이 링크에서만 전제품 할인,https://www.phytonutri.kr/goods/goods_view.php?goodsNo=1000000402,4.9,22605,0,0,"{'1': ['만족도', '효과']}",[],[]
73061,137,5,smart_store,스마트스토어,아이 한테 매일 먹이는데 거부감없이 잘 먹어요!,2026-04-25T11:10:06+09:00,2026-04-25,네이버 스마트스토어 구****,5,False,0,0,,1000000297,"그로우뉴 아이 유기농칼슘&마그네슘 비타민D,k2,망간",https://www.phytonutri.kr/goods/goods_view.php?goodsNo=1000000297,4.9,4844,0,0,"{'1': ['만족도', '효과']}",[],[]
95879,137,5,smart_store,스마트스토어,매일 두스포이드 주고있어용,2026-04-25T10:54:40+09:00,2026-04-25,네이버 스마트스토어 구****,5,True,1,1,https://assets6.cre.ma/p/phytonutri-kr/reviews/00/00/09/58/79/image1/85dbc3449efebcb3.webp,1000000402,🎁가정의 달 맞이 시크릿 링크🎁 오직 이 링크에서만 전제품 할인,https://www.phytonutri.kr/goods/goods_view.php?goodsNo=1000000402,4.9,22605,0,0,{'0': ['만족도']},[],[]
73062,137,5,smart_store,스마트스토어,매일 두스포이드 주고있어용,2026-04-25T10:54:40+09:00,2026-04-25,네이버 스마트스토어 구****,5,True,1,1,https://assets6.cre.ma/p/phytonutri-kr/reviews/00/00/07/30/62/image1/4f79b6b57c6aac14.webp,1000000281,지니어스뉴 드롭스&톡캡스,https://www.phytonutri.kr/goods/goods_view.php?goodsNo=1000000281,4.9,14386,0,0,{'0': ['만족도']},[],[]
95880,137,5,smart_store,스마트스토어,"10개월 아기라서 오메가3 먹여주고 싶어서 
톡캡스로 샀습니다 안먹을까봐 일단 2개만 산건데
넘 잘먹네요
그냥 이유식 숟가락에 줘도 받아먹어요 맛있나봐요
오메가3라 잘 안먹을줄 알았는데 신기하네요
톡캡스라 먹이기 편할줄 알았는데 은근히 손에 묻고 숟가락에 묻고 좀 힘들달까..
돌 넘으면 스포이드형으로 넘어가려구요 ㅠ",2026-04-25T10:16:06+09:00,2026-04-25,네이버 스마트스토어 구****,5,True,1,1,https://assets6.cre.ma/p/phytonutri-kr/reviews/00/00/09/58/80/image1/36c112ddbd1cd1b7.webp,1000000402,🎁가정의 달 맞이 시크릿 링크🎁 오직 이 링크에서만 전제품 할인,https://www.phytonutri.kr/goods/goods_view.php?goodsNo=1000000402,4.9,22605,0,0,"{'0': ['만족도'], '-1': ['편의성']}",[],[]
73063,137,5,smart_store,스마트스토어,"10개월 아기라서 오메가3 먹여주고 싶어서 
톡캡스로 샀습니다 안먹을까봐 일단 2개만 산건데
넘 잘먹네요
그냥 이유식 숟가락에 줘도 받아먹어요 맛있나봐요
오메가3라 잘 안먹을줄 알았는데 신기하네요
톡캡스라 먹이기 편할줄 알았는데 은근히 손에 묻고 숟가락에 묻고 좀 힘들달까..
돌 넘으면 스포이드형으로 넘어가려구요 ㅠ",2026-04-25T10:16:06+09:00,2026-04-25,네이버 스마트스토어 구****,5,True,1,1,https://assets6.cre.ma/p/phytonutri-kr/reviews/00/00/07/30/63/image1/ac76f2d549b67467.webp,1000000281,지니어스뉴 드롭스&톡캡스,https://www.phytonutri.kr/goods/goods_view.php?goodsNo=1000000281,4.9,14386,0,0,"{'0': ['만족도'], '-1': ['편의성']}",[],[]
78958,137,5,smart_store,스마트스토어,손에 묻으면 냄새가 잘 안지워지지만... 아기는 잘먹어요ㅎㅎㅎ,2026-04-25T09:48:20+09:00,2026-04-25,네이버 스마트스토어 구****,5,True,1,1,https://assets6.cre.ma/p/phytonutri-kr/reviews/00/00/07/89/58/image1/c35de25897c6faf4.webp,1000000402,🎁가정의 달 맞이 시크릿 링크🎁 오직 이 링크에서만 전제품 할인,https://www.phytonutri.kr/goods/goods_view.php?goodsNo=1000000402,4.9,22605,0,0,"{'1': ['만족도'], '-1': ['냄새']}",[],[]
73064,137,5,smart_store,스마트스토어,손에 묻으면 냄새가 잘 안지워지지만... 아기는 잘먹어요ㅎㅎㅎ,2026-04-25T09:48:20+09:00,2026-04-25,네이버 스마트스토어 구****,5,True,1,1,https://assets6.cre.ma/p/phytonutri-kr/reviews/00/00/07/30/64/image1/d540a1b826598233.webp,1000000298,지니어스뉴 + 그로우뉴 세트,https://www.phytonutri.kr/goods/goods_view.php?goodsNo=1000000298,4.9,1413,0,0,"{'1': ['만족도'], '-1': ['냄새']}",[],[]
95881,137,5,smart_store,스마트스토어,16개월 아기한테 꾸준히 먹이고 있어요 :),2026-04-25T09:28:49+09:00,2026-04-25,네이버 스마트스토어 구****,5,True,1,1,https://assets6.cre.ma/p/phytonutri-kr/reviews/00/00/09/58/81/image1/06f12a5b2271a87b.webp,1000000402,🎁가정의 달 맞이 시크릿 링크🎁 오직 이 링크에서만 전제품 할인,https://www.phytonutri.kr/goods/goods_view.php?goodsNo=1000000402,4.9,22605,0,0,{'1': ['만족도']},[],[]
73065,138,5,smart_store,스마트스토어,16개월 아기한테 꾸준히 먹이고 있어요 :),2026-04-25T09:28:49+09:00,2026-04-25,네이버 스마트스토어 구****,5,True,1,1,https://assets6.cre.ma/p/phytonutri-kr/reviews/00/00/07/30/65/image1/5fa36c163ea74414.webp,1000000281,지니어스뉴 드롭스&톡캡스,https://www.phytonutri.kr/goods/goods_view.php?goodsNo=1000000281,4.9,14386,0,0,{'1': ['만족도']},[],[]
73688,138,5,smart_store,스마트스토어,우리아기를 위해 구입,2026-04-25T08:39:24+09:00,2026-04-25,네이버 스마트스토어 구****,5,False,0,0,,1000000402,🎁가정의 달 맞이 시크릿 링크🎁 오직 이 링크에서만 전제품 할인,https://www.phytonutri.kr/goods/goods_view.php?goodsNo=1000000402,4.9,22605,0,0,{'0': ['만족도']},[],[]
73066,138,5,smart_store,스마트스토어,우리아기를 위해 구입,2026-04-25T08:39:24+09:00,2026-04-25,네이버 스마트스토어 구****,5,False,0,0,,1000000379,지니어스뉴 키즈 국내 유일 스퀴즈 짜먹는 어린이 오메가3 DHA ALA 콜린 올로메가,https://www.phytonutri.kr/goods/goods_view.php?goodsNo=1000000379,4.6,127,0,0,{'0': ['만족도']},[],[]
78963,138,5,smart_store,스마트스토어,오메가 향이 진하긴 한데 잘먹네요,2026-04-25T04:58:44+09:00,2026-04-25,네이버 스마트스토어 구****,5,True,1,1,https://assets6.cre.ma/p/phytonutri-kr/reviews/00/00/07/89/63/image1/73b4a214fbd15d06.webp,1000000402,🎁가정의 달 맞이 시크릿 링크🎁 오직 이 링크에서만 전제품 할인,https://www.phytonutri.kr/goods/goods_view.php?goodsNo=1000000402,4.9,22605,0,0,"{'1': ['만족도'], '-1': ['냄새']}",[],[]
73067,138,5,smart_store,스마트스토어,오메가 향이 진하긴 한데 잘먹네요,2026-04-25T04:58:44+09:00,2026-04-25,네이버 스마트스토어 구****,5,True,1,1,https://assets6.cre.ma/p/phytonutri-kr/reviews/00/00/07/30/67/image1/4bddb66284a55ed1.webp,1000000298,지니어스뉴 + 그로우뉴 세트,https://www.phytonutri.kr/goods/goods_view.php?goodsNo=1000000298,4.9,1413,0,0,"{'1': ['만족도'], '-1': ['냄새']}",[],[]
75244,138,5,smart_store,스마트스토어,꾸준히 먹여서그런가 변상태가 좋아졌어요,2026-04-25T04:57:56+09:00,2026-04-25,네이버 스마트스토어 구****,5,True,1,1,https://assets6.cre.ma/p/phytonutri-kr/reviews/00/00/07/52/44/image1/f4f8825fd8ba0a9c.webp,1000000402,🎁가정의 달 맞이 시크릿 링크🎁 오직 이 링크에서만 전제품 할인,https://www.phytonutri.kr/goods/goods_view.php?goodsNo=1000000402,4.9,22605,0,0,"{'1': ['만족도', '효과']}",[],[]
73068,138,5,smart_store,스마트스토어,꾸준히 먹여서그런가 변상태가 좋아졌어요,2026-04-25T04:57:56+09:00,2026-04-25,네이버 스마트스토어 구****,5,True,1,1,https://assets6.cre.ma/p/phytonutri-kr/reviews/00/00/07/30/68/image1/b290ad8aea206b47.webp,1000000363,데이프로바 for baby 아기 쌩쌩유산균,https://www.phytonutri.kr/goods/goods_view.php?goodsNo=1000000363,4.9,363,0,0,"{'1': ['만족도', '효과']}",[],[]
87796,138,5,smart_store,스마트스토어,이유식도 분유도 잘 안먹는 아기여서 영양상태 걱정이 되어 구매했습니다. 향과 맛에 까다로운편인데 그로우뉴를 분유에 타줬을때 별거부감 없이 잘 먹더라구요. 3달째 꾸준히 먹이고 있는데 튼튼해져가는거 같아서 좋습니다!,2026-04-25T01:44:43+09:00,2026-04-25,네이버 스마트스토어 구****,5,True,1,1,https://assets6.cre.ma/p/phytonutri-kr/reviews/00/00/08/77/96/image1/daedc82e2e52584b.webp,1000000402,🎁가정의 달 맞이 시크릿 링크🎁 오직 이 링크에서만 전제품 할인,https://www.phytonutri.kr/goods/goods_view.php?goodsNo=1000000402,4.9,22605,0,0,"{'1': ['만족도', '맛', '냄새', '효과']}",[],[]
73069,138,5,smart_store,스마트스토어,이유식도 분유도 잘 안먹는 아기여서 영양상태 걱정이 되어 구매했습니다. 향과 맛에 까다로운편인데 그로우뉴를 분유에 타줬을때 별거부감 없이 잘 먹더라구요. 3달째 꾸준히 먹이고 있는데 튼튼해져가는거 같아서 좋습니다!,2026-04-25T01:44:43+09:00,2026-04-25,네이버 스마트스토어 구****,5,True,1,1,https://assets6.cre.ma/p/phytonutri-kr/reviews/00/00/07/30/69/image1/6305624e944ec900.webp,1000000297,"그로우뉴 아이 유기농칼슘&마그네슘 비타민D,k2,망간",https://www.phytonutri.kr/goods/goods_view.php?goodsNo=1000000297,4.9,4844,0,0,"{'1': ['만족도', '맛', '냄새', '효과']}",[],[]
78968,138,5,smart_store,스마트스토어,늘 떨어지지않게 구비해서 잘먹이고 있어요<,2026-04-25T01:23:16+09:00,2026-04-25,네이버 스마트스토어 구****,5,False,0,0,,1000000402,🎁가정의 달 맞이 시크릿 링크🎁 오직 이 링크에서만 전제품 할인,https://www.phytonutri.kr/goods/goods_view.php?goodsNo=1000000402,4.9,22605,0,0,{'1': ['만족도']},[],[]
73070,138,5,smart_store,스마트스토어,늘 떨어지지않게 구비해서 잘먹이고 있어요<,2026-04-25T01:23:16+09:00,2026-04-25,네이버 스마트스토어 구****,5,False,0,0,,1000000298,지니어스뉴 + 그로우뉴 세트,https://www.phytonutri.kr/goods/goods_view.php?goodsNo=1000000298,4.9,1413,0,0,{'1': ['만족도']},[],[]
87799,138,5,smart_store,스마트스토어,"애기한테 부족한걸 찾다가 알게되어
지금 너무잘먹고있어서 좋아요~~",2026-04-24T23:49:52+09:00,2026-04-24,네이버 스마트스토어 구****,5,False,0,0,,1000000402,🎁가정의 달 맞이 시크릿 링크🎁 오직 이 링크에서만 전제품 할인,https://www.phytonutri.kr/goods/goods_view.php?goodsNo=1000000402,4.9,22605,0,0,{'1': ['만족도']},[],[]
73071,138,5,smart_store,스마트스토어,"애기한테 부족한걸 찾다가 알게되어
지금 너무잘먹고있어서 좋아요~~",2026-04-24T23:49:52+09:00,2026-04-24,네이버 스마트스토어 구****,5,False,0,0,,1000000297,"그로우뉴 아이 유기농칼슘&마그네슘 비타민D,k2,망간",https://www.phytonutri.kr/goods/goods_view.php?goodsNo=1000000297,4.9,4844,0,0,{'1': ['만족도']},[],[]
95882,138,5,smart_store,스마트스토어,배송빨리와서 딱오늘없엇는데 딱먹였어요 이제거이 1년넘게먹이고잇는중이예요 아기가잘먹어요 고소해영,2026-04-24T23:35:51+09:00,2026-04-24,네이버 스마트스토어 구****,5,True,1,1,https://assets6.cre.ma/p/phytonutri-kr/reviews/00/00/09/58/82/image1/ac3c5b6efc854ace.webp,1000000402,🎁가정의 달 맞이 시크릿 링크🎁 오직 이 링크에서만 전제품 할인,https://www.phytonutri.kr/goods/goods_view.php?goodsNo=1000000402,4.9,22605,0,0,"{'1': ['만족도', '배송', '맛']}",[],[]
73072,138,5,smart_store,스마트스토어,배송빨리와서 딱오늘없엇는데 딱먹였어요 이제거이 1년넘게먹이고잇는중이예요 아기가잘먹어요 고소해영,2026-04-24T23:35:51+09:00,2026-04-24,네이버 스마트스토어 구****,5,True,1,1,https://assets6.cre.ma/p/phytonutri-kr/reviews/00/00/07/30/72/image1/38aee53348766f87.webp,1000000281,지니어스뉴 드롭스&톡캡스,https://www.phytonutri.kr/goods/goods_view.php?goodsNo=1000000281,4.9,14386,0,0,"{'1': ['만족도', '배송', '맛']}",[],[]
95883,138,5,smart_store,스마트스토어,❤️❤️❤️❤️❤️,2026-04-24T23:25:34+09:00,2026-04-24,네이버 스마트스토어 구****,5,True,1,1,https://assets6.cre.ma/p/phytonutri-kr/reviews/00/00/09/58/83/image1/a595c3cbff2005af.webp,1000000402,🎁가정의 달 맞이 시크릿 링크🎁 오직 이 링크에서만 전제품 할인,https://www.phytonutri.kr/goods/goods_view.php?goodsNo=1000000402,4.9,22605,0,0,{'2': ['만족도']},[],[]
73073,138,5,smart_store,스마트스토어,❤️❤️❤️❤️❤️,2026-04-24T23:25:34+09:00,2026-04-24,네이버 스마트스토어 구****,5,True,1,1,https://assets6.cre.ma/p/phytonutri-kr/reviews/00/00/07/30/73/image1/39f6f71ba3becea8.webp,1000000281,지니어스뉴 드롭스&톡캡스,https://www.phytonutri.kr/goods/goods_view.php?goodsNo=1000000281,4.9,14386,0,0,{'2': ['만족도']},[],[]
95884,138,5,smart_store,스마트스토어,❤️❤️❤️❤️❤️,2026-04-24T23:21:11+09:00,2026-04-24,네이버 스마트스토어 구****,5,True,1,1,https://assets6.cre.ma/p/phytonutri-kr/reviews/00/00/09/58/84/image1/b432e5a98ec161ea.webp,1000000402,🎁가정의 달 맞이 시크릿 링크🎁 오직 이 링크에서만 전제품 할인,https://www.phytonutri.kr/goods/goods_view.php?goodsNo=1000000402,4.9,22605,0,0,{'2': ['만족도']},[],[]
73074,138,5,smart_store,스마트스토어,❤️❤️❤️❤️❤️,2026-04-24T23:21:11+09:00,2026-04-24,네이버 스마트스토어 구****,5,True,1,1,https://assets6.cre.ma/p/phytonutri-kr/reviews/00/00/07/30/74/image1/159556543604d6eb.webp,1000000281,지니어스뉴 드롭스&톡캡스,https://www.phytonutri.kr/goods/goods_view.php?goodsNo=1000000281,4.9,14386,0,0,{'2': ['만족도']},[],[]
95885,138,5,smart_store,스마트스토어,아기 면역력 증진을 위해 구매했어요 가격대가 있긴하지만 아기가 잘먹어줘서 뿌듯하네요ㅎㅎ,2026-04-24T22:59:03+09:00,2026-04-24,네이버 스마트스토어 구****,5,False,0,0,,1000000402,🎁가정의 달 맞이 시크릿 링크🎁 오직 이 링크에서만 전제품 할인,https://www.phytonutri.kr/goods/goods_view.php?goodsNo=1000000402,4.9,22605,0,0,"{'1': ['만족도', '효과'], '-1': ['가격']}",[],[]
73075,139,5,smart_store,스마트스토어,아기 면역력 증진을 위해 구매했어요 가격대가 있긴하지만 아기가 잘먹어줘서 뿌듯하네요ㅎㅎ,2026-04-24T22:59:03+09:00,2026-04-24,네이버 스마트스토어 구****,5,False,0,0,,1000000281,지니어스뉴 드롭스&톡캡스,https://www.phytonutri.kr/goods/goods_view.php?goodsNo=1000000281,4.9,14386,0,0,"{'1': ['만족도', '효과'], '-1': ['가격']}",[],[]
79135,139,4,smart_store,스마트스토어,역시 재구매템!!!,2026-04-24T21:52:05+09:00,2026-04-24,네이버 스마트스토어 구****,5,False,0,0,,1000000402,🎁가정의 달 맞이 시크릿 링크🎁 오직 이 링크에서만 전제품 할인,https://www.phytonutri.kr/goods/goods_view.php?goodsNo=1000000402,4.9,22605,0,0,{'2': ['만족도']},[],[]
73076,139,4,smart_store,스마트스토어,역시 재구매템!!!,2026-04-24T21:52:05+09:00,2026-04-24,네이버 스마트스토어 구****,5,False,0,0,,1000000281,지니어스뉴 드롭스&톡캡스,https://www.phytonutri.kr/goods/goods_view.php?goodsNo=1000000281,4.9,14386,0,0,{'2': ['만족도']},[],[]
95886,139,5,smart_store,스마트스토어,이유식먹이면서 조금씩 짜서 먹이는데 거부강없이 잘먹고있어요,2026-04-24T21:47:51+09:00,2026-04-24,네이버 스마트스토어 구****,5,False,0,0,,1000000402,🎁가정의 달 맞이 시크릿 링크🎁 오직 이 링크에서만 전제품 할인,https://www.phytonutri.kr/goods/goods_view.php?goodsNo=1000000402,4.9,22605,0,0,"{'1': ['만족도'], '0': ['맛']}",[],[]
73077,139,5,smart_store,스마트스토어,이유식먹이면서 조금씩 짜서 먹이는데 거부강없이 잘먹고있어요,2026-04-24T21:47:51+09:00,2026-04-24,네이버 스마트스토어 구****,5,False,0,0,,1000000281,지니어스뉴 드롭스&톡캡스,https://www.phytonutri.kr/goods/goods_view.php?goodsNo=1000000281,4.9,14386,0,0,"{'1': ['만족도'], '0': ['맛']}",[],[]
87800,139,5,smart_store,스마트스토어,"아들친구 엄마가 추천해줘서 먹이고 있어요
매일 그릭요거트에 섞어서 먹이는데
잘 먹어요
키 성장은  지켜보겠습니다",2026-04-24T21:40:27+09:00,2026-04-24,네이버 스마트스토어 구****,5,True,1,1,https://assets6.cre.ma/p/phytonutri-kr/reviews/00/00/08/78/00/image1/85e75136148fa15e.webp,1000000402,🎁가정의 달 맞이 시크릿 링크🎁 오직 이 링크에서만 전제품 할인,https://www.phytonutri.kr/goods/goods_view.php?goodsNo=1000000402,4.9,22605,0,0,{'1': ['만족도']},[],[]
73078,139,5,smart_store,스마트스토어,"아들친구 엄마가 추천해줘서 먹이고 있어요
매일 그릭요거트에 섞어서 먹이는데
잘 먹어요
키 성장은  지켜보겠습니다",2026-04-24T21:40:27+09:00,2026-04-24,네이버 스마트스토어 구****,5,True,1,1,https://assets6.cre.ma/p/phytonutri-kr/reviews/00/00/07/30/78/image1/64a0c8e7645b2a10.webp,1000000297,"그로우뉴 아이 유기농칼슘&마그네슘 비타민D,k2,망간",https://www.phytonutri.kr/goods/goods_view.php?goodsNo=1000000297,4.9,4844,0,0,{'1': ['만족도']},[],[]
87774,139,5,smart_store,스마트스토어,꾸준히먹이고 있어요,2026-04-24T21:31:55+09:00,2026-04-24,네이버 스마트스토어 구****,5,True,1,1,https://assets6.cre.ma/p/phytonutri-kr/reviews/00/00/08/77/74/image1/b931abd872be019b.webp,1000000402,🎁가정의 달 맞이 시크릿 링크🎁 오직 이 링크에서만 전제품 할인,https://www.phytonutri.kr/goods/goods_view.php?goodsNo=1000000402,4.9,22605,0,0,{'1': ['만족도']},[],[]
72993,139,5,smart_store,스마트스토어,꾸준히먹이고 있어요,2026-04-24T21:31:55+09:00,2026-04-24,네이버 스마트스토어 구****,5,True,1,1,https://assets6.cre.ma/p/phytonutri-kr/reviews/00/00/07/29/93/image1/e7954e42a1c3ecd0.webp,1000000297,"그로우뉴 아이 유기농칼슘&마그네슘 비타민D,k2,망간",https://www.phytonutri.kr/goods/goods_view.php?goodsNo=1000000297,4.9,4844,0,0,{'1': ['만족도']},[],[]
75241,139,5,smart_store,스마트스토어,아기 유산균 바꿔봤는데 좋아요!,2026-04-24T20:57:34+09:00,2026-04-24,네이버 스마트스토어 구****,5,False,0,0,,1000000402,🎁가정의 달 맞이 시크릿 링크🎁 오직 이 링크에서만 전제품 할인,https://www.phytonutri.kr/goods/goods_view.php?goodsNo=1000000402,4.9,22605,0,0,{'1': ['만족도']},[],[]
72994,139,5,smart_store,스마트스토어,아기 유산균 바꿔봤는데 좋아요!,2026-04-24T20:57:34+09:00,2026-04-24,네이버 스마트스토어 구****,5,False,0,0,,1000000363,데이프로바 for baby 아기 쌩쌩유산균,https://www.phytonutri.kr/goods/goods_view.php?goodsNo=1000000363,4.9,363,0,0,{'1': ['만족도']},[],[]
95844,139,5,smart_store,스마트스토어,아기가 항상 잘 먹어줘서 좋아요,2026-04-24T19:38:39+09:00,2026-04-24,네이버 스마트스토어 구****,5,True,1,1,https://assets6.cre.ma/p/phytonutri-kr/reviews/00/00/09/58/44/image1/df0a23e12f1e383e.webp,1000000402,🎁가정의 달 맞이 시크릿 링크🎁 오직 이 링크에서만 전제품 할인,https://www.phytonutri.kr/goods/goods_view.php?goodsNo=1000000402,4.9,22605,0,0,{'1': ['만족도']},[],[]
72995,139,5,smart_store,스마트스토어,아기가 항상 잘 먹어줘서 좋아요,2026-04-24T19:38:39+09:00,2026-04-24,네이버 스마트스토어 구****,5,True,1,1,https://assets6.cre.ma/p/phytonutri-kr/reviews/00/00/07/29/95/image1/2a968b8861b72cce.webp,1000000281,지니어스뉴 드롭스&톡캡스,https://www.phytonutri.kr/goods/goods_view.php?goodsNo=1000000281,4.9,14386,0,0,{'1': ['만족도']},[],[]
72996,139,5,smart_store,스마트스토어,아이가 너무 좋아해요,2026-04-24T19:09:53+09:00,2026-04-24,네이버 스마트스토어 구****,5,False,0,0,,1000000375,데이프로바 + 투데이디3 세트,https://www.phytonutri.kr/goods/goods_view.php?goodsNo=1000000375,4.9,139,0,0,{'2': ['만족도']},[],[]
85071,139,3,smart_store,스마트스토어,좋습니다 좋습니다.,2026-04-24T19:00:51+09:00,2026-04-24,네이버 스마트스토어 구****,5,True,1,1,https://assets6.cre.ma/p/phytonutri-kr/reviews/00/00/08/50/71/image1/e515fa868e05f920.webp,1000000402,🎁가정의 달 맞이 시크릿 링크🎁 오직 이 링크에서만 전제품 할인,https://www.phytonutri.kr/goods/goods_view.php?goodsNo=1000000402,4.9,22605,0,0,{'1': ['만족도']},[],[]
72997,139,3,smart_store,스마트스토어,좋습니다 좋습니다.,2026-04-24T19:00:51+09:00,2026-04-24,네이버 스마트스토어 구****,5,True,1,1,https://assets6.cre.ma/p/phytonutri-kr/reviews/00/00/07/29/97/image1/529bb6cb35a921a3.webp,1000000325,투데이디3 for baby,https://www.phytonutri.kr/goods/goods_view.php?goodsNo=1000000325,4.9,3634,0,0,{'1': ['만족도']},[],[]
79127,139,4,smart_store,스마트스토어,"아기 6개월 넘어가면서 구매했어요.
생각보다 잘 먹어줘서 다행이에요",2026-04-24T16:57:20+09:00,2026-04-24,네이버 스마트스토어 구****,5,True,1,1,https://assets6.cre.ma/p/phytonutri-kr/reviews/00/00/07/91/27/image1/b44b5c43ca91b787.webp,1000000402,🎁가정의 달 맞이 시크릿 링크🎁 오직 이 링크에서만 전제품 할인,https://www.phytonutri.kr/goods/goods_view.php?goodsNo=1000000402,4.9,22605,0,0,"{'1': ['만족도'], '0': ['성분']}",[],[]
72998,139,4,smart_store,스마트스토어,"아기 6개월 넘어가면서 구매했어요.
생각보다 잘 먹어줘서 다행이에요",2026-04-24T16:57:20+09:00,2026-04-24,네이버 스마트스토어 구****,5,True,1,1,https://assets6.cre.ma/p/phytonutri-kr/reviews/00/00/07/29/98/image1/be224f6a0d795164.webp,1000000281,지니어스뉴 드롭스&톡캡스,https://www.phytonutri.kr/goods/goods_view.php?goodsNo=1000000281,4.9,14386,0,0,"{'1': ['만족도'], '0': ['성분']}",[],[]
79130,139,4,smart_store,스마트스토어,아이가 돌 지나서 이거저거 영양제 찾아보다가 이유식 매장 직원 추천으로 먹이고 있어요. 아직 먹인지 얼마 안됐는데 효○가 좋으면 좋겠네요 ^^ 꾸준히 한번 먹여보려고여,2026-04-24T16:50:54+09:00,2026-04-24,네이버 스마트스토어 구****,5,True,1,1,https://assets6.cre.ma/p/phytonutri-kr/reviews/00/00/07/91/30/image1/c461e30863a6563b.webp,1000000402,🎁가정의 달 맞이 시크릿 링크🎁 오직 이 링크에서만 전제품 할인,https://www.phytonutri.kr/goods/goods_view.php?goodsNo=1000000402,4.9,22605,0,0,{'0': ['만족도']},[],[]
72999,139,4,smart_store,스마트스토어,아이가 돌 지나서 이거저거 영양제 찾아보다가 이유식 매장 직원 추천으로 먹이고 있어요. 아직 먹인지 얼마 안됐는데 효○가 좋으면 좋겠네요 ^^ 꾸준히 한번 먹여보려고여,2026-04-24T16:50:54+09:00,2026-04-24,네이버 스마트스토어 구****,5,True,1,1,https://assets6.cre.ma/p/phytonutri-kr/reviews/00/00/07/29/99/image1/59d757a35f27bb99.webp,1000000281,지니어스뉴 드롭스&톡캡스,https://www.phytonutri.kr/goods/goods_view.php?goodsNo=1000000281,4.9,14386,0,0,{'0': ['만족도']},[],[]
95845,140,5,smart_store,스마트스토어,기대가 너무 되요 ㅎㅎ,2026-04-24T16:41:26+09:00,2026-04-24,네이버 스마트스토어 구****,5,True,1,1,https://assets6.cre.ma/p/phytonutri-kr/reviews/00/00/09/58/45/image1/a927ab57f6f3d696.webp,1000000402,🎁가정의 달 맞이 시크릿 링크🎁 오직 이 링크에서만 전제품 할인,https://www.phytonutri.kr/goods/goods_view.php?goodsNo=1000000402,4.9,22605,0,0,{'1': ['만족도']},[],[]
73000,140,5,smart_store,스마트스토어,기대가 너무 되요 ㅎㅎ,2026-04-24T16:41:26+09:00,2026-04-24,네이버 스마트스토어 구****,5,True,1,1,https://assets6.cre.ma/p/phytonutri-kr/reviews/00/00/07/30/00/image1/45a45739e617bf19.webp,1000000281,지니어스뉴 드롭스&톡캡스,https://www.phytonutri.kr/goods/goods_view.php?goodsNo=1000000281,4.9,14386,0,0,{'1': ['만족도']},[],[]
73001,140,4,smart_store,스마트스토어,아기 비타민 계속 재구매 해서 먹이고 있는데 간편하고 휴대용으로도 넘넘 좋습니다!! 아기 비타민 벌써 거의 다 먹어가서 다시 재구매 해야겠네요!!,2026-04-24T16:25:59+09:00,2026-04-24,네이버 스마트스토어 구****,5,True,1,1,https://assets6.cre.ma/p/phytonutri-kr/reviews/00/00/07/30/01/image1/dd6cf2a2948e2def.webp,1000000326,지니어스뉴 + 투데이디3 세트,https://www.phytonutri.kr/goods/goods_view.php?goodsNo=1000000326,4.8,245,0,0,"{'2': ['만족도', '편의성']}",[],[]
95846,140,5,smart_store,스마트스토어,항상 먹이고 있어요 ㅎ,2026-04-24T16:18:33+09:00,2026-04-24,네이버 스마트스토어 구****,5,True,1,1,https://assets6.cre.ma/p/phytonutri-kr/reviews/00/00/09/58/46/image1/f34cc10a16a3785e.webp,1000000402,🎁가정의 달 맞이 시크릿 링크🎁 오직 이 링크에서만 전제품 할인,https://www.phytonutri.kr/goods/goods_view.php?goodsNo=1000000402,4.9,22605,0,0,{'1': ['만족도']},[],[]
73002,140,5,smart_store,스마트스토어,항상 먹이고 있어요 ㅎ,2026-04-24T16:18:33+09:00,2026-04-24,네이버 스마트스토어 구****,5,True,1,1,https://assets6.cre.ma/p/phytonutri-kr/reviews/00/00/07/30/02/image1/2b0fcbd74fabe6d8.webp,1000000281,지니어스뉴 드롭스&톡캡스,https://www.phytonutri.kr/goods/goods_view.php?goodsNo=1000000281,4.9,14386,0,0,{'1': ['만족도']},[],[]
73045,140,5,,자사몰(고도몰),"포장이 개별로 되어있어서 보관시 좋고
KD파마 원료를 사용한다해서 믿고 구매했어요
먹어보고 추가구매결정할것 같아요
아직까지는 좋아요",2026-04-24T15:57:06+09:00,2026-04-24,baze******,5,False,0,0,,1000000398,KD 파마 듀얼 초임계 rTG 오메가3,https://www.phytonutri.kr/goods/goods_view.php?goodsNo=1000000398,4.9,121,0,0,"{'1': ['만족도', '포장']}",[],[]
95847,140,5,smart_store,스마트스토어,"일단 비린내는 안나는것같아요
간식에 섞어줬는데 먹짱아기라 잘 먹긴함
근데 2주내 소진이라니 넘나리 짧은것..",2026-04-24T15:54:55+09:00,2026-04-24,네이버 스마트스토어 구****,5,True,1,1,https://assets6.cre.ma/p/phytonutri-kr/reviews/00/00/09/58/47/image1/bd40f484f6080b4c.webp,1000000402,🎁가정의 달 맞이 시크릿 링크🎁 오직 이 링크에서만 전제품 할인,https://www.phytonutri.kr/goods/goods_view.php?goodsNo=1000000402,4.9,22605,0,0,"{'0': ['만족도'], '-1': ['유통기한'], '1': ['냄새']}",[],[]
73003,140,5,smart_store,스마트스토어,"일단 비린내는 안나는것같아요
간식에 섞어줬는데 먹짱아기라 잘 먹긴함
근데 2주내 소진이라니 넘나리 짧은것..",2026-04-24T15:54:55+09:00,2026-04-24,네이버 스마트스토어 구****,5,True,1,1,https://assets6.cre.ma/p/phytonutri-kr/reviews/00/00/07/30/03/image1/9a945727cd589d96.webp,1000000281,지니어스뉴 드롭스&톡캡스,https://www.phytonutri.kr/goods/goods_view.php?goodsNo=1000000281,4.9,14386,0,0,"{'0': ['만족도'], '-1': ['유통기한'], '1': ['냄새']}",[],[]
95848,140,5,smart_store,스마트스토어,먹이기 제일 간편해요 ㅎㅎ,2026-04-24T15:40:41+09:00,2026-04-24,네이버 스마트스토어 구****,5,True,1,1,https://assets6.cre.ma/p/phytonutri-kr/reviews/00/00/09/58/48/image1/6276b3336ea886a9.webp,1000000402,🎁가정의 달 맞이 시크릿 링크🎁 오직 이 링크에서만 전제품 할인,https://www.phytonutri.kr/goods/goods_view.php?goodsNo=1000000402,4.9,22605,0,0,"{'1': ['만족도'], '2': ['편의성']}",[],[]
73004,140,5,smart_store,스마트스토어,먹이기 제일 간편해요 ㅎㅎ,2026-04-24T15:40:41+09:00,2026-04-24,네이버 스마트스토어 구****,5,True,1,1,https://assets6.cre.ma/p/phytonutri-kr/reviews/00/00/07/30/04/image1/008e556862acd1c9.webp,1000000281,지니어스뉴 드롭스&톡캡스,https://www.phytonutri.kr/goods/goods_view.php?goodsNo=1000000281,4.9,14386,0,0,"{'1': ['만족도'], '2': ['편의성']}",[],[]
95849,140,5,smart_store,스마트스토어,배송도 빠르고 포장도 꼼꼼합니다,2026-04-24T15:31:40+09:00,2026-04-24,네이버 스마트스토어 구****,5,True,1,1,https://assets6.cre.ma/p/phytonutri-kr/reviews/00/00/09/58/49/image1/5b40cc1b405471b7.webp,1000000402,🎁가정의 달 맞이 시크릿 링크🎁 오직 이 링크에서만 전제품 할인,https://www.phytonutri.kr/goods/goods_view.php?goodsNo=1000000402,4.9,22605,0,0,"{'1': ['만족도', '배송', '포장']}",[],[]
73005,140,5,smart_store,스마트스토어,배송도 빠르고 포장도 꼼꼼합니다,2026-04-24T15:31:40+09:00,2026-04-24,네이버 스마트스토어 구****,5,True,1,1,https://assets6.cre.ma/p/phytonutri-kr/reviews/00/00/07/30/05/image1/d707807fbf7dcd73.webp,1000000281,지니어스뉴 드롭스&톡캡스,https://www.phytonutri.kr/goods/goods_view.php?goodsNo=1000000281,4.9,14386,0,0,"{'1': ['만족도', '배송', '포장']}",[],[]
73006,140,5,smart_store,스마트스토어,다른제품 먹다가 이제품 한번 먹고 아이가 찾아서 구매했어요 유통기한도 넉넉합니다 또 주문 할께요,2026-04-24T15:15:19+09:00,2026-04-24,네이버 스마트스토어 구****,5,True,1,1,https://assets6.cre.ma/p/phytonutri-kr/reviews/00/00/07/30/06/image1/15c2f79362462b10.webp,1000000342,이트뮨 아이 배도라지즙&엘더베리사과주스,https://www.phytonutri.kr/goods/goods_view.php?goodsNo=1000000342,4.9,609,0,0,"{'1': ['만족도', '유통기한']}",[],[]
95850,140,5,smart_store,스마트스토어,먹이기편해서 계속먹이게되네요,2026-04-24T15:14:05+09:00,2026-04-24,네이버 스마트스토어 구****,5,True,1,1,https://assets6.cre.ma/p/phytonutri-kr/reviews/00/00/09/58/50/image1/157b18f1076a6846.webp,1000000402,🎁가정의 달 맞이 시크릿 링크🎁 오직 이 링크에서만 전제품 할인,https://www.phytonutri.kr/goods/goods_view.php?goodsNo=1000000402,4.9,22605,0,0,"{'1': ['만족도', '편의성']}",[],[]
73007,140,5,smart_store,스마트스토어,먹이기편해서 계속먹이게되네요,2026-04-24T15:14:05+09:00,2026-04-24,네이버 스마트스토어 구****,5,True,1,1,https://assets6.cre.ma/p/phytonutri-kr/reviews/00/00/07/30/07/image1/3eea54ba1b75d769.webp,1000000281,지니어스뉴 드롭스&톡캡스,https://www.phytonutri.kr/goods/goods_view.php?goodsNo=1000000281,4.9,14386,0,0,"{'1': ['만족도', '편의성']}",[],[]
95851,140,5,smart_store,스마트스토어,아이가 잘먹네요ㅎㅎ,2026-04-24T14:45:39+09:00,2026-04-24,네이버 스마트스토어 구****,5,False,0,0,,1000000402,🎁가정의 달 맞이 시크릿 링크🎁 오직 이 링크에서만 전제품 할인,https://www.phytonutri.kr/goods/goods_view.php?goodsNo=1000000402,4.9,22605,0,0,{'1': ['만족도']},[],[]
73008,140,5,smart_store,스마트스토어,아이가 잘먹네요ㅎㅎ,2026-04-24T14:45:39+09:00,2026-04-24,네이버 스마트스토어 구****,5,False,0,0,,1000000281,지니어스뉴 드롭스&톡캡스,https://www.phytonutri.kr/goods/goods_view.php?goodsNo=1000000281,4.9,14386,0,0,{'1': ['만족도']},[],[]
73009,140,5,smart_store,스마트스토어,"아이 챙겨주려고 구매했는데 구성도 괜찮고 먹이기 편해서 만족하고 있어요. 개별 포장이라 위생적으로 보관하기 좋고 외출할 때 챙기기도 편하네요.

아이도 거부감 없이 잘 먹는 편이라 꾸준히 먹이기 수월한 점이 가장 좋아요. 유산균이랑 비타민D 같이 챙길 수 있어서 따로 챙길 필요 없는 것도 편하고요.

전체적으로 간편하게 영양 챙기기 좋은 제품이라 만족스럽습니다.",2026-04-24T14:10:45+09:00,2026-04-24,네이버 스마트스토어 구****,5,True,1,1,https://assets6.cre.ma/p/phytonutri-kr/reviews/00/00/07/30/09/image1/bb0b4dc318c72e21.webp,1000000375,데이프로바 + 투데이디3 세트,https://www.phytonutri.kr/goods/goods_view.php?goodsNo=1000000375,4.9,139,0,0,"{'1': ['만족도', '제품구성', '포장', '편의성']}",[],[]
78948,140,5,smart_store,스마트스토어,아주 잘 먹고 있습니다 굿이에요 굿,2026-04-24T12:41:42+09:00,2026-04-24,네이버 스마트스토어 구****,5,True,1,1,https://assets6.cre.ma/p/phytonutri-kr/reviews/00/00/07/89/48/image1/31db07aa24a67fe8.webp,1000000402,🎁가정의 달 맞이 시크릿 링크🎁 오직 이 링크에서만 전제품 할인,https://www.phytonutri.kr/goods/goods_view.php?goodsNo=1000000402,4.9,22605,0,0,{'1': ['만족도']},[],[]
73010,140,5,smart_store,스마트스토어,아주 잘 먹고 있습니다 굿이에요 굿,2026-04-24T12:41:42+09:00,2026-04-24,네이버 스마트스토어 구****,5,True,1,1,https://assets6.cre.ma/p/phytonutri-kr/reviews/00/00/07/30/10/image1/e40c36d3006c6a13.webp,1000000298,지니어스뉴 + 그로우뉴 세트,https://www.phytonutri.kr/goods/goods_view.php?goodsNo=1000000298,4.9,1413,0,0,{'1': ['만족도']},[],[]
